iteration,expanded_state,parent,action,generated_successors,frontier_before,frontier_after,explored,g,h,f
1,"(34, 16)",None,None,"[((34, 15), 'South', 1), ((33, 16), 'West', 1)]","['(34, 16)']","['(34, 15)', '(33, 16)']","[(34, 16)]",0,0,0
2,"(34, 15)","(34, 16)",South,"[((34, 14), 'South', 1)]","['(34, 15)', '(33, 16)']","['(34, 14)', '(33, 16)']","[(34, 15), (34, 16)]",1,0,1
3,"(34, 14)","(34, 15)",South,"[((33, 14), 'West', 1)]","['(34, 14)', '(33, 16)']","['(33, 14)', '(33, 16)']","[(34, 15), (34, 16), (34, 14)]",2,0,2
4,"(33, 14)","(34, 14)",West,"[((32, 14), 'West', 1)]","['(33, 14)', '(33, 16)']","['(32, 14)', '(33, 16)']","[(34, 15), (34, 16), (33, 14), (34, 14)]",3,0,3
5,"(32, 14)","(33, 14)",West,"[((31, 14), 'West', 1)]","['(32, 14)', '(33, 16)']","['(31, 14)', '(33, 16)']","[(32, 14), (34, 16), (34, 15), (33, 14), (34, 14)]",4,0,4
6,"(31, 14)","(32, 14)",West,"[((30, 14), 'West', 1)]","['(31, 14)', '(33, 16)']","['(30, 14)', '(33, 16)']","[(31, 14), (32, 14), (34, 16), (34, 15), (33, 14), (34, 14)]",5,0,5
7,"(30, 14)","(31, 14)",West,"[((30, 13), 'South', 1)]","['(30, 14)', '(33, 16)']","['(30, 13)', '(33, 16)']","[(30, 14), (31, 14), (32, 14), (34, 16), (34, 15), (33, 14), (34, 14)]",6,0,6
8,"(30, 13)","(30, 14)",South,"[((30, 12), 'South', 1)]","['(30, 13)', '(33, 16)']","['(30, 12)', '(33, 16)']","[(30, 14), (31, 14), (32, 14), (30, 13), (34, 16), (34, 15), (33, 14), (34, 14)]",7,0,7
9,"(30, 12)","(30, 13)",South,"[((31, 12), 'East', 1)]","['(30, 12)', '(33, 16)']","['(31, 12)', '(33, 16)']","[(30, 14), (31, 14), (32, 14), (30, 13), (34, 16), (30, 12), (34, 15), (33, 14), (34, 14)]",8,0,8
10,"(31, 12)","(30, 12)",East,"[((32, 12), 'East', 1)]","['(31, 12)', '(33, 16)']","['(32, 12)', '(33, 16)']","[(30, 14), (31, 14), (32, 14), (30, 13), (34, 16), (30, 12), (34, 15), (31, 12), (33, 14), (34, 14)]",9,0,9
11,"(32, 12)","(31, 12)",East,"[((33, 12), 'East', 1)]","['(32, 12)', '(33, 16)']","['(33, 12)', '(33, 16)']","[(30, 14), (31, 14), (32, 14), (30, 13), (34, 16), (30, 12), (34, 15), (31, 12), (33, 14), (32, 12), (34, 14)]",10,0,10
12,"(33, 12)","(32, 12)",East,"[((34, 12), 'East', 1)]","['(33, 12)', '(33, 16)']","['(34, 12)', '(33, 16)']","[(30, 14), (31, 14), (32, 14), (30, 13), (34, 16), (33, 12), (30, 12), (34, 15), (31, 12), (33, 14), (32, 12), (34, 14)]",11,0,11
13,"(34, 12)","(33, 12)",East,"[((34, 11), 'South', 1)]","['(34, 12)', '(33, 16)']","['(34, 11)', '(33, 16)']","[(30, 14), (31, 14), (32, 14), (30, 13), (34, 16), (33, 12), (34, 12), (30, 12), (34, 15), (31, 12), (33, 14), (32, 12), (34, 14)]",12,0,12
14,"(34, 11)","(34, 12)",South,"[((34, 10), 'South', 1)]","['(34, 11)', '(33, 16)']","['(34, 10)', '(33, 16)']","[(30, 14), (31, 14), (32, 14), (30, 13), (34, 16), (33, 12), (34, 12), (30, 12), (34, 15), (31, 12), (34, 11), (33, 14), (32, 12), (34, 14)]",13,0,13
15,"(34, 10)","(34, 11)",South,"[((33, 10), 'West', 1)]","['(34, 10)', '(33, 16)']","['(33, 10)', '(33, 16)']","[(30, 14), (31, 14), (32, 14), (30, 13), (34, 16), (34, 10), (33, 12), (34, 12), (30, 12), (34, 15), (31, 12), (34, 11), (33, 14), (32, 12), (34, 14)]",14,0,14
16,"(33, 10)","(34, 10)",West,"[((32, 10), 'West', 1)]","['(33, 10)', '(33, 16)']","['(32, 10)', '(33, 16)']","[(30, 14), (31, 14), (33, 10), (32, 14), (30, 13), (34, 16), (34, 10), (33, 12), (34, 12), (30, 12), (34, 15), (31, 12), (34, 11), (33, 14), (32, 12), (34, 14)]",15,0,15
17,"(32, 10)","(33, 10)",West,"[((31, 10), 'West', 1)]","['(32, 10)', '(33, 16)']","['(31, 10)', '(33, 16)']","[(30, 14), (31, 14), (33, 10), (32, 14), (30, 13), (34, 16), (34, 10), (33, 12), (32, 10), (34, 12), (30, 12), (34, 15), (31, 12), (34, 11), (33, 14), (32, 12), (34, 14)]",16,0,16
18,"(31, 10)","(32, 10)",West,"[((30, 10), 'West', 1)]","['(31, 10)', '(33, 16)']","['(30, 10)', '(33, 16)']","[(30, 14), (31, 14), (33, 10), (32, 14), (30, 13), (34, 16), (34, 10), (31, 10), (33, 12), (32, 10), (34, 12), (30, 12), (34, 15), (31, 12), (34, 11), (33, 14), (32, 12), (34, 14)]",17,0,17
19,"(30, 10)","(31, 10)",West,"[((30, 9), 'South', 1), ((29, 10), 'West', 1)]","['(30, 10)', '(33, 16)']","['(30, 9)', '(29, 10)', '(33, 16)']","[(31, 14), (34, 10), (34, 16), (30, 12), (33, 14), (32, 12), (31, 10), (34, 12), (34, 15), (30, 14), (33, 10), (32, 14), (31, 12), (34, 11), (34, 14), (30, 13), (30, 10), (33, 12), (32, 10)]",18,0,18
20,"(30, 9)","(30, 10)",South,"[((30, 8), 'South', 1)]","['(30, 9)', '(29, 10)', '(33, 16)']","['(30, 8)', '(29, 10)', '(33, 16)']","[(31, 14), (34, 10), (34, 16), (30, 9), (30, 12), (33, 14), (32, 12), (31, 10), (34, 12), (34, 15), (30, 14), (33, 10), (32, 14), (31, 12), (34, 11), (34, 14), (30, 13), (30, 10), (33, 12), (32, 10)]",19,0,19
21,"(30, 8)","(30, 9)",South,"[((31, 8), 'East', 1)]","['(30, 8)', '(29, 10)', '(33, 16)']","['(31, 8)', '(29, 10)', '(33, 16)']","[(31, 14), (34, 10), (34, 16), (30, 9), (30, 12), (33, 14), (32, 12), (31, 10), (34, 12), (34, 15), (30, 8), (30, 14), (33, 10), (32, 14), (31, 12), (34, 11), (34, 14), (30, 13), (30, 10), (33, 12), (32, 10)]",20,0,20
22,"(31, 8)","(30, 8)",East,"[((32, 8), 'East', 1)]","['(31, 8)', '(29, 10)', '(33, 16)']","['(32, 8)', '(29, 10)', '(33, 16)']","[(31, 8), (31, 14), (34, 10), (34, 16), (30, 9), (30, 12), (33, 14), (32, 12), (31, 10), (34, 12), (34, 15), (30, 8), (30, 14), (33, 10), (32, 14), (31, 12), (34, 11), (34, 14), (30, 13), (30, 10), (33, 12), (32, 10)]",21,0,21
23,"(32, 8)","(31, 8)",East,"[((33, 8), 'East', 1)]","['(32, 8)', '(29, 10)', '(33, 16)']","['(33, 8)', '(29, 10)', '(33, 16)']","[(31, 8), (31, 14), (34, 10), (34, 16), (30, 9), (30, 12), (33, 14), (32, 12), (31, 10), (34, 12), (34, 15), (30, 8), (30, 14), (33, 10), (32, 8), (32, 14), (31, 12), (34, 11), (34, 14), (30, 13), (30, 10), (33, 12), (32, 10)]",22,0,22
24,"(33, 8)","(32, 8)",East,"[((34, 8), 'East', 1)]","['(33, 8)', '(29, 10)', '(33, 16)']","['(34, 8)', '(29, 10)', '(33, 16)']","[(31, 8), (31, 14), (34, 10), (34, 16), (30, 9), (30, 12), (33, 8), (33, 14), (32, 12), (31, 10), (34, 12), (34, 15), (30, 8), (30, 14), (33, 10), (32, 8), (32, 14), (31, 12), (34, 11), (34, 14), (30, 13), (30, 10), (33, 12), (32, 10)]",23,0,23
25,"(34, 8)","(33, 8)",East,"[((34, 7), 'South', 1)]","['(34, 8)', '(29, 10)', '(33, 16)']","['(34, 7)', '(29, 10)', '(33, 16)']","[(31, 8), (31, 14), (34, 10), (34, 16), (30, 9), (30, 12), (33, 8), (33, 14), (32, 12), (31, 10), (34, 12), (34, 15), (30, 8), (30, 14), (33, 10), (32, 8), (32, 14), (31, 12), (34, 11), (34, 8), (34, 14), (30, 13), (30, 10), (33, 12), (32, 10)]",24,0,24
26,"(34, 7)","(34, 8)",South,"[((34, 6), 'South', 1)]","['(34, 7)', '(29, 10)', '(33, 16)']","['(34, 6)', '(29, 10)', '(33, 16)']","[(31, 8), (31, 14), (34, 7), (34, 10), (34, 16), (30, 9), (30, 12), (33, 8), (33, 14), (32, 12), (31, 10), (34, 12), (34, 15), (30, 8), (30, 14), (33, 10), (32, 8), (32, 14), (31, 12), (34, 11), (34, 8), (34, 14), (30, 13), (30, 10), (33, 12), (32, 10)]",25,0,25
27,"(34, 6)","(34, 7)",South,"[((33, 6), 'West', 1)]","['(34, 6)', '(29, 10)', '(33, 16)']","['(33, 6)', '(29, 10)', '(33, 16)']","[(31, 8), (31, 14), (34, 7), (34, 10), (34, 16), (30, 9), (30, 12), (33, 8), (33, 14), (32, 12), (34, 6), (31, 10), (34, 12), (34, 15), (30, 8), (30, 14), (33, 10), (32, 8), (32, 14), (31, 12), (34, 11), (34, 8), (34, 14), (30, 13), (30, 10), (33, 12), (32, 10)]",26,0,26
28,"(33, 6)","(34, 6)",West,"[((32, 6), 'West', 1)]","['(33, 6)', '(29, 10)', '(33, 16)']","['(32, 6)', '(29, 10)', '(33, 16)']","[(31, 8), (31, 14), (34, 7), (34, 10), (34, 16), (30, 9), (30, 12), (33, 8), (33, 14), (32, 12), (34, 6), (31, 10), (34, 12), (34, 15), (30, 8), (30, 14), (33, 10), (32, 8), (32, 14), (31, 12), (34, 11), (34, 8), (34, 14), (30, 13), (30, 10), (33, 6), (33, 12), (32, 10)]",27,0,27
29,"(32, 6)","(33, 6)",West,"[((31, 6), 'West', 1)]","['(32, 6)', '(29, 10)', '(33, 16)']","['(31, 6)', '(29, 10)', '(33, 16)']","[(31, 8), (31, 14), (34, 7), (34, 10), (34, 16), (30, 9), (32, 6), (30, 12), (33, 8), (33, 14), (32, 12), (34, 6), (31, 10), (34, 12), (34, 15), (30, 8), (30, 14), (33, 10), (32, 8), (32, 14), (31, 12), (34, 11), (34, 8), (34, 14), (30, 13), (30, 10), (33, 6), (33, 12), (32, 10)]",28,0,28
30,"(31, 6)","(32, 6)",West,"[((30, 6), 'West', 1)]","['(31, 6)', '(29, 10)', '(33, 16)']","['(30, 6)', '(29, 10)', '(33, 16)']","[(31, 8), (31, 14), (34, 7), (34, 10), (34, 16), (30, 9), (32, 6), (30, 12), (33, 8), (33, 14), (32, 12), (34, 6), (31, 10), (34, 12), (34, 15), (30, 8), (30, 14), (33, 10), (32, 8), (32, 14), (31, 6), (31, 12), (34, 11), (34, 8), (34, 14), (30, 13), (30, 10), (33, 6), (33, 12), (32, 10)]",29,0,29
31,"(30, 6)","(31, 6)",West,"[((30, 5), 'South', 1), ((29, 6), 'West', 1)]","['(30, 6)', '(29, 10)', '(33, 16)']","['(30, 5)', '(29, 6)', '(29, 10)', '(33, 16)']","[(31, 8), (31, 14), (34, 7), (34, 10), (34, 16), (30, 6), (30, 9), (32, 6), (30, 12), (33, 8), (33, 14), (32, 12), (34, 6), (31, 10), (34, 12), (34, 15), (30, 8), (30, 14), (33, 10), (32, 8), (32, 14), (31, 6), (31, 12), (34, 11), (34, 8), (34, 14), (30, 13), (30, 10), (33, 6), (33, 12), (32, 10)]",30,0,30
32,"(30, 5)","(30, 6)",South,"[((30, 4), 'South', 1)]","['(30, 5)', '(29, 6)', '(29, 10)', '(33, 16)']","['(30, 4)', '(29, 6)', '(29, 10)', '(33, 16)']","[(31, 8), (31, 14), (34, 7), (34, 10), (34, 16), (30, 6), (30, 9), (32, 6), (30, 12), (33, 8), (33, 14), (32, 12), (34, 6), (31, 10), (34, 12), (34, 15), (30, 5), (30, 8), (30, 14), (33, 10), (32, 8), (32, 14), (31, 6), (31, 12), (34, 11), (34, 8), (34, 14), (30, 13), (30, 10), (33, 6), (33, 12), (32, 10)]",31,0,31
33,"(30, 4)","(30, 5)",South,"[((30, 3), 'South', 1), ((31, 4), 'East', 1)]","['(30, 4)', '(29, 6)', '(29, 10)', '(33, 16)']","['(30, 3)', '(31, 4)', '(29, 6)', '(29, 10)', '(33, 16)']","[(31, 8), (31, 14), (34, 7), (34, 10), (34, 16), (30, 6), (30, 9), (32, 6), (30, 12), (33, 8), (33, 14), (32, 12), (34, 6), (31, 10), (34, 12), (34, 15), (30, 5), (30, 8), (30, 14), (33, 10), (32, 8), (32, 14), (31, 6), (31, 12), (34, 11), (34, 8), (34, 14), (30, 4), (30, 13), (30, 10), (33, 6), (33, 12), (32, 10)]",32,0,32
34,"(30, 3)","(30, 4)",South,"[((31, 3), 'East', 1)]","['(30, 3)', '(31, 4)', '(29, 6)', '(29, 10)', '(33, 16)']","['(31, 3)', '(31, 4)', '(29, 6)', '(29, 10)', '(33, 16)']","[(31, 8), (31, 14), (34, 7), (34, 10), (34, 16), (30, 6), (30, 3), (30, 9), (32, 6), (30, 12), (33, 8), (33, 14), (32, 12), (34, 6), (31, 10), (34, 12), (34, 15), (30, 5), (30, 8), (30, 14), (33, 10), (32, 8), (32, 14), (31, 6), (31, 12), (34, 11), (34, 8), (34, 14), (30, 4), (30, 13), (30, 10), (33, 6), (33, 12), (32, 10)]",33,0,33
35,"(31, 3)","(30, 3)",East,"[((31, 4), 'North', 1)]","['(31, 3)', '(31, 4)', '(29, 6)', '(29, 10)', '(33, 16)']","['(31, 4)', '(31, 4)', '(29, 6)', '(29, 10)', '(33, 16)']","[(31, 8), (31, 14), (34, 7), (34, 10), (34, 16), (30, 6), (30, 3), (30, 9), (32, 6), (30, 12), (33, 8), (33, 14), (32, 12), (34, 6), (31, 10), (34, 12), (34, 15), (30, 5), (30, 8), (30, 14), (33, 10), (32, 8), (32, 14), (31, 6), (31, 3), (31, 12), (34, 11), (34, 8), (34, 14), (30, 4), (30, 13), (30, 10), (33, 6), (33, 12), (32, 10)]",34,0,34
36,"(31, 4)","(31, 3)",North,"[((32, 4), 'East', 1)]","['(31, 4)', '(31, 4)', '(29, 6)', '(29, 10)', '(33, 16)']","['(32, 4)', '(31, 4)', '(29, 6)', '(29, 10)', '(33, 16)']","[(31, 8), (31, 14), (34, 7), (34, 10), (34, 16), (30, 6), (30, 3), (30, 9), (32, 6), (30, 12), (33, 8), (33, 14), (32, 12), (31, 4), (34, 6), (31, 10), (34, 12), (34, 15), (30, 5), (30, 8), (30, 14), (33, 10), (32, 8), (32, 14), (31, 6), (31, 3), (31, 12), (34, 11), (34, 8), (34, 14), (30, 4), (30, 13), (30, 10), (33, 6), (33, 12), (32, 10)]",35,0,35
37,"(32, 4)","(31, 4)",East,"[((33, 4), 'East', 1)]","['(32, 4)', '(31, 4)', '(29, 6)', '(29, 10)', '(33, 16)']","['(33, 4)', '(31, 4)', '(29, 6)', '(29, 10)', '(33, 16)']","[(31, 8), (31, 14), (34, 7), (34, 10), (34, 16), (30, 6), (30, 3), (30, 9), (32, 6), (30, 12), (33, 8), (33, 14), (32, 12), (31, 4), (34, 6), (31, 10), (34, 12), (34, 15), (30, 5), (30, 8), (30, 14), (33, 10), (32, 8), (32, 14), (31, 6), (31, 3), (31, 12), (34, 11), (34, 8), (34, 14), (30, 4), (30, 13), (32, 4), (30, 10), (33, 6), (33, 12), (32, 10)]",36,0,36
38,"(33, 4)","(32, 4)",East,"[((34, 4), 'East', 1)]","['(33, 4)', '(31, 4)', '(29, 6)', '(29, 10)', '(33, 16)']","['(34, 4)', '(31, 4)', '(29, 6)', '(29, 10)', '(33, 16)']","[(31, 8), (31, 14), (34, 7), (34, 10), (34, 16), (30, 6), (30, 3), (30, 9), (32, 6), (30, 12), (33, 8), (33, 14), (32, 12), (31, 4), (34, 6), (31, 10), (34, 12), (34, 15), (30, 5), (33, 4), (30, 8), (30, 14), (33, 10), (32, 8), (32, 14), (31, 6), (31, 3), (31, 12), (34, 11), (34, 8), (34, 14), (30, 4), (30, 13), (32, 4), (30, 10), (33, 6), (33, 12), (32, 10)]",37,0,37
39,"(34, 4)","(33, 4)",East,"[((34, 3), 'South', 1)]","['(34, 4)', '(31, 4)', '(29, 6)', '(29, 10)', '(33, 16)']","['(34, 3)', '(31, 4)', '(29, 6)', '(29, 10)', '(33, 16)']","[(34, 4), (31, 8), (31, 14), (34, 7), (34, 10), (34, 16), (30, 6), (30, 3), (30, 9), (32, 6), (30, 12), (33, 8), (33, 14), (32, 12), (31, 4), (34, 6), (31, 10), (34, 12), (34, 15), (30, 5), (33, 4), (30, 8), (30, 14), (33, 10), (32, 8), (32, 14), (31, 6), (31, 3), (31, 12), (34, 11), (34, 8), (34, 14), (30, 4), (30, 13), (32, 4), (30, 10), (33, 6), (33, 12), (32, 10)]",38,0,38
40,"(34, 3)","(34, 4)",South,"[((34, 2), 'South', 1)]","['(34, 3)', '(31, 4)', '(29, 6)', '(29, 10)', '(33, 16)']","['(34, 2)', '(31, 4)', '(29, 6)', '(29, 10)', '(33, 16)']","[(34, 4), (31, 8), (31, 14), (34, 7), (34, 10), (34, 16), (30, 6), (30, 3), (30, 9), (32, 6), (30, 12), (33, 8), (33, 14), (32, 12), (31, 4), (34, 6), (31, 10), (34, 3), (34, 12), (34, 15), (30, 5), (33, 4), (30, 8), (30, 14), (33, 10), (32, 8), (32, 14), (31, 6), (31, 3), (31, 12), (34, 11), (34, 8), (34, 14), (30, 4), (30, 13), (32, 4), (30, 10), (33, 6), (33, 12), (32, 10)]",39,0,39
41,"(34, 2)","(34, 3)",South,"[((34, 1), 'South', 1)]","['(34, 2)', '(31, 4)', '(29, 6)', '(29, 10)', '(33, 16)']","['(34, 1)', '(31, 4)', '(29, 6)', '(29, 10)', '(33, 16)']","[(34, 4), (31, 8), (31, 14), (34, 7), (34, 10), (34, 16), (30, 6), (30, 3), (30, 9), (32, 6), (30, 12), (33, 8), (33, 14), (32, 12), (31, 4), (34, 6), (31, 10), (34, 3), (34, 12), (34, 15), (30, 5), (33, 4), (30, 8), (30, 14), (33, 10), (32, 8), (32, 14), (31, 6), (31, 3), (34, 2), (31, 12), (34, 11), (34, 8), (34, 14), (30, 4), (30, 13), (32, 4), (30, 10), (33, 6), (33, 12), (32, 10)]",40,0,40
42,"(34, 1)","(34, 2)",South,"[((33, 1), 'West', 1)]","['(34, 1)', '(31, 4)', '(29, 6)', '(29, 10)', '(33, 16)']","['(33, 1)', '(31, 4)', '(29, 6)', '(29, 10)', '(33, 16)']","[(34, 4), (31, 8), (31, 14), (34, 7), (34, 1), (34, 10), (34, 16), (30, 6), (30, 3), (30, 9), (32, 6), (30, 12), (33, 8), (33, 14), (32, 12), (31, 4), (34, 6), (31, 10), (34, 3), (34, 12), (34, 15), (30, 5), (33, 4), (30, 8), (30, 14), (33, 10), (32, 8), (32, 14), (31, 6), (31, 3), (34, 2), (31, 12), (34, 11), (34, 8), (34, 14), (30, 4), (30, 13), (32, 4), (30, 10), (33, 6), (33, 12), (32, 10)]",41,0,41
43,"(33, 1)","(34, 1)",West,"[((32, 1), 'West', 1)]","['(33, 1)', '(31, 4)', '(29, 6)', '(29, 10)', '(33, 16)']","['(32, 1)', '(31, 4)', '(29, 6)', '(29, 10)', '(33, 16)']","[(34, 4), (31, 8), (31, 14), (34, 7), (34, 1), (34, 10), (34, 16), (30, 6), (30, 3), (30, 9), (32, 6), (30, 12), (33, 8), (33, 14), (32, 12), (31, 4), (34, 6), (31, 10), (34, 3), (34, 12), (34, 15), (30, 5), (33, 4), (30, 8), (30, 14), (33, 1), (33, 10), (32, 8), (32, 14), (31, 6), (31, 3), (34, 2), (31, 12), (34, 11), (34, 8), (34, 14), (30, 4), (30, 13), (32, 4), (30, 10), (33, 6), (33, 12), (32, 10)]",42,0,42
44,"(32, 1)","(33, 1)",West,"[((31, 1), 'West', 1)]","['(32, 1)', '(31, 4)', '(29, 6)', '(29, 10)', '(33, 16)']","['(31, 1)', '(31, 4)', '(29, 6)', '(29, 10)', '(33, 16)']","[(34, 4), (31, 8), (31, 14), (34, 7), (34, 1), (34, 10), (34, 16), (30, 6), (30, 3), (30, 9), (32, 6), (30, 12), (33, 8), (33, 14), (32, 12), (31, 4), (34, 6), (31, 10), (34, 3), (34, 12), (34, 15), (30, 5), (33, 4), (30, 8), (30, 14), (33, 1), (33, 10), (32, 8), (32, 14), (31, 6), (31, 3), (34, 2), (31, 12), (34, 11), (34, 8), (34, 14), (30, 4), (32, 1), (30, 13), (32, 4), (30, 10), (33, 6), (33, 12), (32, 10)]",43,0,43
45,"(31, 1)","(32, 1)",West,"[((30, 1), 'West', 1)]","['(31, 1)', '(31, 4)', '(29, 6)', '(29, 10)', '(33, 16)']","['(30, 1)', '(31, 4)', '(29, 6)', '(29, 10)', '(33, 16)']","[(34, 4), (31, 8), (31, 14), (34, 7), (34, 1), (34, 10), (34, 16), (30, 6), (30, 3), (30, 9), (32, 6), (30, 12), (33, 8), (33, 14), (32, 12), (31, 4), (31, 1), (34, 6), (31, 10), (34, 3), (34, 12), (34, 15), (30, 5), (33, 4), (30, 8), (30, 14), (33, 1), (33, 10), (32, 8), (32, 14), (31, 6), (31, 3), (34, 2), (31, 12), (34, 11), (34, 8), (34, 14), (30, 4), (32, 1), (30, 13), (32, 4), (30, 10), (33, 6), (33, 12), (32, 10)]",44,0,44
46,"(30, 1)","(31, 1)",West,"[((29, 1), 'West', 1)]","['(30, 1)', '(31, 4)', '(29, 6)', '(29, 10)', '(33, 16)']","['(29, 1)', '(31, 4)', '(29, 6)', '(29, 10)', '(33, 16)']","[(34, 4), (31, 8), (31, 14), (34, 7), (34, 1), (34, 10), (34, 16), (30, 6), (30, 3), (30, 9), (32, 6), (30, 12), (33, 8), (33, 14), (32, 12), (31, 4), (31, 1), (34, 6), (31, 10), (34, 3), (34, 12), (34, 15), (30, 5), (33, 4), (30, 8), (30, 14), (33, 1), (33, 10), (32, 8), (32, 14), (31, 6), (31, 3), (34, 2), (31, 12), (34, 11), (34, 8), (34, 14), (30, 4), (32, 1), (30, 1), (30, 13), (32, 4), (30, 10), (33, 6), (33, 12), (32, 10)]",45,0,45
47,"(29, 1)","(30, 1)",West,"[((28, 1), 'West', 1)]","['(29, 1)', '(31, 4)', '(29, 6)', '(29, 10)', '(33, 16)']","['(28, 1)', '(31, 4)', '(29, 6)', '(29, 10)', '(33, 16)']","[(34, 4), (31, 8), (31, 14), (34, 7), (34, 1), (34, 10), (34, 16), (30, 6), (30, 3), (30, 9), (32, 6), (30, 12), (33, 8), (33, 14), (32, 12), (29, 1), (31, 4), (31, 1), (34, 6), (31, 10), (34, 3), (34, 12), (34, 15), (30, 5), (33, 4), (30, 8), (30, 14), (33, 1), (33, 10), (32, 8), (32, 14), (31, 6), (31, 3), (34, 2), (31, 12), (34, 11), (34, 8), (34, 14), (30, 4), (32, 1), (30, 1), (30, 13), (32, 4), (30, 10), (33, 6), (33, 12), (32, 10)]",46,0,46
48,"(28, 1)","(29, 1)",West,"[((27, 1), 'West', 1)]","['(28, 1)', '(31, 4)', '(29, 6)', '(29, 10)', '(33, 16)']","['(27, 1)', '(31, 4)', '(29, 6)', '(29, 10)', '(33, 16)']","[(34, 4), (31, 8), (31, 14), (34, 7), (34, 1), (34, 10), (34, 16), (30, 6), (30, 3), (30, 9), (32, 6), (30, 12), (33, 8), (33, 14), (32, 12), (29, 1), (31, 4), (31, 1), (34, 6), (31, 10), (34, 3), (34, 12), (34, 15), (30, 5), (33, 4), (30, 8), (30, 14), (33, 1), (33, 10), (32, 8), (32, 14), (31, 6), (31, 3), (34, 2), (31, 12), (34, 11), (34, 8), (34, 14), (28, 1), (30, 4), (32, 1), (30, 1), (30, 13), (32, 4), (30, 10), (33, 6), (33, 12), (32, 10)]",47,0,47
49,"(27, 1)","(28, 1)",West,"[((27, 2), 'North', 1)]","['(27, 1)', '(31, 4)', '(29, 6)', '(29, 10)', '(33, 16)']","['(27, 2)', '(31, 4)', '(29, 6)', '(29, 10)', '(33, 16)']","[(34, 4), (31, 8), (31, 14), (34, 7), (34, 1), (27, 1), (34, 10), (34, 16), (30, 6), (30, 3), (30, 9), (32, 6), (30, 12), (33, 8), (33, 14), (32, 12), (29, 1), (31, 4), (31, 1), (34, 6), (31, 10), (34, 3), (34, 12), (34, 15), (30, 5), (33, 4), (30, 8), (30, 14), (33, 1), (33, 10), (32, 8), (32, 14), (31, 6), (31, 3), (34, 2), (31, 12), (34, 11), (34, 8), (34, 14), (28, 1), (30, 4), (32, 1), (30, 1), (30, 13), (32, 4), (30, 10), (33, 6), (33, 12), (32, 10)]",48,0,48
50,"(27, 2)","(27, 1)",North,"[((27, 3), 'North', 1), ((26, 2), 'West', 1)]","['(27, 2)', '(31, 4)', '(29, 6)', '(29, 10)', '(33, 16)']","['(27, 3)', '(26, 2)', '(31, 4)', '(29, 6)', '(29, 10)', '(33, 16)']","[(34, 4), (31, 8), (31, 14), (34, 7), (34, 1), (27, 1), (34, 10), (34, 16), (30, 6), (30, 3), (30, 9), (32, 6), (30, 12), (33, 8), (33, 14), (32, 12), (29, 1), (31, 4), (31, 1), (34, 6), (31, 10), (34, 3), (34, 12), (34, 15), (30, 5), (33, 4), (30, 8), (30, 14), (33, 1), (33, 10), (32, 8), (32, 14), (31, 6), (31, 3), (34, 2), (31, 12), (34, 11), (34, 8), (34, 14), (27, 2), (28, 1), (30, 4), (32, 1), (30, 1), (30, 13), (32, 4), (30, 10), (33, 6), (33, 12), (32, 10)]",49,0,49
51,"(27, 3)","(27, 2)",North,"[((27, 4), 'North', 1)]","['(27, 3)', '(26, 2)', '(31, 4)', '(29, 6)', '(29, 10)', '(33, 16)']","['(27, 4)', '(26, 2)', '(31, 4)', '(29, 6)', '(29, 10)', '(33, 16)']","[(34, 4), (31, 8), (31, 14), (34, 7), (34, 1), (27, 1), (34, 10), (34, 16), (30, 6), (30, 3), (30, 9), (32, 6), (30, 12), (33, 8), (33, 14), (32, 12), (29, 1), (31, 4), (31, 1), (34, 6), (31, 10), (34, 3), (34, 12), (34, 15), (27, 3), (30, 5), (33, 4), (30, 8), (30, 14), (33, 1), (33, 10), (32, 8), (32, 14), (31, 6), (31, 3), (34, 2), (31, 12), (34, 11), (34, 8), (34, 14), (27, 2), (28, 1), (30, 4), (32, 1), (30, 1), (30, 13), (32, 4), (30, 10), (33, 6), (33, 12), (32, 10)]",50,0,50
52,"(27, 4)","(27, 3)",North,"[((27, 5), 'North', 1)]","['(27, 4)', '(26, 2)', '(31, 4)', '(29, 6)', '(29, 10)', '(33, 16)']","['(27, 5)', '(26, 2)', '(31, 4)', '(29, 6)', '(29, 10)', '(33, 16)']","[(34, 4), (31, 8), (31, 14), (34, 7), (34, 1), (27, 1), (34, 10), (34, 16), (27, 4), (30, 6), (30, 3), (30, 9), (32, 6), (30, 12), (33, 8), (33, 14), (32, 12), (29, 1), (31, 4), (31, 1), (34, 6), (31, 10), (34, 3), (34, 12), (34, 15), (27, 3), (30, 5), (33, 4), (30, 8), (30, 14), (33, 1), (33, 10), (32, 8), (32, 14), (31, 6), (31, 3), (34, 2), (31, 12), (34, 11), (34, 8), (34, 14), (27, 2), (28, 1), (30, 4), (32, 1), (30, 1), (30, 13), (32, 4), (30, 10), (33, 6), (33, 12), (32, 10)]",51,0,51
53,"(27, 5)","(27, 4)",North,"[((27, 6), 'North', 1)]","['(27, 5)', '(26, 2)', '(31, 4)', '(29, 6)', '(29, 10)', '(33, 16)']","['(27, 6)', '(26, 2)', '(31, 4)', '(29, 6)', '(29, 10)', '(33, 16)']","[(34, 4), (31, 8), (31, 14), (34, 7), (34, 1), (27, 1), (34, 10), (34, 16), (27, 4), (30, 6), (30, 3), (30, 9), (32, 6), (30, 12), (33, 8), (33, 14), (32, 12), (29, 1), (31, 4), (31, 1), (34, 6), (31, 10), (34, 3), (34, 12), (34, 15), (27, 3), (30, 5), (33, 4), (30, 8), (30, 14), (33, 1), (33, 10), (32, 8), (32, 14), (31, 6), (31, 3), (34, 2), (31, 12), (34, 11), (34, 8), (34, 14), (27, 2), (28, 1), (30, 4), (27, 5), (32, 1), (30, 1), (30, 13), (32, 4), (30, 10), (33, 6), (33, 12), (32, 10)]",52,0,52
54,"(27, 6)","(27, 5)",North,"[((27, 7), 'North', 1)]","['(27, 6)', '(26, 2)', '(31, 4)', '(29, 6)', '(29, 10)', '(33, 16)']","['(27, 7)', '(26, 2)', '(31, 4)', '(29, 6)', '(29, 10)', '(33, 16)']","[(34, 4), (31, 8), (31, 14), (34, 7), (34, 1), (27, 1), (34, 10), (34, 16), (27, 4), (30, 6), (30, 3), (30, 9), (32, 6), (30, 12), (33, 8), (33, 14), (32, 12), (29, 1), (31, 4), (31, 1), (34, 6), (31, 10), (34, 3), (34, 12), (27, 6), (34, 15), (27, 3), (30, 5), (33, 4), (30, 8), (30, 14), (33, 1), (33, 10), (32, 8), (32, 14), (31, 6), (31, 3), (34, 2), (31, 12), (34, 11), (34, 8), (34, 14), (27, 2), (28, 1), (30, 4), (27, 5), (32, 1), (30, 1), (30, 13), (32, 4), (30, 10), (33, 6), (33, 12), (32, 10)]",53,0,53
55,"(27, 7)","(27, 6)",North,"[((27, 8), 'North', 1)]","['(27, 7)', '(26, 2)', '(31, 4)', '(29, 6)', '(29, 10)', '(33, 16)']","['(27, 8)', '(26, 2)', '(31, 4)', '(29, 6)', '(29, 10)', '(33, 16)']","[(34, 4), (31, 8), (31, 14), (34, 7), (34, 1), (27, 1), (34, 10), (34, 16), (27, 4), (30, 6), (27, 7), (30, 3), (30, 9), (32, 6), (30, 12), (33, 8), (33, 14), (32, 12), (29, 1), (31, 4), (31, 1), (34, 6), (31, 10), (34, 3), (34, 12), (27, 6), (34, 15), (27, 3), (30, 5), (33, 4), (30, 8), (30, 14), (33, 1), (33, 10), (32, 8), (32, 14), (31, 6), (31, 3), (34, 2), (31, 12), (34, 11), (34, 8), (34, 14), (27, 2), (28, 1), (30, 4), (27, 5), (32, 1), (30, 1), (30, 13), (32, 4), (30, 10), (33, 6), (33, 12), (32, 10)]",54,0,54
56,"(27, 8)","(27, 7)",North,"[((27, 9), 'North', 1)]","['(27, 8)', '(26, 2)', '(31, 4)', '(29, 6)', '(29, 10)', '(33, 16)']","['(27, 9)', '(26, 2)', '(31, 4)', '(29, 6)', '(29, 10)', '(33, 16)']","[(34, 4), (31, 8), (31, 14), (34, 7), (34, 1), (27, 1), (34, 10), (34, 16), (27, 4), (30, 6), (27, 7), (30, 3), (30, 9), (32, 6), (30, 12), (33, 8), (33, 14), (32, 12), (29, 1), (31, 4), (31, 1), (34, 6), (31, 10), (34, 3), (34, 12), (27, 6), (34, 15), (27, 3), (30, 5), (33, 4), (30, 8), (30, 14), (33, 1), (33, 10), (32, 8), (32, 14), (31, 6), (31, 3), (34, 2), (31, 12), (34, 11), (34, 8), (34, 14), (27, 2), (27, 8), (28, 1), (30, 4), (27, 5), (32, 1), (30, 1), (30, 13), (32, 4), (30, 10), (33, 6), (33, 12), (32, 10)]",55,0,55
57,"(27, 9)","(27, 8)",North,"[((26, 9), 'West', 1)]","['(27, 9)', '(26, 2)', '(31, 4)', '(29, 6)', '(29, 10)', '(33, 16)']","['(26, 9)', '(26, 2)', '(31, 4)', '(29, 6)', '(29, 10)', '(33, 16)']","[(34, 4), (31, 8), (31, 14), (34, 7), (34, 1), (27, 1), (34, 10), (34, 16), (27, 4), (30, 6), (27, 7), (30, 3), (30, 9), (32, 6), (30, 12), (33, 8), (33, 14), (32, 12), (29, 1), (31, 4), (31, 1), (34, 6), (31, 10), (34, 3), (34, 12), (27, 6), (34, 15), (27, 3), (27, 9), (30, 5), (33, 4), (30, 8), (30, 14), (33, 1), (33, 10), (32, 8), (32, 14), (31, 6), (31, 3), (34, 2), (31, 12), (34, 11), (34, 8), (34, 14), (27, 2), (27, 8), (28, 1), (30, 4), (27, 5), (32, 1), (30, 1), (30, 13), (32, 4), (30, 10), (33, 6), (33, 12), (32, 10)]",56,0,56
58,"(26, 9)","(27, 9)",West,"[((25, 9), 'West', 1)]","['(26, 9)', '(26, 2)', '(31, 4)', '(29, 6)', '(29, 10)', '(33, 16)']","['(25, 9)', '(26, 2)', '(31, 4)', '(29, 6)', '(29, 10)', '(33, 16)']","[(34, 4), (31, 8), (31, 14), (34, 7), (34, 1), (27, 1), (34, 10), (34, 16), (27, 4), (30, 6), (27, 7), (30, 3), (30, 9), (32, 6), (30, 12), (33, 8), (33, 14), (32, 12), (29, 1), (31, 4), (31, 1), (34, 6), (31, 10), (34, 3), (34, 12), (27, 6), (34, 15), (27, 3), (27, 9), (30, 5), (33, 4), (30, 8), (30, 14), (33, 1), (33, 10), (32, 8), (32, 14), (31, 6), (31, 3), (34, 2), (31, 12), (34, 11), (34, 8), (34, 14), (27, 2), (27, 8), (28, 1), (30, 4), (27, 5), (32, 1), (30, 1), (30, 13), (32, 4), (30, 10), (33, 6), (33, 12), (32, 10), (26, 9)]",57,0,57
59,"(25, 9)","(26, 9)",West,"[((24, 9), 'West', 1)]","['(25, 9)', '(26, 2)', '(31, 4)', '(29, 6)', '(29, 10)', '(33, 16)']","['(24, 9)', '(26, 2)', '(31, 4)', '(29, 6)', '(29, 10)', '(33, 16)']","[(34, 4), (31, 8), (31, 14), (34, 7), (34, 1), (27, 1), (34, 10), (34, 16), (27, 4), (30, 6), (27, 7), (30, 3), (30, 9), (32, 6), (30, 12), (33, 8), (33, 14), (32, 12), (29, 1), (31, 4), (31, 1), (34, 6), (31, 10), (34, 3), (34, 12), (27, 6), (34, 15), (27, 3), (27, 9), (30, 5), (33, 4), (30, 8), (30, 14), (33, 1), (33, 10), (32, 8), (32, 14), (25, 9), (31, 6), (31, 3), (34, 2), (31, 12), (34, 11), (34, 8), (34, 14), (27, 2), (27, 8), (28, 1), (30, 4), (27, 5), (32, 1), (30, 1), (30, 13), (32, 4), (30, 10), (33, 6), (33, 12), (32, 10), (26, 9)]",58,0,58
60,"(24, 9)","(25, 9)",West,"[((23, 9), 'West', 1)]","['(24, 9)', '(26, 2)', '(31, 4)', '(29, 6)', '(29, 10)', '(33, 16)']","['(23, 9)', '(26, 2)', '(31, 4)', '(29, 6)', '(29, 10)', '(33, 16)']","[(34, 4), (31, 8), (31, 14), (34, 7), (34, 1), (27, 1), (34, 10), (34, 16), (27, 4), (30, 6), (27, 7), (30, 3), (30, 9), (32, 6), (30, 12), (33, 8), (33, 14), (32, 12), (29, 1), (31, 4), (31, 1), (34, 6), (31, 10), (34, 3), (34, 12), (27, 6), (34, 15), (27, 3), (27, 9), (30, 5), (33, 4), (30, 8), (30, 14), (33, 1), (33, 10), (32, 8), (32, 14), (25, 9), (31, 6), (31, 3), (34, 2), (31, 12), (34, 11), (34, 8), (34, 14), (27, 2), (27, 8), (28, 1), (30, 4), (27, 5), (32, 1), (30, 1), (30, 13), (32, 4), (30, 10), (33, 6), (33, 12), (32, 10), (24, 9), (26, 9)]",59,0,59
61,"(23, 9)","(24, 9)",West,"[((22, 9), 'West', 1)]","['(23, 9)', '(26, 2)', '(31, 4)', '(29, 6)', '(29, 10)', '(33, 16)']","['(22, 9)', '(26, 2)', '(31, 4)', '(29, 6)', '(29, 10)', '(33, 16)']","[(34, 4), (31, 8), (31, 14), (34, 7), (34, 1), (27, 1), (34, 10), (34, 16), (27, 4), (30, 6), (27, 7), (30, 3), (30, 9), (32, 6), (30, 12), (33, 8), (33, 14), (32, 12), (29, 1), (31, 4), (31, 1), (34, 6), (31, 10), (34, 3), (23, 9), (34, 12), (27, 6), (34, 15), (27, 3), (27, 9), (30, 5), (33, 4), (30, 8), (30, 14), (33, 1), (33, 10), (32, 8), (32, 14), (25, 9), (31, 6), (31, 3), (34, 2), (31, 12), (34, 11), (34, 8), (34, 14), (27, 2), (27, 8), (28, 1), (30, 4), (27, 5), (32, 1), (30, 1), (30, 13), (32, 4), (30, 10), (33, 6), (33, 12), (32, 10), (24, 9), (26, 9)]",60,0,60
62,"(22, 9)","(23, 9)",West,"[((21, 9), 'West', 1)]","['(22, 9)', '(26, 2)', '(31, 4)', '(29, 6)', '(29, 10)', '(33, 16)']","['(21, 9)', '(26, 2)', '(31, 4)', '(29, 6)', '(29, 10)', '(33, 16)']","[(34, 4), (31, 8), (31, 14), (34, 7), (34, 1), (27, 1), (34, 10), (34, 16), (27, 4), (30, 6), (27, 7), (30, 3), (30, 9), (32, 6), (30, 12), (33, 8), (33, 14), (32, 12), (29, 1), (31, 4), (31, 1), (34, 6), (31, 10), (34, 3), (23, 9), (34, 12), (27, 6), (34, 15), (27, 3), (27, 9), (30, 5), (33, 4), (30, 8), (30, 14), (33, 1), (33, 10), (32, 8), (32, 14), (25, 9), (31, 6), (31, 3), (34, 2), (31, 12), (34, 11), (22, 9), (34, 8), (34, 14), (27, 2), (27, 8), (28, 1), (30, 4), (27, 5), (32, 1), (30, 1), (30, 13), (32, 4), (30, 10), (33, 6), (33, 12), (32, 10), (24, 9), (26, 9)]",61,0,61
63,"(21, 9)","(22, 9)",West,"[((20, 9), 'West', 1)]","['(21, 9)', '(26, 2)', '(31, 4)', '(29, 6)', '(29, 10)', '(33, 16)']","['(20, 9)', '(26, 2)', '(31, 4)', '(29, 6)', '(29, 10)', '(33, 16)']","[(34, 4), (31, 8), (31, 14), (34, 7), (34, 1), (27, 1), (34, 10), (34, 16), (27, 4), (30, 6), (27, 7), (30, 3), (30, 9), (32, 6), (30, 12), (33, 8), (33, 14), (32, 12), (29, 1), (31, 4), (31, 1), (21, 9), (34, 6), (31, 10), (34, 3), (23, 9), (34, 12), (27, 6), (34, 15), (27, 3), (27, 9), (30, 5), (33, 4), (30, 8), (30, 14), (33, 1), (33, 10), (32, 8), (32, 14), (25, 9), (31, 6), (31, 3), (34, 2), (31, 12), (34, 11), (22, 9), (34, 8), (34, 14), (27, 2), (27, 8), (28, 1), (30, 4), (27, 5), (32, 1), (30, 1), (30, 13), (32, 4), (30, 10), (33, 6), (33, 12), (32, 10), (24, 9), (26, 9)]",62,0,62
64,"(20, 9)","(21, 9)",West,"[((20, 10), 'North', 1)]","['(20, 9)', '(26, 2)', '(31, 4)', '(29, 6)', '(29, 10)', '(33, 16)']","['(20, 10)', '(26, 2)', '(31, 4)', '(29, 6)', '(29, 10)', '(33, 16)']","[(34, 4), (31, 8), (31, 14), (34, 7), (34, 1), (27, 1), (34, 10), (34, 16), (27, 4), (30, 6), (27, 7), (30, 3), (30, 9), (32, 6), (30, 12), (33, 8), (33, 14), (32, 12), (29, 1), (31, 4), (31, 1), (21, 9), (34, 6), (31, 10), (34, 3), (23, 9), (34, 12), (27, 6), (34, 15), (27, 3), (27, 9), (30, 5), (33, 4), (30, 8), (30, 14), (33, 1), (33, 10), (32, 8), (32, 14), (25, 9), (31, 6), (31, 3), (34, 2), (20, 9), (31, 12), (34, 11), (22, 9), (34, 8), (34, 14), (27, 2), (27, 8), (28, 1), (30, 4), (27, 5), (32, 1), (30, 1), (30, 13), (32, 4), (30, 10), (33, 6), (33, 12), (32, 10), (24, 9), (26, 9)]",63,0,63
65,"(20, 10)","(20, 9)",North,"[((20, 11), 'North', 1)]","['(20, 10)', '(26, 2)', '(31, 4)', '(29, 6)', '(29, 10)', '(33, 16)']","['(20, 11)', '(26, 2)', '(31, 4)', '(29, 6)', '(29, 10)', '(33, 16)']","[(34, 4), (31, 8), (31, 14), (34, 7), (34, 1), (27, 1), (34, 10), (34, 16), (27, 4), (30, 6), (27, 7), (30, 3), (30, 9), (32, 6), (30, 12), (33, 8), (33, 14), (32, 12), (29, 1), (31, 4), (31, 1), (21, 9), (34, 6), (31, 10), (34, 3), (23, 9), (20, 10), (34, 12), (27, 6), (34, 15), (27, 3), (27, 9), (30, 5), (33, 4), (30, 8), (30, 14), (33, 1), (33, 10), (32, 8), (32, 14), (25, 9), (31, 6), (31, 3), (34, 2), (20, 9), (31, 12), (34, 11), (22, 9), (34, 8), (34, 14), (27, 2), (27, 8), (28, 1), (30, 4), (27, 5), (32, 1), (30, 1), (30, 13), (32, 4), (30, 10), (33, 6), (33, 12), (32, 10), (24, 9), (26, 9)]",64,0,64
66,"(20, 11)","(20, 10)",North,"[((20, 12), 'North', 1), ((19, 11), 'West', 1)]","['(20, 11)', '(26, 2)', '(31, 4)', '(29, 6)', '(29, 10)', '(33, 16)']","['(20, 12)', '(19, 11)', '(26, 2)', '(31, 4)', '(29, 6)', '(29, 10)', '(33, 16)']","[(34, 4), (20, 11), (31, 8), (31, 14), (34, 7), (34, 1), (27, 1), (34, 10), (34, 16), (27, 4), (30, 6), (27, 7), (30, 3), (30, 9), (32, 6), (30, 12), (33, 8), (33, 14), (32, 12), (29, 1), (31, 4), (31, 1), (21, 9), (34, 6), (31, 10), (34, 3), (23, 9), (20, 10), (34, 12), (27, 6), (34, 15), (27, 3), (27, 9), (30, 5), (33, 4), (30, 8), (30, 14), (33, 1), (33, 10), (32, 8), (32, 14), (25, 9), (31, 6), (31, 3), (34, 2), (20, 9), (31, 12), (34, 11), (22, 9), (34, 8), (34, 14), (27, 2), (27, 8), (28, 1), (30, 4), (27, 5), (32, 1), (30, 1), (30, 13), (32, 4), (30, 10), (33, 6), (33, 12), (32, 10), (24, 9), (26, 9)]",65,0,65
67,"(20, 12)","(20, 11)",North,"[((21, 12), 'East', 1), ((19, 12), 'West', 1)]","['(20, 12)', '(19, 11)', '(26, 2)', '(31, 4)', '(29, 6)', '(29, 10)', '(33, 16)']","['(21, 12)', '(19, 12)', '(19, 11)', '(26, 2)', '(31, 4)', '(29, 6)', '(29, 10)', '(33, 16)']","[(34, 4), (20, 11), (31, 8), (31, 14), (34, 7), (34, 1), (27, 1), (34, 10), (34, 16), (27, 4), (30, 6), (27, 7), (30, 3), (30, 9), (32, 6), (30, 12), (33, 8), (33, 14), (32, 12), (29, 1), (31, 4), (31, 1), (21, 9), (34, 6), (31, 10), (34, 3), (23, 9), (20, 10), (34, 12), (27, 6), (34, 15), (27, 3), (27, 9), (30, 5), (33, 4), (30, 8), (30, 14), (33, 1), (33, 10), (32, 8), (32, 14), (25, 9), (31, 6), (31, 3), (34, 2), (20, 9), (31, 12), (34, 11), (22, 9), (20, 12), (34, 8), (34, 14), (27, 2), (27, 8), (28, 1), (30, 4), (27, 5), (32, 1), (30, 1), (30, 13), (32, 4), (30, 10), (33, 6), (33, 12), (32, 10), (24, 9), (26, 9)]",66,0,66
68,"(21, 12)","(20, 12)",East,"[((22, 12), 'East', 1)]","['(21, 12)', '(19, 12)', '(19, 11)', '(26, 2)', '(31, 4)', '(29, 6)', '(29, 10)', '(33, 16)']","['(22, 12)', '(19, 12)', '(19, 11)', '(26, 2)', '(31, 4)', '(29, 6)', '(29, 10)', '(33, 16)']","[(34, 4), (20, 11), (31, 8), (31, 14), (34, 7), (34, 1), (27, 1), (34, 10), (34, 16), (27, 4), (30, 6), (27, 7), (30, 3), (30, 9), (32, 6), (30, 12), (33, 8), (33, 14), (32, 12), (29, 1), (31, 4), (31, 1), (21, 9), (34, 6), (21, 12), (31, 10), (34, 3), (23, 9), (20, 10), (34, 12), (27, 6), (34, 15), (27, 3), (27, 9), (30, 5), (33, 4), (30, 8), (30, 14), (33, 1), (33, 10), (32, 8), (32, 14), (25, 9), (31, 6), (31, 3), (34, 2), (20, 9), (31, 12), (34, 11), (22, 9), (20, 12), (34, 8), (34, 14), (27, 2), (27, 8), (28, 1), (30, 4), (27, 5), (32, 1), (30, 1), (30, 13), (32, 4), (30, 10), (33, 6), (33, 12), (32, 10), (24, 9), (26, 9)]",67,0,67
69,"(22, 12)","(21, 12)",East,"[((23, 12), 'East', 1)]","['(22, 12)', '(19, 12)', '(19, 11)', '(26, 2)', '(31, 4)', '(29, 6)', '(29, 10)', '(33, 16)']","['(23, 12)', '(19, 12)', '(19, 11)', '(26, 2)', '(31, 4)', '(29, 6)', '(29, 10)', '(33, 16)']","[(34, 4), (20, 11), (31, 8), (31, 14), (34, 7), (34, 1), (27, 1), (34, 10), (34, 16), (27, 4), (30, 6), (27, 7), (30, 3), (30, 9), (32, 6), (30, 12), (33, 8), (33, 14), (32, 12), (29, 1), (31, 4), (31, 1), (21, 9), (34, 6), (21, 12), (31, 10), (34, 3), (23, 9), (20, 10), (34, 12), (27, 6), (34, 15), (27, 3), (27, 9), (30, 5), (33, 4), (30, 8), (30, 14), (33, 1), (33, 10), (32, 8), (32, 14), (25, 9), (31, 6), (31, 3), (34, 2), (20, 9), (31, 12), (34, 11), (22, 9), (20, 12), (34, 8), (34, 14), (27, 2), (27, 8), (28, 1), (22, 12), (30, 4), (27, 5), (32, 1), (30, 1), (30, 13), (32, 4), (30, 10), (33, 6), (33, 12), (32, 10), (24, 9), (26, 9)]",68,0,68
70,"(23, 12)","(22, 12)",East,"[((24, 12), 'East', 1)]","['(23, 12)', '(19, 12)', '(19, 11)', '(26, 2)', '(31, 4)', '(29, 6)', '(29, 10)', '(33, 16)']","['(24, 12)', '(19, 12)', '(19, 11)', '(26, 2)', '(31, 4)', '(29, 6)', '(29, 10)', '(33, 16)']","[(34, 4), (20, 11), (31, 8), (31, 14), (34, 7), (34, 1), (27, 1), (34, 10), (34, 16), (27, 4), (30, 6), (27, 7), (30, 3), (30, 9), (32, 6), (30, 12), (33, 8), (33, 14), (32, 12), (29, 1), (31, 4), (31, 1), (21, 9), (34, 6), (21, 12), (31, 10), (34, 3), (23, 9), (20, 10), (23, 12), (34, 12), (27, 6), (34, 15), (27, 3), (27, 9), (30, 5), (33, 4), (30, 8), (30, 14), (33, 1), (33, 10), (32, 8), (32, 14), (25, 9), (31, 6), (31, 3), (34, 2), (20, 9), (31, 12), (34, 11), (22, 9), (20, 12), (34, 8), (34, 14), (27, 2), (27, 8), (28, 1), (22, 12), (30, 4), (27, 5), (32, 1), (30, 1), (30, 13), (32, 4), (30, 10), (33, 6), (33, 12), (32, 10), (24, 9), (26, 9)]",69,0,69
71,"(24, 12)","(23, 12)",East,"[((24, 11), 'South', 1)]","['(24, 12)', '(19, 12)', '(19, 11)', '(26, 2)', '(31, 4)', '(29, 6)', '(29, 10)', '(33, 16)']","['(24, 11)', '(19, 12)', '(19, 11)', '(26, 2)', '(31, 4)', '(29, 6)', '(29, 10)', '(33, 16)']","[(34, 4), (20, 11), (31, 8), (31, 14), (34, 7), (34, 1), (27, 1), (34, 10), (34, 16), (27, 4), (30, 6), (27, 7), (30, 3), (30, 9), (32, 6), (30, 12), (33, 8), (33, 14), (32, 12), (29, 1), (31, 4), (31, 1), (21, 9), (34, 6), (21, 12), (31, 10), (34, 3), (23, 9), (20, 10), (23, 12), (34, 12), (27, 6), (34, 15), (27, 3), (27, 9), (30, 5), (33, 4), (30, 8), (30, 14), (33, 1), (33, 10), (32, 8), (32, 14), (25, 9), (31, 6), (31, 3), (34, 2), (20, 9), (31, 12), (34, 11), (22, 9), (20, 12), (34, 8), (34, 14), (27, 2), (27, 8), (28, 1), (22, 12), (30, 4), (27, 5), (32, 1), (30, 1), (30, 13), (32, 4), (30, 10), (33, 6), (33, 12), (32, 10), (24, 9), (24, 12), (26, 9)]",70,0,70
72,"(24, 11)","(24, 12)",South,"[((25, 11), 'East', 1)]","['(24, 11)', '(19, 12)', '(19, 11)', '(26, 2)', '(31, 4)', '(29, 6)', '(29, 10)', '(33, 16)']","['(25, 11)', '(19, 12)', '(19, 11)', '(26, 2)', '(31, 4)', '(29, 6)', '(29, 10)', '(33, 16)']","[(34, 4), (20, 11), (31, 8), (31, 14), (34, 7), (34, 1), (27, 1), (34, 10), (34, 16), (27, 4), (30, 6), (27, 7), (30, 3), (30, 9), (32, 6), (30, 12), (33, 8), (33, 14), (32, 12), (24, 11), (29, 1), (31, 4), (31, 1), (21, 9), (34, 6), (21, 12), (31, 10), (34, 3), (23, 9), (20, 10), (23, 12), (34, 12), (27, 6), (34, 15), (27, 3), (27, 9), (30, 5), (33, 4), (30, 8), (30, 14), (33, 1), (33, 10), (32, 8), (32, 14), (25, 9), (31, 6), (31, 3), (34, 2), (20, 9), (31, 12), (34, 11), (22, 9), (20, 12), (34, 8), (34, 14), (27, 2), (27, 8), (28, 1), (22, 12), (30, 4), (27, 5), (32, 1), (30, 1), (30, 13), (32, 4), (30, 10), (33, 6), (33, 12), (32, 10), (24, 9), (24, 12), (26, 9)]",71,0,71
73,"(25, 11)","(24, 11)",East,"[((26, 11), 'East', 1)]","['(25, 11)', '(19, 12)', '(19, 11)', '(26, 2)', '(31, 4)', '(29, 6)', '(29, 10)', '(33, 16)']","['(26, 11)', '(19, 12)', '(19, 11)', '(26, 2)', '(31, 4)', '(29, 6)', '(29, 10)', '(33, 16)']","[(34, 4), (20, 11), (31, 8), (31, 14), (34, 7), (34, 1), (27, 1), (34, 10), (34, 16), (27, 4), (30, 6), (27, 7), (30, 3), (30, 9), (32, 6), (30, 12), (33, 8), (33, 14), (32, 12), (24, 11), (29, 1), (31, 4), (31, 1), (21, 9), (34, 6), (21, 12), (31, 10), (34, 3), (23, 9), (20, 10), (23, 12), (34, 12), (27, 6), (34, 15), (27, 3), (27, 9), (30, 5), (33, 4), (30, 8), (30, 14), (33, 1), (33, 10), (32, 8), (32, 14), (25, 9), (31, 6), (31, 3), (34, 2), (20, 9), (31, 12), (34, 11), (22, 9), (20, 12), (34, 8), (34, 14), (27, 2), (27, 8), (28, 1), (22, 12), (30, 4), (27, 5), (32, 1), (30, 1), (30, 13), (32, 4), (30, 10), (33, 6), (33, 12), (32, 10), (24, 9), (24, 12), (26, 9), (25, 11)]",72,0,72
74,"(26, 11)","(25, 11)",East,"[((27, 11), 'East', 1)]","['(26, 11)', '(19, 12)', '(19, 11)', '(26, 2)', '(31, 4)', '(29, 6)', '(29, 10)', '(33, 16)']","['(27, 11)', '(19, 12)', '(19, 11)', '(26, 2)', '(31, 4)', '(29, 6)', '(29, 10)', '(33, 16)']","[(34, 4), (20, 11), (31, 8), (31, 14), (34, 7), (34, 1), (27, 1), (34, 10), (34, 16), (27, 4), (30, 6), (27, 7), (30, 3), (30, 9), (32, 6), (30, 12), (33, 8), (33, 14), (32, 12), (24, 11), (26, 11), (29, 1), (31, 4), (31, 1), (21, 9), (34, 6), (21, 12), (31, 10), (34, 3), (23, 9), (20, 10), (23, 12), (34, 12), (27, 6), (34, 15), (27, 3), (27, 9), (30, 5), (33, 4), (30, 8), (30, 14), (33, 1), (33, 10), (32, 8), (32, 14), (25, 9), (31, 6), (31, 3), (34, 2), (20, 9), (31, 12), (34, 11), (22, 9), (20, 12), (34, 8), (34, 14), (27, 2), (27, 8), (28, 1), (22, 12), (30, 4), (27, 5), (32, 1), (30, 1), (30, 13), (32, 4), (30, 10), (33, 6), (33, 12), (32, 10), (24, 9), (24, 12), (26, 9), (25, 11)]",73,0,73
75,"(27, 11)","(26, 11)",East,"[((27, 12), 'North', 1)]","['(27, 11)', '(19, 12)', '(19, 11)', '(26, 2)', '(31, 4)', '(29, 6)', '(29, 10)', '(33, 16)']","['(27, 12)', '(19, 12)', '(19, 11)', '(26, 2)', '(31, 4)', '(29, 6)', '(29, 10)', '(33, 16)']","[(34, 4), (20, 11), (31, 8), (31, 14), (34, 7), (34, 1), (27, 1), (34, 10), (34, 16), (27, 4), (30, 6), (27, 7), (30, 3), (30, 9), (32, 6), (30, 12), (33, 8), (33, 14), (32, 12), (24, 11), (26, 11), (29, 1), (31, 4), (31, 1), (21, 9), (34, 6), (21, 12), (31, 10), (34, 3), (23, 9), (20, 10), (23, 12), (34, 12), (27, 6), (34, 15), (27, 3), (27, 9), (30, 5), (33, 4), (30, 8), (30, 14), (33, 1), (33, 10), (32, 8), (32, 14), (25, 9), (31, 6), (31, 3), (34, 2), (20, 9), (31, 12), (34, 11), (22, 9), (20, 12), (34, 8), (34, 14), (27, 2), (27, 8), (28, 1), (22, 12), (30, 4), (27, 5), (32, 1), (30, 1), (27, 11), (30, 13), (32, 4), (30, 10), (33, 6), (33, 12), (32, 10), (24, 9), (24, 12), (26, 9), (25, 11)]",74,0,74
76,"(27, 12)","(27, 11)",North,"[((27, 13), 'North', 1)]","['(27, 12)', '(19, 12)', '(19, 11)', '(26, 2)', '(31, 4)', '(29, 6)', '(29, 10)', '(33, 16)']","['(27, 13)', '(19, 12)', '(19, 11)', '(26, 2)', '(31, 4)', '(29, 6)', '(29, 10)', '(33, 16)']","[(34, 4), (20, 11), (31, 8), (31, 14), (34, 7), (34, 1), (27, 1), (34, 10), (34, 16), (27, 4), (30, 6), (27, 7), (30, 3), (30, 9), (32, 6), (30, 12), (33, 8), (33, 14), (32, 12), (24, 11), (26, 11), (29, 1), (31, 4), (31, 1), (21, 9), (34, 6), (21, 12), (31, 10), (34, 3), (23, 9), (20, 10), (23, 12), (34, 12), (27, 6), (34, 15), (27, 3), (27, 9), (30, 5), (33, 4), (27, 12), (30, 8), (30, 14), (33, 1), (33, 10), (32, 8), (32, 14), (25, 9), (31, 6), (31, 3), (34, 2), (20, 9), (31, 12), (34, 11), (22, 9), (20, 12), (34, 8), (34, 14), (27, 2), (27, 8), (28, 1), (22, 12), (30, 4), (27, 5), (32, 1), (30, 1), (27, 11), (30, 13), (32, 4), (30, 10), (33, 6), (33, 12), (32, 10), (24, 9), (24, 12), (26, 9), (25, 11)]",75,0,75
77,"(27, 13)","(27, 12)",North,"[((27, 14), 'North', 1)]","['(27, 13)', '(19, 12)', '(19, 11)', '(26, 2)', '(31, 4)', '(29, 6)', '(29, 10)', '(33, 16)']","['(27, 14)', '(19, 12)', '(19, 11)', '(26, 2)', '(31, 4)', '(29, 6)', '(29, 10)', '(33, 16)']","[(34, 1), (34, 10), (27, 4), (27, 13), (30, 9), (32, 12), (21, 9), (34, 3), (34, 12), (27, 6), (32, 14), (34, 14), (22, 12), (27, 8), (30, 4), (30, 13), (33, 6), (24, 12), (26, 9), (25, 11), (31, 8), (34, 7), (27, 1), (34, 16), (30, 6), (33, 8), (26, 11), (31, 1), (31, 10), (20, 10), (33, 1), (33, 10), (31, 3), (34, 2), (31, 12), (34, 11), (22, 9), (20, 12), (32, 4), (33, 12), (24, 9), (34, 4), (31, 14), (32, 6), (33, 14), (24, 11), (29, 1), (34, 6), (23, 12), (27, 3), (27, 12), (30, 8), (20, 9), (27, 5), (32, 1), (30, 1), (30, 10), (20, 11), (27, 7), (30, 3), (30, 12), (31, 4), (21, 12), (23, 9), (34, 15), (27, 9), (30, 5), (33, 4), (30, 14), (25, 9), (32, 8), (31, 6), (34, 8), (27, 2), (28, 1), (27, 11), (32, 10)]",76,0,76
78,"(27, 14)","(27, 13)",North,"[((26, 14), 'West', 1)]","['(27, 14)', '(19, 12)', '(19, 11)', '(26, 2)', '(31, 4)', '(29, 6)', '(29, 10)', '(33, 16)']","['(26, 14)', '(19, 12)', '(19, 11)', '(26, 2)', '(31, 4)', '(29, 6)', '(29, 10)', '(33, 16)']","[(34, 1), (34, 10), (27, 4), (27, 13), (30, 9), (32, 12), (21, 9), (34, 3), (34, 12), (27, 6), (32, 14), (34, 14), (22, 12), (27, 8), (30, 4), (30, 13), (33, 6), (24, 12), (26, 9), (25, 11), (31, 8), (34, 7), (27, 1), (34, 16), (30, 6), (33, 8), (26, 11), (31, 1), (31, 10), (20, 10), (33, 1), (33, 10), (31, 3), (34, 2), (31, 12), (34, 11), (22, 9), (20, 12), (32, 4), (33, 12), (24, 9), (34, 4), (31, 14), (32, 6), (33, 14), (24, 11), (29, 1), (34, 6), (23, 12), (27, 3), (27, 12), (30, 8), (20, 9), (27, 5), (32, 1), (30, 1), (27, 14), (30, 10), (20, 11), (27, 7), (30, 3), (30, 12), (31, 4), (21, 12), (23, 9), (34, 15), (27, 9), (30, 5), (33, 4), (30, 14), (25, 9), (32, 8), (31, 6), (34, 8), (27, 2), (28, 1), (27, 11), (32, 10)]",77,0,77
79,"(26, 14)","(27, 14)",West,"[((25, 14), 'West', 1)]","['(26, 14)', '(19, 12)', '(19, 11)', '(26, 2)', '(31, 4)', '(29, 6)', '(29, 10)', '(33, 16)']","['(25, 14)', '(19, 12)', '(19, 11)', '(26, 2)', '(31, 4)', '(29, 6)', '(29, 10)', '(33, 16)']","[(34, 1), (34, 10), (27, 4), (27, 13), (30, 9), (32, 12), (26, 14), (21, 9), (34, 3), (34, 12), (27, 6), (32, 14), (34, 14), (22, 12), (27, 8), (30, 4), (30, 13), (33, 6), (24, 12), (26, 9), (25, 11), (31, 8), (34, 7), (27, 1), (34, 16), (30, 6), (33, 8), (26, 11), (31, 1), (31, 10), (20, 10), (33, 1), (33, 10), (31, 3), (34, 2), (31, 12), (34, 11), (22, 9), (20, 12), (32, 4), (33, 12), (24, 9), (34, 4), (31, 14), (32, 6), (33, 14), (24, 11), (29, 1), (34, 6), (23, 12), (27, 3), (27, 12), (30, 8), (20, 9), (27, 5), (32, 1), (30, 1), (27, 14), (30, 10), (20, 11), (27, 7), (30, 3), (30, 12), (31, 4), (21, 12), (23, 9), (34, 15), (27, 9), (30, 5), (33, 4), (30, 14), (25, 9), (32, 8), (31, 6), (34, 8), (27, 2), (28, 1), (27, 11), (32, 10)]",78,0,78
80,"(25, 14)","(26, 14)",West,"[((25, 15), 'North', 1)]","['(25, 14)', '(19, 12)', '(19, 11)', '(26, 2)', '(31, 4)', '(29, 6)', '(29, 10)', '(33, 16)']","['(25, 15)', '(19, 12)', '(19, 11)', '(26, 2)', '(31, 4)', '(29, 6)', '(29, 10)', '(33, 16)']","[(34, 1), (34, 10), (27, 4), (27, 13), (30, 9), (32, 12), (26, 14), (21, 9), (34, 3), (34, 12), (27, 6), (32, 14), (34, 14), (22, 12), (27, 8), (30, 4), (30, 13), (33, 6), (24, 12), (26, 9), (25, 11), (31, 8), (34, 7), (27, 1), (34, 16), (30, 6), (33, 8), (26, 11), (31, 1), (31, 10), (20, 10), (33, 1), (33, 10), (31, 3), (34, 2), (31, 12), (34, 11), (22, 9), (20, 12), (32, 4), (33, 12), (24, 9), (34, 4), (31, 14), (32, 6), (33, 14), (24, 11), (29, 1), (34, 6), (23, 12), (27, 3), (27, 12), (30, 8), (20, 9), (27, 5), (32, 1), (30, 1), (27, 14), (30, 10), (25, 14), (20, 11), (27, 7), (30, 3), (30, 12), (31, 4), (21, 12), (23, 9), (34, 15), (27, 9), (30, 5), (33, 4), (30, 14), (25, 9), (32, 8), (31, 6), (34, 8), (27, 2), (28, 1), (27, 11), (32, 10)]",79,0,79
81,"(25, 15)","(25, 14)",North,"[((25, 16), 'North', 1)]","['(25, 15)', '(19, 12)', '(19, 11)', '(26, 2)', '(31, 4)', '(29, 6)', '(29, 10)', '(33, 16)']","['(25, 16)', '(19, 12)', '(19, 11)', '(26, 2)', '(31, 4)', '(29, 6)', '(29, 10)', '(33, 16)']","[(34, 1), (34, 10), (27, 4), (27, 13), (30, 9), (32, 12), (26, 14), (21, 9), (34, 3), (34, 12), (27, 6), (32, 14), (34, 14), (22, 12), (27, 8), (30, 4), (30, 13), (33, 6), (24, 12), (26, 9), (25, 11), (31, 8), (34, 7), (27, 1), (34, 16), (30, 6), (33, 8), (26, 11), (31, 1), (31, 10), (20, 10), (33, 1), (33, 10), (25, 15), (31, 3), (34, 2), (31, 12), (34, 11), (22, 9), (20, 12), (32, 4), (33, 12), (24, 9), (34, 4), (31, 14), (32, 6), (33, 14), (24, 11), (29, 1), (34, 6), (23, 12), (27, 3), (27, 12), (30, 8), (20, 9), (27, 5), (32, 1), (30, 1), (27, 14), (30, 10), (25, 14), (20, 11), (27, 7), (30, 3), (30, 12), (31, 4), (21, 12), (23, 9), (34, 15), (27, 9), (30, 5), (33, 4), (30, 14), (25, 9), (32, 8), (31, 6), (34, 8), (27, 2), (28, 1), (27, 11), (32, 10)]",80,0,80
82,"(25, 16)","(25, 15)",North,"[((26, 16), 'East', 1), ((24, 16), 'West', 1)]","['(25, 16)', '(19, 12)', '(19, 11)', '(26, 2)', '(31, 4)', '(29, 6)', '(29, 10)', '(33, 16)']","['(26, 16)', '(24, 16)', '(19, 12)', '(19, 11)', '(26, 2)', '(31, 4)', '(29, 6)', '(29, 10)', '(33, 16)']","[(34, 1), (34, 10), (27, 4), (27, 13), (30, 9), (32, 12), (26, 14), (21, 9), (34, 3), (34, 12), (27, 6), (32, 14), (34, 14), (22, 12), (27, 8), (30, 4), (30, 13), (33, 6), (24, 12), (26, 9), (25, 11), (31, 8), (34, 7), (27, 1), (34, 16), (30, 6), (33, 8), (26, 11), (31, 1), (31, 10), (20, 10), (33, 1), (33, 10), (25, 15), (31, 3), (34, 2), (31, 12), (34, 11), (22, 9), (20, 12), (32, 4), (33, 12), (24, 9), (34, 4), (31, 14), (32, 6), (33, 14), (24, 11), (29, 1), (34, 6), (23, 12), (27, 3), (27, 12), (30, 8), (20, 9), (27, 5), (32, 1), (30, 1), (27, 14), (30, 10), (25, 14), (20, 11), (27, 7), (30, 3), (30, 12), (25, 16), (31, 4), (21, 12), (23, 9), (34, 15), (27, 9), (30, 5), (33, 4), (30, 14), (25, 9), (32, 8), (31, 6), (34, 8), (27, 2), (28, 1), (27, 11), (32, 10)]",81,0,81
83,"(26, 16)","(25, 16)",East,"[((27, 16), 'East', 1)]","['(26, 16)', '(24, 16)', '(19, 12)', '(19, 11)', '(26, 2)', '(31, 4)', '(29, 6)', '(29, 10)', '(33, 16)']","['(27, 16)', '(24, 16)', '(19, 12)', '(19, 11)', '(26, 2)', '(31, 4)', '(29, 6)', '(29, 10)', '(33, 16)']","[(34, 1), (34, 10), (27, 4), (27, 13), (30, 9), (32, 12), (26, 14), (21, 9), (34, 3), (34, 12), (27, 6), (32, 14), (26, 16), (34, 14), (22, 12), (27, 8), (30, 4), (30, 13), (33, 6), (24, 12), (26, 9), (25, 11), (31, 8), (34, 7), (27, 1), (34, 16), (30, 6), (33, 8), (26, 11), (31, 1), (31, 10), (20, 10), (33, 1), (33, 10), (25, 15), (31, 3), (34, 2), (31, 12), (34, 11), (22, 9), (20, 12), (32, 4), (33, 12), (24, 9), (34, 4), (31, 14), (32, 6), (33, 14), (24, 11), (29, 1), (34, 6), (23, 12), (27, 3), (27, 12), (30, 8), (20, 9), (27, 5), (32, 1), (30, 1), (27, 14), (30, 10), (25, 14), (20, 11), (27, 7), (30, 3), (30, 12), (25, 16), (31, 4), (21, 12), (23, 9), (34, 15), (27, 9), (30, 5), (33, 4), (30, 14), (25, 9), (32, 8), (31, 6), (34, 8), (27, 2), (28, 1), (27, 11), (32, 10)]",82,0,82
84,"(27, 16)","(26, 16)",East,"[((28, 16), 'East', 1)]","['(27, 16)', '(24, 16)', '(19, 12)', '(19, 11)', '(26, 2)', '(31, 4)', '(29, 6)', '(29, 10)', '(33, 16)']","['(28, 16)', '(24, 16)', '(19, 12)', '(19, 11)', '(26, 2)', '(31, 4)', '(29, 6)', '(29, 10)', '(33, 16)']","[(34, 1), (34, 10), (27, 4), (27, 13), (30, 9), (32, 12), (26, 14), (21, 9), (34, 3), (34, 12), (27, 6), (32, 14), (26, 16), (34, 14), (22, 12), (27, 8), (30, 4), (30, 13), (33, 6), (24, 12), (26, 9), (25, 11), (31, 8), (34, 7), (27, 1), (34, 16), (30, 6), (33, 8), (26, 11), (31, 1), (31, 10), (20, 10), (33, 1), (33, 10), (25, 15), (31, 3), (34, 2), (31, 12), (34, 11), (22, 9), (20, 12), (32, 4), (33, 12), (24, 9), (34, 4), (31, 14), (32, 6), (33, 14), (24, 11), (29, 1), (34, 6), (23, 12), (27, 3), (27, 12), (30, 8), (20, 9), (27, 5), (32, 1), (30, 1), (27, 14), (30, 10), (25, 14), (20, 11), (27, 7), (30, 3), (27, 16), (30, 12), (25, 16), (31, 4), (21, 12), (23, 9), (34, 15), (27, 9), (30, 5), (33, 4), (30, 14), (25, 9), (32, 8), (31, 6), (34, 8), (27, 2), (28, 1), (27, 11), (32, 10)]",83,0,83
85,"(28, 16)","(27, 16)",East,"[((29, 16), 'East', 1)]","['(28, 16)', '(24, 16)', '(19, 12)', '(19, 11)', '(26, 2)', '(31, 4)', '(29, 6)', '(29, 10)', '(33, 16)']","['(29, 16)', '(24, 16)', '(19, 12)', '(19, 11)', '(26, 2)', '(31, 4)', '(29, 6)', '(29, 10)', '(33, 16)']","[(34, 1), (34, 10), (27, 4), (27, 13), (30, 9), (32, 12), (26, 14), (21, 9), (34, 3), (34, 12), (27, 6), (32, 14), (26, 16), (34, 14), (22, 12), (27, 8), (30, 4), (28, 16), (30, 13), (33, 6), (24, 12), (26, 9), (25, 11), (31, 8), (34, 7), (27, 1), (34, 16), (30, 6), (33, 8), (26, 11), (31, 1), (31, 10), (20, 10), (33, 1), (33, 10), (25, 15), (31, 3), (34, 2), (31, 12), (34, 11), (22, 9), (20, 12), (32, 4), (33, 12), (24, 9), (34, 4), (31, 14), (32, 6), (33, 14), (24, 11), (29, 1), (34, 6), (23, 12), (27, 3), (27, 12), (30, 8), (20, 9), (27, 5), (32, 1), (30, 1), (27, 14), (30, 10), (25, 14), (20, 11), (27, 7), (30, 3), (27, 16), (30, 12), (25, 16), (31, 4), (21, 12), (23, 9), (34, 15), (27, 9), (30, 5), (33, 4), (30, 14), (25, 9), (32, 8), (31, 6), (34, 8), (27, 2), (28, 1), (27, 11), (32, 10)]",84,0,84
86,"(29, 16)","(28, 16)",East,"[((30, 16), 'East', 1)]","['(29, 16)', '(24, 16)', '(19, 12)', '(19, 11)', '(26, 2)', '(31, 4)', '(29, 6)', '(29, 10)', '(33, 16)']","['(30, 16)', '(24, 16)', '(19, 12)', '(19, 11)', '(26, 2)', '(31, 4)', '(29, 6)', '(29, 10)', '(33, 16)']","[(34, 1), (34, 10), (27, 4), (27, 13), (30, 9), (32, 12), (26, 14), (21, 9), (34, 3), (34, 12), (27, 6), (32, 14), (26, 16), (34, 14), (22, 12), (27, 8), (30, 4), (28, 16), (30, 13), (33, 6), (24, 12), (26, 9), (25, 11), (31, 8), (34, 7), (27, 1), (34, 16), (30, 6), (33, 8), (26, 11), (31, 1), (31, 10), (20, 10), (33, 1), (33, 10), (25, 15), (31, 3), (34, 2), (31, 12), (34, 11), (22, 9), (20, 12), (32, 4), (33, 12), (24, 9), (34, 4), (31, 14), (32, 6), (33, 14), (24, 11), (29, 1), (34, 6), (23, 12), (27, 3), (27, 12), (30, 8), (20, 9), (27, 5), (32, 1), (30, 1), (27, 14), (30, 10), (25, 14), (20, 11), (27, 7), (30, 3), (27, 16), (30, 12), (25, 16), (31, 4), (29, 16), (21, 12), (23, 9), (34, 15), (27, 9), (30, 5), (33, 4), (30, 14), (25, 9), (32, 8), (31, 6), (34, 8), (27, 2), (28, 1), (27, 11), (32, 10)]",85,0,85
87,"(30, 16)","(29, 16)",East,"[((31, 16), 'East', 1)]","['(30, 16)', '(24, 16)', '(19, 12)', '(19, 11)', '(26, 2)', '(31, 4)', '(29, 6)', '(29, 10)', '(33, 16)']","['(31, 16)', '(24, 16)', '(19, 12)', '(19, 11)', '(26, 2)', '(31, 4)', '(29, 6)', '(29, 10)', '(33, 16)']","[(34, 1), (34, 10), (27, 4), (27, 13), (30, 9), (32, 12), (26, 14), (21, 9), (34, 3), (34, 12), (27, 6), (32, 14), (26, 16), (34, 14), (22, 12), (27, 8), (30, 4), (28, 16), (30, 13), (33, 6), (24, 12), (26, 9), (25, 11), (31, 8), (34, 7), (27, 1), (34, 16), (30, 6), (33, 8), (26, 11), (31, 1), (31, 10), (20, 10), (33, 1), (33, 10), (25, 15), (31, 3), (34, 2), (31, 12), (34, 11), (22, 9), (20, 12), (32, 4), (33, 12), (24, 9), (34, 4), (31, 14), (32, 6), (33, 14), (24, 11), (29, 1), (34, 6), (23, 12), (27, 3), (27, 12), (30, 8), (20, 9), (27, 5), (32, 1), (30, 1), (27, 14), (30, 10), (25, 14), (20, 11), (27, 7), (30, 3), (27, 16), (30, 12), (25, 16), (31, 4), (29, 16), (21, 12), (23, 9), (34, 15), (27, 9), (30, 5), (33, 4), (30, 14), (25, 9), (32, 8), (31, 6), (34, 8), (27, 2), (28, 1), (27, 11), (30, 16), (32, 10)]",86,0,86
88,"(31, 16)","(30, 16)",East,"[((32, 16), 'East', 1)]","['(31, 16)', '(24, 16)', '(19, 12)', '(19, 11)', '(26, 2)', '(31, 4)', '(29, 6)', '(29, 10)', '(33, 16)']","['(32, 16)', '(24, 16)', '(19, 12)', '(19, 11)', '(26, 2)', '(31, 4)', '(29, 6)', '(29, 10)', '(33, 16)']","[(34, 1), (34, 10), (27, 4), (27, 13), (30, 9), (32, 12), (26, 14), (21, 9), (34, 3), (34, 12), (27, 6), (32, 14), (26, 16), (34, 14), (22, 12), (27, 8), (30, 4), (28, 16), (30, 13), (33, 6), (24, 12), (26, 9), (25, 11), (31, 8), (34, 7), (27, 1), (34, 16), (30, 6), (33, 8), (26, 11), (31, 1), (31, 10), (20, 10), (33, 1), (33, 10), (25, 15), (31, 3), (34, 2), (31, 12), (34, 11), (22, 9), (20, 12), (32, 4), (33, 12), (24, 9), (34, 4), (31, 14), (32, 6), (33, 14), (24, 11), (29, 1), (34, 6), (31, 16), (23, 12), (27, 3), (27, 12), (30, 8), (20, 9), (27, 5), (32, 1), (30, 1), (27, 14), (30, 10), (25, 14), (20, 11), (27, 7), (30, 3), (27, 16), (30, 12), (25, 16), (31, 4), (29, 16), (21, 12), (23, 9), (34, 15), (27, 9), (30, 5), (33, 4), (30, 14), (25, 9), (32, 8), (31, 6), (34, 8), (27, 2), (28, 1), (27, 11), (30, 16), (32, 10)]",87,0,87
89,"(32, 16)","(31, 16)",East,"[((33, 16), 'East', 1)]","['(32, 16)', '(24, 16)', '(19, 12)', '(19, 11)', '(26, 2)', '(31, 4)', '(29, 6)', '(29, 10)', '(33, 16)']","['(33, 16)', '(24, 16)', '(19, 12)', '(19, 11)', '(26, 2)', '(31, 4)', '(29, 6)', '(29, 10)', '(33, 16)']","[(34, 1), (34, 10), (27, 4), (27, 13), (30, 9), (32, 12), (26, 14), (21, 9), (34, 3), (34, 12), (27, 6), (32, 14), (26, 16), (34, 14), (22, 12), (27, 8), (30, 4), (28, 16), (30, 13), (33, 6), (32, 16), (24, 12), (26, 9), (25, 11), (31, 8), (34, 7), (27, 1), (34, 16), (30, 6), (33, 8), (26, 11), (31, 1), (31, 10), (20, 10), (33, 1), (33, 10), (25, 15), (31, 3), (34, 2), (31, 12), (34, 11), (22, 9), (20, 12), (32, 4), (33, 12), (24, 9), (34, 4), (31, 14), (32, 6), (33, 14), (24, 11), (29, 1), (34, 6), (31, 16), (23, 12), (27, 3), (27, 12), (30, 8), (20, 9), (27, 5), (32, 1), (30, 1), (27, 14), (30, 10), (25, 14), (20, 11), (27, 7), (30, 3), (27, 16), (30, 12), (25, 16), (31, 4), (29, 16), (21, 12), (23, 9), (34, 15), (27, 9), (30, 5), (33, 4), (30, 14), (25, 9), (32, 8), (31, 6), (34, 8), (27, 2), (28, 1), (27, 11), (30, 16), (32, 10)]",88,0,88
90,"(33, 16)","(32, 16)",East,[],"['(33, 16)', '(24, 16)', '(19, 12)', '(19, 11)', '(26, 2)', '(31, 4)', '(29, 6)', '(29, 10)', '(33, 16)']","['(24, 16)', '(19, 12)', '(19, 11)', '(26, 2)', '(31, 4)', '(29, 6)', '(29, 10)', '(33, 16)']","[(34, 1), (34, 10), (27, 4), (27, 13), (30, 9), (32, 12), (26, 14), (21, 9), (34, 3), (34, 12), (27, 6), (32, 14), (26, 16), (34, 14), (22, 12), (27, 8), (30, 4), (28, 16), (30, 13), (33, 6), (32, 16), (24, 12), (26, 9), (25, 11), (31, 8), (34, 7), (27, 1), (34, 16), (30, 6), (33, 8), (26, 11), (31, 1), (31, 10), (20, 10), (33, 1), (33, 10), (25, 15), (31, 3), (34, 2), (31, 12), (34, 11), (22, 9), (20, 12), (32, 4), (33, 12), (24, 9), (34, 4), (31, 14), (32, 6), (33, 14), (24, 11), (29, 1), (34, 6), (31, 16), (23, 12), (27, 3), (27, 12), (30, 8), (33, 16), (20, 9), (27, 5), (32, 1), (30, 1), (27, 14), (30, 10), (25, 14), (20, 11), (27, 7), (30, 3), (27, 16), (30, 12), (25, 16), (31, 4), (29, 16), (21, 12), (23, 9), (34, 15), (27, 9), (30, 5), (33, 4), (30, 14), (25, 9), (32, 8), (31, 6), (34, 8), (27, 2), (28, 1), (27, 11), (30, 16), (32, 10)]",89,0,89
91,"(24, 16)","(25, 16)",West,"[((23, 16), 'West', 1)]","['(24, 16)', '(19, 12)', '(19, 11)', '(26, 2)', '(31, 4)', '(29, 6)', '(29, 10)', '(33, 16)']","['(23, 16)', '(19, 12)', '(19, 11)', '(26, 2)', '(31, 4)', '(29, 6)', '(29, 10)', '(33, 16)']","[(34, 1), (34, 10), (27, 4), (27, 13), (30, 9), (32, 12), (26, 14), (21, 9), (34, 3), (34, 12), (27, 6), (32, 14), (26, 16), (34, 14), (22, 12), (27, 8), (30, 4), (28, 16), (30, 13), (33, 6), (32, 16), (24, 12), (26, 9), (25, 11), (31, 8), (34, 7), (27, 1), (34, 16), (30, 6), (33, 8), (26, 11), (31, 1), (31, 10), (20, 10), (33, 1), (33, 10), (24, 16), (25, 15), (31, 3), (34, 2), (31, 12), (34, 11), (22, 9), (20, 12), (32, 4), (33, 12), (24, 9), (34, 4), (31, 14), (32, 6), (33, 14), (24, 11), (29, 1), (34, 6), (31, 16), (23, 12), (27, 3), (27, 12), (30, 8), (33, 16), (20, 9), (27, 5), (32, 1), (30, 1), (27, 14), (30, 10), (25, 14), (20, 11), (27, 7), (30, 3), (27, 16), (30, 12), (25, 16), (31, 4), (29, 16), (21, 12), (23, 9), (34, 15), (27, 9), (30, 5), (33, 4), (30, 14), (25, 9), (32, 8), (31, 6), (34, 8), (27, 2), (28, 1), (27, 11), (30, 16), (32, 10)]",82,0,82
92,"(23, 16)","(24, 16)",West,"[((22, 16), 'West', 1)]","['(23, 16)', '(19, 12)', '(19, 11)', '(26, 2)', '(31, 4)', '(29, 6)', '(29, 10)', '(33, 16)']","['(22, 16)', '(19, 12)', '(19, 11)', '(26, 2)', '(31, 4)', '(29, 6)', '(29, 10)', '(33, 16)']","[(34, 1), (34, 10), (27, 4), (27, 13), (30, 9), (32, 12), (26, 14), (21, 9), (34, 3), (34, 12), (27, 6), (32, 14), (26, 16), (34, 14), (22, 12), (27, 8), (30, 4), (28, 16), (30, 13), (33, 6), (32, 16), (24, 12), (26, 9), (25, 11), (31, 8), (34, 7), (27, 1), (34, 16), (30, 6), (33, 8), (26, 11), (31, 1), (31, 10), (20, 10), (33, 1), (33, 10), (24, 16), (25, 15), (31, 3), (34, 2), (31, 12), (34, 11), (22, 9), (20, 12), (32, 4), (33, 12), (24, 9), (34, 4), (31, 14), (32, 6), (33, 14), (24, 11), (29, 1), (34, 6), (31, 16), (23, 12), (27, 3), (27, 12), (30, 8), (33, 16), (20, 9), (27, 5), (32, 1), (30, 1), (27, 14), (30, 10), (25, 14), (20, 11), (23, 16), (27, 7), (30, 3), (27, 16), (30, 12), (25, 16), (31, 4), (29, 16), (21, 12), (23, 9), (34, 15), (27, 9), (30, 5), (33, 4), (30, 14), (25, 9), (32, 8), (31, 6), (34, 8), (27, 2), (28, 1), (27, 11), (30, 16), (32, 10)]",83,0,83
93,"(22, 16)","(23, 16)",West,"[((21, 16), 'West', 1)]","['(22, 16)', '(19, 12)', '(19, 11)', '(26, 2)', '(31, 4)', '(29, 6)', '(29, 10)', '(33, 16)']","['(21, 16)', '(19, 12)', '(19, 11)', '(26, 2)', '(31, 4)', '(29, 6)', '(29, 10)', '(33, 16)']","[(34, 1), (34, 10), (27, 4), (27, 13), (30, 9), (32, 12), (26, 14), (21, 9), (34, 3), (34, 12), (27, 6), (32, 14), (26, 16), (34, 14), (22, 12), (27, 8), (30, 4), (28, 16), (30, 13), (33, 6), (32, 16), (24, 12), (26, 9), (25, 11), (31, 8), (34, 7), (27, 1), (34, 16), (30, 6), (33, 8), (26, 11), (31, 1), (31, 10), (20, 10), (22, 16), (33, 1), (33, 10), (24, 16), (25, 15), (31, 3), (34, 2), (31, 12), (34, 11), (22, 9), (20, 12), (32, 4), (33, 12), (24, 9), (34, 4), (31, 14), (32, 6), (33, 14), (24, 11), (29, 1), (34, 6), (31, 16), (23, 12), (27, 3), (27, 12), (30, 8), (33, 16), (20, 9), (27, 5), (32, 1), (30, 1), (27, 14), (30, 10), (25, 14), (20, 11), (23, 16), (27, 7), (30, 3), (27, 16), (30, 12), (25, 16), (31, 4), (29, 16), (21, 12), (23, 9), (34, 15), (27, 9), (30, 5), (33, 4), (30, 14), (25, 9), (32, 8), (31, 6), (34, 8), (27, 2), (28, 1), (27, 11), (30, 16), (32, 10)]",84,0,84
94,"(21, 16)","(22, 16)",West,"[((20, 16), 'West', 1)]","['(21, 16)', '(19, 12)', '(19, 11)', '(26, 2)', '(31, 4)', '(29, 6)', '(29, 10)', '(33, 16)']","['(20, 16)', '(19, 12)', '(19, 11)', '(26, 2)', '(31, 4)', '(29, 6)', '(29, 10)', '(33, 16)']","[(34, 1), (21, 16), (34, 10), (27, 4), (27, 13), (30, 9), (32, 12), (26, 14), (21, 9), (34, 3), (34, 12), (27, 6), (32, 14), (26, 16), (34, 14), (22, 12), (27, 8), (30, 4), (28, 16), (30, 13), (33, 6), (32, 16), (24, 12), (26, 9), (25, 11), (31, 8), (34, 7), (27, 1), (34, 16), (30, 6), (33, 8), (26, 11), (31, 1), (31, 10), (20, 10), (22, 16), (33, 1), (33, 10), (24, 16), (25, 15), (31, 3), (34, 2), (31, 12), (34, 11), (22, 9), (20, 12), (32, 4), (33, 12), (24, 9), (34, 4), (31, 14), (32, 6), (33, 14), (24, 11), (29, 1), (34, 6), (31, 16), (23, 12), (27, 3), (27, 12), (30, 8), (33, 16), (20, 9), (27, 5), (32, 1), (30, 1), (27, 14), (30, 10), (25, 14), (20, 11), (23, 16), (27, 7), (30, 3), (27, 16), (30, 12), (25, 16), (31, 4), (29, 16), (21, 12), (23, 9), (34, 15), (27, 9), (30, 5), (33, 4), (30, 14), (25, 9), (32, 8), (31, 6), (34, 8), (27, 2), (28, 1), (27, 11), (30, 16), (32, 10)]",85,0,85
95,"(20, 16)","(21, 16)",West,"[((19, 16), 'West', 1)]","['(20, 16)', '(19, 12)', '(19, 11)', '(26, 2)', '(31, 4)', '(29, 6)', '(29, 10)', '(33, 16)']","['(19, 16)', '(19, 12)', '(19, 11)', '(26, 2)', '(31, 4)', '(29, 6)', '(29, 10)', '(33, 16)']","[(34, 1), (21, 16), (34, 10), (27, 4), (27, 13), (30, 9), (32, 12), (26, 14), (21, 9), (34, 3), (34, 12), (27, 6), (32, 14), (26, 16), (34, 14), (22, 12), (27, 8), (30, 4), (28, 16), (30, 13), (33, 6), (32, 16), (24, 12), (26, 9), (25, 11), (31, 8), (34, 7), (27, 1), (34, 16), (30, 6), (33, 8), (26, 11), (31, 1), (31, 10), (20, 10), (22, 16), (33, 1), (33, 10), (24, 16), (25, 15), (31, 3), (34, 2), (31, 12), (34, 11), (22, 9), (20, 12), (32, 4), (33, 12), (24, 9), (34, 4), (31, 14), (32, 6), (33, 14), (24, 11), (29, 1), (34, 6), (31, 16), (20, 16), (23, 12), (27, 3), (27, 12), (30, 8), (33, 16), (20, 9), (27, 5), (32, 1), (30, 1), (27, 14), (30, 10), (25, 14), (20, 11), (23, 16), (27, 7), (30, 3), (27, 16), (30, 12), (25, 16), (31, 4), (29, 16), (21, 12), (23, 9), (34, 15), (27, 9), (30, 5), (33, 4), (30, 14), (25, 9), (32, 8), (31, 6), (34, 8), (27, 2), (28, 1), (27, 11), (30, 16), (32, 10)]",86,0,86
96,"(19, 16)","(20, 16)",West,"[((18, 16), 'West', 1)]","['(19, 16)', '(19, 12)', '(19, 11)', '(26, 2)', '(31, 4)', '(29, 6)', '(29, 10)', '(33, 16)']","['(18, 16)', '(19, 12)', '(19, 11)', '(26, 2)', '(31, 4)', '(29, 6)', '(29, 10)', '(33, 16)']","[(34, 1), (21, 16), (34, 10), (27, 4), (27, 13), (30, 9), (32, 12), (26, 14), (21, 9), (34, 3), (34, 12), (27, 6), (32, 14), (26, 16), (34, 14), (22, 12), (27, 8), (30, 4), (28, 16), (30, 13), (33, 6), (32, 16), (24, 12), (26, 9), (25, 11), (31, 8), (34, 7), (27, 1), (34, 16), (30, 6), (33, 8), (26, 11), (31, 1), (31, 10), (20, 10), (22, 16), (33, 1), (33, 10), (24, 16), (25, 15), (31, 3), (34, 2), (31, 12), (34, 11), (22, 9), (20, 12), (32, 4), (33, 12), (24, 9), (34, 4), (31, 14), (32, 6), (33, 14), (24, 11), (29, 1), (34, 6), (31, 16), (20, 16), (23, 12), (27, 3), (27, 12), (30, 8), (33, 16), (20, 9), (27, 5), (32, 1), (30, 1), (27, 14), (30, 10), (25, 14), (20, 11), (23, 16), (27, 7), (30, 3), (27, 16), (30, 12), (25, 16), (31, 4), (29, 16), (21, 12), (23, 9), (34, 15), (27, 9), (30, 5), (33, 4), (30, 14), (25, 9), (32, 8), (31, 6), (34, 8), (27, 2), (28, 1), (27, 11), (30, 16), (19, 16), (32, 10)]",87,0,87
97,"(18, 16)","(19, 16)",West,"[((17, 16), 'West', 1)]","['(18, 16)', '(19, 12)', '(19, 11)', '(26, 2)', '(31, 4)', '(29, 6)', '(29, 10)', '(33, 16)']","['(17, 16)', '(19, 12)', '(19, 11)', '(26, 2)', '(31, 4)', '(29, 6)', '(29, 10)', '(33, 16)']","[(34, 1), (21, 16), (34, 10), (27, 4), (27, 13), (30, 9), (32, 12), (26, 14), (21, 9), (34, 3), (34, 12), (27, 6), (32, 14), (26, 16), (34, 14), (22, 12), (27, 8), (30, 4), (28, 16), (30, 13), (33, 6), (32, 16), (24, 12), (26, 9), (25, 11), (31, 8), (34, 7), (27, 1), (34, 16), (30, 6), (33, 8), (26, 11), (31, 1), (18, 16), (31, 10), (20, 10), (22, 16), (33, 1), (33, 10), (24, 16), (25, 15), (31, 3), (34, 2), (31, 12), (34, 11), (22, 9), (20, 12), (32, 4), (33, 12), (24, 9), (34, 4), (31, 14), (32, 6), (33, 14), (24, 11), (29, 1), (34, 6), (31, 16), (20, 16), (23, 12), (27, 3), (27, 12), (30, 8), (33, 16), (20, 9), (27, 5), (32, 1), (30, 1), (27, 14), (30, 10), (25, 14), (20, 11), (23, 16), (27, 7), (30, 3), (27, 16), (30, 12), (25, 16), (31, 4), (29, 16), (21, 12), (23, 9), (34, 15), (27, 9), (30, 5), (33, 4), (30, 14), (25, 9), (32, 8), (31, 6), (34, 8), (27, 2), (28, 1), (27, 11), (30, 16), (19, 16), (32, 10)]",88,0,88
98,"(17, 16)","(18, 16)",West,"[((16, 16), 'West', 1)]","['(17, 16)', '(19, 12)', '(19, 11)', '(26, 2)', '(31, 4)', '(29, 6)', '(29, 10)', '(33, 16)']","['(16, 16)', '(19, 12)', '(19, 11)', '(26, 2)', '(31, 4)', '(29, 6)', '(29, 10)', '(33, 16)']","[(34, 1), (21, 16), (34, 10), (27, 4), (27, 13), (30, 9), (32, 12), (26, 14), (21, 9), (34, 3), (34, 12), (27, 6), (32, 14), (26, 16), (34, 14), (22, 12), (27, 8), (30, 4), (28, 16), (30, 13), (17, 16), (33, 6), (32, 16), (24, 12), (26, 9), (25, 11), (31, 8), (34, 7), (27, 1), (34, 16), (30, 6), (33, 8), (26, 11), (31, 1), (18, 16), (31, 10), (20, 10), (22, 16), (33, 1), (33, 10), (24, 16), (25, 15), (31, 3), (34, 2), (31, 12), (34, 11), (22, 9), (20, 12), (32, 4), (33, 12), (24, 9), (34, 4), (31, 14), (32, 6), (33, 14), (24, 11), (29, 1), (34, 6), (31, 16), (20, 16), (23, 12), (27, 3), (27, 12), (30, 8), (33, 16), (20, 9), (27, 5), (32, 1), (30, 1), (27, 14), (30, 10), (25, 14), (20, 11), (23, 16), (27, 7), (30, 3), (27, 16), (30, 12), (25, 16), (31, 4), (29, 16), (21, 12), (23, 9), (34, 15), (27, 9), (30, 5), (33, 4), (30, 14), (25, 9), (32, 8), (31, 6), (34, 8), (27, 2), (28, 1), (27, 11), (30, 16), (19, 16), (32, 10)]",89,0,89
99,"(16, 16)","(17, 16)",West,"[((15, 16), 'West', 1)]","['(16, 16)', '(19, 12)', '(19, 11)', '(26, 2)', '(31, 4)', '(29, 6)', '(29, 10)', '(33, 16)']","['(15, 16)', '(19, 12)', '(19, 11)', '(26, 2)', '(31, 4)', '(29, 6)', '(29, 10)', '(33, 16)']","[(34, 1), (21, 16), (34, 10), (27, 4), (27, 13), (30, 9), (32, 12), (26, 14), (21, 9), (34, 3), (34, 12), (27, 6), (32, 14), (26, 16), (34, 14), (22, 12), (27, 8), (30, 4), (28, 16), (30, 13), (17, 16), (33, 6), (32, 16), (24, 12), (26, 9), (25, 11), (31, 8), (34, 7), (27, 1), (34, 16), (30, 6), (33, 8), (26, 11), (31, 1), (18, 16), (31, 10), (20, 10), (22, 16), (33, 1), (33, 10), (24, 16), (25, 15), (31, 3), (34, 2), (31, 12), (34, 11), (22, 9), (20, 12), (32, 4), (33, 12), (24, 9), (34, 4), (31, 14), (32, 6), (33, 14), (24, 11), (29, 1), (16, 16), (34, 6), (31, 16), (20, 16), (23, 12), (27, 3), (27, 12), (30, 8), (33, 16), (20, 9), (27, 5), (32, 1), (30, 1), (27, 14), (30, 10), (25, 14), (20, 11), (23, 16), (27, 7), (30, 3), (27, 16), (30, 12), (25, 16), (31, 4), (29, 16), (21, 12), (23, 9), (34, 15), (27, 9), (30, 5), (33, 4), (30, 14), (25, 9), (32, 8), (31, 6), (34, 8), (27, 2), (28, 1), (27, 11), (30, 16), (19, 16), (32, 10)]",90,0,90
100,"(15, 16)","(16, 16)",West,"[((14, 16), 'West', 1)]","['(15, 16)', '(19, 12)', '(19, 11)', '(26, 2)', '(31, 4)', '(29, 6)', '(29, 10)', '(33, 16)']","['(14, 16)', '(19, 12)', '(19, 11)', '(26, 2)', '(31, 4)', '(29, 6)', '(29, 10)', '(33, 16)']","[(34, 1), (21, 16), (34, 10), (27, 4), (27, 13), (30, 9), (32, 12), (26, 14), (21, 9), (34, 3), (34, 12), (27, 6), (32, 14), (26, 16), (15, 16), (34, 14), (22, 12), (27, 8), (30, 4), (28, 16), (30, 13), (17, 16), (33, 6), (32, 16), (24, 12), (26, 9), (25, 11), (31, 8), (34, 7), (27, 1), (34, 16), (30, 6), (33, 8), (26, 11), (31, 1), (18, 16), (31, 10), (20, 10), (22, 16), (33, 1), (33, 10), (24, 16), (25, 15), (31, 3), (34, 2), (31, 12), (34, 11), (22, 9), (20, 12), (32, 4), (33, 12), (24, 9), (34, 4), (31, 14), (32, 6), (33, 14), (24, 11), (29, 1), (16, 16), (34, 6), (31, 16), (20, 16), (23, 12), (27, 3), (27, 12), (30, 8), (33, 16), (20, 9), (27, 5), (32, 1), (30, 1), (27, 14), (30, 10), (25, 14), (20, 11), (23, 16), (27, 7), (30, 3), (27, 16), (30, 12), (25, 16), (31, 4), (29, 16), (21, 12), (23, 9), (34, 15), (27, 9), (30, 5), (33, 4), (30, 14), (25, 9), (32, 8), (31, 6), (34, 8), (27, 2), (28, 1), (27, 11), (30, 16), (19, 16), (32, 10)]",91,0,91
101,"(14, 16)","(15, 16)",West,"[((13, 16), 'West', 1)]","['(14, 16)', '(19, 12)', '(19, 11)', '(26, 2)', '(31, 4)', '(29, 6)', '(29, 10)', '(33, 16)']","['(13, 16)', '(19, 12)', '(19, 11)', '(26, 2)', '(31, 4)', '(29, 6)', '(29, 10)', '(33, 16)']","[(34, 1), (21, 16), (34, 10), (27, 4), (27, 13), (30, 9), (32, 12), (26, 14), (21, 9), (34, 3), (34, 12), (27, 6), (32, 14), (26, 16), (15, 16), (34, 14), (22, 12), (27, 8), (30, 4), (28, 16), (30, 13), (17, 16), (33, 6), (32, 16), (24, 12), (26, 9), (25, 11), (31, 8), (34, 7), (27, 1), (34, 16), (30, 6), (33, 8), (26, 11), (31, 1), (18, 16), (31, 10), (20, 10), (22, 16), (33, 1), (33, 10), (24, 16), (25, 15), (31, 3), (34, 2), (31, 12), (34, 11), (22, 9), (20, 12), (32, 4), (33, 12), (24, 9), (34, 4), (31, 14), (14, 16), (32, 6), (33, 14), (24, 11), (29, 1), (16, 16), (34, 6), (31, 16), (20, 16), (23, 12), (27, 3), (27, 12), (30, 8), (33, 16), (20, 9), (27, 5), (32, 1), (30, 1), (27, 14), (30, 10), (25, 14), (20, 11), (23, 16), (27, 7), (30, 3), (27, 16), (30, 12), (25, 16), (31, 4), (29, 16), (21, 12), (23, 9), (34, 15), (27, 9), (30, 5), (33, 4), (30, 14), (25, 9), (32, 8), (31, 6), (34, 8), (27, 2), (28, 1), (27, 11), (30, 16), (19, 16), (32, 10)]",92,0,92
102,"(13, 16)","(14, 16)",West,"[((12, 16), 'West', 1)]","['(13, 16)', '(19, 12)', '(19, 11)', '(26, 2)', '(31, 4)', '(29, 6)', '(29, 10)', '(33, 16)']","['(12, 16)', '(19, 12)', '(19, 11)', '(26, 2)', '(31, 4)', '(29, 6)', '(29, 10)', '(33, 16)']","[(34, 1), (21, 16), (34, 10), (27, 4), (27, 13), (30, 9), (32, 12), (26, 14), (21, 9), (34, 3), (34, 12), (27, 6), (32, 14), (26, 16), (15, 16), (34, 14), (22, 12), (27, 8), (30, 4), (28, 16), (30, 13), (17, 16), (33, 6), (32, 16), (24, 12), (26, 9), (25, 11), (31, 8), (34, 7), (27, 1), (34, 16), (30, 6), (33, 8), (26, 11), (31, 1), (18, 16), (31, 10), (20, 10), (22, 16), (33, 1), (33, 10), (24, 16), (13, 16), (25, 15), (31, 3), (34, 2), (31, 12), (34, 11), (22, 9), (20, 12), (32, 4), (33, 12), (24, 9), (34, 4), (31, 14), (14, 16), (32, 6), (33, 14), (24, 11), (29, 1), (16, 16), (34, 6), (31, 16), (20, 16), (23, 12), (27, 3), (27, 12), (30, 8), (33, 16), (20, 9), (27, 5), (32, 1), (30, 1), (27, 14), (30, 10), (25, 14), (20, 11), (23, 16), (27, 7), (30, 3), (27, 16), (30, 12), (25, 16), (31, 4), (29, 16), (21, 12), (23, 9), (34, 15), (27, 9), (30, 5), (33, 4), (30, 14), (25, 9), (32, 8), (31, 6), (34, 8), (27, 2), (28, 1), (27, 11), (30, 16), (19, 16), (32, 10)]",93,0,93
103,"(12, 16)","(13, 16)",West,"[((11, 16), 'West', 1)]","['(12, 16)', '(19, 12)', '(19, 11)', '(26, 2)', '(31, 4)', '(29, 6)', '(29, 10)', '(33, 16)']","['(11, 16)', '(19, 12)', '(19, 11)', '(26, 2)', '(31, 4)', '(29, 6)', '(29, 10)', '(33, 16)']","[(34, 1), (21, 16), (34, 10), (27, 4), (27, 13), (30, 9), (32, 12), (26, 14), (21, 9), (34, 3), (34, 12), (27, 6), (32, 14), (26, 16), (15, 16), (34, 14), (22, 12), (27, 8), (30, 4), (28, 16), (30, 13), (17, 16), (33, 6), (32, 16), (24, 12), (26, 9), (25, 11), (31, 8), (34, 7), (27, 1), (34, 16), (30, 6), (33, 8), (26, 11), (31, 1), (18, 16), (31, 10), (20, 10), (22, 16), (33, 1), (33, 10), (24, 16), (13, 16), (25, 15), (31, 3), (34, 2), (31, 12), (34, 11), (22, 9), (20, 12), (32, 4), (33, 12), (24, 9), (34, 4), (31, 14), (14, 16), (32, 6), (33, 14), (24, 11), (29, 1), (16, 16), (34, 6), (31, 16), (20, 16), (23, 12), (27, 3), (27, 12), (30, 8), (33, 16), (20, 9), (27, 5), (32, 1), (30, 1), (27, 14), (30, 10), (25, 14), (20, 11), (23, 16), (12, 16), (27, 7), (30, 3), (27, 16), (30, 12), (25, 16), (31, 4), (29, 16), (21, 12), (23, 9), (34, 15), (27, 9), (30, 5), (33, 4), (30, 14), (25, 9), (32, 8), (31, 6), (34, 8), (27, 2), (28, 1), (27, 11), (30, 16), (19, 16), (32, 10)]",94,0,94
104,"(11, 16)","(12, 16)",West,"[((10, 16), 'West', 1)]","['(11, 16)', '(19, 12)', '(19, 11)', '(26, 2)', '(31, 4)', '(29, 6)', '(29, 10)', '(33, 16)']","['(10, 16)', '(19, 12)', '(19, 11)', '(26, 2)', '(31, 4)', '(29, 6)', '(29, 10)', '(33, 16)']","[(34, 1), (21, 16), (34, 10), (27, 4), (27, 13), (30, 9), (32, 12), (26, 14), (21, 9), (34, 3), (34, 12), (27, 6), (11, 16), (32, 14), (26, 16), (15, 16), (34, 14), (22, 12), (27, 8), (30, 4), (28, 16), (30, 13), (17, 16), (33, 6), (32, 16), (24, 12), (26, 9), (25, 11), (31, 8), (34, 7), (27, 1), (34, 16), (30, 6), (33, 8), (26, 11), (31, 1), (18, 16), (31, 10), (20, 10), (22, 16), (33, 1), (33, 10), (24, 16), (13, 16), (25, 15), (31, 3), (34, 2), (31, 12), (34, 11), (22, 9), (20, 12), (32, 4), (33, 12), (24, 9), (34, 4), (31, 14), (14, 16), (32, 6), (33, 14), (24, 11), (29, 1), (16, 16), (34, 6), (31, 16), (20, 16), (23, 12), (27, 3), (27, 12), (30, 8), (33, 16), (20, 9), (27, 5), (32, 1), (30, 1), (27, 14), (30, 10), (25, 14), (20, 11), (23, 16), (12, 16), (27, 7), (30, 3), (27, 16), (30, 12), (25, 16), (31, 4), (29, 16), (21, 12), (23, 9), (34, 15), (27, 9), (30, 5), (33, 4), (30, 14), (25, 9), (32, 8), (31, 6), (34, 8), (27, 2), (28, 1), (27, 11), (30, 16), (19, 16), (32, 10)]",95,0,95
105,"(10, 16)","(11, 16)",West,"[((9, 16), 'West', 1)]","['(10, 16)', '(19, 12)', '(19, 11)', '(26, 2)', '(31, 4)', '(29, 6)', '(29, 10)', '(33, 16)']","['(9, 16)', '(19, 12)', '(19, 11)', '(26, 2)', '(31, 4)', '(29, 6)', '(29, 10)', '(33, 16)']","[(34, 1), (21, 16), (34, 10), (27, 4), (27, 13), (30, 9), (32, 12), (26, 14), (21, 9), (34, 3), (34, 12), (27, 6), (11, 16), (32, 14), (26, 16), (15, 16), (34, 14), (22, 12), (27, 8), (30, 4), (28, 16), (30, 13), (17, 16), (33, 6), (32, 16), (24, 12), (26, 9), (25, 11), (31, 8), (34, 7), (27, 1), (34, 16), (30, 6), (33, 8), (26, 11), (31, 1), (18, 16), (31, 10), (20, 10), (22, 16), (33, 1), (33, 10), (24, 16), (13, 16), (25, 15), (31, 3), (34, 2), (31, 12), (34, 11), (22, 9), (20, 12), (32, 4), (33, 12), (24, 9), (34, 4), (31, 14), (14, 16), (32, 6), (33, 14), (24, 11), (29, 1), (16, 16), (34, 6), (31, 16), (20, 16), (23, 12), (27, 3), (27, 12), (30, 8), (33, 16), (20, 9), (27, 5), (32, 1), (30, 1), (27, 14), (30, 10), (10, 16), (25, 14), (20, 11), (23, 16), (12, 16), (27, 7), (30, 3), (27, 16), (30, 12), (25, 16), (31, 4), (29, 16), (21, 12), (23, 9), (34, 15), (27, 9), (30, 5), (33, 4), (30, 14), (25, 9), (32, 8), (31, 6), (34, 8), (27, 2), (28, 1), (27, 11), (30, 16), (19, 16), (32, 10)]",96,0,96
106,"(9, 16)","(10, 16)",West,"[((8, 16), 'West', 1)]","['(9, 16)', '(19, 12)', '(19, 11)', '(26, 2)', '(31, 4)', '(29, 6)', '(29, 10)', '(33, 16)']","['(8, 16)', '(19, 12)', '(19, 11)', '(26, 2)', '(31, 4)', '(29, 6)', '(29, 10)', '(33, 16)']","[(34, 1), (21, 16), (34, 10), (27, 4), (27, 13), (30, 9), (32, 12), (26, 14), (21, 9), (34, 3), (34, 12), (27, 6), (11, 16), (32, 14), (26, 16), (15, 16), (34, 14), (22, 12), (27, 8), (30, 4), (28, 16), (30, 13), (17, 16), (33, 6), (32, 16), (24, 12), (26, 9), (25, 11), (31, 8), (34, 7), (27, 1), (34, 16), (30, 6), (33, 8), (26, 11), (31, 1), (18, 16), (31, 10), (20, 10), (22, 16), (33, 1), (9, 16), (33, 10), (24, 16), (13, 16), (25, 15), (31, 3), (34, 2), (31, 12), (34, 11), (22, 9), (20, 12), (32, 4), (33, 12), (24, 9), (34, 4), (31, 14), (14, 16), (32, 6), (33, 14), (24, 11), (29, 1), (16, 16), (34, 6), (31, 16), (20, 16), (23, 12), (27, 3), (27, 12), (30, 8), (33, 16), (20, 9), (27, 5), (32, 1), (30, 1), (27, 14), (30, 10), (10, 16), (25, 14), (20, 11), (23, 16), (12, 16), (27, 7), (30, 3), (27, 16), (30, 12), (25, 16), (31, 4), (29, 16), (21, 12), (23, 9), (34, 15), (27, 9), (30, 5), (33, 4), (30, 14), (25, 9), (32, 8), (31, 6), (34, 8), (27, 2), (28, 1), (27, 11), (30, 16), (19, 16), (32, 10)]",97,0,97
107,"(8, 16)","(9, 16)",West,"[((7, 16), 'West', 1)]","['(8, 16)', '(19, 12)', '(19, 11)', '(26, 2)', '(31, 4)', '(29, 6)', '(29, 10)', '(33, 16)']","['(7, 16)', '(19, 12)', '(19, 11)', '(26, 2)', '(31, 4)', '(29, 6)', '(29, 10)', '(33, 16)']","[(34, 1), (21, 16), (34, 10), (27, 4), (27, 13), (30, 9), (32, 12), (26, 14), (21, 9), (34, 3), (34, 12), (27, 6), (11, 16), (32, 14), (26, 16), (15, 16), (34, 14), (22, 12), (27, 8), (30, 4), (28, 16), (30, 13), (17, 16), (33, 6), (32, 16), (24, 12), (26, 9), (25, 11), (31, 8), (34, 7), (27, 1), (34, 16), (30, 6), (33, 8), (26, 11), (31, 1), (18, 16), (31, 10), (20, 10), (22, 16), (33, 1), (9, 16), (33, 10), (24, 16), (13, 16), (25, 15), (31, 3), (34, 2), (31, 12), (34, 11), (22, 9), (20, 12), (32, 4), (33, 12), (24, 9), (34, 4), (31, 14), (14, 16), (32, 6), (33, 14), (24, 11), (29, 1), (16, 16), (34, 6), (31, 16), (20, 16), (23, 12), (27, 3), (27, 12), (30, 8), (33, 16), (20, 9), (27, 5), (32, 1), (30, 1), (27, 14), (30, 10), (10, 16), (25, 14), (20, 11), (23, 16), (12, 16), (27, 7), (30, 3), (27, 16), (30, 12), (25, 16), (31, 4), (29, 16), (21, 12), (23, 9), (34, 15), (27, 9), (30, 5), (33, 4), (30, 14), (25, 9), (32, 8), (31, 6), (34, 8), (27, 2), (28, 1), (27, 11), (30, 16), (19, 16), (8, 16), (32, 10)]",98,0,98
108,"(7, 16)","(8, 16)",West,"[((6, 16), 'West', 1)]","['(7, 16)', '(19, 12)', '(19, 11)', '(26, 2)', '(31, 4)', '(29, 6)', '(29, 10)', '(33, 16)']","['(6, 16)', '(19, 12)', '(19, 11)', '(26, 2)', '(31, 4)', '(29, 6)', '(29, 10)', '(33, 16)']","[(34, 1), (21, 16), (34, 10), (27, 4), (27, 13), (30, 9), (32, 12), (26, 14), (21, 9), (34, 3), (34, 12), (27, 6), (11, 16), (32, 14), (26, 16), (15, 16), (34, 14), (22, 12), (27, 8), (30, 4), (28, 16), (30, 13), (17, 16), (33, 6), (32, 16), (24, 12), (26, 9), (25, 11), (31, 8), (34, 7), (27, 1), (34, 16), (30, 6), (33, 8), (26, 11), (31, 1), (18, 16), (7, 16), (31, 10), (20, 10), (22, 16), (33, 1), (9, 16), (33, 10), (24, 16), (13, 16), (25, 15), (31, 3), (34, 2), (31, 12), (34, 11), (22, 9), (20, 12), (32, 4), (33, 12), (24, 9), (34, 4), (31, 14), (14, 16), (32, 6), (33, 14), (24, 11), (29, 1), (16, 16), (34, 6), (31, 16), (20, 16), (23, 12), (27, 3), (27, 12), (30, 8), (33, 16), (20, 9), (27, 5), (32, 1), (30, 1), (27, 14), (30, 10), (10, 16), (25, 14), (20, 11), (23, 16), (12, 16), (27, 7), (30, 3), (27, 16), (30, 12), (25, 16), (31, 4), (29, 16), (21, 12), (23, 9), (34, 15), (27, 9), (30, 5), (33, 4), (30, 14), (25, 9), (32, 8), (31, 6), (34, 8), (27, 2), (28, 1), (27, 11), (30, 16), (19, 16), (8, 16), (32, 10)]",99,0,99
109,"(6, 16)","(7, 16)",West,"[((5, 16), 'West', 1)]","['(6, 16)', '(19, 12)', '(19, 11)', '(26, 2)', '(31, 4)', '(29, 6)', '(29, 10)', '(33, 16)']","['(5, 16)', '(19, 12)', '(19, 11)', '(26, 2)', '(31, 4)', '(29, 6)', '(29, 10)', '(33, 16)']","[(34, 1), (21, 16), (34, 10), (27, 4), (27, 13), (30, 9), (32, 12), (26, 14), (21, 9), (34, 3), (34, 12), (27, 6), (11, 16), (32, 14), (26, 16), (15, 16), (34, 14), (22, 12), (27, 8), (30, 4), (28, 16), (30, 13), (17, 16), (33, 6), (32, 16), (24, 12), (26, 9), (25, 11), (31, 8), (34, 7), (27, 1), (34, 16), (30, 6), (33, 8), (26, 11), (31, 1), (18, 16), (7, 16), (31, 10), (20, 10), (22, 16), (33, 1), (9, 16), (33, 10), (24, 16), (13, 16), (25, 15), (31, 3), (34, 2), (31, 12), (34, 11), (22, 9), (20, 12), (32, 4), (33, 12), (24, 9), (34, 4), (31, 14), (14, 16), (32, 6), (33, 14), (24, 11), (29, 1), (16, 16), (34, 6), (31, 16), (20, 16), (23, 12), (27, 3), (27, 12), (30, 8), (33, 16), (20, 9), (27, 5), (32, 1), (30, 1), (27, 14), (30, 10), (10, 16), (25, 14), (20, 11), (23, 16), (12, 16), (27, 7), (30, 3), (27, 16), (30, 12), (25, 16), (31, 4), (29, 16), (21, 12), (23, 9), (34, 15), (27, 9), (30, 5), (33, 4), (30, 14), (25, 9), (32, 8), (31, 6), (6, 16), (34, 8), (27, 2), (28, 1), (27, 11), (30, 16), (19, 16), (8, 16), (32, 10)]",100,0,100
110,"(5, 16)","(6, 16)",West,"[((4, 16), 'West', 1)]","['(5, 16)', '(19, 12)', '(19, 11)', '(26, 2)', '(31, 4)', '(29, 6)', '(29, 10)', '(33, 16)']","['(4, 16)', '(19, 12)', '(19, 11)', '(26, 2)', '(31, 4)', '(29, 6)', '(29, 10)', '(33, 16)']","[(34, 1), (21, 16), (34, 10), (27, 4), (27, 13), (30, 9), (32, 12), (26, 14), (21, 9), (34, 3), (34, 12), (27, 6), (11, 16), (32, 14), (26, 16), (15, 16), (34, 14), (22, 12), (27, 8), (30, 4), (28, 16), (30, 13), (17, 16), (33, 6), (32, 16), (24, 12), (26, 9), (25, 11), (31, 8), (34, 7), (27, 1), (34, 16), (30, 6), (5, 16), (33, 8), (26, 11), (31, 1), (18, 16), (7, 16), (31, 10), (20, 10), (22, 16), (33, 1), (9, 16), (33, 10), (24, 16), (13, 16), (25, 15), (31, 3), (34, 2), (31, 12), (34, 11), (22, 9), (20, 12), (32, 4), (33, 12), (24, 9), (34, 4), (31, 14), (14, 16), (32, 6), (33, 14), (24, 11), (29, 1), (16, 16), (34, 6), (31, 16), (20, 16), (23, 12), (27, 3), (27, 12), (30, 8), (33, 16), (20, 9), (27, 5), (32, 1), (30, 1), (27, 14), (30, 10), (10, 16), (25, 14), (20, 11), (23, 16), (12, 16), (27, 7), (30, 3), (27, 16), (30, 12), (25, 16), (31, 4), (29, 16), (21, 12), (23, 9), (34, 15), (27, 9), (30, 5), (33, 4), (30, 14), (25, 9), (32, 8), (31, 6), (6, 16), (34, 8), (27, 2), (28, 1), (27, 11), (30, 16), (19, 16), (8, 16), (32, 10)]",101,0,101
111,"(4, 16)","(5, 16)",West,"[((3, 16), 'West', 1)]","['(4, 16)', '(19, 12)', '(19, 11)', '(26, 2)', '(31, 4)', '(29, 6)', '(29, 10)', '(33, 16)']","['(3, 16)', '(19, 12)', '(19, 11)', '(26, 2)', '(31, 4)', '(29, 6)', '(29, 10)', '(33, 16)']","[(34, 1), (21, 16), (34, 10), (27, 4), (27, 13), (30, 9), (32, 12), (26, 14), (21, 9), (34, 3), (34, 12), (27, 6), (11, 16), (32, 14), (26, 16), (15, 16), (34, 14), (22, 12), (27, 8), (30, 4), (28, 16), (30, 13), (17, 16), (33, 6), (32, 16), (24, 12), (26, 9), (25, 11), (31, 8), (34, 7), (27, 1), (34, 16), (30, 6), (5, 16), (33, 8), (26, 11), (31, 1), (18, 16), (7, 16), (31, 10), (20, 10), (22, 16), (33, 1), (9, 16), (33, 10), (24, 16), (13, 16), (25, 15), (31, 3), (34, 2), (31, 12), (34, 11), (22, 9), (20, 12), (32, 4), (33, 12), (24, 9), (34, 4), (31, 14), (14, 16), (32, 6), (33, 14), (24, 11), (29, 1), (16, 16), (34, 6), (31, 16), (20, 16), (23, 12), (27, 3), (27, 12), (30, 8), (33, 16), (20, 9), (27, 5), (32, 1), (30, 1), (27, 14), (30, 10), (10, 16), (25, 14), (20, 11), (23, 16), (12, 16), (27, 7), (30, 3), (27, 16), (30, 12), (25, 16), (31, 4), (29, 16), (21, 12), (23, 9), (34, 15), (27, 9), (30, 5), (33, 4), (30, 14), (25, 9), (32, 8), (31, 6), (6, 16), (34, 8), (27, 2), (28, 1), (4, 16), (27, 11), (30, 16), (19, 16), (8, 16), (32, 10)]",102,0,102
112,"(3, 16)","(4, 16)",West,"[((2, 16), 'West', 1)]","['(3, 16)', '(19, 12)', '(19, 11)', '(26, 2)', '(31, 4)', '(29, 6)', '(29, 10)', '(33, 16)']","['(2, 16)', '(19, 12)', '(19, 11)', '(26, 2)', '(31, 4)', '(29, 6)', '(29, 10)', '(33, 16)']","[(34, 1), (21, 16), (34, 10), (27, 4), (27, 13), (30, 9), (32, 12), (26, 14), (21, 9), (34, 3), (34, 12), (27, 6), (11, 16), (32, 14), (26, 16), (15, 16), (34, 14), (22, 12), (27, 8), (30, 4), (28, 16), (30, 13), (17, 16), (33, 6), (32, 16), (24, 12), (26, 9), (25, 11), (31, 8), (34, 7), (27, 1), (34, 16), (30, 6), (5, 16), (33, 8), (26, 11), (31, 1), (18, 16), (7, 16), (31, 10), (20, 10), (22, 16), (33, 1), (9, 16), (33, 10), (24, 16), (13, 16), (25, 15), (31, 3), (34, 2), (31, 12), (34, 11), (22, 9), (20, 12), (32, 4), (33, 12), (24, 9), (34, 4), (31, 14), (14, 16), (3, 16), (32, 6), (33, 14), (24, 11), (29, 1), (16, 16), (34, 6), (31, 16), (20, 16), (23, 12), (27, 3), (27, 12), (30, 8), (33, 16), (20, 9), (27, 5), (32, 1), (30, 1), (27, 14), (30, 10), (10, 16), (25, 14), (20, 11), (23, 16), (12, 16), (27, 7), (30, 3), (27, 16), (30, 12), (25, 16), (31, 4), (29, 16), (21, 12), (23, 9), (34, 15), (27, 9), (30, 5), (33, 4), (30, 14), (25, 9), (32, 8), (31, 6), (6, 16), (34, 8), (27, 2), (28, 1), (4, 16), (27, 11), (30, 16), (19, 16), (8, 16), (32, 10)]",103,0,103
113,"(2, 16)","(3, 16)",West,"[((1, 16), 'West', 1)]","['(2, 16)', '(19, 12)', '(19, 11)', '(26, 2)', '(31, 4)', '(29, 6)', '(29, 10)', '(33, 16)']","['(1, 16)', '(19, 12)', '(19, 11)', '(26, 2)', '(31, 4)', '(29, 6)', '(29, 10)', '(33, 16)']","[(34, 1), (21, 16), (34, 10), (27, 4), (27, 13), (30, 9), (32, 12), (26, 14), (21, 9), (34, 3), (34, 12), (27, 6), (11, 16), (32, 14), (26, 16), (15, 16), (34, 14), (22, 12), (27, 8), (30, 4), (28, 16), (30, 13), (17, 16), (33, 6), (32, 16), (24, 12), (26, 9), (25, 11), (31, 8), (34, 7), (27, 1), (34, 16), (30, 6), (5, 16), (33, 8), (26, 11), (31, 1), (18, 16), (7, 16), (31, 10), (20, 10), (22, 16), (33, 1), (9, 16), (33, 10), (24, 16), (13, 16), (25, 15), (31, 3), (34, 2), (31, 12), (34, 11), (22, 9), (20, 12), (32, 4), (33, 12), (24, 9), (34, 4), (31, 14), (14, 16), (3, 16), (32, 6), (33, 14), (24, 11), (29, 1), (16, 16), (34, 6), (31, 16), (20, 16), (23, 12), (27, 3), (27, 12), (30, 8), (33, 16), (20, 9), (27, 5), (32, 1), (30, 1), (27, 14), (30, 10), (10, 16), (25, 14), (20, 11), (23, 16), (12, 16), (27, 7), (30, 3), (27, 16), (30, 12), (25, 16), (31, 4), (29, 16), (21, 12), (23, 9), (34, 15), (27, 9), (30, 5), (33, 4), (30, 14), (25, 9), (32, 8), (2, 16), (31, 6), (6, 16), (34, 8), (27, 2), (28, 1), (4, 16), (27, 11), (30, 16), (19, 16), (8, 16), (32, 10)]",104,0,104
114,"(1, 16)","(2, 16)",West,"[((1, 15), 'South', 1)]","['(1, 16)', '(19, 12)', '(19, 11)', '(26, 2)', '(31, 4)', '(29, 6)', '(29, 10)', '(33, 16)']","['(1, 15)', '(19, 12)', '(19, 11)', '(26, 2)', '(31, 4)', '(29, 6)', '(29, 10)', '(33, 16)']","[(34, 1), (21, 16), (34, 10), (27, 4), (27, 13), (30, 9), (32, 12), (26, 14), (21, 9), (34, 3), (34, 12), (27, 6), (11, 16), (32, 14), (26, 16), (15, 16), (34, 14), (22, 12), (27, 8), (30, 4), (28, 16), (30, 13), (17, 16), (33, 6), (32, 16), (24, 12), (26, 9), (25, 11), (31, 8), (34, 7), (27, 1), (34, 16), (30, 6), (5, 16), (33, 8), (26, 11), (31, 1), (18, 16), (7, 16), (31, 10), (20, 10), (22, 16), (33, 1), (9, 16), (33, 10), (24, 16), (13, 16), (25, 15), (31, 3), (34, 2), (31, 12), (34, 11), (22, 9), (20, 12), (32, 4), (33, 12), (24, 9), (1, 16), (34, 4), (31, 14), (14, 16), (3, 16), (32, 6), (33, 14), (24, 11), (29, 1), (16, 16), (34, 6), (31, 16), (20, 16), (23, 12), (27, 3), (27, 12), (30, 8), (33, 16), (20, 9), (27, 5), (32, 1), (30, 1), (27, 14), (30, 10), (10, 16), (25, 14), (20, 11), (23, 16), (12, 16), (27, 7), (30, 3), (27, 16), (30, 12), (25, 16), (31, 4), (29, 16), (21, 12), (23, 9), (34, 15), (27, 9), (30, 5), (33, 4), (30, 14), (25, 9), (32, 8), (2, 16), (31, 6), (6, 16), (34, 8), (27, 2), (28, 1), (4, 16), (27, 11), (30, 16), (19, 16), (8, 16), (32, 10)]",105,0,105
115,"(1, 15)","(1, 16)",South,"[((1, 14), 'South', 1)]","['(1, 15)', '(19, 12)', '(19, 11)', '(26, 2)', '(31, 4)', '(29, 6)', '(29, 10)', '(33, 16)']","['(1, 14)', '(19, 12)', '(19, 11)', '(26, 2)', '(31, 4)', '(29, 6)', '(29, 10)', '(33, 16)']","[(34, 1), (21, 16), (34, 10), (27, 4), (27, 13), (30, 9), (32, 12), (1, 15), (26, 14), (21, 9), (34, 3), (34, 12), (27, 6), (11, 16), (32, 14), (26, 16), (15, 16), (34, 14), (22, 12), (27, 8), (30, 4), (28, 16), (30, 13), (17, 16), (33, 6), (32, 16), (24, 12), (26, 9), (25, 11), (31, 8), (34, 7), (27, 1), (34, 16), (30, 6), (5, 16), (33, 8), (26, 11), (31, 1), (18, 16), (7, 16), (31, 10), (20, 10), (22, 16), (33, 1), (9, 16), (33, 10), (24, 16), (13, 16), (25, 15), (31, 3), (34, 2), (31, 12), (34, 11), (22, 9), (20, 12), (32, 4), (33, 12), (24, 9), (1, 16), (34, 4), (31, 14), (14, 16), (3, 16), (32, 6), (33, 14), (24, 11), (29, 1), (16, 16), (34, 6), (31, 16), (20, 16), (23, 12), (27, 3), (27, 12), (30, 8), (33, 16), (20, 9), (27, 5), (32, 1), (30, 1), (27, 14), (30, 10), (10, 16), (25, 14), (20, 11), (23, 16), (12, 16), (27, 7), (30, 3), (27, 16), (30, 12), (25, 16), (31, 4), (29, 16), (21, 12), (23, 9), (34, 15), (27, 9), (30, 5), (33, 4), (30, 14), (25, 9), (32, 8), (2, 16), (31, 6), (6, 16), (34, 8), (27, 2), (28, 1), (4, 16), (27, 11), (30, 16), (19, 16), (8, 16), (32, 10)]",106,0,106
116,"(1, 14)","(1, 15)",South,"[((1, 13), 'South', 1)]","['(1, 14)', '(19, 12)', '(19, 11)', '(26, 2)', '(31, 4)', '(29, 6)', '(29, 10)', '(33, 16)']","['(1, 13)', '(19, 12)', '(19, 11)', '(26, 2)', '(31, 4)', '(29, 6)', '(29, 10)', '(33, 16)']","[(34, 1), (21, 16), (34, 10), (27, 4), (27, 13), (30, 9), (32, 12), (1, 15), (26, 14), (21, 9), (34, 3), (34, 12), (27, 6), (11, 16), (32, 14), (26, 16), (15, 16), (34, 14), (22, 12), (27, 8), (30, 4), (28, 16), (30, 13), (17, 16), (33, 6), (32, 16), (24, 12), (26, 9), (25, 11), (31, 8), (34, 7), (27, 1), (34, 16), (30, 6), (5, 16), (33, 8), (26, 11), (31, 1), (18, 16), (7, 16), (31, 10), (20, 10), (22, 16), (33, 1), (9, 16), (33, 10), (24, 16), (13, 16), (25, 15), (1, 14), (31, 3), (34, 2), (31, 12), (34, 11), (22, 9), (20, 12), (32, 4), (33, 12), (24, 9), (1, 16), (34, 4), (31, 14), (14, 16), (3, 16), (32, 6), (33, 14), (24, 11), (29, 1), (16, 16), (34, 6), (31, 16), (20, 16), (23, 12), (27, 3), (27, 12), (30, 8), (33, 16), (20, 9), (27, 5), (32, 1), (30, 1), (27, 14), (30, 10), (10, 16), (25, 14), (20, 11), (23, 16), (12, 16), (27, 7), (30, 3), (27, 16), (30, 12), (25, 16), (31, 4), (29, 16), (21, 12), (23, 9), (34, 15), (27, 9), (30, 5), (33, 4), (30, 14), (25, 9), (32, 8), (2, 16), (31, 6), (6, 16), (34, 8), (27, 2), (28, 1), (4, 16), (27, 11), (30, 16), (19, 16), (8, 16), (32, 10)]",107,0,107
117,"(1, 13)","(1, 14)",South,"[((1, 12), 'South', 1)]","['(1, 13)', '(19, 12)', '(19, 11)', '(26, 2)', '(31, 4)', '(29, 6)', '(29, 10)', '(33, 16)']","['(1, 12)', '(19, 12)', '(19, 11)', '(26, 2)', '(31, 4)', '(29, 6)', '(29, 10)', '(33, 16)']","[(34, 1), (21, 16), (34, 10), (27, 4), (27, 13), (30, 9), (32, 12), (1, 15), (26, 14), (21, 9), (34, 3), (34, 12), (27, 6), (11, 16), (32, 14), (26, 16), (15, 16), (34, 14), (22, 12), (27, 8), (30, 4), (28, 16), (30, 13), (17, 16), (33, 6), (32, 16), (24, 12), (26, 9), (25, 11), (31, 8), (34, 7), (27, 1), (34, 16), (30, 6), (5, 16), (33, 8), (26, 11), (31, 1), (18, 16), (7, 16), (31, 10), (20, 10), (22, 16), (33, 1), (9, 16), (33, 10), (24, 16), (13, 16), (25, 15), (1, 14), (31, 3), (34, 2), (31, 12), (34, 11), (22, 9), (20, 12), (32, 4), (33, 12), (24, 9), (1, 16), (34, 4), (31, 14), (14, 16), (3, 16), (32, 6), (33, 14), (24, 11), (29, 1), (16, 16), (34, 6), (31, 16), (20, 16), (23, 12), (27, 3), (27, 12), (30, 8), (33, 16), (20, 9), (27, 5), (32, 1), (30, 1), (27, 14), (30, 10), (10, 16), (1, 13), (25, 14), (20, 11), (23, 16), (12, 16), (27, 7), (30, 3), (27, 16), (30, 12), (25, 16), (31, 4), (29, 16), (21, 12), (23, 9), (34, 15), (27, 9), (30, 5), (33, 4), (30, 14), (25, 9), (32, 8), (2, 16), (31, 6), (6, 16), (34, 8), (27, 2), (28, 1), (4, 16), (27, 11), (30, 16), (19, 16), (8, 16), (32, 10)]",108,0,108
118,"(1, 12)","(1, 13)",South,"[((1, 11), 'South', 1)]","['(1, 12)', '(19, 12)', '(19, 11)', '(26, 2)', '(31, 4)', '(29, 6)', '(29, 10)', '(33, 16)']","['(1, 11)', '(19, 12)', '(19, 11)', '(26, 2)', '(31, 4)', '(29, 6)', '(29, 10)', '(33, 16)']","[(34, 1), (21, 16), (34, 10), (27, 4), (27, 13), (30, 9), (32, 12), (1, 15), (26, 14), (21, 9), (34, 3), (34, 12), (27, 6), (11, 16), (32, 14), (26, 16), (15, 16), (34, 14), (22, 12), (27, 8), (30, 4), (28, 16), (30, 13), (17, 16), (33, 6), (32, 16), (24, 12), (26, 9), (25, 11), (31, 8), (34, 7), (27, 1), (34, 16), (30, 6), (5, 16), (33, 8), (1, 12), (26, 11), (31, 1), (18, 16), (7, 16), (31, 10), (20, 10), (22, 16), (33, 1), (9, 16), (33, 10), (24, 16), (13, 16), (25, 15), (1, 14), (31, 3), (34, 2), (31, 12), (34, 11), (22, 9), (20, 12), (32, 4), (33, 12), (24, 9), (1, 16), (34, 4), (31, 14), (14, 16), (3, 16), (32, 6), (33, 14), (24, 11), (29, 1), (16, 16), (34, 6), (31, 16), (20, 16), (23, 12), (27, 3), (27, 12), (30, 8), (33, 16), (20, 9), (27, 5), (32, 1), (30, 1), (27, 14), (30, 10), (10, 16), (1, 13), (25, 14), (20, 11), (23, 16), (12, 16), (27, 7), (30, 3), (27, 16), (30, 12), (25, 16), (31, 4), (29, 16), (21, 12), (23, 9), (34, 15), (27, 9), (30, 5), (33, 4), (30, 14), (25, 9), (32, 8), (2, 16), (31, 6), (6, 16), (34, 8), (27, 2), (28, 1), (4, 16), (27, 11), (30, 16), (19, 16), (8, 16), (32, 10)]",109,0,109
119,"(1, 11)","(1, 12)",South,"[((1, 10), 'South', 1)]","['(1, 11)', '(19, 12)', '(19, 11)', '(26, 2)', '(31, 4)', '(29, 6)', '(29, 10)', '(33, 16)']","['(1, 10)', '(19, 12)', '(19, 11)', '(26, 2)', '(31, 4)', '(29, 6)', '(29, 10)', '(33, 16)']","[(34, 1), (21, 16), (34, 10), (27, 4), (27, 13), (30, 9), (32, 12), (1, 15), (26, 14), (21, 9), (34, 3), (34, 12), (27, 6), (11, 16), (32, 14), (26, 16), (15, 16), (34, 14), (22, 12), (27, 8), (30, 4), (28, 16), (30, 13), (17, 16), (33, 6), (32, 16), (24, 12), (26, 9), (25, 11), (31, 8), (34, 7), (27, 1), (34, 16), (30, 6), (5, 16), (33, 8), (1, 12), (26, 11), (31, 1), (18, 16), (7, 16), (31, 10), (20, 10), (22, 16), (33, 1), (9, 16), (33, 10), (24, 16), (13, 16), (25, 15), (1, 14), (31, 3), (34, 2), (31, 12), (34, 11), (22, 9), (20, 12), (32, 4), (33, 12), (24, 9), (1, 16), (34, 4), (31, 14), (14, 16), (3, 16), (32, 6), (33, 14), (24, 11), (29, 1), (16, 16), (34, 6), (31, 16), (20, 16), (23, 12), (27, 3), (27, 12), (30, 8), (33, 16), (1, 11), (20, 9), (27, 5), (32, 1), (30, 1), (27, 14), (30, 10), (10, 16), (1, 13), (25, 14), (20, 11), (23, 16), (12, 16), (27, 7), (30, 3), (27, 16), (30, 12), (25, 16), (31, 4), (29, 16), (21, 12), (23, 9), (34, 15), (27, 9), (30, 5), (33, 4), (30, 14), (25, 9), (32, 8), (2, 16), (31, 6), (6, 16), (34, 8), (27, 2), (28, 1), (4, 16), (27, 11), (30, 16), (19, 16), (8, 16), (32, 10)]",110,0,110
120,"(1, 10)","(1, 11)",South,"[((1, 9), 'South', 1)]","['(1, 10)', '(19, 12)', '(19, 11)', '(26, 2)', '(31, 4)', '(29, 6)', '(29, 10)', '(33, 16)']","['(1, 9)', '(19, 12)', '(19, 11)', '(26, 2)', '(31, 4)', '(29, 6)', '(29, 10)', '(33, 16)']","[(34, 1), (21, 16), (34, 10), (27, 4), (27, 13), (30, 9), (32, 12), (1, 15), (26, 14), (21, 9), (34, 3), (34, 12), (27, 6), (11, 16), (32, 14), (26, 16), (15, 16), (34, 14), (22, 12), (27, 8), (30, 4), (28, 16), (30, 13), (17, 16), (33, 6), (32, 16), (24, 12), (26, 9), (25, 11), (1, 10), (31, 8), (34, 7), (27, 1), (34, 16), (30, 6), (5, 16), (33, 8), (1, 12), (26, 11), (31, 1), (18, 16), (7, 16), (31, 10), (20, 10), (22, 16), (33, 1), (9, 16), (33, 10), (24, 16), (13, 16), (25, 15), (1, 14), (31, 3), (34, 2), (31, 12), (34, 11), (22, 9), (20, 12), (32, 4), (33, 12), (24, 9), (1, 16), (34, 4), (31, 14), (14, 16), (3, 16), (32, 6), (33, 14), (24, 11), (29, 1), (16, 16), (34, 6), (31, 16), (20, 16), (23, 12), (27, 3), (27, 12), (30, 8), (33, 16), (1, 11), (20, 9), (27, 5), (32, 1), (30, 1), (27, 14), (30, 10), (10, 16), (1, 13), (25, 14), (20, 11), (23, 16), (12, 16), (27, 7), (30, 3), (27, 16), (30, 12), (25, 16), (31, 4), (29, 16), (21, 12), (23, 9), (34, 15), (27, 9), (30, 5), (33, 4), (30, 14), (25, 9), (32, 8), (2, 16), (31, 6), (6, 16), (34, 8), (27, 2), (28, 1), (4, 16), (27, 11), (30, 16), (19, 16), (8, 16), (32, 10)]",111,0,111
121,"(1, 9)","(1, 10)",South,"[((1, 8), 'South', 1)]","['(1, 9)', '(19, 12)', '(19, 11)', '(26, 2)', '(31, 4)', '(29, 6)', '(29, 10)', '(33, 16)']","['(1, 8)', '(19, 12)', '(19, 11)', '(26, 2)', '(31, 4)', '(29, 6)', '(29, 10)', '(33, 16)']","[(34, 1), (21, 16), (34, 10), (27, 4), (27, 13), (30, 9), (32, 12), (1, 15), (26, 14), (21, 9), (34, 3), (34, 12), (27, 6), (11, 16), (32, 14), (26, 16), (15, 16), (34, 14), (22, 12), (27, 8), (30, 4), (28, 16), (30, 13), (17, 16), (33, 6), (32, 16), (24, 12), (26, 9), (25, 11), (1, 10), (31, 8), (34, 7), (27, 1), (34, 16), (30, 6), (5, 16), (33, 8), (1, 12), (26, 11), (31, 1), (18, 16), (7, 16), (31, 10), (20, 10), (22, 16), (33, 1), (9, 16), (33, 10), (24, 16), (13, 16), (25, 15), (1, 14), (31, 3), (34, 2), (31, 12), (34, 11), (22, 9), (20, 12), (32, 4), (33, 12), (24, 9), (1, 16), (34, 4), (31, 14), (14, 16), (3, 16), (32, 6), (33, 14), (24, 11), (1, 9), (29, 1), (16, 16), (34, 6), (31, 16), (20, 16), (23, 12), (27, 3), (27, 12), (30, 8), (33, 16), (1, 11), (20, 9), (27, 5), (32, 1), (30, 1), (27, 14), (30, 10), (10, 16), (1, 13), (25, 14), (20, 11), (23, 16), (12, 16), (27, 7), (30, 3), (27, 16), (30, 12), (25, 16), (31, 4), (29, 16), (21, 12), (23, 9), (34, 15), (27, 9), (30, 5), (33, 4), (30, 14), (25, 9), (32, 8), (2, 16), (31, 6), (6, 16), (34, 8), (27, 2), (28, 1), (4, 16), (27, 11), (30, 16), (19, 16), (8, 16), (32, 10)]",112,0,112
122,"(1, 8)","(1, 9)",South,"[((1, 7), 'South', 1)]","['(1, 8)', '(19, 12)', '(19, 11)', '(26, 2)', '(31, 4)', '(29, 6)', '(29, 10)', '(33, 16)']","['(1, 7)', '(19, 12)', '(19, 11)', '(26, 2)', '(31, 4)', '(29, 6)', '(29, 10)', '(33, 16)']","[(34, 1), (21, 16), (34, 10), (27, 4), (27, 13), (30, 9), (32, 12), (1, 15), (26, 14), (21, 9), (34, 3), (34, 12), (27, 6), (11, 16), (32, 14), (1, 8), (26, 16), (15, 16), (34, 14), (22, 12), (27, 8), (30, 4), (28, 16), (30, 13), (17, 16), (33, 6), (32, 16), (24, 12), (26, 9), (25, 11), (1, 10), (31, 8), (34, 7), (27, 1), (34, 16), (30, 6), (5, 16), (33, 8), (1, 12), (26, 11), (31, 1), (18, 16), (7, 16), (31, 10), (20, 10), (22, 16), (33, 1), (9, 16), (33, 10), (24, 16), (13, 16), (25, 15), (1, 14), (31, 3), (34, 2), (31, 12), (34, 11), (22, 9), (20, 12), (32, 4), (33, 12), (24, 9), (1, 16), (34, 4), (31, 14), (14, 16), (3, 16), (32, 6), (33, 14), (24, 11), (1, 9), (29, 1), (16, 16), (34, 6), (31, 16), (20, 16), (23, 12), (27, 3), (27, 12), (30, 8), (33, 16), (1, 11), (20, 9), (27, 5), (32, 1), (30, 1), (27, 14), (30, 10), (10, 16), (1, 13), (25, 14), (20, 11), (23, 16), (12, 16), (27, 7), (30, 3), (27, 16), (30, 12), (25, 16), (31, 4), (29, 16), (21, 12), (23, 9), (34, 15), (27, 9), (30, 5), (33, 4), (30, 14), (25, 9), (32, 8), (2, 16), (31, 6), (6, 16), (34, 8), (27, 2), (28, 1), (4, 16), (27, 11), (30, 16), (19, 16), (8, 16), (32, 10)]",113,0,113
123,"(1, 7)","(1, 8)",South,"[((2, 7), 'East', 1)]","['(1, 7)', '(19, 12)', '(19, 11)', '(26, 2)', '(31, 4)', '(29, 6)', '(29, 10)', '(33, 16)']","['(2, 7)', '(19, 12)', '(19, 11)', '(26, 2)', '(31, 4)', '(29, 6)', '(29, 10)', '(33, 16)']","[(34, 1), (21, 16), (34, 10), (27, 4), (27, 13), (30, 9), (32, 12), (1, 15), (26, 14), (21, 9), (34, 3), (34, 12), (27, 6), (11, 16), (32, 14), (1, 8), (26, 16), (15, 16), (34, 14), (22, 12), (27, 8), (30, 4), (28, 16), (30, 13), (17, 16), (33, 6), (32, 16), (24, 12), (26, 9), (25, 11), (1, 10), (31, 8), (34, 7), (27, 1), (34, 16), (30, 6), (5, 16), (33, 8), (1, 12), (26, 11), (31, 1), (18, 16), (7, 16), (31, 10), (20, 10), (22, 16), (33, 1), (9, 16), (33, 10), (24, 16), (13, 16), (25, 15), (1, 14), (31, 3), (34, 2), (31, 12), (34, 11), (22, 9), (20, 12), (32, 4), (33, 12), (24, 9), (1, 7), (1, 16), (34, 4), (31, 14), (14, 16), (3, 16), (32, 6), (33, 14), (24, 11), (1, 9), (29, 1), (16, 16), (34, 6), (31, 16), (20, 16), (23, 12), (27, 3), (27, 12), (30, 8), (33, 16), (1, 11), (20, 9), (27, 5), (32, 1), (30, 1), (27, 14), (30, 10), (10, 16), (1, 13), (25, 14), (20, 11), (23, 16), (12, 16), (27, 7), (30, 3), (27, 16), (30, 12), (25, 16), (31, 4), (29, 16), (21, 12), (23, 9), (34, 15), (27, 9), (30, 5), (33, 4), (30, 14), (25, 9), (32, 8), (2, 16), (31, 6), (6, 16), (34, 8), (27, 2), (28, 1), (4, 16), (27, 11), (30, 16), (19, 16), (8, 16), (32, 10)]",114,0,114
124,"(2, 7)","(1, 7)",East,"[((3, 7), 'East', 1)]","['(2, 7)', '(19, 12)', '(19, 11)', '(26, 2)', '(31, 4)', '(29, 6)', '(29, 10)', '(33, 16)']","['(3, 7)', '(19, 12)', '(19, 11)', '(26, 2)', '(31, 4)', '(29, 6)', '(29, 10)', '(33, 16)']","[(34, 1), (21, 16), (34, 10), (27, 4), (27, 13), (30, 9), (32, 12), (1, 15), (26, 14), (21, 9), (34, 3), (34, 12), (27, 6), (11, 16), (32, 14), (1, 8), (26, 16), (15, 16), (34, 14), (22, 12), (27, 8), (30, 4), (28, 16), (30, 13), (17, 16), (33, 6), (32, 16), (24, 12), (26, 9), (25, 11), (1, 10), (31, 8), (34, 7), (27, 1), (34, 16), (30, 6), (5, 16), (33, 8), (1, 12), (26, 11), (31, 1), (18, 16), (7, 16), (31, 10), (20, 10), (22, 16), (33, 1), (9, 16), (33, 10), (24, 16), (13, 16), (25, 15), (1, 14), (31, 3), (34, 2), (31, 12), (34, 11), (22, 9), (20, 12), (32, 4), (33, 12), (24, 9), (1, 7), (1, 16), (34, 4), (31, 14), (14, 16), (3, 16), (32, 6), (33, 14), (24, 11), (1, 9), (29, 1), (16, 16), (34, 6), (31, 16), (20, 16), (23, 12), (27, 3), (27, 12), (30, 8), (33, 16), (1, 11), (20, 9), (27, 5), (32, 1), (30, 1), (27, 14), (30, 10), (10, 16), (1, 13), (25, 14), (20, 11), (23, 16), (12, 16), (27, 7), (30, 3), (27, 16), (30, 12), (25, 16), (31, 4), (29, 16), (21, 12), (23, 9), (34, 15), (27, 9), (30, 5), (33, 4), (30, 14), (25, 9), (32, 8), (2, 7), (2, 16), (31, 6), (6, 16), (34, 8), (27, 2), (28, 1), (4, 16), (27, 11), (30, 16), (19, 16), (8, 16), (32, 10)]",115,0,115
125,"(3, 7)","(2, 7)",East,"[((4, 7), 'East', 1)]","['(3, 7)', '(19, 12)', '(19, 11)', '(26, 2)', '(31, 4)', '(29, 6)', '(29, 10)', '(33, 16)']","['(4, 7)', '(19, 12)', '(19, 11)', '(26, 2)', '(31, 4)', '(29, 6)', '(29, 10)', '(33, 16)']","[(34, 1), (21, 16), (34, 10), (27, 4), (27, 13), (30, 9), (32, 12), (1, 15), (26, 14), (21, 9), (34, 3), (34, 12), (27, 6), (11, 16), (32, 14), (1, 8), (26, 16), (15, 16), (34, 14), (22, 12), (27, 8), (30, 4), (28, 16), (30, 13), (17, 16), (33, 6), (32, 16), (24, 12), (26, 9), (25, 11), (1, 10), (31, 8), (34, 7), (27, 1), (34, 16), (30, 6), (5, 16), (33, 8), (1, 12), (26, 11), (31, 1), (18, 16), (7, 16), (31, 10), (20, 10), (22, 16), (33, 1), (9, 16), (33, 10), (24, 16), (13, 16), (25, 15), (1, 14), (31, 3), (34, 2), (31, 12), (34, 11), (22, 9), (20, 12), (32, 4), (33, 12), (24, 9), (1, 7), (1, 16), (34, 4), (31, 14), (3, 7), (14, 16), (3, 16), (32, 6), (33, 14), (24, 11), (1, 9), (29, 1), (16, 16), (34, 6), (31, 16), (20, 16), (23, 12), (27, 3), (27, 12), (30, 8), (33, 16), (1, 11), (20, 9), (27, 5), (32, 1), (30, 1), (27, 14), (30, 10), (10, 16), (1, 13), (25, 14), (20, 11), (23, 16), (12, 16), (27, 7), (30, 3), (27, 16), (30, 12), (25, 16), (31, 4), (29, 16), (21, 12), (23, 9), (34, 15), (27, 9), (30, 5), (33, 4), (30, 14), (25, 9), (32, 8), (2, 7), (2, 16), (31, 6), (6, 16), (34, 8), (27, 2), (28, 1), (4, 16), (27, 11), (30, 16), (19, 16), (8, 16), (32, 10)]",116,0,116
126,"(4, 7)","(3, 7)",East,"[((4, 8), 'North', 1)]","['(4, 7)', '(19, 12)', '(19, 11)', '(26, 2)', '(31, 4)', '(29, 6)', '(29, 10)', '(33, 16)']","['(4, 8)', '(19, 12)', '(19, 11)', '(26, 2)', '(31, 4)', '(29, 6)', '(29, 10)', '(33, 16)']","[(34, 1), (21, 16), (34, 10), (27, 4), (27, 13), (30, 9), (32, 12), (1, 15), (26, 14), (21, 9), (34, 3), (34, 12), (27, 6), (11, 16), (32, 14), (1, 8), (26, 16), (15, 16), (34, 14), (22, 12), (27, 8), (30, 4), (28, 16), (30, 13), (17, 16), (33, 6), (32, 16), (24, 12), (26, 9), (25, 11), (1, 10), (31, 8), (34, 7), (27, 1), (34, 16), (30, 6), (5, 16), (33, 8), (1, 12), (26, 11), (31, 1), (18, 16), (7, 16), (31, 10), (20, 10), (22, 16), (33, 1), (9, 16), (33, 10), (24, 16), (13, 16), (25, 15), (1, 14), (31, 3), (34, 2), (31, 12), (34, 11), (22, 9), (20, 12), (32, 4), (33, 12), (24, 9), (1, 7), (1, 16), (34, 4), (31, 14), (3, 7), (14, 16), (3, 16), (32, 6), (33, 14), (24, 11), (1, 9), (29, 1), (16, 16), (34, 6), (31, 16), (20, 16), (23, 12), (27, 3), (27, 12), (30, 8), (33, 16), (1, 11), (20, 9), (27, 5), (32, 1), (30, 1), (27, 14), (30, 10), (10, 16), (1, 13), (25, 14), (20, 11), (23, 16), (12, 16), (27, 7), (30, 3), (27, 16), (30, 12), (25, 16), (31, 4), (29, 16), (21, 12), (23, 9), (34, 15), (27, 9), (30, 5), (33, 4), (30, 14), (25, 9), (32, 8), (2, 7), (2, 16), (31, 6), (6, 16), (4, 7), (34, 8), (27, 2), (28, 1), (4, 16), (27, 11), (30, 16), (19, 16), (8, 16), (32, 10)]",117,0,117
127,"(4, 8)","(4, 7)",North,"[((4, 9), 'North', 1)]","['(4, 8)', '(19, 12)', '(19, 11)', '(26, 2)', '(31, 4)', '(29, 6)', '(29, 10)', '(33, 16)']","['(4, 9)', '(19, 12)', '(19, 11)', '(26, 2)', '(31, 4)', '(29, 6)', '(29, 10)', '(33, 16)']","[(34, 1), (21, 16), (34, 10), (27, 4), (27, 13), (30, 9), (32, 12), (1, 15), (26, 14), (21, 9), (34, 3), (34, 12), (27, 6), (11, 16), (32, 14), (1, 8), (26, 16), (15, 16), (34, 14), (22, 12), (27, 8), (30, 4), (28, 16), (30, 13), (17, 16), (33, 6), (32, 16), (24, 12), (26, 9), (25, 11), (1, 10), (31, 8), (34, 7), (27, 1), (34, 16), (30, 6), (5, 16), (33, 8), (1, 12), (26, 11), (31, 1), (18, 16), (7, 16), (31, 10), (20, 10), (22, 16), (33, 1), (9, 16), (33, 10), (24, 16), (13, 16), (25, 15), (1, 14), (31, 3), (34, 2), (31, 12), (34, 11), (22, 9), (20, 12), (32, 4), (33, 12), (24, 9), (1, 7), (1, 16), (34, 4), (31, 14), (3, 7), (14, 16), (3, 16), (32, 6), (33, 14), (24, 11), (1, 9), (29, 1), (16, 16), (34, 6), (31, 16), (20, 16), (23, 12), (4, 8), (27, 3), (27, 12), (30, 8), (33, 16), (1, 11), (20, 9), (27, 5), (32, 1), (30, 1), (27, 14), (30, 10), (10, 16), (1, 13), (25, 14), (20, 11), (23, 16), (12, 16), (27, 7), (30, 3), (27, 16), (30, 12), (25, 16), (31, 4), (29, 16), (21, 12), (23, 9), (34, 15), (27, 9), (30, 5), (33, 4), (30, 14), (25, 9), (32, 8), (2, 7), (2, 16), (31, 6), (6, 16), (4, 7), (34, 8), (27, 2), (28, 1), (4, 16), (27, 11), (30, 16), (19, 16), (8, 16), (32, 10)]",118,0,118
128,"(4, 9)","(4, 8)",North,"[((4, 10), 'North', 1)]","['(4, 9)', '(19, 12)', '(19, 11)', '(26, 2)', '(31, 4)', '(29, 6)', '(29, 10)', '(33, 16)']","['(4, 10)', '(19, 12)', '(19, 11)', '(26, 2)', '(31, 4)', '(29, 6)', '(29, 10)', '(33, 16)']","[(34, 1), (21, 16), (4, 9), (34, 10), (27, 4), (27, 13), (30, 9), (32, 12), (1, 15), (26, 14), (21, 9), (34, 3), (34, 12), (27, 6), (11, 16), (32, 14), (1, 8), (26, 16), (15, 16), (34, 14), (22, 12), (27, 8), (30, 4), (28, 16), (30, 13), (17, 16), (33, 6), (32, 16), (24, 12), (26, 9), (25, 11), (1, 10), (31, 8), (34, 7), (27, 1), (34, 16), (30, 6), (5, 16), (33, 8), (1, 12), (26, 11), (31, 1), (18, 16), (7, 16), (31, 10), (20, 10), (22, 16), (33, 1), (9, 16), (33, 10), (24, 16), (13, 16), (25, 15), (1, 14), (31, 3), (34, 2), (31, 12), (34, 11), (22, 9), (20, 12), (32, 4), (33, 12), (24, 9), (1, 7), (1, 16), (34, 4), (31, 14), (3, 7), (14, 16), (3, 16), (32, 6), (33, 14), (24, 11), (1, 9), (29, 1), (16, 16), (34, 6), (31, 16), (20, 16), (23, 12), (4, 8), (27, 3), (27, 12), (30, 8), (33, 16), (1, 11), (20, 9), (27, 5), (32, 1), (30, 1), (27, 14), (30, 10), (10, 16), (1, 13), (25, 14), (20, 11), (23, 16), (12, 16), (27, 7), (30, 3), (27, 16), (30, 12), (25, 16), (31, 4), (29, 16), (21, 12), (23, 9), (34, 15), (27, 9), (30, 5), (33, 4), (30, 14), (25, 9), (32, 8), (2, 7), (2, 16), (31, 6), (6, 16), (4, 7), (34, 8), (27, 2), (28, 1), (4, 16), (27, 11), (30, 16), (19, 16), (8, 16), (32, 10)]",119,0,119
129,"(4, 10)","(4, 9)",North,"[((4, 11), 'North', 1), ((3, 10), 'West', 1)]","['(4, 10)', '(19, 12)', '(19, 11)', '(26, 2)', '(31, 4)', '(29, 6)', '(29, 10)', '(33, 16)']","['(4, 11)', '(3, 10)', '(19, 12)', '(19, 11)', '(26, 2)', '(31, 4)', '(29, 6)', '(29, 10)', '(33, 16)']","[(34, 1), (21, 16), (4, 9), (34, 10), (27, 4), (27, 13), (30, 9), (32, 12), (1, 15), (26, 14), (21, 9), (34, 3), (34, 12), (27, 6), (11, 16), (32, 14), (1, 8), (26, 16), (15, 16), (34, 14), (22, 12), (27, 8), (30, 4), (28, 16), (30, 13), (17, 16), (33, 6), (32, 16), (24, 12), (26, 9), (25, 11), (1, 10), (31, 8), (34, 7), (27, 1), (34, 16), (30, 6), (5, 16), (33, 8), (1, 12), (26, 11), (31, 1), (18, 16), (7, 16), (31, 10), (20, 10), (22, 16), (33, 1), (9, 16), (33, 10), (24, 16), (13, 16), (25, 15), (1, 14), (31, 3), (34, 2), (31, 12), (34, 11), (22, 9), (20, 12), (32, 4), (33, 12), (24, 9), (1, 7), (1, 16), (34, 4), (31, 14), (3, 7), (14, 16), (3, 16), (32, 6), (33, 14), (24, 11), (1, 9), (29, 1), (16, 16), (34, 6), (31, 16), (20, 16), (23, 12), (4, 8), (27, 3), (27, 12), (30, 8), (33, 16), (1, 11), (20, 9), (4, 10), (27, 5), (32, 1), (30, 1), (27, 14), (30, 10), (10, 16), (1, 13), (25, 14), (20, 11), (23, 16), (12, 16), (27, 7), (30, 3), (27, 16), (30, 12), (25, 16), (31, 4), (29, 16), (21, 12), (23, 9), (34, 15), (27, 9), (30, 5), (33, 4), (30, 14), (25, 9), (32, 8), (2, 7), (2, 16), (31, 6), (6, 16), (4, 7), (34, 8), (27, 2), (28, 1), (4, 16), (27, 11), (30, 16), (19, 16), (8, 16), (32, 10)]",120,0,120
130,"(4, 11)","(4, 10)",North,"[((4, 12), 'North', 1)]","['(4, 11)', '(3, 10)', '(19, 12)', '(19, 11)', '(26, 2)', '(31, 4)', '(29, 6)', '(29, 10)', '(33, 16)']","['(4, 12)', '(3, 10)', '(19, 12)', '(19, 11)', '(26, 2)', '(31, 4)', '(29, 6)', '(29, 10)', '(33, 16)']","[(34, 1), (21, 16), (4, 9), (34, 10), (27, 4), (27, 13), (30, 9), (32, 12), (1, 15), (26, 14), (21, 9), (34, 3), (34, 12), (27, 6), (11, 16), (32, 14), (1, 8), (26, 16), (15, 16), (34, 14), (22, 12), (27, 8), (30, 4), (28, 16), (30, 13), (17, 16), (33, 6), (32, 16), (24, 12), (26, 9), (25, 11), (1, 10), (31, 8), (34, 7), (27, 1), (34, 16), (30, 6), (5, 16), (33, 8), (1, 12), (26, 11), (31, 1), (18, 16), (7, 16), (31, 10), (20, 10), (22, 16), (4, 11), (33, 1), (9, 16), (33, 10), (24, 16), (13, 16), (25, 15), (1, 14), (31, 3), (34, 2), (31, 12), (34, 11), (22, 9), (20, 12), (32, 4), (33, 12), (24, 9), (1, 7), (1, 16), (34, 4), (31, 14), (3, 7), (14, 16), (3, 16), (32, 6), (33, 14), (24, 11), (1, 9), (29, 1), (16, 16), (34, 6), (31, 16), (20, 16), (23, 12), (4, 8), (27, 3), (27, 12), (30, 8), (33, 16), (1, 11), (20, 9), (4, 10), (27, 5), (32, 1), (30, 1), (27, 14), (30, 10), (10, 16), (1, 13), (25, 14), (20, 11), (23, 16), (12, 16), (27, 7), (30, 3), (27, 16), (30, 12), (25, 16), (31, 4), (29, 16), (21, 12), (23, 9), (34, 15), (27, 9), (30, 5), (33, 4), (30, 14), (25, 9), (32, 8), (2, 7), (2, 16), (31, 6), (6, 16), (4, 7), (34, 8), (27, 2), (28, 1), (4, 16), (27, 11), (30, 16), (19, 16), (8, 16), (32, 10)]",121,0,121
131,"(4, 12)","(4, 11)",North,"[((4, 13), 'North', 1)]","['(4, 12)', '(3, 10)', '(19, 12)', '(19, 11)', '(26, 2)', '(31, 4)', '(29, 6)', '(29, 10)', '(33, 16)']","['(4, 13)', '(3, 10)', '(19, 12)', '(19, 11)', '(26, 2)', '(31, 4)', '(29, 6)', '(29, 10)', '(33, 16)']","[(34, 1), (21, 16), (4, 9), (34, 10), (27, 4), (27, 13), (30, 9), (32, 12), (1, 15), (26, 14), (21, 9), (34, 3), (34, 12), (27, 6), (11, 16), (32, 14), (1, 8), (26, 16), (15, 16), (34, 14), (22, 12), (27, 8), (30, 4), (28, 16), (30, 13), (17, 16), (33, 6), (32, 16), (24, 12), (26, 9), (25, 11), (1, 10), (31, 8), (34, 7), (27, 1), (34, 16), (30, 6), (5, 16), (33, 8), (1, 12), (26, 11), (31, 1), (18, 16), (7, 16), (31, 10), (20, 10), (22, 16), (4, 11), (33, 1), (9, 16), (33, 10), (24, 16), (13, 16), (25, 15), (1, 14), (31, 3), (34, 2), (31, 12), (34, 11), (22, 9), (20, 12), (32, 4), (33, 12), (24, 9), (1, 7), (1, 16), (34, 4), (31, 14), (3, 7), (14, 16), (3, 16), (32, 6), (33, 14), (24, 11), (1, 9), (29, 1), (16, 16), (34, 6), (31, 16), (20, 16), (23, 12), (4, 8), (27, 3), (27, 12), (30, 8), (33, 16), (1, 11), (20, 9), (4, 10), (27, 5), (32, 1), (30, 1), (27, 14), (30, 10), (10, 16), (1, 13), (25, 14), (20, 11), (23, 16), (12, 16), (4, 12), (27, 7), (30, 3), (27, 16), (30, 12), (25, 16), (31, 4), (29, 16), (21, 12), (23, 9), (34, 15), (27, 9), (30, 5), (33, 4), (30, 14), (25, 9), (32, 8), (2, 7), (2, 16), (31, 6), (6, 16), (4, 7), (34, 8), (27, 2), (28, 1), (4, 16), (27, 11), (30, 16), (19, 16), (8, 16), (32, 10)]",122,0,122
132,"(4, 13)","(4, 12)",North,"[((4, 14), 'North', 1)]","['(4, 13)', '(3, 10)', '(19, 12)', '(19, 11)', '(26, 2)', '(31, 4)', '(29, 6)', '(29, 10)', '(33, 16)']","['(4, 14)', '(3, 10)', '(19, 12)', '(19, 11)', '(26, 2)', '(31, 4)', '(29, 6)', '(29, 10)', '(33, 16)']","[(34, 1), (21, 16), (4, 9), (34, 10), (27, 4), (27, 13), (30, 9), (32, 12), (1, 15), (26, 14), (21, 9), (34, 3), (34, 12), (27, 6), (11, 16), (32, 14), (1, 8), (26, 16), (15, 16), (34, 14), (22, 12), (27, 8), (30, 4), (28, 16), (30, 13), (17, 16), (33, 6), (32, 16), (24, 12), (26, 9), (25, 11), (1, 10), (31, 8), (34, 7), (27, 1), (34, 16), (30, 6), (5, 16), (33, 8), (1, 12), (26, 11), (31, 1), (18, 16), (7, 16), (31, 10), (20, 10), (22, 16), (4, 11), (33, 1), (9, 16), (33, 10), (24, 16), (13, 16), (25, 15), (1, 14), (31, 3), (34, 2), (31, 12), (34, 11), (22, 9), (20, 12), (4, 13), (32, 4), (33, 12), (24, 9), (1, 7), (1, 16), (34, 4), (31, 14), (3, 7), (14, 16), (3, 16), (32, 6), (33, 14), (24, 11), (1, 9), (29, 1), (16, 16), (34, 6), (31, 16), (20, 16), (23, 12), (4, 8), (27, 3), (27, 12), (30, 8), (33, 16), (1, 11), (20, 9), (4, 10), (27, 5), (32, 1), (30, 1), (27, 14), (30, 10), (10, 16), (1, 13), (25, 14), (20, 11), (23, 16), (12, 16), (4, 12), (27, 7), (30, 3), (27, 16), (30, 12), (25, 16), (31, 4), (29, 16), (21, 12), (23, 9), (34, 15), (27, 9), (30, 5), (33, 4), (30, 14), (25, 9), (32, 8), (2, 7), (2, 16), (31, 6), (6, 16), (4, 7), (34, 8), (27, 2), (28, 1), (4, 16), (27, 11), (30, 16), (19, 16), (8, 16), (32, 10)]",123,0,123
133,"(4, 14)","(4, 13)",North,"[((5, 14), 'East', 1)]","['(4, 14)', '(3, 10)', '(19, 12)', '(19, 11)', '(26, 2)', '(31, 4)', '(29, 6)', '(29, 10)', '(33, 16)']","['(5, 14)', '(3, 10)', '(19, 12)', '(19, 11)', '(26, 2)', '(31, 4)', '(29, 6)', '(29, 10)', '(33, 16)']","[(34, 1), (21, 16), (4, 9), (34, 10), (27, 4), (27, 13), (30, 9), (32, 12), (1, 15), (26, 14), (21, 9), (34, 3), (34, 12), (27, 6), (11, 16), (32, 14), (1, 8), (26, 16), (15, 16), (34, 14), (22, 12), (27, 8), (30, 4), (28, 16), (30, 13), (17, 16), (33, 6), (32, 16), (24, 12), (26, 9), (25, 11), (1, 10), (31, 8), (34, 7), (27, 1), (34, 16), (30, 6), (5, 16), (33, 8), (1, 12), (26, 11), (31, 1), (18, 16), (7, 16), (31, 10), (20, 10), (22, 16), (4, 11), (33, 1), (9, 16), (33, 10), (24, 16), (13, 16), (25, 15), (1, 14), (31, 3), (34, 2), (31, 12), (34, 11), (22, 9), (20, 12), (4, 13), (32, 4), (33, 12), (24, 9), (1, 7), (1, 16), (34, 4), (31, 14), (3, 7), (14, 16), (3, 16), (32, 6), (33, 14), (24, 11), (1, 9), (29, 1), (16, 16), (34, 6), (31, 16), (20, 16), (23, 12), (4, 8), (27, 3), (27, 12), (30, 8), (33, 16), (1, 11), (20, 9), (4, 10), (27, 5), (32, 1), (30, 1), (27, 14), (30, 10), (10, 16), (1, 13), (25, 14), (20, 11), (23, 16), (12, 16), (4, 12), (27, 7), (30, 3), (27, 16), (30, 12), (25, 16), (31, 4), (29, 16), (21, 12), (23, 9), (4, 14), (34, 15), (27, 9), (30, 5), (33, 4), (30, 14), (25, 9), (32, 8), (2, 7), (2, 16), (31, 6), (6, 16), (4, 7), (34, 8), (27, 2), (28, 1), (4, 16), (27, 11), (30, 16), (19, 16), (8, 16), (32, 10)]",124,0,124
134,"(5, 14)","(4, 14)",East,"[((6, 14), 'East', 1)]","['(5, 14)', '(3, 10)', '(19, 12)', '(19, 11)', '(26, 2)', '(31, 4)', '(29, 6)', '(29, 10)', '(33, 16)']","['(6, 14)', '(3, 10)', '(19, 12)', '(19, 11)', '(26, 2)', '(31, 4)', '(29, 6)', '(29, 10)', '(33, 16)']","[(34, 1), (21, 16), (4, 9), (34, 10), (27, 4), (27, 13), (30, 9), (32, 12), (1, 15), (26, 14), (21, 9), (34, 3), (34, 12), (27, 6), (11, 16), (32, 14), (1, 8), (26, 16), (15, 16), (34, 14), (22, 12), (27, 8), (30, 4), (28, 16), (30, 13), (17, 16), (5, 14), (33, 6), (32, 16), (24, 12), (26, 9), (25, 11), (1, 10), (31, 8), (34, 7), (27, 1), (34, 16), (30, 6), (5, 16), (33, 8), (1, 12), (26, 11), (31, 1), (18, 16), (7, 16), (31, 10), (20, 10), (22, 16), (4, 11), (33, 1), (9, 16), (33, 10), (24, 16), (13, 16), (25, 15), (1, 14), (31, 3), (34, 2), (31, 12), (34, 11), (22, 9), (20, 12), (4, 13), (32, 4), (33, 12), (24, 9), (1, 7), (1, 16), (34, 4), (31, 14), (3, 7), (14, 16), (3, 16), (32, 6), (33, 14), (24, 11), (1, 9), (29, 1), (16, 16), (34, 6), (31, 16), (20, 16), (23, 12), (4, 8), (27, 3), (27, 12), (30, 8), (33, 16), (1, 11), (20, 9), (4, 10), (27, 5), (32, 1), (30, 1), (27, 14), (30, 10), (10, 16), (1, 13), (25, 14), (20, 11), (23, 16), (12, 16), (4, 12), (27, 7), (30, 3), (27, 16), (30, 12), (25, 16), (31, 4), (29, 16), (21, 12), (23, 9), (4, 14), (34, 15), (27, 9), (30, 5), (33, 4), (30, 14), (25, 9), (32, 8), (2, 7), (2, 16), (31, 6), (6, 16), (4, 7), (34, 8), (27, 2), (28, 1), (4, 16), (27, 11), (30, 16), (19, 16), (8, 16), (32, 10)]",125,0,125
135,"(6, 14)","(5, 14)",East,"[((6, 13), 'South', 1)]","['(6, 14)', '(3, 10)', '(19, 12)', '(19, 11)', '(26, 2)', '(31, 4)', '(29, 6)', '(29, 10)', '(33, 16)']","['(6, 13)', '(3, 10)', '(19, 12)', '(19, 11)', '(26, 2)', '(31, 4)', '(29, 6)', '(29, 10)', '(33, 16)']","[(34, 1), (21, 16), (4, 9), (34, 10), (27, 4), (27, 13), (30, 9), (32, 12), (1, 15), (26, 14), (21, 9), (34, 3), (34, 12), (27, 6), (11, 16), (32, 14), (1, 8), (26, 16), (15, 16), (34, 14), (22, 12), (27, 8), (30, 4), (28, 16), (30, 13), (17, 16), (5, 14), (33, 6), (32, 16), (24, 12), (26, 9), (25, 11), (1, 10), (31, 8), (34, 7), (27, 1), (34, 16), (30, 6), (5, 16), (33, 8), (1, 12), (26, 11), (31, 1), (18, 16), (7, 16), (31, 10), (20, 10), (22, 16), (4, 11), (33, 1), (9, 16), (33, 10), (24, 16), (13, 16), (25, 15), (1, 14), (31, 3), (34, 2), (31, 12), (34, 11), (22, 9), (20, 12), (4, 13), (32, 4), (33, 12), (24, 9), (1, 7), (1, 16), (34, 4), (31, 14), (3, 7), (14, 16), (3, 16), (32, 6), (33, 14), (24, 11), (1, 9), (29, 1), (16, 16), (34, 6), (31, 16), (20, 16), (23, 12), (4, 8), (27, 3), (27, 12), (30, 8), (33, 16), (1, 11), (20, 9), (4, 10), (27, 5), (32, 1), (30, 1), (27, 14), (30, 10), (10, 16), (1, 13), (25, 14), (20, 11), (23, 16), (12, 16), (4, 12), (27, 7), (30, 3), (27, 16), (30, 12), (25, 16), (31, 4), (29, 16), (6, 14), (21, 12), (23, 9), (4, 14), (34, 15), (27, 9), (30, 5), (33, 4), (30, 14), (25, 9), (32, 8), (2, 7), (2, 16), (31, 6), (6, 16), (4, 7), (34, 8), (27, 2), (28, 1), (4, 16), (27, 11), (30, 16), (19, 16), (8, 16), (32, 10)]",126,0,126
136,"(6, 13)","(6, 14)",South,"[((6, 12), 'South', 1)]","['(6, 13)', '(3, 10)', '(19, 12)', '(19, 11)', '(26, 2)', '(31, 4)', '(29, 6)', '(29, 10)', '(33, 16)']","['(6, 12)', '(3, 10)', '(19, 12)', '(19, 11)', '(26, 2)', '(31, 4)', '(29, 6)', '(29, 10)', '(33, 16)']","[(34, 1), (21, 16), (4, 9), (34, 10), (27, 4), (27, 13), (30, 9), (32, 12), (1, 15), (26, 14), (21, 9), (34, 3), (34, 12), (27, 6), (11, 16), (32, 14), (1, 8), (26, 16), (15, 16), (6, 13), (34, 14), (22, 12), (27, 8), (30, 4), (28, 16), (30, 13), (17, 16), (5, 14), (33, 6), (32, 16), (24, 12), (26, 9), (25, 11), (1, 10), (31, 8), (34, 7), (27, 1), (34, 16), (30, 6), (5, 16), (33, 8), (1, 12), (26, 11), (31, 1), (18, 16), (7, 16), (31, 10), (20, 10), (22, 16), (4, 11), (33, 1), (9, 16), (33, 10), (24, 16), (13, 16), (25, 15), (1, 14), (31, 3), (34, 2), (31, 12), (34, 11), (22, 9), (20, 12), (4, 13), (32, 4), (33, 12), (24, 9), (1, 7), (1, 16), (34, 4), (31, 14), (3, 7), (14, 16), (3, 16), (32, 6), (33, 14), (24, 11), (1, 9), (29, 1), (16, 16), (34, 6), (31, 16), (20, 16), (23, 12), (4, 8), (27, 3), (27, 12), (30, 8), (33, 16), (1, 11), (20, 9), (4, 10), (27, 5), (32, 1), (30, 1), (27, 14), (30, 10), (10, 16), (1, 13), (25, 14), (20, 11), (23, 16), (12, 16), (4, 12), (27, 7), (30, 3), (27, 16), (30, 12), (25, 16), (31, 4), (29, 16), (6, 14), (21, 12), (23, 9), (4, 14), (34, 15), (27, 9), (30, 5), (33, 4), (30, 14), (25, 9), (32, 8), (2, 7), (2, 16), (31, 6), (6, 16), (4, 7), (34, 8), (27, 2), (28, 1), (4, 16), (27, 11), (30, 16), (19, 16), (8, 16), (32, 10)]",127,0,127
137,"(6, 12)","(6, 13)",South,"[((6, 11), 'South', 1)]","['(6, 12)', '(3, 10)', '(19, 12)', '(19, 11)', '(26, 2)', '(31, 4)', '(29, 6)', '(29, 10)', '(33, 16)']","['(6, 11)', '(3, 10)', '(19, 12)', '(19, 11)', '(26, 2)', '(31, 4)', '(29, 6)', '(29, 10)', '(33, 16)']","[(34, 1), (21, 16), (4, 9), (34, 10), (27, 4), (27, 13), (30, 9), (32, 12), (1, 15), (26, 14), (21, 9), (34, 3), (34, 12), (27, 6), (11, 16), (32, 14), (1, 8), (26, 16), (15, 16), (6, 13), (34, 14), (22, 12), (27, 8), (30, 4), (28, 16), (30, 13), (17, 16), (5, 14), (33, 6), (32, 16), (24, 12), (26, 9), (25, 11), (1, 10), (31, 8), (34, 7), (27, 1), (34, 16), (30, 6), (5, 16), (33, 8), (1, 12), (26, 11), (31, 1), (18, 16), (7, 16), (31, 10), (20, 10), (22, 16), (4, 11), (33, 1), (9, 16), (33, 10), (24, 16), (13, 16), (25, 15), (1, 14), (31, 3), (34, 2), (31, 12), (34, 11), (22, 9), (20, 12), (4, 13), (32, 4), (33, 12), (24, 9), (1, 7), (1, 16), (34, 4), (31, 14), (3, 7), (14, 16), (3, 16), (32, 6), (33, 14), (24, 11), (1, 9), (29, 1), (16, 16), (34, 6), (31, 16), (20, 16), (23, 12), (4, 8), (27, 3), (27, 12), (30, 8), (33, 16), (1, 11), (20, 9), (4, 10), (27, 5), (32, 1), (30, 1), (27, 14), (30, 10), (10, 16), (1, 13), (25, 14), (6, 12), (20, 11), (23, 16), (12, 16), (4, 12), (27, 7), (30, 3), (27, 16), (30, 12), (25, 16), (31, 4), (29, 16), (6, 14), (21, 12), (23, 9), (4, 14), (34, 15), (27, 9), (30, 5), (33, 4), (30, 14), (25, 9), (32, 8), (2, 7), (2, 16), (31, 6), (6, 16), (4, 7), (34, 8), (27, 2), (28, 1), (4, 16), (27, 11), (30, 16), (19, 16), (8, 16), (32, 10)]",128,0,128
138,"(6, 11)","(6, 12)",South,"[((6, 10), 'South', 1)]","['(6, 11)', '(3, 10)', '(19, 12)', '(19, 11)', '(26, 2)', '(31, 4)', '(29, 6)', '(29, 10)', '(33, 16)']","['(6, 10)', '(3, 10)', '(19, 12)', '(19, 11)', '(26, 2)', '(31, 4)', '(29, 6)', '(29, 10)', '(33, 16)']","[(34, 1), (21, 16), (4, 9), (34, 10), (27, 4), (27, 13), (30, 9), (32, 12), (1, 15), (26, 14), (6, 11), (21, 9), (34, 3), (34, 12), (27, 6), (11, 16), (32, 14), (1, 8), (26, 16), (15, 16), (6, 13), (34, 14), (22, 12), (27, 8), (30, 4), (28, 16), (30, 13), (17, 16), (5, 14), (33, 6), (32, 16), (24, 12), (26, 9), (25, 11), (1, 10), (31, 8), (34, 7), (27, 1), (34, 16), (30, 6), (5, 16), (33, 8), (1, 12), (26, 11), (31, 1), (18, 16), (7, 16), (31, 10), (20, 10), (22, 16), (4, 11), (33, 1), (9, 16), (33, 10), (24, 16), (13, 16), (25, 15), (1, 14), (31, 3), (34, 2), (31, 12), (34, 11), (22, 9), (20, 12), (4, 13), (32, 4), (33, 12), (24, 9), (1, 7), (1, 16), (34, 4), (31, 14), (3, 7), (14, 16), (3, 16), (32, 6), (33, 14), (24, 11), (1, 9), (29, 1), (16, 16), (34, 6), (31, 16), (20, 16), (23, 12), (4, 8), (27, 3), (27, 12), (30, 8), (33, 16), (1, 11), (20, 9), (4, 10), (27, 5), (32, 1), (30, 1), (27, 14), (30, 10), (10, 16), (1, 13), (25, 14), (6, 12), (20, 11), (23, 16), (12, 16), (4, 12), (27, 7), (30, 3), (27, 16), (30, 12), (25, 16), (31, 4), (29, 16), (6, 14), (21, 12), (23, 9), (4, 14), (34, 15), (27, 9), (30, 5), (33, 4), (30, 14), (25, 9), (32, 8), (2, 7), (2, 16), (31, 6), (6, 16), (4, 7), (34, 8), (27, 2), (28, 1), (4, 16), (27, 11), (30, 16), (19, 16), (8, 16), (32, 10)]",129,0,129
139,"(6, 10)","(6, 11)",South,"[((6, 9), 'South', 1)]","['(6, 10)', '(3, 10)', '(19, 12)', '(19, 11)', '(26, 2)', '(31, 4)', '(29, 6)', '(29, 10)', '(33, 16)']","['(6, 9)', '(3, 10)', '(19, 12)', '(19, 11)', '(26, 2)', '(31, 4)', '(29, 6)', '(29, 10)', '(33, 16)']","[(34, 1), (21, 16), (4, 9), (34, 10), (27, 4), (27, 13), (30, 9), (32, 12), (1, 15), (26, 14), (6, 11), (21, 9), (34, 3), (34, 12), (27, 6), (11, 16), (32, 14), (1, 8), (26, 16), (15, 16), (6, 13), (34, 14), (22, 12), (27, 8), (30, 4), (28, 16), (30, 13), (17, 16), (5, 14), (33, 6), (32, 16), (24, 12), (26, 9), (25, 11), (1, 10), (31, 8), (34, 7), (27, 1), (34, 16), (30, 6), (5, 16), (33, 8), (1, 12), (26, 11), (31, 1), (18, 16), (7, 16), (31, 10), (20, 10), (22, 16), (4, 11), (33, 1), (9, 16), (33, 10), (24, 16), (13, 16), (25, 15), (1, 14), (31, 3), (34, 2), (31, 12), (34, 11), (22, 9), (20, 12), (4, 13), (32, 4), (33, 12), (24, 9), (1, 7), (1, 16), (34, 4), (31, 14), (3, 7), (14, 16), (3, 16), (32, 6), (33, 14), (24, 11), (1, 9), (29, 1), (16, 16), (34, 6), (31, 16), (20, 16), (23, 12), (4, 8), (27, 3), (27, 12), (30, 8), (33, 16), (1, 11), (6, 10), (20, 9), (4, 10), (27, 5), (32, 1), (30, 1), (27, 14), (30, 10), (10, 16), (1, 13), (25, 14), (6, 12), (20, 11), (23, 16), (12, 16), (4, 12), (27, 7), (30, 3), (27, 16), (30, 12), (25, 16), (31, 4), (29, 16), (6, 14), (21, 12), (23, 9), (4, 14), (34, 15), (27, 9), (30, 5), (33, 4), (30, 14), (25, 9), (32, 8), (2, 7), (2, 16), (31, 6), (6, 16), (4, 7), (34, 8), (27, 2), (28, 1), (4, 16), (27, 11), (30, 16), (19, 16), (8, 16), (32, 10)]",130,0,130
140,"(6, 9)","(6, 10)",South,"[((6, 8), 'South', 1)]","['(6, 9)', '(3, 10)', '(19, 12)', '(19, 11)', '(26, 2)', '(31, 4)', '(29, 6)', '(29, 10)', '(33, 16)']","['(6, 8)', '(3, 10)', '(19, 12)', '(19, 11)', '(26, 2)', '(31, 4)', '(29, 6)', '(29, 10)', '(33, 16)']","[(34, 1), (21, 16), (4, 9), (34, 10), (27, 4), (27, 13), (30, 9), (32, 12), (1, 15), (26, 14), (6, 11), (21, 9), (34, 3), (34, 12), (27, 6), (11, 16), (32, 14), (1, 8), (26, 16), (15, 16), (6, 13), (34, 14), (22, 12), (27, 8), (30, 4), (28, 16), (30, 13), (17, 16), (5, 14), (33, 6), (32, 16), (24, 12), (26, 9), (25, 11), (1, 10), (31, 8), (34, 7), (27, 1), (34, 16), (30, 6), (5, 16), (33, 8), (1, 12), (26, 11), (31, 1), (18, 16), (7, 16), (31, 10), (20, 10), (22, 16), (4, 11), (33, 1), (9, 16), (33, 10), (24, 16), (13, 16), (25, 15), (1, 14), (31, 3), (34, 2), (31, 12), (34, 11), (22, 9), (20, 12), (4, 13), (32, 4), (33, 12), (24, 9), (1, 7), (1, 16), (34, 4), (31, 14), (3, 7), (14, 16), (3, 16), (32, 6), (33, 14), (24, 11), (1, 9), (29, 1), (16, 16), (34, 6), (31, 16), (20, 16), (23, 12), (4, 8), (27, 3), (27, 12), (30, 8), (33, 16), (1, 11), (6, 10), (20, 9), (4, 10), (27, 5), (32, 1), (30, 1), (27, 14), (30, 10), (10, 16), (1, 13), (25, 14), (6, 12), (20, 11), (23, 16), (12, 16), (4, 12), (27, 7), (30, 3), (27, 16), (30, 12), (25, 16), (31, 4), (29, 16), (6, 14), (21, 12), (23, 9), (4, 14), (34, 15), (27, 9), (30, 5), (33, 4), (30, 14), (25, 9), (32, 8), (2, 7), (2, 16), (31, 6), (6, 16), (4, 7), (34, 8), (27, 2), (28, 1), (4, 16), (27, 11), (30, 16), (19, 16), (8, 16), (32, 10), (6, 9)]",131,0,131
141,"(6, 8)","(6, 9)",South,"[((7, 8), 'East', 1)]","['(6, 8)', '(3, 10)', '(19, 12)', '(19, 11)', '(26, 2)', '(31, 4)', '(29, 6)', '(29, 10)', '(33, 16)']","['(7, 8)', '(3, 10)', '(19, 12)', '(19, 11)', '(26, 2)', '(31, 4)', '(29, 6)', '(29, 10)', '(33, 16)']","[(34, 1), (21, 16), (4, 9), (34, 10), (27, 4), (27, 13), (30, 9), (32, 12), (1, 15), (26, 14), (6, 11), (21, 9), (34, 3), (34, 12), (27, 6), (11, 16), (32, 14), (1, 8), (26, 16), (15, 16), (6, 13), (34, 14), (22, 12), (27, 8), (30, 4), (28, 16), (30, 13), (17, 16), (5, 14), (33, 6), (32, 16), (24, 12), (26, 9), (25, 11), (1, 10), (31, 8), (34, 7), (27, 1), (34, 16), (30, 6), (5, 16), (33, 8), (1, 12), (26, 11), (31, 1), (18, 16), (7, 16), (31, 10), (20, 10), (22, 16), (4, 11), (33, 1), (9, 16), (33, 10), (24, 16), (13, 16), (25, 15), (1, 14), (31, 3), (34, 2), (31, 12), (34, 11), (22, 9), (20, 12), (4, 13), (32, 4), (33, 12), (24, 9), (1, 7), (1, 16), (34, 4), (31, 14), (3, 7), (14, 16), (3, 16), (32, 6), (33, 14), (24, 11), (1, 9), (29, 1), (16, 16), (6, 8), (34, 6), (31, 16), (20, 16), (23, 12), (4, 8), (27, 3), (27, 12), (30, 8), (33, 16), (1, 11), (6, 10), (20, 9), (4, 10), (27, 5), (32, 1), (30, 1), (27, 14), (30, 10), (10, 16), (1, 13), (25, 14), (6, 12), (20, 11), (23, 16), (12, 16), (4, 12), (27, 7), (30, 3), (27, 16), (30, 12), (25, 16), (31, 4), (29, 16), (6, 14), (21, 12), (23, 9), (4, 14), (34, 15), (27, 9), (30, 5), (33, 4), (30, 14), (25, 9), (32, 8), (2, 7), (2, 16), (31, 6), (6, 16), (4, 7), (34, 8), (27, 2), (28, 1), (4, 16), (27, 11), (30, 16), (19, 16), (8, 16), (32, 10), (6, 9)]",132,0,132
142,"(7, 8)","(6, 8)",East,"[((8, 8), 'East', 1)]","['(7, 8)', '(3, 10)', '(19, 12)', '(19, 11)', '(26, 2)', '(31, 4)', '(29, 6)', '(29, 10)', '(33, 16)']","['(8, 8)', '(3, 10)', '(19, 12)', '(19, 11)', '(26, 2)', '(31, 4)', '(29, 6)', '(29, 10)', '(33, 16)']","[(34, 1), (21, 16), (4, 9), (34, 10), (27, 4), (27, 13), (30, 9), (32, 12), (1, 15), (26, 14), (6, 11), (21, 9), (34, 3), (34, 12), (27, 6), (11, 16), (32, 14), (1, 8), (26, 16), (15, 16), (6, 13), (34, 14), (22, 12), (27, 8), (30, 4), (28, 16), (30, 13), (17, 16), (5, 14), (33, 6), (32, 16), (24, 12), (26, 9), (25, 11), (1, 10), (31, 8), (34, 7), (27, 1), (34, 16), (30, 6), (5, 16), (33, 8), (1, 12), (26, 11), (31, 1), (18, 16), (7, 16), (31, 10), (20, 10), (22, 16), (4, 11), (33, 1), (9, 16), (33, 10), (24, 16), (13, 16), (25, 15), (1, 14), (31, 3), (34, 2), (31, 12), (34, 11), (22, 9), (20, 12), (4, 13), (32, 4), (33, 12), (24, 9), (1, 7), (1, 16), (34, 4), (31, 14), (3, 7), (14, 16), (3, 16), (32, 6), (33, 14), (24, 11), (1, 9), (29, 1), (16, 16), (6, 8), (34, 6), (31, 16), (20, 16), (23, 12), (4, 8), (27, 3), (27, 12), (30, 8), (33, 16), (1, 11), (6, 10), (20, 9), (4, 10), (27, 5), (32, 1), (30, 1), (27, 14), (30, 10), (10, 16), (1, 13), (25, 14), (6, 12), (20, 11), (23, 16), (12, 16), (4, 12), (27, 7), (30, 3), (27, 16), (30, 12), (25, 16), (31, 4), (29, 16), (6, 14), (21, 12), (23, 9), (4, 14), (34, 15), (27, 9), (30, 5), (33, 4), (30, 14), (25, 9), (32, 8), (2, 7), (2, 16), (31, 6), (6, 16), (4, 7), (34, 8), (27, 2), (28, 1), (4, 16), (27, 11), (30, 16), (19, 16), (8, 16), (32, 10), (6, 9), (7, 8)]",133,0,133
143,"(8, 8)","(7, 8)",East,"[((8, 9), 'North', 1)]","['(8, 8)', '(3, 10)', '(19, 12)', '(19, 11)', '(26, 2)', '(31, 4)', '(29, 6)', '(29, 10)', '(33, 16)']","['(8, 9)', '(3, 10)', '(19, 12)', '(19, 11)', '(26, 2)', '(31, 4)', '(29, 6)', '(29, 10)', '(33, 16)']","[(34, 1), (21, 16), (4, 9), (34, 10), (27, 4), (27, 13), (30, 9), (32, 12), (1, 15), (26, 14), (6, 11), (21, 9), (34, 3), (34, 12), (27, 6), (11, 16), (32, 14), (1, 8), (26, 16), (15, 16), (6, 13), (34, 14), (22, 12), (27, 8), (30, 4), (28, 16), (30, 13), (17, 16), (5, 14), (33, 6), (32, 16), (24, 12), (26, 9), (25, 11), (1, 10), (31, 8), (34, 7), (27, 1), (34, 16), (30, 6), (5, 16), (33, 8), (1, 12), (26, 11), (31, 1), (18, 16), (7, 16), (31, 10), (20, 10), (22, 16), (4, 11), (33, 1), (9, 16), (33, 10), (24, 16), (13, 16), (25, 15), (1, 14), (31, 3), (34, 2), (31, 12), (34, 11), (22, 9), (20, 12), (4, 13), (32, 4), (33, 12), (24, 9), (1, 7), (1, 16), (34, 4), (31, 14), (3, 7), (14, 16), (3, 16), (32, 6), (33, 14), (24, 11), (1, 9), (29, 1), (16, 16), (6, 8), (34, 6), (31, 16), (20, 16), (23, 12), (4, 8), (27, 3), (27, 12), (30, 8), (8, 8), (33, 16), (1, 11), (6, 10), (20, 9), (4, 10), (27, 5), (32, 1), (30, 1), (27, 14), (30, 10), (10, 16), (1, 13), (25, 14), (6, 12), (20, 11), (23, 16), (12, 16), (4, 12), (27, 7), (30, 3), (27, 16), (30, 12), (25, 16), (31, 4), (29, 16), (6, 14), (21, 12), (23, 9), (4, 14), (34, 15), (27, 9), (30, 5), (33, 4), (30, 14), (25, 9), (32, 8), (2, 7), (2, 16), (31, 6), (6, 16), (4, 7), (34, 8), (27, 2), (28, 1), (4, 16), (27, 11), (30, 16), (19, 16), (8, 16), (32, 10), (6, 9), (7, 8)]",134,0,134
144,"(8, 9)","(8, 8)",North,"[((8, 10), 'North', 1)]","['(8, 9)', '(3, 10)', '(19, 12)', '(19, 11)', '(26, 2)', '(31, 4)', '(29, 6)', '(29, 10)', '(33, 16)']","['(8, 10)', '(3, 10)', '(19, 12)', '(19, 11)', '(26, 2)', '(31, 4)', '(29, 6)', '(29, 10)', '(33, 16)']","[(34, 1), (21, 16), (4, 9), (34, 10), (27, 4), (27, 13), (30, 9), (8, 9), (32, 12), (1, 15), (26, 14), (6, 11), (21, 9), (34, 3), (34, 12), (27, 6), (11, 16), (32, 14), (1, 8), (26, 16), (15, 16), (6, 13), (34, 14), (22, 12), (27, 8), (30, 4), (28, 16), (30, 13), (17, 16), (5, 14), (33, 6), (32, 16), (24, 12), (26, 9), (25, 11), (1, 10), (31, 8), (34, 7), (27, 1), (34, 16), (30, 6), (5, 16), (33, 8), (1, 12), (26, 11), (31, 1), (18, 16), (7, 16), (31, 10), (20, 10), (22, 16), (4, 11), (33, 1), (9, 16), (33, 10), (24, 16), (13, 16), (25, 15), (1, 14), (31, 3), (34, 2), (31, 12), (34, 11), (22, 9), (20, 12), (4, 13), (32, 4), (33, 12), (24, 9), (1, 7), (1, 16), (34, 4), (31, 14), (3, 7), (14, 16), (3, 16), (32, 6), (33, 14), (24, 11), (1, 9), (29, 1), (16, 16), (6, 8), (34, 6), (31, 16), (20, 16), (23, 12), (4, 8), (27, 3), (27, 12), (30, 8), (8, 8), (33, 16), (1, 11), (6, 10), (20, 9), (4, 10), (27, 5), (32, 1), (30, 1), (27, 14), (30, 10), (10, 16), (1, 13), (25, 14), (6, 12), (20, 11), (23, 16), (12, 16), (4, 12), (27, 7), (30, 3), (27, 16), (30, 12), (25, 16), (31, 4), (29, 16), (6, 14), (21, 12), (23, 9), (4, 14), (34, 15), (27, 9), (30, 5), (33, 4), (30, 14), (25, 9), (32, 8), (2, 7), (2, 16), (31, 6), (6, 16), (4, 7), (34, 8), (27, 2), (28, 1), (4, 16), (27, 11), (30, 16), (19, 16), (8, 16), (32, 10), (6, 9), (7, 8)]",135,0,135
145,"(8, 10)","(8, 9)",North,"[((8, 11), 'North', 1)]","['(8, 10)', '(3, 10)', '(19, 12)', '(19, 11)', '(26, 2)', '(31, 4)', '(29, 6)', '(29, 10)', '(33, 16)']","['(8, 11)', '(3, 10)', '(19, 12)', '(19, 11)', '(26, 2)', '(31, 4)', '(29, 6)', '(29, 10)', '(33, 16)']","[(34, 1), (21, 16), (4, 9), (34, 10), (27, 4), (27, 13), (30, 9), (8, 9), (32, 12), (1, 15), (26, 14), (6, 11), (21, 9), (34, 3), (34, 12), (27, 6), (11, 16), (32, 14), (1, 8), (26, 16), (15, 16), (6, 13), (34, 14), (22, 12), (27, 8), (30, 4), (28, 16), (30, 13), (17, 16), (5, 14), (33, 6), (32, 16), (24, 12), (26, 9), (25, 11), (1, 10), (31, 8), (34, 7), (27, 1), (34, 16), (30, 6), (5, 16), (33, 8), (1, 12), (26, 11), (31, 1), (18, 16), (7, 16), (31, 10), (20, 10), (22, 16), (4, 11), (33, 1), (9, 16), (33, 10), (24, 16), (13, 16), (25, 15), (1, 14), (31, 3), (34, 2), (31, 12), (34, 11), (22, 9), (20, 12), (4, 13), (32, 4), (33, 12), (24, 9), (1, 7), (1, 16), (34, 4), (31, 14), (3, 7), (14, 16), (3, 16), (32, 6), (33, 14), (24, 11), (1, 9), (29, 1), (16, 16), (6, 8), (34, 6), (31, 16), (20, 16), (23, 12), (4, 8), (27, 3), (27, 12), (30, 8), (8, 8), (33, 16), (1, 11), (6, 10), (20, 9), (4, 10), (27, 5), (32, 1), (30, 1), (27, 14), (30, 10), (8, 10), (10, 16), (1, 13), (25, 14), (6, 12), (20, 11), (23, 16), (12, 16), (4, 12), (27, 7), (30, 3), (27, 16), (30, 12), (25, 16), (31, 4), (29, 16), (6, 14), (21, 12), (23, 9), (4, 14), (34, 15), (27, 9), (30, 5), (33, 4), (30, 14), (25, 9), (32, 8), (2, 7), (2, 16), (31, 6), (6, 16), (4, 7), (34, 8), (27, 2), (28, 1), (4, 16), (27, 11), (30, 16), (19, 16), (8, 16), (32, 10), (6, 9), (7, 8)]",136,0,136
146,"(8, 11)","(8, 10)",North,"[((8, 12), 'North', 1)]","['(8, 11)', '(3, 10)', '(19, 12)', '(19, 11)', '(26, 2)', '(31, 4)', '(29, 6)', '(29, 10)', '(33, 16)']","['(8, 12)', '(3, 10)', '(19, 12)', '(19, 11)', '(26, 2)', '(31, 4)', '(29, 6)', '(29, 10)', '(33, 16)']","[(34, 1), (21, 16), (4, 9), (34, 10), (27, 4), (27, 13), (30, 9), (8, 9), (32, 12), (1, 15), (26, 14), (6, 11), (21, 9), (34, 3), (34, 12), (27, 6), (8, 11), (11, 16), (32, 14), (1, 8), (26, 16), (15, 16), (6, 13), (34, 14), (22, 12), (27, 8), (30, 4), (28, 16), (30, 13), (17, 16), (5, 14), (33, 6), (32, 16), (24, 12), (26, 9), (25, 11), (1, 10), (31, 8), (34, 7), (27, 1), (34, 16), (30, 6), (5, 16), (33, 8), (1, 12), (26, 11), (31, 1), (18, 16), (7, 16), (31, 10), (20, 10), (22, 16), (4, 11), (33, 1), (9, 16), (33, 10), (24, 16), (13, 16), (25, 15), (1, 14), (31, 3), (34, 2), (31, 12), (34, 11), (22, 9), (20, 12), (4, 13), (32, 4), (33, 12), (24, 9), (1, 7), (1, 16), (34, 4), (31, 14), (3, 7), (14, 16), (3, 16), (32, 6), (33, 14), (24, 11), (1, 9), (29, 1), (16, 16), (6, 8), (34, 6), (31, 16), (20, 16), (23, 12), (4, 8), (27, 3), (27, 12), (30, 8), (8, 8), (33, 16), (1, 11), (6, 10), (20, 9), (4, 10), (27, 5), (32, 1), (30, 1), (27, 14), (30, 10), (8, 10), (10, 16), (1, 13), (25, 14), (6, 12), (20, 11), (23, 16), (12, 16), (4, 12), (27, 7), (30, 3), (27, 16), (30, 12), (25, 16), (31, 4), (29, 16), (6, 14), (21, 12), (23, 9), (4, 14), (34, 15), (27, 9), (30, 5), (33, 4), (30, 14), (25, 9), (32, 8), (2, 7), (2, 16), (31, 6), (6, 16), (4, 7), (34, 8), (27, 2), (28, 1), (4, 16), (27, 11), (30, 16), (19, 16), (8, 16), (32, 10), (6, 9), (7, 8)]",137,0,137
147,"(8, 12)","(8, 11)",North,"[((8, 13), 'North', 1)]","['(8, 12)', '(3, 10)', '(19, 12)', '(19, 11)', '(26, 2)', '(31, 4)', '(29, 6)', '(29, 10)', '(33, 16)']","['(8, 13)', '(3, 10)', '(19, 12)', '(19, 11)', '(26, 2)', '(31, 4)', '(29, 6)', '(29, 10)', '(33, 16)']","[(34, 1), (21, 16), (4, 9), (34, 10), (27, 4), (27, 13), (30, 9), (8, 9), (32, 12), (1, 15), (26, 14), (6, 11), (21, 9), (34, 3), (34, 12), (27, 6), (8, 11), (11, 16), (32, 14), (1, 8), (26, 16), (15, 16), (6, 13), (34, 14), (22, 12), (27, 8), (30, 4), (28, 16), (30, 13), (17, 16), (5, 14), (33, 6), (32, 16), (24, 12), (26, 9), (25, 11), (1, 10), (31, 8), (34, 7), (27, 1), (34, 16), (30, 6), (5, 16), (33, 8), (1, 12), (26, 11), (31, 1), (18, 16), (7, 16), (31, 10), (20, 10), (22, 16), (4, 11), (33, 1), (9, 16), (33, 10), (24, 16), (13, 16), (25, 15), (1, 14), (31, 3), (34, 2), (31, 12), (34, 11), (22, 9), (20, 12), (4, 13), (32, 4), (33, 12), (24, 9), (1, 7), (1, 16), (34, 4), (31, 14), (3, 7), (14, 16), (3, 16), (32, 6), (33, 14), (24, 11), (1, 9), (29, 1), (16, 16), (6, 8), (34, 6), (31, 16), (20, 16), (23, 12), (4, 8), (27, 3), (27, 12), (30, 8), (8, 8), (33, 16), (1, 11), (6, 10), (20, 9), (4, 10), (27, 5), (32, 1), (30, 1), (27, 14), (30, 10), (8, 10), (10, 16), (1, 13), (25, 14), (6, 12), (20, 11), (23, 16), (12, 16), (4, 12), (27, 7), (30, 3), (27, 16), (30, 12), (8, 12), (25, 16), (31, 4), (29, 16), (6, 14), (21, 12), (23, 9), (4, 14), (34, 15), (27, 9), (30, 5), (33, 4), (30, 14), (25, 9), (32, 8), (2, 7), (2, 16), (31, 6), (6, 16), (4, 7), (34, 8), (27, 2), (28, 1), (4, 16), (27, 11), (30, 16), (19, 16), (8, 16), (32, 10), (6, 9), (7, 8)]",138,0,138
148,"(8, 13)","(8, 12)",North,"[((8, 14), 'North', 1)]","['(8, 13)', '(3, 10)', '(19, 12)', '(19, 11)', '(26, 2)', '(31, 4)', '(29, 6)', '(29, 10)', '(33, 16)']","['(8, 14)', '(3, 10)', '(19, 12)', '(19, 11)', '(26, 2)', '(31, 4)', '(29, 6)', '(29, 10)', '(33, 16)']","[(34, 1), (21, 16), (4, 9), (34, 10), (27, 4), (27, 13), (30, 9), (8, 9), (32, 12), (1, 15), (26, 14), (6, 11), (21, 9), (34, 3), (34, 12), (27, 6), (8, 11), (11, 16), (32, 14), (1, 8), (26, 16), (15, 16), (6, 13), (34, 14), (22, 12), (27, 8), (30, 4), (28, 16), (30, 13), (17, 16), (5, 14), (33, 6), (32, 16), (24, 12), (26, 9), (25, 11), (1, 10), (31, 8), (34, 7), (27, 1), (34, 16), (30, 6), (5, 16), (33, 8), (1, 12), (26, 11), (31, 1), (18, 16), (7, 16), (31, 10), (20, 10), (22, 16), (4, 11), (33, 1), (9, 16), (33, 10), (24, 16), (13, 16), (25, 15), (1, 14), (31, 3), (34, 2), (31, 12), (34, 11), (22, 9), (20, 12), (4, 13), (32, 4), (8, 13), (33, 12), (24, 9), (1, 7), (1, 16), (34, 4), (31, 14), (3, 7), (14, 16), (3, 16), (32, 6), (33, 14), (24, 11), (1, 9), (29, 1), (16, 16), (6, 8), (34, 6), (31, 16), (20, 16), (23, 12), (4, 8), (27, 3), (27, 12), (30, 8), (8, 8), (33, 16), (1, 11), (6, 10), (20, 9), (4, 10), (27, 5), (32, 1), (30, 1), (27, 14), (30, 10), (8, 10), (10, 16), (1, 13), (25, 14), (6, 12), (20, 11), (23, 16), (12, 16), (4, 12), (27, 7), (30, 3), (27, 16), (30, 12), (8, 12), (25, 16), (31, 4), (29, 16), (6, 14), (21, 12), (23, 9), (4, 14), (34, 15), (27, 9), (30, 5), (33, 4), (30, 14), (25, 9), (32, 8), (2, 7), (2, 16), (31, 6), (6, 16), (4, 7), (34, 8), (27, 2), (28, 1), (4, 16), (27, 11), (30, 16), (19, 16), (8, 16), (32, 10), (6, 9), (7, 8)]",139,0,139
149,"(8, 14)","(8, 13)",North,"[((9, 14), 'East', 1)]","['(8, 14)', '(3, 10)', '(19, 12)', '(19, 11)', '(26, 2)', '(31, 4)', '(29, 6)', '(29, 10)', '(33, 16)']","['(9, 14)', '(3, 10)', '(19, 12)', '(19, 11)', '(26, 2)', '(31, 4)', '(29, 6)', '(29, 10)', '(33, 16)']","[(34, 1), (21, 16), (4, 9), (34, 10), (27, 4), (27, 13), (30, 9), (8, 9), (32, 12), (1, 15), (26, 14), (6, 11), (21, 9), (34, 3), (34, 12), (27, 6), (8, 11), (11, 16), (32, 14), (1, 8), (26, 16), (15, 16), (6, 13), (34, 14), (22, 12), (27, 8), (30, 4), (28, 16), (30, 13), (17, 16), (5, 14), (33, 6), (32, 16), (24, 12), (26, 9), (25, 11), (1, 10), (31, 8), (34, 7), (27, 1), (34, 16), (30, 6), (5, 16), (33, 8), (1, 12), (26, 11), (31, 1), (18, 16), (7, 16), (31, 10), (20, 10), (22, 16), (4, 11), (33, 1), (9, 16), (33, 10), (24, 16), (13, 16), (25, 15), (1, 14), (31, 3), (34, 2), (31, 12), (34, 11), (22, 9), (20, 12), (4, 13), (32, 4), (8, 13), (33, 12), (24, 9), (1, 7), (1, 16), (34, 4), (31, 14), (3, 7), (14, 16), (3, 16), (32, 6), (33, 14), (24, 11), (1, 9), (29, 1), (16, 16), (6, 8), (34, 6), (31, 16), (20, 16), (23, 12), (4, 8), (27, 3), (27, 12), (30, 8), (8, 8), (33, 16), (1, 11), (6, 10), (20, 9), (4, 10), (27, 5), (32, 1), (30, 1), (27, 14), (30, 10), (8, 10), (10, 16), (1, 13), (25, 14), (6, 12), (20, 11), (23, 16), (12, 16), (4, 12), (27, 7), (30, 3), (27, 16), (30, 12), (8, 12), (25, 16), (31, 4), (29, 16), (6, 14), (21, 12), (23, 9), (4, 14), (34, 15), (27, 9), (30, 5), (33, 4), (30, 14), (8, 14), (25, 9), (32, 8), (2, 7), (2, 16), (31, 6), (6, 16), (4, 7), (34, 8), (27, 2), (28, 1), (4, 16), (27, 11), (30, 16), (19, 16), (8, 16), (32, 10), (6, 9), (7, 8)]",140,0,140
150,"(9, 14)","(8, 14)",East,"[((10, 14), 'East', 1)]","['(9, 14)', '(3, 10)', '(19, 12)', '(19, 11)', '(26, 2)', '(31, 4)', '(29, 6)', '(29, 10)', '(33, 16)']","['(10, 14)', '(3, 10)', '(19, 12)', '(19, 11)', '(26, 2)', '(31, 4)', '(29, 6)', '(29, 10)', '(33, 16)']","[(34, 1), (21, 16), (4, 9), (34, 10), (27, 4), (27, 13), (30, 9), (8, 9), (32, 12), (1, 15), (26, 14), (6, 11), (21, 9), (34, 3), (34, 12), (27, 6), (8, 11), (11, 16), (32, 14), (1, 8), (26, 16), (15, 16), (6, 13), (34, 14), (22, 12), (27, 8), (30, 4), (28, 16), (30, 13), (17, 16), (5, 14), (33, 6), (32, 16), (24, 12), (26, 9), (25, 11), (1, 10), (31, 8), (34, 7), (27, 1), (34, 16), (30, 6), (5, 16), (9, 14), (33, 8), (1, 12), (26, 11), (31, 1), (18, 16), (7, 16), (31, 10), (20, 10), (22, 16), (4, 11), (33, 1), (9, 16), (33, 10), (24, 16), (13, 16), (25, 15), (1, 14), (31, 3), (34, 2), (31, 12), (34, 11), (22, 9), (20, 12), (4, 13), (32, 4), (8, 13), (33, 12), (24, 9), (1, 7), (1, 16), (34, 4), (31, 14), (3, 7), (14, 16), (3, 16), (32, 6), (33, 14), (24, 11), (1, 9), (29, 1), (16, 16), (6, 8), (34, 6), (31, 16), (20, 16), (23, 12), (4, 8), (27, 3), (27, 12), (30, 8), (8, 8), (33, 16), (1, 11), (6, 10), (20, 9), (4, 10), (27, 5), (32, 1), (30, 1), (27, 14), (30, 10), (8, 10), (10, 16), (1, 13), (25, 14), (6, 12), (20, 11), (23, 16), (12, 16), (4, 12), (27, 7), (30, 3), (27, 16), (30, 12), (8, 12), (25, 16), (31, 4), (29, 16), (6, 14), (21, 12), (23, 9), (4, 14), (34, 15), (27, 9), (30, 5), (33, 4), (30, 14), (8, 14), (25, 9), (32, 8), (2, 7), (2, 16), (31, 6), (6, 16), (4, 7), (34, 8), (27, 2), (28, 1), (4, 16), (27, 11), (30, 16), (19, 16), (8, 16), (32, 10), (6, 9), (7, 8)]",141,0,141
151,"(10, 14)","(9, 14)",East,"[((10, 13), 'South', 1)]","['(10, 14)', '(3, 10)', '(19, 12)', '(19, 11)', '(26, 2)', '(31, 4)', '(29, 6)', '(29, 10)', '(33, 16)']","['(10, 13)', '(3, 10)', '(19, 12)', '(19, 11)', '(26, 2)', '(31, 4)', '(29, 6)', '(29, 10)', '(33, 16)']","[(34, 1), (21, 16), (4, 9), (34, 10), (27, 4), (27, 13), (30, 9), (8, 9), (32, 12), (1, 15), (26, 14), (6, 11), (21, 9), (34, 3), (34, 12), (27, 6), (8, 11), (11, 16), (32, 14), (1, 8), (26, 16), (15, 16), (6, 13), (34, 14), (22, 12), (27, 8), (30, 4), (28, 16), (30, 13), (17, 16), (5, 14), (33, 6), (32, 16), (24, 12), (26, 9), (25, 11), (1, 10), (31, 8), (34, 7), (27, 1), (34, 16), (30, 6), (5, 16), (9, 14), (33, 8), (1, 12), (26, 11), (31, 1), (18, 16), (7, 16), (31, 10), (20, 10), (22, 16), (4, 11), (33, 1), (9, 16), (33, 10), (24, 16), (13, 16), (25, 15), (1, 14), (31, 3), (34, 2), (31, 12), (34, 11), (22, 9), (20, 12), (4, 13), (32, 4), (8, 13), (33, 12), (24, 9), (1, 7), (1, 16), (34, 4), (31, 14), (3, 7), (14, 16), (3, 16), (32, 6), (33, 14), (24, 11), (1, 9), (29, 1), (16, 16), (6, 8), (34, 6), (31, 16), (20, 16), (23, 12), (4, 8), (27, 3), (27, 12), (30, 8), (8, 8), (33, 16), (1, 11), (10, 14), (6, 10), (20, 9), (4, 10), (27, 5), (32, 1), (30, 1), (27, 14), (30, 10), (8, 10), (10, 16), (1, 13), (25, 14), (6, 12), (20, 11), (23, 16), (12, 16), (4, 12), (27, 7), (30, 3), (27, 16), (30, 12), (8, 12), (25, 16), (31, 4), (29, 16), (6, 14), (21, 12), (23, 9), (4, 14), (34, 15), (27, 9), (30, 5), (33, 4), (30, 14), (8, 14), (25, 9), (32, 8), (2, 7), (2, 16), (31, 6), (6, 16), (4, 7), (34, 8), (27, 2), (28, 1), (4, 16), (27, 11), (30, 16), (19, 16), (8, 16), (32, 10), (6, 9), (7, 8)]",142,0,142
152,"(10, 13)","(10, 14)",South,"[((10, 12), 'South', 1)]","['(10, 13)', '(3, 10)', '(19, 12)', '(19, 11)', '(26, 2)', '(31, 4)', '(29, 6)', '(29, 10)', '(33, 16)']","['(10, 12)', '(3, 10)', '(19, 12)', '(19, 11)', '(26, 2)', '(31, 4)', '(29, 6)', '(29, 10)', '(33, 16)']","[(34, 1), (21, 16), (4, 9), (34, 10), (27, 4), (27, 13), (30, 9), (8, 9), (32, 12), (1, 15), (26, 14), (6, 11), (21, 9), (34, 3), (34, 12), (27, 6), (8, 11), (11, 16), (32, 14), (1, 8), (26, 16), (15, 16), (6, 13), (34, 14), (22, 12), (27, 8), (30, 4), (28, 16), (30, 13), (17, 16), (5, 14), (33, 6), (32, 16), (24, 12), (26, 9), (25, 11), (1, 10), (31, 8), (34, 7), (27, 1), (34, 16), (30, 6), (5, 16), (9, 14), (33, 8), (1, 12), (26, 11), (31, 1), (18, 16), (7, 16), (31, 10), (20, 10), (22, 16), (4, 11), (33, 1), (9, 16), (33, 10), (24, 16), (13, 16), (25, 15), (1, 14), (31, 3), (34, 2), (31, 12), (34, 11), (22, 9), (20, 12), (4, 13), (32, 4), (8, 13), (33, 12), (24, 9), (1, 7), (1, 16), (34, 4), (31, 14), (3, 7), (14, 16), (3, 16), (32, 6), (33, 14), (24, 11), (1, 9), (29, 1), (16, 16), (6, 8), (34, 6), (31, 16), (20, 16), (23, 12), (4, 8), (27, 3), (27, 12), (30, 8), (8, 8), (33, 16), (1, 11), (10, 14), (6, 10), (20, 9), (4, 10), (27, 5), (32, 1), (30, 1), (27, 14), (30, 10), (8, 10), (10, 16), (1, 13), (25, 14), (6, 12), (20, 11), (23, 16), (12, 16), (4, 12), (27, 7), (30, 3), (27, 16), (30, 12), (8, 12), (25, 16), (31, 4), (29, 16), (6, 14), (21, 12), (23, 9), (4, 14), (34, 15), (27, 9), (30, 5), (33, 4), (30, 14), (8, 14), (25, 9), (32, 8), (2, 7), (2, 16), (31, 6), (6, 16), (4, 7), (34, 8), (27, 2), (28, 1), (4, 16), (27, 11), (30, 16), (19, 16), (8, 16), (10, 13), (32, 10), (6, 9), (7, 8)]",143,0,143
153,"(10, 12)","(10, 13)",South,"[((10, 11), 'South', 1)]","['(10, 12)', '(3, 10)', '(19, 12)', '(19, 11)', '(26, 2)', '(31, 4)', '(29, 6)', '(29, 10)', '(33, 16)']","['(10, 11)', '(3, 10)', '(19, 12)', '(19, 11)', '(26, 2)', '(31, 4)', '(29, 6)', '(29, 10)', '(33, 16)']","[(34, 1), (21, 16), (4, 9), (34, 10), (27, 4), (27, 13), (30, 9), (8, 9), (32, 12), (1, 15), (26, 14), (6, 11), (21, 9), (34, 3), (34, 12), (27, 6), (8, 11), (11, 16), (32, 14), (1, 8), (26, 16), (15, 16), (6, 13), (34, 14), (22, 12), (27, 8), (30, 4), (28, 16), (30, 13), (17, 16), (5, 14), (33, 6), (32, 16), (24, 12), (26, 9), (25, 11), (1, 10), (31, 8), (34, 7), (27, 1), (34, 16), (30, 6), (5, 16), (9, 14), (33, 8), (1, 12), (26, 11), (31, 1), (18, 16), (7, 16), (31, 10), (20, 10), (22, 16), (4, 11), (33, 1), (9, 16), (33, 10), (24, 16), (13, 16), (25, 15), (1, 14), (31, 3), (34, 2), (31, 12), (34, 11), (22, 9), (20, 12), (4, 13), (32, 4), (8, 13), (33, 12), (24, 9), (1, 7), (1, 16), (34, 4), (31, 14), (3, 7), (14, 16), (3, 16), (32, 6), (33, 14), (24, 11), (1, 9), (10, 12), (29, 1), (16, 16), (6, 8), (34, 6), (31, 16), (20, 16), (23, 12), (4, 8), (27, 3), (27, 12), (30, 8), (8, 8), (33, 16), (1, 11), (10, 14), (6, 10), (20, 9), (4, 10), (27, 5), (32, 1), (30, 1), (27, 14), (30, 10), (8, 10), (10, 16), (1, 13), (25, 14), (6, 12), (20, 11), (23, 16), (12, 16), (4, 12), (27, 7), (30, 3), (27, 16), (30, 12), (8, 12), (25, 16), (31, 4), (29, 16), (6, 14), (21, 12), (23, 9), (4, 14), (34, 15), (27, 9), (30, 5), (33, 4), (30, 14), (8, 14), (25, 9), (32, 8), (2, 7), (2, 16), (31, 6), (6, 16), (4, 7), (34, 8), (27, 2), (28, 1), (4, 16), (27, 11), (30, 16), (19, 16), (8, 16), (10, 13), (32, 10), (6, 9), (7, 8)]",144,0,144
154,"(10, 11)","(10, 12)",South,"[((10, 10), 'South', 1)]","['(10, 11)', '(3, 10)', '(19, 12)', '(19, 11)', '(26, 2)', '(31, 4)', '(29, 6)', '(29, 10)', '(33, 16)']","['(10, 10)', '(3, 10)', '(19, 12)', '(19, 11)', '(26, 2)', '(31, 4)', '(29, 6)', '(29, 10)', '(33, 16)']","[(34, 1), (21, 16), (4, 9), (34, 10), (27, 4), (27, 13), (30, 9), (8, 9), (32, 12), (1, 15), (26, 14), (6, 11), (21, 9), (34, 3), (34, 12), (27, 6), (8, 11), (11, 16), (32, 14), (1, 8), (26, 16), (15, 16), (6, 13), (34, 14), (22, 12), (27, 8), (30, 4), (28, 16), (30, 13), (17, 16), (5, 14), (33, 6), (32, 16), (24, 12), (26, 9), (25, 11), (1, 10), (31, 8), (34, 7), (27, 1), (34, 16), (30, 6), (5, 16), (9, 14), (33, 8), (1, 12), (26, 11), (31, 1), (18, 16), (7, 16), (31, 10), (20, 10), (22, 16), (4, 11), (33, 1), (9, 16), (33, 10), (24, 16), (13, 16), (25, 15), (1, 14), (31, 3), (34, 2), (31, 12), (34, 11), (22, 9), (20, 12), (4, 13), (32, 4), (8, 13), (33, 12), (24, 9), (1, 7), (1, 16), (34, 4), (31, 14), (3, 7), (14, 16), (3, 16), (32, 6), (33, 14), (24, 11), (1, 9), (10, 12), (29, 1), (16, 16), (6, 8), (34, 6), (31, 16), (20, 16), (23, 12), (4, 8), (27, 3), (27, 12), (30, 8), (8, 8), (33, 16), (1, 11), (10, 14), (6, 10), (20, 9), (4, 10), (27, 5), (32, 1), (30, 1), (27, 14), (30, 10), (8, 10), (10, 16), (1, 13), (25, 14), (6, 12), (20, 11), (23, 16), (12, 16), (4, 12), (27, 7), (30, 3), (27, 16), (30, 12), (8, 12), (25, 16), (31, 4), (29, 16), (6, 14), (21, 12), (23, 9), (4, 14), (34, 15), (27, 9), (30, 5), (33, 4), (30, 14), (8, 14), (10, 11), (25, 9), (32, 8), (2, 7), (2, 16), (31, 6), (6, 16), (4, 7), (34, 8), (27, 2), (28, 1), (4, 16), (27, 11), (30, 16), (19, 16), (8, 16), (10, 13), (32, 10), (6, 9), (7, 8)]",145,0,145
155,"(10, 10)","(10, 11)",South,"[((11, 10), 'East', 1)]","['(10, 10)', '(3, 10)', '(19, 12)', '(19, 11)', '(26, 2)', '(31, 4)', '(29, 6)', '(29, 10)', '(33, 16)']","['(11, 10)', '(3, 10)', '(19, 12)', '(19, 11)', '(26, 2)', '(31, 4)', '(29, 6)', '(29, 10)', '(33, 16)']","[(34, 1), (21, 16), (4, 9), (34, 10), (27, 4), (27, 13), (30, 9), (8, 9), (32, 12), (1, 15), (26, 14), (6, 11), (21, 9), (34, 3), (34, 12), (27, 6), (8, 11), (11, 16), (32, 14), (1, 8), (26, 16), (15, 16), (6, 13), (34, 14), (22, 12), (27, 8), (30, 4), (28, 16), (30, 13), (17, 16), (5, 14), (33, 6), (32, 16), (24, 12), (26, 9), (25, 11), (1, 10), (31, 8), (34, 7), (27, 1), (34, 16), (30, 6), (5, 16), (9, 14), (33, 8), (1, 12), (26, 11), (31, 1), (18, 16), (7, 16), (31, 10), (20, 10), (22, 16), (4, 11), (33, 1), (9, 16), (33, 10), (24, 16), (13, 16), (25, 15), (1, 14), (31, 3), (34, 2), (31, 12), (34, 11), (22, 9), (20, 12), (4, 13), (32, 4), (8, 13), (33, 12), (24, 9), (1, 7), (10, 10), (1, 16), (34, 4), (31, 14), (3, 7), (14, 16), (3, 16), (32, 6), (33, 14), (24, 11), (1, 9), (10, 12), (29, 1), (16, 16), (6, 8), (34, 6), (31, 16), (20, 16), (23, 12), (4, 8), (27, 3), (27, 12), (30, 8), (8, 8), (33, 16), (1, 11), (10, 14), (6, 10), (20, 9), (4, 10), (27, 5), (32, 1), (30, 1), (27, 14), (30, 10), (8, 10), (10, 16), (1, 13), (25, 14), (6, 12), (20, 11), (23, 16), (12, 16), (4, 12), (27, 7), (30, 3), (27, 16), (30, 12), (8, 12), (25, 16), (31, 4), (29, 16), (6, 14), (21, 12), (23, 9), (4, 14), (34, 15), (27, 9), (30, 5), (33, 4), (30, 14), (8, 14), (10, 11), (25, 9), (32, 8), (2, 7), (2, 16), (31, 6), (6, 16), (4, 7), (34, 8), (27, 2), (28, 1), (4, 16), (27, 11), (30, 16), (19, 16), (8, 16), (10, 13), (32, 10), (6, 9), (7, 8)]",146,0,146
156,"(11, 10)","(10, 10)",East,"[((12, 10), 'East', 1)]","['(11, 10)', '(3, 10)', '(19, 12)', '(19, 11)', '(26, 2)', '(31, 4)', '(29, 6)', '(29, 10)', '(33, 16)']","['(12, 10)', '(3, 10)', '(19, 12)', '(19, 11)', '(26, 2)', '(31, 4)', '(29, 6)', '(29, 10)', '(33, 16)']","[(34, 1), (21, 16), (4, 9), (34, 10), (27, 4), (27, 13), (30, 9), (8, 9), (32, 12), (1, 15), (26, 14), (6, 11), (21, 9), (34, 3), (34, 12), (27, 6), (8, 11), (11, 16), (32, 14), (1, 8), (26, 16), (15, 16), (6, 13), (34, 14), (22, 12), (27, 8), (30, 4), (28, 16), (30, 13), (17, 16), (5, 14), (33, 6), (32, 16), (24, 12), (26, 9), (25, 11), (1, 10), (31, 8), (34, 7), (27, 1), (34, 16), (30, 6), (5, 16), (9, 14), (33, 8), (1, 12), (26, 11), (31, 1), (18, 16), (7, 16), (31, 10), (20, 10), (22, 16), (4, 11), (33, 1), (9, 16), (33, 10), (24, 16), (13, 16), (25, 15), (1, 14), (31, 3), (34, 2), (31, 12), (34, 11), (22, 9), (20, 12), (4, 13), (32, 4), (8, 13), (33, 12), (24, 9), (1, 7), (10, 10), (1, 16), (34, 4), (31, 14), (3, 7), (14, 16), (3, 16), (32, 6), (33, 14), (24, 11), (1, 9), (10, 12), (29, 1), (16, 16), (6, 8), (34, 6), (31, 16), (20, 16), (23, 12), (4, 8), (27, 3), (27, 12), (30, 8), (8, 8), (33, 16), (1, 11), (10, 14), (6, 10), (20, 9), (4, 10), (27, 5), (32, 1), (30, 1), (27, 14), (30, 10), (8, 10), (10, 16), (1, 13), (25, 14), (6, 12), (20, 11), (23, 16), (12, 16), (4, 12), (27, 7), (30, 3), (27, 16), (30, 12), (8, 12), (25, 16), (31, 4), (29, 16), (6, 14), (21, 12), (23, 9), (4, 14), (34, 15), (27, 9), (30, 5), (33, 4), (30, 14), (8, 14), (10, 11), (11, 10), (25, 9), (32, 8), (2, 7), (2, 16), (31, 6), (6, 16), (4, 7), (34, 8), (27, 2), (28, 1), (4, 16), (27, 11), (30, 16), (19, 16), (8, 16), (10, 13), (32, 10), (6, 9), (7, 8)]",147,0,147
157,"(12, 10)","(11, 10)",East,"[((12, 11), 'North', 1)]","['(12, 10)', '(3, 10)', '(19, 12)', '(19, 11)', '(26, 2)', '(31, 4)', '(29, 6)', '(29, 10)', '(33, 16)']","['(12, 11)', '(3, 10)', '(19, 12)', '(19, 11)', '(26, 2)', '(31, 4)', '(29, 6)', '(29, 10)', '(33, 16)']","[(34, 1), (21, 16), (4, 9), (34, 10), (27, 4), (27, 13), (30, 9), (8, 9), (32, 12), (1, 15), (26, 14), (6, 11), (21, 9), (34, 3), (34, 12), (27, 6), (8, 11), (11, 16), (32, 14), (1, 8), (26, 16), (15, 16), (6, 13), (34, 14), (22, 12), (27, 8), (30, 4), (28, 16), (30, 13), (17, 16), (5, 14), (33, 6), (32, 16), (24, 12), (26, 9), (25, 11), (1, 10), (31, 8), (34, 7), (27, 1), (34, 16), (30, 6), (5, 16), (9, 14), (33, 8), (1, 12), (26, 11), (31, 1), (18, 16), (7, 16), (31, 10), (20, 10), (22, 16), (4, 11), (33, 1), (9, 16), (33, 10), (24, 16), (13, 16), (25, 15), (1, 14), (31, 3), (34, 2), (31, 12), (34, 11), (22, 9), (20, 12), (4, 13), (32, 4), (8, 13), (33, 12), (24, 9), (1, 7), (10, 10), (1, 16), (34, 4), (31, 14), (12, 10), (3, 7), (14, 16), (3, 16), (32, 6), (33, 14), (24, 11), (1, 9), (10, 12), (29, 1), (16, 16), (6, 8), (34, 6), (31, 16), (20, 16), (23, 12), (4, 8), (27, 3), (27, 12), (30, 8), (8, 8), (33, 16), (1, 11), (10, 14), (6, 10), (20, 9), (4, 10), (27, 5), (32, 1), (30, 1), (27, 14), (30, 10), (8, 10), (10, 16), (1, 13), (25, 14), (6, 12), (20, 11), (23, 16), (12, 16), (4, 12), (27, 7), (30, 3), (27, 16), (30, 12), (8, 12), (25, 16), (31, 4), (29, 16), (6, 14), (21, 12), (23, 9), (4, 14), (34, 15), (27, 9), (30, 5), (33, 4), (30, 14), (8, 14), (10, 11), (11, 10), (25, 9), (32, 8), (2, 7), (2, 16), (31, 6), (6, 16), (4, 7), (34, 8), (27, 2), (28, 1), (4, 16), (27, 11), (30, 16), (19, 16), (8, 16), (10, 13), (32, 10), (6, 9), (7, 8)]",148,0,148
158,"(12, 11)","(12, 10)",North,"[((12, 12), 'North', 1)]","['(12, 11)', '(3, 10)', '(19, 12)', '(19, 11)', '(26, 2)', '(31, 4)', '(29, 6)', '(29, 10)', '(33, 16)']","['(12, 12)', '(3, 10)', '(19, 12)', '(19, 11)', '(26, 2)', '(31, 4)', '(29, 6)', '(29, 10)', '(33, 16)']","[(34, 1), (21, 16), (4, 9), (34, 10), (27, 4), (27, 13), (30, 9), (8, 9), (32, 12), (1, 15), (26, 14), (6, 11), (21, 9), (34, 3), (34, 12), (27, 6), (8, 11), (11, 16), (32, 14), (1, 8), (26, 16), (15, 16), (6, 13), (34, 14), (22, 12), (27, 8), (30, 4), (28, 16), (30, 13), (17, 16), (5, 14), (33, 6), (32, 16), (24, 12), (26, 9), (25, 11), (1, 10), (31, 8), (34, 7), (27, 1), (34, 16), (30, 6), (5, 16), (9, 14), (33, 8), (1, 12), (26, 11), (31, 1), (18, 16), (7, 16), (31, 10), (20, 10), (22, 16), (4, 11), (33, 1), (9, 16), (33, 10), (24, 16), (13, 16), (25, 15), (1, 14), (31, 3), (34, 2), (31, 12), (34, 11), (22, 9), (20, 12), (4, 13), (32, 4), (8, 13), (33, 12), (24, 9), (1, 7), (10, 10), (1, 16), (34, 4), (31, 14), (12, 10), (3, 7), (14, 16), (3, 16), (32, 6), (33, 14), (24, 11), (1, 9), (10, 12), (29, 1), (16, 16), (6, 8), (34, 6), (31, 16), (20, 16), (23, 12), (4, 8), (27, 3), (27, 12), (30, 8), (8, 8), (33, 16), (1, 11), (10, 14), (6, 10), (20, 9), (4, 10), (27, 5), (32, 1), (30, 1), (27, 14), (30, 10), (8, 10), (10, 16), (1, 13), (25, 14), (6, 12), (20, 11), (23, 16), (12, 16), (4, 12), (27, 7), (30, 3), (27, 16), (30, 12), (8, 12), (25, 16), (31, 4), (29, 16), (6, 14), (21, 12), (23, 9), (4, 14), (34, 15), (27, 9), (30, 5), (33, 4), (30, 14), (8, 14), (10, 11), (11, 10), (25, 9), (32, 8), (2, 7), (2, 16), (31, 6), (6, 16), (12, 11), (4, 7), (34, 8), (27, 2), (28, 1), (4, 16), (27, 11), (30, 16), (19, 16), (8, 16), (10, 13), (32, 10), (6, 9), (7, 8)]",149,0,149
159,"(12, 12)","(12, 11)",North,"[((12, 13), 'North', 1), ((13, 12), 'East', 1)]","['(12, 12)', '(3, 10)', '(19, 12)', '(19, 11)', '(26, 2)', '(31, 4)', '(29, 6)', '(29, 10)', '(33, 16)']","['(12, 13)', '(13, 12)', '(3, 10)', '(19, 12)', '(19, 11)', '(26, 2)', '(31, 4)', '(29, 6)', '(29, 10)', '(33, 16)']","[(34, 1), (21, 16), (4, 9), (34, 10), (27, 4), (27, 13), (30, 9), (8, 9), (32, 12), (1, 15), (26, 14), (6, 11), (21, 9), (34, 3), (34, 12), (27, 6), (8, 11), (11, 16), (32, 14), (1, 8), (26, 16), (15, 16), (6, 13), (34, 14), (22, 12), (27, 8), (30, 4), (28, 16), (30, 13), (17, 16), (5, 14), (33, 6), (32, 16), (24, 12), (26, 9), (25, 11), (1, 10), (31, 8), (34, 7), (27, 1), (34, 16), (30, 6), (5, 16), (9, 14), (33, 8), (1, 12), (26, 11), (31, 1), (18, 16), (7, 16), (31, 10), (20, 10), (22, 16), (4, 11), (33, 1), (9, 16), (33, 10), (24, 16), (13, 16), (25, 15), (1, 14), (31, 3), (34, 2), (31, 12), (34, 11), (22, 9), (20, 12), (4, 13), (32, 4), (8, 13), (33, 12), (24, 9), (1, 7), (10, 10), (1, 16), (34, 4), (31, 14), (12, 10), (3, 7), (14, 16), (3, 16), (32, 6), (33, 14), (24, 11), (1, 9), (10, 12), (29, 1), (16, 16), (6, 8), (34, 6), (31, 16), (20, 16), (23, 12), (12, 12), (4, 8), (27, 3), (27, 12), (30, 8), (8, 8), (33, 16), (1, 11), (10, 14), (6, 10), (20, 9), (4, 10), (27, 5), (32, 1), (30, 1), (27, 14), (30, 10), (8, 10), (10, 16), (1, 13), (25, 14), (6, 12), (20, 11), (23, 16), (12, 16), (4, 12), (27, 7), (30, 3), (27, 16), (30, 12), (8, 12), (25, 16), (31, 4), (29, 16), (6, 14), (21, 12), (23, 9), (4, 14), (34, 15), (27, 9), (30, 5), (33, 4), (30, 14), (8, 14), (10, 11), (11, 10), (25, 9), (32, 8), (2, 7), (2, 16), (31, 6), (6, 16), (12, 11), (4, 7), (34, 8), (27, 2), (28, 1), (4, 16), (27, 11), (30, 16), (19, 16), (8, 16), (10, 13), (32, 10), (6, 9), (7, 8)]",150,0,150
160,"(12, 13)","(12, 12)",North,"[((12, 14), 'North', 1)]","['(12, 13)', '(13, 12)', '(3, 10)', '(19, 12)', '(19, 11)', '(26, 2)', '(31, 4)', '(29, 6)', '(29, 10)', '(33, 16)']","['(12, 14)', '(13, 12)', '(3, 10)', '(19, 12)', '(19, 11)', '(26, 2)', '(31, 4)', '(29, 6)', '(29, 10)', '(33, 16)']","[(34, 1), (21, 16), (4, 9), (34, 10), (27, 4), (27, 13), (30, 9), (8, 9), (32, 12), (1, 15), (26, 14), (6, 11), (21, 9), (34, 3), (34, 12), (27, 6), (8, 11), (11, 16), (32, 14), (1, 8), (26, 16), (15, 16), (6, 13), (34, 14), (22, 12), (27, 8), (30, 4), (28, 16), (30, 13), (17, 16), (5, 14), (33, 6), (32, 16), (24, 12), (26, 9), (25, 11), (1, 10), (31, 8), (34, 7), (27, 1), (34, 16), (12, 13), (30, 6), (5, 16), (9, 14), (33, 8), (1, 12), (26, 11), (31, 1), (18, 16), (7, 16), (31, 10), (20, 10), (22, 16), (4, 11), (33, 1), (9, 16), (33, 10), (24, 16), (13, 16), (25, 15), (1, 14), (31, 3), (34, 2), (31, 12), (34, 11), (22, 9), (20, 12), (4, 13), (32, 4), (8, 13), (33, 12), (24, 9), (1, 7), (10, 10), (1, 16), (34, 4), (31, 14), (12, 10), (3, 7), (14, 16), (3, 16), (32, 6), (33, 14), (24, 11), (1, 9), (10, 12), (29, 1), (16, 16), (6, 8), (34, 6), (31, 16), (20, 16), (23, 12), (12, 12), (4, 8), (27, 3), (27, 12), (30, 8), (8, 8), (33, 16), (1, 11), (10, 14), (6, 10), (20, 9), (4, 10), (27, 5), (32, 1), (30, 1), (27, 14), (30, 10), (8, 10), (10, 16), (1, 13), (25, 14), (6, 12), (20, 11), (23, 16), (12, 16), (4, 12), (27, 7), (30, 3), (27, 16), (30, 12), (8, 12), (25, 16), (31, 4), (29, 16), (6, 14), (21, 12), (23, 9), (4, 14), (34, 15), (27, 9), (30, 5), (33, 4), (30, 14), (8, 14), (10, 11), (11, 10), (25, 9), (32, 8), (2, 7), (2, 16), (31, 6), (6, 16), (12, 11), (4, 7), (34, 8), (27, 2), (28, 1), (4, 16), (27, 11), (30, 16), (19, 16), (8, 16), (10, 13), (32, 10), (6, 9), (7, 8)]",151,0,151
161,"(12, 14)","(12, 13)",North,"[((13, 14), 'East', 1)]","['(12, 14)', '(13, 12)', '(3, 10)', '(19, 12)', '(19, 11)', '(26, 2)', '(31, 4)', '(29, 6)', '(29, 10)', '(33, 16)']","['(13, 14)', '(13, 12)', '(3, 10)', '(19, 12)', '(19, 11)', '(26, 2)', '(31, 4)', '(29, 6)', '(29, 10)', '(33, 16)']","[(34, 1), (21, 16), (4, 9), (34, 10), (27, 4), (27, 13), (30, 9), (8, 9), (32, 12), (1, 15), (26, 14), (6, 11), (21, 9), (34, 3), (34, 12), (27, 6), (8, 11), (11, 16), (32, 14), (1, 8), (26, 16), (15, 16), (6, 13), (34, 14), (22, 12), (27, 8), (30, 4), (28, 16), (30, 13), (17, 16), (5, 14), (33, 6), (32, 16), (24, 12), (26, 9), (25, 11), (1, 10), (31, 8), (34, 7), (27, 1), (34, 16), (12, 13), (30, 6), (5, 16), (9, 14), (33, 8), (1, 12), (26, 11), (31, 1), (18, 16), (7, 16), (31, 10), (20, 10), (22, 16), (4, 11), (33, 1), (9, 16), (33, 10), (24, 16), (13, 16), (25, 15), (1, 14), (31, 3), (34, 2), (31, 12), (34, 11), (22, 9), (20, 12), (4, 13), (32, 4), (8, 13), (33, 12), (24, 9), (1, 7), (10, 10), (1, 16), (34, 4), (31, 14), (12, 10), (3, 7), (14, 16), (3, 16), (32, 6), (33, 14), (24, 11), (1, 9), (10, 12), (29, 1), (16, 16), (6, 8), (34, 6), (31, 16), (20, 16), (23, 12), (12, 12), (4, 8), (27, 3), (27, 12), (30, 8), (8, 8), (33, 16), (1, 11), (10, 14), (6, 10), (20, 9), (12, 14), (4, 10), (27, 5), (32, 1), (30, 1), (27, 14), (30, 10), (8, 10), (10, 16), (1, 13), (25, 14), (6, 12), (20, 11), (23, 16), (12, 16), (4, 12), (27, 7), (30, 3), (27, 16), (30, 12), (8, 12), (25, 16), (31, 4), (29, 16), (6, 14), (21, 12), (23, 9), (4, 14), (34, 15), (27, 9), (30, 5), (33, 4), (30, 14), (8, 14), (10, 11), (11, 10), (25, 9), (32, 8), (2, 7), (2, 16), (31, 6), (6, 16), (12, 11), (4, 7), (34, 8), (27, 2), (28, 1), (4, 16), (27, 11), (30, 16), (19, 16), (8, 16), (10, 13), (32, 10), (6, 9), (7, 8)]",152,0,152
162,"(13, 14)","(12, 14)",East,"[((14, 14), 'East', 1)]","['(13, 14)', '(13, 12)', '(3, 10)', '(19, 12)', '(19, 11)', '(26, 2)', '(31, 4)', '(29, 6)', '(29, 10)', '(33, 16)']","['(14, 14)', '(13, 12)', '(3, 10)', '(19, 12)', '(19, 11)', '(26, 2)', '(31, 4)', '(29, 6)', '(29, 10)', '(33, 16)']","[(34, 1), (21, 16), (4, 9), (34, 10), (27, 4), (27, 13), (30, 9), (8, 9), (32, 12), (1, 15), (26, 14), (6, 11), (21, 9), (34, 3), (34, 12), (27, 6), (8, 11), (11, 16), (32, 14), (1, 8), (26, 16), (15, 16), (6, 13), (34, 14), (22, 12), (27, 8), (30, 4), (28, 16), (30, 13), (17, 16), (5, 14), (33, 6), (32, 16), (24, 12), (26, 9), (25, 11), (1, 10), (31, 8), (34, 7), (27, 1), (34, 16), (12, 13), (30, 6), (5, 16), (9, 14), (33, 8), (1, 12), (26, 11), (13, 14), (31, 1), (18, 16), (7, 16), (31, 10), (20, 10), (22, 16), (4, 11), (33, 1), (9, 16), (33, 10), (24, 16), (13, 16), (25, 15), (1, 14), (31, 3), (34, 2), (31, 12), (34, 11), (22, 9), (20, 12), (4, 13), (32, 4), (8, 13), (33, 12), (24, 9), (1, 7), (10, 10), (1, 16), (34, 4), (31, 14), (12, 10), (3, 7), (14, 16), (3, 16), (32, 6), (33, 14), (24, 11), (1, 9), (10, 12), (29, 1), (16, 16), (6, 8), (34, 6), (31, 16), (20, 16), (23, 12), (12, 12), (4, 8), (27, 3), (27, 12), (30, 8), (8, 8), (33, 16), (1, 11), (10, 14), (6, 10), (20, 9), (12, 14), (4, 10), (27, 5), (32, 1), (30, 1), (27, 14), (30, 10), (8, 10), (10, 16), (1, 13), (25, 14), (6, 12), (20, 11), (23, 16), (12, 16), (4, 12), (27, 7), (30, 3), (27, 16), (30, 12), (8, 12), (25, 16), (31, 4), (29, 16), (6, 14), (21, 12), (23, 9), (4, 14), (34, 15), (27, 9), (30, 5), (33, 4), (30, 14), (8, 14), (10, 11), (11, 10), (25, 9), (32, 8), (2, 7), (2, 16), (31, 6), (6, 16), (12, 11), (4, 7), (34, 8), (27, 2), (28, 1), (4, 16), (27, 11), (30, 16), (19, 16), (8, 16), (10, 13), (32, 10), (6, 9), (7, 8)]",153,0,153
163,"(14, 14)","(13, 14)",East,"[((15, 14), 'East', 1)]","['(14, 14)', '(13, 12)', '(3, 10)', '(19, 12)', '(19, 11)', '(26, 2)', '(31, 4)', '(29, 6)', '(29, 10)', '(33, 16)']","['(15, 14)', '(13, 12)', '(3, 10)', '(19, 12)', '(19, 11)', '(26, 2)', '(31, 4)', '(29, 6)', '(29, 10)', '(33, 16)']","[(34, 1), (21, 16), (4, 9), (34, 10), (27, 4), (27, 13), (30, 9), (8, 9), (32, 12), (1, 15), (26, 14), (6, 11), (21, 9), (34, 3), (34, 12), (27, 6), (8, 11), (11, 16), (32, 14), (1, 8), (26, 16), (15, 16), (6, 13), (34, 14), (22, 12), (27, 8), (30, 4), (28, 16), (30, 13), (17, 16), (5, 14), (33, 6), (32, 16), (24, 12), (26, 9), (25, 11), (1, 10), (31, 8), (34, 7), (27, 1), (34, 16), (12, 13), (30, 6), (5, 16), (9, 14), (33, 8), (1, 12), (26, 11), (13, 14), (31, 1), (18, 16), (7, 16), (31, 10), (20, 10), (22, 16), (4, 11), (33, 1), (9, 16), (33, 10), (24, 16), (13, 16), (25, 15), (1, 14), (31, 3), (34, 2), (31, 12), (34, 11), (22, 9), (20, 12), (14, 14), (4, 13), (32, 4), (8, 13), (33, 12), (24, 9), (1, 7), (10, 10), (1, 16), (34, 4), (31, 14), (12, 10), (3, 7), (14, 16), (3, 16), (32, 6), (33, 14), (24, 11), (1, 9), (10, 12), (29, 1), (16, 16), (6, 8), (34, 6), (31, 16), (20, 16), (23, 12), (12, 12), (4, 8), (27, 3), (27, 12), (30, 8), (8, 8), (33, 16), (1, 11), (10, 14), (6, 10), (20, 9), (12, 14), (4, 10), (27, 5), (32, 1), (30, 1), (27, 14), (30, 10), (8, 10), (10, 16), (1, 13), (25, 14), (6, 12), (20, 11), (23, 16), (12, 16), (4, 12), (27, 7), (30, 3), (27, 16), (30, 12), (8, 12), (25, 16), (31, 4), (29, 16), (6, 14), (21, 12), (23, 9), (4, 14), (34, 15), (27, 9), (30, 5), (33, 4), (30, 14), (8, 14), (10, 11), (11, 10), (25, 9), (32, 8), (2, 7), (2, 16), (31, 6), (6, 16), (12, 11), (4, 7), (34, 8), (27, 2), (28, 1), (4, 16), (27, 11), (30, 16), (19, 16), (8, 16), (10, 13), (32, 10), (6, 9), (7, 8)]",154,0,154
164,"(15, 14)","(14, 14)",East,"[((16, 14), 'East', 1)]","['(15, 14)', '(13, 12)', '(3, 10)', '(19, 12)', '(19, 11)', '(26, 2)', '(31, 4)', '(29, 6)', '(29, 10)', '(33, 16)']","['(16, 14)', '(13, 12)', '(3, 10)', '(19, 12)', '(19, 11)', '(26, 2)', '(31, 4)', '(29, 6)', '(29, 10)', '(33, 16)']","[(34, 1), (21, 16), (4, 9), (34, 10), (27, 4), (27, 13), (30, 9), (8, 9), (32, 12), (1, 15), (26, 14), (6, 11), (15, 14), (21, 9), (34, 3), (34, 12), (27, 6), (8, 11), (11, 16), (32, 14), (1, 8), (26, 16), (15, 16), (6, 13), (34, 14), (22, 12), (27, 8), (30, 4), (28, 16), (30, 13), (17, 16), (5, 14), (33, 6), (32, 16), (24, 12), (26, 9), (25, 11), (1, 10), (31, 8), (34, 7), (27, 1), (34, 16), (12, 13), (30, 6), (5, 16), (9, 14), (33, 8), (1, 12), (26, 11), (13, 14), (31, 1), (18, 16), (7, 16), (31, 10), (20, 10), (22, 16), (4, 11), (33, 1), (9, 16), (33, 10), (24, 16), (13, 16), (25, 15), (1, 14), (31, 3), (34, 2), (31, 12), (34, 11), (22, 9), (20, 12), (14, 14), (4, 13), (32, 4), (8, 13), (33, 12), (24, 9), (1, 7), (10, 10), (1, 16), (34, 4), (31, 14), (12, 10), (3, 7), (14, 16), (3, 16), (32, 6), (33, 14), (24, 11), (1, 9), (10, 12), (29, 1), (16, 16), (6, 8), (34, 6), (31, 16), (20, 16), (23, 12), (12, 12), (4, 8), (27, 3), (27, 12), (30, 8), (8, 8), (33, 16), (1, 11), (10, 14), (6, 10), (20, 9), (12, 14), (4, 10), (27, 5), (32, 1), (30, 1), (27, 14), (30, 10), (8, 10), (10, 16), (1, 13), (25, 14), (6, 12), (20, 11), (23, 16), (12, 16), (4, 12), (27, 7), (30, 3), (27, 16), (30, 12), (8, 12), (25, 16), (31, 4), (29, 16), (6, 14), (21, 12), (23, 9), (4, 14), (34, 15), (27, 9), (30, 5), (33, 4), (30, 14), (8, 14), (10, 11), (11, 10), (25, 9), (32, 8), (2, 7), (2, 16), (31, 6), (6, 16), (12, 11), (4, 7), (34, 8), (27, 2), (28, 1), (4, 16), (27, 11), (30, 16), (19, 16), (8, 16), (10, 13), (32, 10), (6, 9), (7, 8)]",155,0,155
165,"(16, 14)","(15, 14)",East,"[((17, 14), 'East', 1)]","['(16, 14)', '(13, 12)', '(3, 10)', '(19, 12)', '(19, 11)', '(26, 2)', '(31, 4)', '(29, 6)', '(29, 10)', '(33, 16)']","['(17, 14)', '(13, 12)', '(3, 10)', '(19, 12)', '(19, 11)', '(26, 2)', '(31, 4)', '(29, 6)', '(29, 10)', '(33, 16)']","[(34, 1), (21, 16), (4, 9), (34, 10), (27, 4), (27, 13), (30, 9), (8, 9), (32, 12), (1, 15), (26, 14), (6, 11), (15, 14), (21, 9), (34, 3), (34, 12), (27, 6), (8, 11), (11, 16), (32, 14), (1, 8), (26, 16), (15, 16), (6, 13), (34, 14), (22, 12), (27, 8), (30, 4), (28, 16), (30, 13), (17, 16), (5, 14), (33, 6), (32, 16), (24, 12), (26, 9), (25, 11), (1, 10), (31, 8), (34, 7), (27, 1), (34, 16), (12, 13), (30, 6), (5, 16), (9, 14), (33, 8), (1, 12), (26, 11), (13, 14), (31, 1), (18, 16), (7, 16), (31, 10), (20, 10), (22, 16), (4, 11), (33, 1), (9, 16), (33, 10), (24, 16), (13, 16), (25, 15), (1, 14), (31, 3), (34, 2), (31, 12), (34, 11), (22, 9), (20, 12), (14, 14), (4, 13), (32, 4), (8, 13), (33, 12), (24, 9), (1, 7), (10, 10), (1, 16), (16, 14), (34, 4), (31, 14), (12, 10), (3, 7), (14, 16), (3, 16), (32, 6), (33, 14), (24, 11), (1, 9), (10, 12), (29, 1), (16, 16), (6, 8), (34, 6), (31, 16), (20, 16), (23, 12), (12, 12), (4, 8), (27, 3), (27, 12), (30, 8), (8, 8), (33, 16), (1, 11), (10, 14), (6, 10), (20, 9), (12, 14), (4, 10), (27, 5), (32, 1), (30, 1), (27, 14), (30, 10), (8, 10), (10, 16), (1, 13), (25, 14), (6, 12), (20, 11), (23, 16), (12, 16), (4, 12), (27, 7), (30, 3), (27, 16), (30, 12), (8, 12), (25, 16), (31, 4), (29, 16), (6, 14), (21, 12), (23, 9), (4, 14), (34, 15), (27, 9), (30, 5), (33, 4), (30, 14), (8, 14), (10, 11), (11, 10), (25, 9), (32, 8), (2, 7), (2, 16), (31, 6), (6, 16), (12, 11), (4, 7), (34, 8), (27, 2), (28, 1), (4, 16), (27, 11), (30, 16), (19, 16), (8, 16), (10, 13), (32, 10), (6, 9), (7, 8)]",156,0,156
166,"(17, 14)","(16, 14)",East,"[((17, 13), 'South', 1)]","['(17, 14)', '(13, 12)', '(3, 10)', '(19, 12)', '(19, 11)', '(26, 2)', '(31, 4)', '(29, 6)', '(29, 10)', '(33, 16)']","['(17, 13)', '(13, 12)', '(3, 10)', '(19, 12)', '(19, 11)', '(26, 2)', '(31, 4)', '(29, 6)', '(29, 10)', '(33, 16)']","[(34, 1), (21, 16), (4, 9), (34, 10), (27, 4), (27, 13), (30, 9), (8, 9), (32, 12), (1, 15), (26, 14), (6, 11), (15, 14), (21, 9), (34, 3), (34, 12), (27, 6), (17, 14), (8, 11), (11, 16), (32, 14), (1, 8), (26, 16), (15, 16), (6, 13), (34, 14), (22, 12), (27, 8), (30, 4), (28, 16), (30, 13), (17, 16), (5, 14), (33, 6), (32, 16), (24, 12), (26, 9), (25, 11), (1, 10), (31, 8), (34, 7), (27, 1), (34, 16), (12, 13), (30, 6), (5, 16), (9, 14), (33, 8), (1, 12), (26, 11), (13, 14), (31, 1), (18, 16), (7, 16), (31, 10), (20, 10), (22, 16), (4, 11), (33, 1), (9, 16), (33, 10), (24, 16), (13, 16), (25, 15), (1, 14), (31, 3), (34, 2), (31, 12), (34, 11), (22, 9), (20, 12), (14, 14), (4, 13), (32, 4), (8, 13), (33, 12), (24, 9), (1, 7), (10, 10), (1, 16), (16, 14), (34, 4), (31, 14), (12, 10), (3, 7), (14, 16), (3, 16), (32, 6), (33, 14), (24, 11), (1, 9), (10, 12), (29, 1), (16, 16), (6, 8), (34, 6), (31, 16), (20, 16), (23, 12), (12, 12), (4, 8), (27, 3), (27, 12), (30, 8), (8, 8), (33, 16), (1, 11), (10, 14), (6, 10), (20, 9), (12, 14), (4, 10), (27, 5), (32, 1), (30, 1), (27, 14), (30, 10), (8, 10), (10, 16), (1, 13), (25, 14), (6, 12), (20, 11), (23, 16), (12, 16), (4, 12), (27, 7), (30, 3), (27, 16), (30, 12), (8, 12), (25, 16), (31, 4), (29, 16), (6, 14), (21, 12), (23, 9), (4, 14), (34, 15), (27, 9), (30, 5), (33, 4), (30, 14), (8, 14), (10, 11), (11, 10), (25, 9), (32, 8), (2, 7), (2, 16), (31, 6), (6, 16), (12, 11), (4, 7), (34, 8), (27, 2), (28, 1), (4, 16), (27, 11), (30, 16), (19, 16), (8, 16), (10, 13), (32, 10), (6, 9), (7, 8)]",157,0,157
167,"(17, 13)","(17, 14)",South,"[((17, 12), 'South', 1)]","['(17, 13)', '(13, 12)', '(3, 10)', '(19, 12)', '(19, 11)', '(26, 2)', '(31, 4)', '(29, 6)', '(29, 10)', '(33, 16)']","['(17, 12)', '(13, 12)', '(3, 10)', '(19, 12)', '(19, 11)', '(26, 2)', '(31, 4)', '(29, 6)', '(29, 10)', '(33, 16)']","[(34, 1), (21, 16), (4, 9), (34, 10), (27, 4), (27, 13), (30, 9), (8, 9), (32, 12), (1, 15), (26, 14), (6, 11), (15, 14), (21, 9), (34, 3), (34, 12), (27, 6), (17, 14), (8, 11), (11, 16), (32, 14), (1, 8), (26, 16), (15, 16), (6, 13), (34, 14), (22, 12), (27, 8), (30, 4), (28, 16), (30, 13), (17, 16), (5, 14), (33, 6), (32, 16), (24, 12), (26, 9), (25, 11), (1, 10), (31, 8), (34, 7), (27, 1), (34, 16), (12, 13), (30, 6), (5, 16), (9, 14), (33, 8), (1, 12), (26, 11), (13, 14), (31, 1), (18, 16), (7, 16), (31, 10), (20, 10), (22, 16), (4, 11), (33, 1), (9, 16), (33, 10), (24, 16), (13, 16), (25, 15), (1, 14), (31, 3), (34, 2), (31, 12), (34, 11), (22, 9), (20, 12), (14, 14), (4, 13), (32, 4), (8, 13), (33, 12), (24, 9), (1, 7), (10, 10), (1, 16), (16, 14), (34, 4), (31, 14), (12, 10), (3, 7), (14, 16), (3, 16), (32, 6), (33, 14), (24, 11), (1, 9), (10, 12), (29, 1), (16, 16), (6, 8), (34, 6), (31, 16), (20, 16), (23, 12), (12, 12), (4, 8), (27, 3), (27, 12), (30, 8), (8, 8), (33, 16), (1, 11), (10, 14), (6, 10), (20, 9), (12, 14), (4, 10), (27, 5), (32, 1), (30, 1), (27, 14), (17, 13), (30, 10), (8, 10), (10, 16), (1, 13), (25, 14), (6, 12), (20, 11), (23, 16), (12, 16), (4, 12), (27, 7), (30, 3), (27, 16), (30, 12), (8, 12), (25, 16), (31, 4), (29, 16), (6, 14), (21, 12), (23, 9), (4, 14), (34, 15), (27, 9), (30, 5), (33, 4), (30, 14), (8, 14), (10, 11), (11, 10), (25, 9), (32, 8), (2, 7), (2, 16), (31, 6), (6, 16), (12, 11), (4, 7), (34, 8), (27, 2), (28, 1), (4, 16), (27, 11), (30, 16), (19, 16), (8, 16), (10, 13), (32, 10), (6, 9), (7, 8)]",158,0,158
168,"(17, 12)","(17, 13)",South,"[((18, 12), 'East', 1), ((16, 12), 'West', 1)]","['(17, 12)', '(13, 12)', '(3, 10)', '(19, 12)', '(19, 11)', '(26, 2)', '(31, 4)', '(29, 6)', '(29, 10)', '(33, 16)']","['(18, 12)', '(16, 12)', '(13, 12)', '(3, 10)', '(19, 12)', '(19, 11)', '(26, 2)', '(31, 4)', '(29, 6)', '(29, 10)', '(33, 16)']","[(34, 1), (21, 16), (4, 9), (34, 10), (27, 4), (27, 13), (17, 12), (30, 9), (8, 9), (32, 12), (1, 15), (26, 14), (6, 11), (15, 14), (21, 9), (34, 3), (34, 12), (27, 6), (17, 14), (8, 11), (11, 16), (32, 14), (1, 8), (26, 16), (15, 16), (6, 13), (34, 14), (22, 12), (27, 8), (30, 4), (28, 16), (30, 13), (17, 16), (5, 14), (33, 6), (32, 16), (24, 12), (26, 9), (25, 11), (1, 10), (31, 8), (34, 7), (27, 1), (34, 16), (12, 13), (30, 6), (5, 16), (9, 14), (33, 8), (1, 12), (26, 11), (13, 14), (31, 1), (18, 16), (7, 16), (31, 10), (20, 10), (22, 16), (4, 11), (33, 1), (9, 16), (33, 10), (24, 16), (13, 16), (25, 15), (1, 14), (31, 3), (34, 2), (31, 12), (34, 11), (22, 9), (20, 12), (14, 14), (4, 13), (32, 4), (8, 13), (33, 12), (24, 9), (1, 7), (10, 10), (1, 16), (16, 14), (34, 4), (31, 14), (12, 10), (3, 7), (14, 16), (3, 16), (32, 6), (33, 14), (24, 11), (1, 9), (10, 12), (29, 1), (16, 16), (6, 8), (34, 6), (31, 16), (20, 16), (23, 12), (12, 12), (4, 8), (27, 3), (27, 12), (30, 8), (8, 8), (33, 16), (1, 11), (10, 14), (6, 10), (20, 9), (12, 14), (4, 10), (27, 5), (32, 1), (30, 1), (27, 14), (17, 13), (30, 10), (8, 10), (10, 16), (1, 13), (25, 14), (6, 12), (20, 11), (23, 16), (12, 16), (4, 12), (27, 7), (30, 3), (27, 16), (30, 12), (8, 12), (25, 16), (31, 4), (29, 16), (6, 14), (21, 12), (23, 9), (4, 14), (34, 15), (27, 9), (30, 5), (33, 4), (30, 14), (8, 14), (10, 11), (11, 10), (25, 9), (32, 8), (2, 7), (2, 16), (31, 6), (6, 16), (12, 11), (4, 7), (34, 8), (27, 2), (28, 1), (4, 16), (27, 11), (30, 16), (19, 16), (8, 16), (10, 13), (32, 10), (6, 9), (7, 8)]",159,0,159
169,"(18, 12)","(17, 12)",East,"[((19, 12), 'East', 1)]","['(18, 12)', '(16, 12)', '(13, 12)', '(3, 10)', '(19, 12)', '(19, 11)', '(26, 2)', '(31, 4)', '(29, 6)', '(29, 10)', '(33, 16)']","['(19, 12)', '(16, 12)', '(13, 12)', '(3, 10)', '(19, 12)', '(19, 11)', '(26, 2)', '(31, 4)', '(29, 6)', '(29, 10)', '(33, 16)']","[(34, 1), (21, 16), (4, 9), (34, 10), (27, 4), (27, 13), (17, 12), (30, 9), (8, 9), (32, 12), (1, 15), (26, 14), (6, 11), (15, 14), (21, 9), (34, 3), (34, 12), (27, 6), (17, 14), (8, 11), (11, 16), (32, 14), (1, 8), (26, 16), (15, 16), (6, 13), (18, 12), (34, 14), (22, 12), (27, 8), (30, 4), (28, 16), (30, 13), (17, 16), (5, 14), (33, 6), (32, 16), (24, 12), (26, 9), (25, 11), (1, 10), (31, 8), (34, 7), (27, 1), (34, 16), (12, 13), (30, 6), (5, 16), (9, 14), (33, 8), (1, 12), (26, 11), (13, 14), (31, 1), (18, 16), (7, 16), (31, 10), (20, 10), (22, 16), (4, 11), (33, 1), (9, 16), (33, 10), (24, 16), (13, 16), (25, 15), (1, 14), (31, 3), (34, 2), (31, 12), (34, 11), (22, 9), (20, 12), (14, 14), (4, 13), (32, 4), (8, 13), (33, 12), (24, 9), (1, 7), (10, 10), (1, 16), (16, 14), (34, 4), (31, 14), (12, 10), (3, 7), (14, 16), (3, 16), (32, 6), (33, 14), (24, 11), (1, 9), (10, 12), (29, 1), (16, 16), (6, 8), (34, 6), (31, 16), (20, 16), (23, 12), (12, 12), (4, 8), (27, 3), (27, 12), (30, 8), (8, 8), (33, 16), (1, 11), (10, 14), (6, 10), (20, 9), (12, 14), (4, 10), (27, 5), (32, 1), (30, 1), (27, 14), (17, 13), (30, 10), (8, 10), (10, 16), (1, 13), (25, 14), (6, 12), (20, 11), (23, 16), (12, 16), (4, 12), (27, 7), (30, 3), (27, 16), (30, 12), (8, 12), (25, 16), (31, 4), (29, 16), (6, 14), (21, 12), (23, 9), (4, 14), (34, 15), (27, 9), (30, 5), (33, 4), (30, 14), (8, 14), (10, 11), (11, 10), (25, 9), (32, 8), (2, 7), (2, 16), (31, 6), (6, 16), (12, 11), (4, 7), (34, 8), (27, 2), (28, 1), (4, 16), (27, 11), (30, 16), (19, 16), (8, 16), (10, 13), (32, 10), (6, 9), (7, 8)]",160,0,160
170,"(19, 12)","(18, 12)",East,"[((19, 11), 'South', 1)]","['(19, 12)', '(16, 12)', '(13, 12)', '(3, 10)', '(19, 12)', '(19, 11)', '(26, 2)', '(31, 4)', '(29, 6)', '(29, 10)', '(33, 16)']","['(19, 11)', '(16, 12)', '(13, 12)', '(3, 10)', '(19, 12)', '(19, 11)', '(26, 2)', '(31, 4)', '(29, 6)', '(29, 10)', '(33, 16)']","[(34, 1), (21, 16), (4, 9), (34, 10), (27, 4), (27, 13), (17, 12), (30, 9), (8, 9), (32, 12), (1, 15), (26, 14), (6, 11), (15, 14), (21, 9), (34, 3), (34, 12), (27, 6), (17, 14), (8, 11), (11, 16), (32, 14), (1, 8), (26, 16), (15, 16), (6, 13), (18, 12), (34, 14), (22, 12), (27, 8), (30, 4), (28, 16), (30, 13), (17, 16), (5, 14), (33, 6), (32, 16), (24, 12), (26, 9), (25, 11), (1, 10), (31, 8), (34, 7), (27, 1), (34, 16), (12, 13), (30, 6), (5, 16), (9, 14), (33, 8), (1, 12), (26, 11), (13, 14), (31, 1), (18, 16), (7, 16), (31, 10), (20, 10), (22, 16), (4, 11), (33, 1), (9, 16), (33, 10), (24, 16), (13, 16), (25, 15), (1, 14), (31, 3), (34, 2), (31, 12), (34, 11), (22, 9), (20, 12), (14, 14), (4, 13), (32, 4), (8, 13), (33, 12), (24, 9), (1, 7), (10, 10), (1, 16), (16, 14), (34, 4), (31, 14), (12, 10), (3, 7), (14, 16), (3, 16), (32, 6), (33, 14), (24, 11), (1, 9), (10, 12), (29, 1), (16, 16), (6, 8), (34, 6), (31, 16), (20, 16), (23, 12), (12, 12), (4, 8), (27, 3), (27, 12), (30, 8), (8, 8), (33, 16), (1, 11), (10, 14), (6, 10), (20, 9), (12, 14), (4, 10), (27, 5), (32, 1), (30, 1), (27, 14), (17, 13), (30, 10), (8, 10), (10, 16), (1, 13), (25, 14), (6, 12), (20, 11), (23, 16), (12, 16), (4, 12), (27, 7), (30, 3), (27, 16), (30, 12), (8, 12), (19, 12), (25, 16), (31, 4), (29, 16), (6, 14), (21, 12), (23, 9), (4, 14), (34, 15), (27, 9), (30, 5), (33, 4), (30, 14), (8, 14), (10, 11), (11, 10), (25, 9), (32, 8), (2, 7), (2, 16), (31, 6), (6, 16), (12, 11), (4, 7), (34, 8), (27, 2), (28, 1), (4, 16), (27, 11), (30, 16), (19, 16), (8, 16), (10, 13), (32, 10), (6, 9), (7, 8)]",161,0,161
171,"(19, 11)","(19, 12)",South,[],"['(19, 11)', '(16, 12)', '(13, 12)', '(3, 10)', '(19, 12)', '(19, 11)', '(26, 2)', '(31, 4)', '(29, 6)', '(29, 10)', '(33, 16)']","['(16, 12)', '(13, 12)', '(3, 10)', '(19, 12)', '(19, 11)', '(26, 2)', '(31, 4)', '(29, 6)', '(29, 10)', '(33, 16)']","[(34, 1), (21, 16), (4, 9), (34, 10), (27, 4), (27, 13), (17, 12), (30, 9), (8, 9), (32, 12), (1, 15), (26, 14), (6, 11), (15, 14), (21, 9), (34, 3), (34, 12), (27, 6), (17, 14), (8, 11), (19, 11), (11, 16), (32, 14), (1, 8), (26, 16), (15, 16), (6, 13), (18, 12), (34, 14), (22, 12), (27, 8), (30, 4), (28, 16), (30, 13), (17, 16), (5, 14), (33, 6), (32, 16), (24, 12), (26, 9), (25, 11), (1, 10), (31, 8), (34, 7), (27, 1), (34, 16), (12, 13), (30, 6), (5, 16), (9, 14), (33, 8), (1, 12), (26, 11), (13, 14), (31, 1), (18, 16), (7, 16), (31, 10), (20, 10), (22, 16), (4, 11), (33, 1), (9, 16), (33, 10), (24, 16), (13, 16), (25, 15), (1, 14), (31, 3), (34, 2), (31, 12), (34, 11), (22, 9), (20, 12), (14, 14), (4, 13), (32, 4), (8, 13), (33, 12), (24, 9), (1, 7), (10, 10), (1, 16), (16, 14), (34, 4), (31, 14), (12, 10), (3, 7), (14, 16), (3, 16), (32, 6), (33, 14), (24, 11), (1, 9), (10, 12), (29, 1), (16, 16), (6, 8), (34, 6), (31, 16), (20, 16), (23, 12), (12, 12), (4, 8), (27, 3), (27, 12), (30, 8), (8, 8), (33, 16), (1, 11), (10, 14), (6, 10), (20, 9), (12, 14), (4, 10), (27, 5), (32, 1), (30, 1), (27, 14), (17, 13), (30, 10), (8, 10), (10, 16), (1, 13), (25, 14), (6, 12), (20, 11), (23, 16), (12, 16), (4, 12), (27, 7), (30, 3), (27, 16), (30, 12), (8, 12), (19, 12), (25, 16), (31, 4), (29, 16), (6, 14), (21, 12), (23, 9), (4, 14), (34, 15), (27, 9), (30, 5), (33, 4), (30, 14), (8, 14), (10, 11), (11, 10), (25, 9), (32, 8), (2, 7), (2, 16), (31, 6), (6, 16), (12, 11), (4, 7), (34, 8), (27, 2), (28, 1), (4, 16), (27, 11), (30, 16), (19, 16), (8, 16), (10, 13), (32, 10), (6, 9), (7, 8)]",162,0,162
172,"(16, 12)","(17, 12)",West,"[((15, 12), 'West', 1)]","['(16, 12)', '(13, 12)', '(3, 10)', '(19, 12)', '(19, 11)', '(26, 2)', '(31, 4)', '(29, 6)', '(29, 10)', '(33, 16)']","['(15, 12)', '(13, 12)', '(3, 10)', '(19, 12)', '(19, 11)', '(26, 2)', '(31, 4)', '(29, 6)', '(29, 10)', '(33, 16)']","[(34, 1), (21, 16), (4, 9), (34, 10), (27, 4), (27, 13), (17, 12), (30, 9), (8, 9), (32, 12), (1, 15), (26, 14), (6, 11), (15, 14), (21, 9), (34, 3), (34, 12), (27, 6), (17, 14), (8, 11), (19, 11), (11, 16), (32, 14), (1, 8), (26, 16), (15, 16), (6, 13), (18, 12), (34, 14), (22, 12), (27, 8), (30, 4), (28, 16), (30, 13), (17, 16), (5, 14), (33, 6), (32, 16), (24, 12), (26, 9), (25, 11), (1, 10), (31, 8), (34, 7), (27, 1), (34, 16), (12, 13), (30, 6), (5, 16), (9, 14), (33, 8), (1, 12), (26, 11), (13, 14), (31, 1), (18, 16), (7, 16), (31, 10), (20, 10), (22, 16), (4, 11), (33, 1), (9, 16), (33, 10), (24, 16), (13, 16), (25, 15), (1, 14), (16, 12), (31, 3), (34, 2), (31, 12), (34, 11), (22, 9), (20, 12), (14, 14), (4, 13), (32, 4), (8, 13), (33, 12), (24, 9), (1, 7), (10, 10), (1, 16), (16, 14), (34, 4), (31, 14), (12, 10), (3, 7), (14, 16), (3, 16), (32, 6), (33, 14), (24, 11), (1, 9), (10, 12), (29, 1), (16, 16), (6, 8), (34, 6), (31, 16), (20, 16), (23, 12), (12, 12), (4, 8), (27, 3), (27, 12), (30, 8), (8, 8), (33, 16), (1, 11), (10, 14), (6, 10), (20, 9), (12, 14), (4, 10), (27, 5), (32, 1), (30, 1), (27, 14), (17, 13), (30, 10), (8, 10), (10, 16), (1, 13), (25, 14), (6, 12), (20, 11), (23, 16), (12, 16), (4, 12), (27, 7), (30, 3), (27, 16), (30, 12), (8, 12), (19, 12), (25, 16), (31, 4), (29, 16), (6, 14), (21, 12), (23, 9), (4, 14), (34, 15), (27, 9), (30, 5), (33, 4), (30, 14), (8, 14), (10, 11), (11, 10), (25, 9), (32, 8), (2, 7), (2, 16), (31, 6), (6, 16), (12, 11), (4, 7), (34, 8), (27, 2), (28, 1), (4, 16), (27, 11), (30, 16), (19, 16), (8, 16), (10, 13), (32, 10), (6, 9), (7, 8)]",160,0,160
173,"(15, 12)","(16, 12)",West,"[((14, 12), 'West', 1)]","['(15, 12)', '(13, 12)', '(3, 10)', '(19, 12)', '(19, 11)', '(26, 2)', '(31, 4)', '(29, 6)', '(29, 10)', '(33, 16)']","['(14, 12)', '(13, 12)', '(3, 10)', '(19, 12)', '(19, 11)', '(26, 2)', '(31, 4)', '(29, 6)', '(29, 10)', '(33, 16)']","[(34, 1), (21, 16), (4, 9), (34, 10), (27, 4), (27, 13), (17, 12), (30, 9), (8, 9), (32, 12), (1, 15), (26, 14), (6, 11), (15, 14), (21, 9), (34, 3), (34, 12), (27, 6), (17, 14), (8, 11), (19, 11), (11, 16), (32, 14), (1, 8), (26, 16), (15, 16), (6, 13), (18, 12), (34, 14), (22, 12), (27, 8), (30, 4), (28, 16), (30, 13), (17, 16), (5, 14), (33, 6), (32, 16), (24, 12), (26, 9), (25, 11), (1, 10), (31, 8), (34, 7), (27, 1), (34, 16), (12, 13), (30, 6), (5, 16), (9, 14), (33, 8), (1, 12), (26, 11), (13, 14), (31, 1), (18, 16), (7, 16), (31, 10), (20, 10), (22, 16), (4, 11), (33, 1), (9, 16), (33, 10), (24, 16), (13, 16), (25, 15), (1, 14), (16, 12), (31, 3), (34, 2), (31, 12), (34, 11), (22, 9), (20, 12), (14, 14), (4, 13), (32, 4), (8, 13), (33, 12), (24, 9), (1, 7), (10, 10), (1, 16), (16, 14), (34, 4), (31, 14), (12, 10), (3, 7), (14, 16), (3, 16), (32, 6), (33, 14), (24, 11), (1, 9), (10, 12), (29, 1), (16, 16), (6, 8), (34, 6), (31, 16), (20, 16), (23, 12), (12, 12), (4, 8), (27, 3), (27, 12), (30, 8), (8, 8), (33, 16), (1, 11), (10, 14), (6, 10), (20, 9), (12, 14), (4, 10), (27, 5), (32, 1), (30, 1), (27, 14), (17, 13), (30, 10), (8, 10), (10, 16), (1, 13), (25, 14), (6, 12), (20, 11), (23, 16), (12, 16), (4, 12), (27, 7), (30, 3), (27, 16), (30, 12), (8, 12), (19, 12), (25, 16), (31, 4), (29, 16), (6, 14), (21, 12), (23, 9), (4, 14), (34, 15), (27, 9), (30, 5), (33, 4), (30, 14), (8, 14), (10, 11), (11, 10), (25, 9), (32, 8), (2, 7), (2, 16), (31, 6), (6, 16), (12, 11), (4, 7), (34, 8), (27, 2), (28, 1), (4, 16), (27, 11), (30, 16), (19, 16), (8, 16), (10, 13), (32, 10), (15, 12), (6, 9), (7, 8)]",161,0,161
174,"(14, 12)","(15, 12)",West,"[((14, 11), 'South', 1), ((13, 12), 'West', 1)]","['(14, 12)', '(13, 12)', '(3, 10)', '(19, 12)', '(19, 11)', '(26, 2)', '(31, 4)', '(29, 6)', '(29, 10)', '(33, 16)']","['(14, 11)', '(13, 12)', '(13, 12)', '(3, 10)', '(19, 12)', '(19, 11)', '(26, 2)', '(31, 4)', '(29, 6)', '(29, 10)', '(33, 16)']","[(34, 1), (21, 16), (4, 9), (34, 10), (27, 4), (27, 13), (17, 12), (30, 9), (8, 9), (32, 12), (1, 15), (26, 14), (6, 11), (15, 14), (21, 9), (34, 3), (34, 12), (27, 6), (17, 14), (8, 11), (19, 11), (11, 16), (32, 14), (1, 8), (26, 16), (15, 16), (6, 13), (18, 12), (34, 14), (22, 12), (27, 8), (30, 4), (28, 16), (30, 13), (17, 16), (5, 14), (33, 6), (32, 16), (24, 12), (26, 9), (25, 11), (1, 10), (31, 8), (34, 7), (27, 1), (34, 16), (12, 13), (30, 6), (5, 16), (9, 14), (33, 8), (1, 12), (26, 11), (13, 14), (31, 1), (18, 16), (7, 16), (31, 10), (20, 10), (22, 16), (14, 12), (4, 11), (33, 1), (9, 16), (33, 10), (24, 16), (13, 16), (25, 15), (1, 14), (16, 12), (31, 3), (34, 2), (31, 12), (34, 11), (22, 9), (20, 12), (14, 14), (4, 13), (32, 4), (8, 13), (33, 12), (24, 9), (1, 7), (10, 10), (1, 16), (16, 14), (34, 4), (31, 14), (12, 10), (3, 7), (14, 16), (3, 16), (32, 6), (33, 14), (24, 11), (1, 9), (10, 12), (29, 1), (16, 16), (6, 8), (34, 6), (31, 16), (20, 16), (23, 12), (12, 12), (4, 8), (27, 3), (27, 12), (30, 8), (8, 8), (33, 16), (1, 11), (10, 14), (6, 10), (20, 9), (12, 14), (4, 10), (27, 5), (32, 1), (30, 1), (27, 14), (17, 13), (30, 10), (8, 10), (10, 16), (1, 13), (25, 14), (6, 12), (20, 11), (23, 16), (12, 16), (4, 12), (27, 7), (30, 3), (27, 16), (30, 12), (8, 12), (19, 12), (25, 16), (31, 4), (29, 16), (6, 14), (21, 12), (23, 9), (4, 14), (34, 15), (27, 9), (30, 5), (33, 4), (30, 14), (8, 14), (10, 11), (11, 10), (25, 9), (32, 8), (2, 7), (2, 16), (31, 6), (6, 16), (12, 11), (4, 7), (34, 8), (27, 2), (28, 1), (4, 16), (27, 11), (30, 16), (19, 16), (8, 16), (10, 13), (32, 10), (15, 12), (6, 9), (7, 8)]",162,0,162
175,"(14, 11)","(14, 12)",South,"[((14, 10), 'South', 1)]","['(14, 11)', '(13, 12)', '(13, 12)', '(3, 10)', '(19, 12)', '(19, 11)', '(26, 2)', '(31, 4)', '(29, 6)', '(29, 10)', '(33, 16)']","['(14, 10)', '(13, 12)', '(13, 12)', '(3, 10)', '(19, 12)', '(19, 11)', '(26, 2)', '(31, 4)', '(29, 6)', '(29, 10)', '(33, 16)']","[(34, 1), (21, 16), (4, 9), (34, 10), (27, 4), (27, 13), (17, 12), (30, 9), (8, 9), (32, 12), (1, 15), (26, 14), (6, 11), (15, 14), (21, 9), (34, 3), (34, 12), (27, 6), (17, 14), (8, 11), (19, 11), (11, 16), (32, 14), (1, 8), (26, 16), (15, 16), (6, 13), (18, 12), (34, 14), (22, 12), (27, 8), (30, 4), (28, 16), (30, 13), (17, 16), (5, 14), (33, 6), (32, 16), (24, 12), (26, 9), (25, 11), (1, 10), (31, 8), (34, 7), (27, 1), (34, 16), (12, 13), (30, 6), (5, 16), (9, 14), (33, 8), (1, 12), (26, 11), (13, 14), (31, 1), (18, 16), (7, 16), (31, 10), (20, 10), (22, 16), (14, 12), (4, 11), (33, 1), (9, 16), (33, 10), (24, 16), (13, 16), (25, 15), (1, 14), (16, 12), (31, 3), (34, 2), (31, 12), (34, 11), (22, 9), (20, 12), (14, 14), (4, 13), (32, 4), (8, 13), (33, 12), (24, 9), (1, 7), (10, 10), (1, 16), (16, 14), (34, 4), (31, 14), (12, 10), (3, 7), (14, 16), (3, 16), (32, 6), (33, 14), (24, 11), (1, 9), (10, 12), (29, 1), (16, 16), (6, 8), (34, 6), (31, 16), (20, 16), (23, 12), (12, 12), (4, 8), (27, 3), (27, 12), (30, 8), (8, 8), (33, 16), (1, 11), (10, 14), (6, 10), (20, 9), (12, 14), (14, 11), (4, 10), (27, 5), (32, 1), (30, 1), (27, 14), (17, 13), (30, 10), (8, 10), (10, 16), (1, 13), (25, 14), (6, 12), (20, 11), (23, 16), (12, 16), (4, 12), (27, 7), (30, 3), (27, 16), (30, 12), (8, 12), (19, 12), (25, 16), (31, 4), (29, 16), (6, 14), (21, 12), (23, 9), (4, 14), (34, 15), (27, 9), (30, 5), (33, 4), (30, 14), (8, 14), (10, 11), (11, 10), (25, 9), (32, 8), (2, 7), (2, 16), (31, 6), (6, 16), (12, 11), (4, 7), (34, 8), (27, 2), (28, 1), (4, 16), (27, 11), (30, 16), (19, 16), (8, 16), (10, 13), (32, 10), (15, 12), (6, 9), (7, 8)]",163,0,163
176,"(14, 10)","(14, 11)",South,"[((15, 10), 'East', 1)]","['(14, 10)', '(13, 12)', '(13, 12)', '(3, 10)', '(19, 12)', '(19, 11)', '(26, 2)', '(31, 4)', '(29, 6)', '(29, 10)', '(33, 16)']","['(15, 10)', '(13, 12)', '(13, 12)', '(3, 10)', '(19, 12)', '(19, 11)', '(26, 2)', '(31, 4)', '(29, 6)', '(29, 10)', '(33, 16)']","[(34, 1), (21, 16), (4, 9), (34, 10), (27, 4), (27, 13), (17, 12), (30, 9), (8, 9), (32, 12), (1, 15), (26, 14), (6, 11), (15, 14), (21, 9), (34, 3), (34, 12), (27, 6), (17, 14), (8, 11), (19, 11), (11, 16), (32, 14), (1, 8), (26, 16), (15, 16), (6, 13), (18, 12), (34, 14), (22, 12), (27, 8), (30, 4), (28, 16), (30, 13), (17, 16), (5, 14), (33, 6), (32, 16), (24, 12), (26, 9), (25, 11), (1, 10), (31, 8), (34, 7), (27, 1), (34, 16), (12, 13), (14, 10), (30, 6), (5, 16), (9, 14), (33, 8), (1, 12), (26, 11), (13, 14), (31, 1), (18, 16), (7, 16), (31, 10), (20, 10), (22, 16), (14, 12), (4, 11), (33, 1), (9, 16), (33, 10), (24, 16), (13, 16), (25, 15), (1, 14), (16, 12), (31, 3), (34, 2), (31, 12), (34, 11), (22, 9), (20, 12), (14, 14), (4, 13), (32, 4), (8, 13), (33, 12), (24, 9), (1, 7), (10, 10), (1, 16), (16, 14), (34, 4), (31, 14), (12, 10), (3, 7), (14, 16), (3, 16), (32, 6), (33, 14), (24, 11), (1, 9), (10, 12), (29, 1), (16, 16), (6, 8), (34, 6), (31, 16), (20, 16), (23, 12), (12, 12), (4, 8), (27, 3), (27, 12), (30, 8), (8, 8), (33, 16), (1, 11), (10, 14), (6, 10), (20, 9), (12, 14), (14, 11), (4, 10), (27, 5), (32, 1), (30, 1), (27, 14), (17, 13), (30, 10), (8, 10), (10, 16), (1, 13), (25, 14), (6, 12), (20, 11), (23, 16), (12, 16), (4, 12), (27, 7), (30, 3), (27, 16), (30, 12), (8, 12), (19, 12), (25, 16), (31, 4), (29, 16), (6, 14), (21, 12), (23, 9), (4, 14), (34, 15), (27, 9), (30, 5), (33, 4), (30, 14), (8, 14), (10, 11), (11, 10), (25, 9), (32, 8), (2, 7), (2, 16), (31, 6), (6, 16), (12, 11), (4, 7), (34, 8), (27, 2), (28, 1), (4, 16), (27, 11), (30, 16), (19, 16), (8, 16), (10, 13), (32, 10), (15, 12), (6, 9), (7, 8)]",164,0,164
177,"(15, 10)","(14, 10)",East,"[((16, 10), 'East', 1)]","['(15, 10)', '(13, 12)', '(13, 12)', '(3, 10)', '(19, 12)', '(19, 11)', '(26, 2)', '(31, 4)', '(29, 6)', '(29, 10)', '(33, 16)']","['(16, 10)', '(13, 12)', '(13, 12)', '(3, 10)', '(19, 12)', '(19, 11)', '(26, 2)', '(31, 4)', '(29, 6)', '(29, 10)', '(33, 16)']","[(34, 1), (21, 16), (4, 9), (34, 10), (27, 4), (27, 13), (17, 12), (30, 9), (8, 9), (32, 12), (1, 15), (26, 14), (6, 11), (15, 14), (21, 9), (34, 3), (34, 12), (27, 6), (17, 14), (8, 11), (19, 11), (11, 16), (32, 14), (1, 8), (26, 16), (15, 16), (6, 13), (18, 12), (34, 14), (22, 12), (27, 8), (30, 4), (28, 16), (30, 13), (17, 16), (5, 14), (33, 6), (32, 16), (24, 12), (26, 9), (25, 11), (1, 10), (31, 8), (34, 7), (27, 1), (34, 16), (12, 13), (14, 10), (30, 6), (5, 16), (9, 14), (33, 8), (1, 12), (26, 11), (13, 14), (31, 1), (18, 16), (7, 16), (31, 10), (20, 10), (22, 16), (14, 12), (4, 11), (33, 1), (9, 16), (33, 10), (24, 16), (13, 16), (25, 15), (1, 14), (16, 12), (31, 3), (34, 2), (31, 12), (34, 11), (22, 9), (20, 12), (14, 14), (4, 13), (32, 4), (8, 13), (33, 12), (24, 9), (1, 7), (10, 10), (1, 16), (16, 14), (34, 4), (31, 14), (12, 10), (3, 7), (14, 16), (3, 16), (32, 6), (33, 14), (24, 11), (1, 9), (10, 12), (29, 1), (16, 16), (6, 8), (34, 6), (31, 16), (20, 16), (23, 12), (12, 12), (4, 8), (27, 3), (27, 12), (30, 8), (8, 8), (33, 16), (1, 11), (10, 14), (6, 10), (20, 9), (12, 14), (14, 11), (4, 10), (27, 5), (32, 1), (30, 1), (27, 14), (17, 13), (30, 10), (8, 10), (10, 16), (1, 13), (25, 14), (6, 12), (20, 11), (23, 16), (12, 16), (4, 12), (27, 7), (30, 3), (27, 16), (30, 12), (8, 12), (19, 12), (25, 16), (31, 4), (29, 16), (6, 14), (21, 12), (23, 9), (4, 14), (34, 15), (27, 9), (30, 5), (33, 4), (30, 14), (8, 14), (10, 11), (11, 10), (25, 9), (32, 8), (2, 7), (2, 16), (15, 10), (31, 6), (6, 16), (12, 11), (4, 7), (34, 8), (27, 2), (28, 1), (4, 16), (27, 11), (30, 16), (19, 16), (8, 16), (10, 13), (32, 10), (15, 12), (6, 9), (7, 8)]",165,0,165
178,"(16, 10)","(15, 10)",East,"[((17, 10), 'East', 1)]","['(16, 10)', '(13, 12)', '(13, 12)', '(3, 10)', '(19, 12)', '(19, 11)', '(26, 2)', '(31, 4)', '(29, 6)', '(29, 10)', '(33, 16)']","['(17, 10)', '(13, 12)', '(13, 12)', '(3, 10)', '(19, 12)', '(19, 11)', '(26, 2)', '(31, 4)', '(29, 6)', '(29, 10)', '(33, 16)']","[(34, 1), (21, 16), (4, 9), (34, 10), (27, 4), (27, 13), (17, 12), (30, 9), (8, 9), (32, 12), (1, 15), (26, 14), (6, 11), (15, 14), (21, 9), (34, 3), (34, 12), (27, 6), (17, 14), (8, 11), (19, 11), (11, 16), (32, 14), (1, 8), (26, 16), (15, 16), (6, 13), (18, 12), (34, 14), (22, 12), (27, 8), (30, 4), (28, 16), (30, 13), (17, 16), (5, 14), (33, 6), (32, 16), (24, 12), (26, 9), (25, 11), (1, 10), (31, 8), (34, 7), (27, 1), (34, 16), (12, 13), (14, 10), (30, 6), (5, 16), (9, 14), (33, 8), (1, 12), (26, 11), (13, 14), (16, 10), (31, 1), (18, 16), (7, 16), (31, 10), (20, 10), (22, 16), (14, 12), (4, 11), (33, 1), (9, 16), (33, 10), (24, 16), (13, 16), (25, 15), (1, 14), (16, 12), (31, 3), (34, 2), (31, 12), (34, 11), (22, 9), (20, 12), (14, 14), (4, 13), (32, 4), (8, 13), (33, 12), (24, 9), (1, 7), (10, 10), (1, 16), (16, 14), (34, 4), (31, 14), (12, 10), (3, 7), (14, 16), (3, 16), (32, 6), (33, 14), (24, 11), (1, 9), (10, 12), (29, 1), (16, 16), (6, 8), (34, 6), (31, 16), (20, 16), (23, 12), (12, 12), (4, 8), (27, 3), (27, 12), (30, 8), (8, 8), (33, 16), (1, 11), (10, 14), (6, 10), (20, 9), (12, 14), (14, 11), (4, 10), (27, 5), (32, 1), (30, 1), (27, 14), (17, 13), (30, 10), (8, 10), (10, 16), (1, 13), (25, 14), (6, 12), (20, 11), (23, 16), (12, 16), (4, 12), (27, 7), (30, 3), (27, 16), (30, 12), (8, 12), (19, 12), (25, 16), (31, 4), (29, 16), (6, 14), (21, 12), (23, 9), (4, 14), (34, 15), (27, 9), (30, 5), (33, 4), (30, 14), (8, 14), (10, 11), (11, 10), (25, 9), (32, 8), (2, 7), (2, 16), (15, 10), (31, 6), (6, 16), (12, 11), (4, 7), (34, 8), (27, 2), (28, 1), (4, 16), (27, 11), (30, 16), (19, 16), (8, 16), (10, 13), (32, 10), (15, 12), (6, 9), (7, 8)]",166,0,166
179,"(17, 10)","(16, 10)",East,"[((17, 9), 'South', 1)]","['(17, 10)', '(13, 12)', '(13, 12)', '(3, 10)', '(19, 12)', '(19, 11)', '(26, 2)', '(31, 4)', '(29, 6)', '(29, 10)', '(33, 16)']","['(17, 9)', '(13, 12)', '(13, 12)', '(3, 10)', '(19, 12)', '(19, 11)', '(26, 2)', '(31, 4)', '(29, 6)', '(29, 10)', '(33, 16)']","[(34, 1), (21, 16), (4, 9), (34, 10), (27, 4), (27, 13), (17, 12), (30, 9), (8, 9), (32, 12), (1, 15), (26, 14), (6, 11), (15, 14), (21, 9), (34, 3), (34, 12), (27, 6), (17, 14), (8, 11), (19, 11), (11, 16), (32, 14), (1, 8), (26, 16), (15, 16), (6, 13), (18, 12), (34, 14), (22, 12), (27, 8), (30, 4), (28, 16), (30, 13), (17, 16), (5, 14), (33, 6), (32, 16), (24, 12), (26, 9), (25, 11), (1, 10), (31, 8), (34, 7), (27, 1), (34, 16), (12, 13), (14, 10), (30, 6), (5, 16), (9, 14), (33, 8), (1, 12), (26, 11), (13, 14), (16, 10), (31, 1), (18, 16), (7, 16), (31, 10), (20, 10), (22, 16), (14, 12), (4, 11), (33, 1), (9, 16), (33, 10), (24, 16), (13, 16), (25, 15), (1, 14), (16, 12), (31, 3), (34, 2), (31, 12), (34, 11), (22, 9), (20, 12), (14, 14), (4, 13), (32, 4), (8, 13), (33, 12), (24, 9), (1, 7), (10, 10), (1, 16), (16, 14), (34, 4), (31, 14), (12, 10), (3, 7), (14, 16), (3, 16), (32, 6), (33, 14), (24, 11), (1, 9), (10, 12), (29, 1), (16, 16), (6, 8), (34, 6), (31, 16), (20, 16), (23, 12), (12, 12), (4, 8), (27, 3), (27, 12), (30, 8), (8, 8), (33, 16), (1, 11), (10, 14), (6, 10), (20, 9), (12, 14), (14, 11), (4, 10), (27, 5), (32, 1), (30, 1), (27, 14), (17, 13), (30, 10), (8, 10), (10, 16), (1, 13), (25, 14), (6, 12), (20, 11), (23, 16), (12, 16), (4, 12), (27, 7), (30, 3), (27, 16), (30, 12), (8, 12), (19, 12), (25, 16), (31, 4), (29, 16), (6, 14), (21, 12), (23, 9), (4, 14), (34, 15), (27, 9), (30, 5), (33, 4), (30, 14), (8, 14), (10, 11), (11, 10), (25, 9), (32, 8), (2, 7), (2, 16), (15, 10), (31, 6), (6, 16), (12, 11), (4, 7), (34, 8), (27, 2), (28, 1), (4, 16), (27, 11), (17, 10), (30, 16), (19, 16), (8, 16), (10, 13), (32, 10), (15, 12), (6, 9), (7, 8)]",167,0,167
180,"(17, 9)","(17, 10)",South,"[((17, 8), 'South', 1)]","['(17, 9)', '(13, 12)', '(13, 12)', '(3, 10)', '(19, 12)', '(19, 11)', '(26, 2)', '(31, 4)', '(29, 6)', '(29, 10)', '(33, 16)']","['(17, 8)', '(13, 12)', '(13, 12)', '(3, 10)', '(19, 12)', '(19, 11)', '(26, 2)', '(31, 4)', '(29, 6)', '(29, 10)', '(33, 16)']","[(34, 1), (21, 16), (4, 9), (34, 10), (27, 4), (27, 13), (17, 12), (30, 9), (8, 9), (32, 12), (1, 15), (26, 14), (6, 11), (15, 14), (21, 9), (34, 3), (34, 12), (27, 6), (17, 14), (8, 11), (19, 11), (11, 16), (32, 14), (1, 8), (26, 16), (15, 16), (6, 13), (18, 12), (34, 14), (22, 12), (27, 8), (30, 4), (28, 16), (30, 13), (17, 16), (5, 14), (33, 6), (32, 16), (24, 12), (26, 9), (25, 11), (1, 10), (31, 8), (34, 7), (27, 1), (34, 16), (12, 13), (14, 10), (17, 9), (30, 6), (5, 16), (9, 14), (33, 8), (1, 12), (26, 11), (13, 14), (16, 10), (31, 1), (18, 16), (7, 16), (31, 10), (20, 10), (22, 16), (14, 12), (4, 11), (33, 1), (9, 16), (33, 10), (24, 16), (13, 16), (25, 15), (1, 14), (16, 12), (31, 3), (34, 2), (31, 12), (34, 11), (22, 9), (20, 12), (14, 14), (4, 13), (32, 4), (8, 13), (33, 12), (24, 9), (1, 7), (10, 10), (1, 16), (16, 14), (34, 4), (31, 14), (12, 10), (3, 7), (14, 16), (3, 16), (32, 6), (33, 14), (24, 11), (1, 9), (10, 12), (29, 1), (16, 16), (6, 8), (34, 6), (31, 16), (20, 16), (23, 12), (12, 12), (4, 8), (27, 3), (27, 12), (30, 8), (8, 8), (33, 16), (1, 11), (10, 14), (6, 10), (20, 9), (12, 14), (14, 11), (4, 10), (27, 5), (32, 1), (30, 1), (27, 14), (17, 13), (30, 10), (8, 10), (10, 16), (1, 13), (25, 14), (6, 12), (20, 11), (23, 16), (12, 16), (4, 12), (27, 7), (30, 3), (27, 16), (30, 12), (8, 12), (19, 12), (25, 16), (31, 4), (29, 16), (6, 14), (21, 12), (23, 9), (4, 14), (34, 15), (27, 9), (30, 5), (33, 4), (30, 14), (8, 14), (10, 11), (11, 10), (25, 9), (32, 8), (2, 7), (2, 16), (15, 10), (31, 6), (6, 16), (12, 11), (4, 7), (34, 8), (27, 2), (28, 1), (4, 16), (27, 11), (17, 10), (30, 16), (19, 16), (8, 16), (10, 13), (32, 10), (15, 12), (6, 9), (7, 8)]",168,0,168
181,"(17, 8)","(17, 9)",South,"[((16, 8), 'West', 1)]","['(17, 8)', '(13, 12)', '(13, 12)', '(3, 10)', '(19, 12)', '(19, 11)', '(26, 2)', '(31, 4)', '(29, 6)', '(29, 10)', '(33, 16)']","['(16, 8)', '(13, 12)', '(13, 12)', '(3, 10)', '(19, 12)', '(19, 11)', '(26, 2)', '(31, 4)', '(29, 6)', '(29, 10)', '(33, 16)']","[(34, 1), (21, 16), (4, 9), (34, 10), (27, 4), (27, 13), (17, 12), (30, 9), (8, 9), (32, 12), (1, 15), (26, 14), (6, 11), (15, 14), (21, 9), (34, 3), (34, 12), (27, 6), (17, 14), (8, 11), (19, 11), (11, 16), (32, 14), (1, 8), (26, 16), (15, 16), (6, 13), (18, 12), (34, 14), (22, 12), (27, 8), (30, 4), (28, 16), (30, 13), (17, 16), (5, 14), (33, 6), (32, 16), (24, 12), (26, 9), (25, 11), (1, 10), (31, 8), (34, 7), (27, 1), (34, 16), (12, 13), (14, 10), (17, 9), (30, 6), (5, 16), (9, 14), (33, 8), (1, 12), (26, 11), (13, 14), (16, 10), (31, 1), (18, 16), (7, 16), (31, 10), (20, 10), (22, 16), (14, 12), (4, 11), (33, 1), (9, 16), (33, 10), (24, 16), (13, 16), (25, 15), (1, 14), (16, 12), (31, 3), (34, 2), (31, 12), (34, 11), (22, 9), (20, 12), (14, 14), (4, 13), (32, 4), (8, 13), (33, 12), (24, 9), (1, 7), (10, 10), (1, 16), (16, 14), (34, 4), (31, 14), (12, 10), (3, 7), (14, 16), (3, 16), (32, 6), (33, 14), (24, 11), (1, 9), (10, 12), (29, 1), (16, 16), (6, 8), (34, 6), (31, 16), (20, 16), (23, 12), (12, 12), (4, 8), (27, 3), (27, 12), (30, 8), (8, 8), (33, 16), (1, 11), (10, 14), (6, 10), (20, 9), (12, 14), (14, 11), (4, 10), (27, 5), (32, 1), (30, 1), (27, 14), (17, 13), (30, 10), (8, 10), (10, 16), (1, 13), (25, 14), (6, 12), (20, 11), (23, 16), (12, 16), (4, 12), (27, 7), (30, 3), (27, 16), (30, 12), (8, 12), (19, 12), (25, 16), (31, 4), (29, 16), (6, 14), (21, 12), (23, 9), (4, 14), (34, 15), (27, 9), (17, 8), (30, 5), (33, 4), (30, 14), (8, 14), (10, 11), (11, 10), (25, 9), (32, 8), (2, 7), (2, 16), (15, 10), (31, 6), (6, 16), (12, 11), (4, 7), (34, 8), (27, 2), (28, 1), (4, 16), (27, 11), (17, 10), (30, 16), (19, 16), (8, 16), (10, 13), (32, 10), (15, 12), (6, 9), (7, 8)]",169,0,169
182,"(16, 8)","(17, 8)",West,"[((15, 8), 'West', 1)]","['(16, 8)', '(13, 12)', '(13, 12)', '(3, 10)', '(19, 12)', '(19, 11)', '(26, 2)', '(31, 4)', '(29, 6)', '(29, 10)', '(33, 16)']","['(15, 8)', '(13, 12)', '(13, 12)', '(3, 10)', '(19, 12)', '(19, 11)', '(26, 2)', '(31, 4)', '(29, 6)', '(29, 10)', '(33, 16)']","[(34, 1), (21, 16), (4, 9), (34, 10), (27, 4), (27, 13), (17, 12), (30, 9), (8, 9), (32, 12), (1, 15), (26, 14), (6, 11), (15, 14), (21, 9), (34, 3), (34, 12), (27, 6), (17, 14), (8, 11), (19, 11), (11, 16), (32, 14), (1, 8), (26, 16), (15, 16), (6, 13), (18, 12), (34, 14), (22, 12), (27, 8), (30, 4), (28, 16), (30, 13), (17, 16), (5, 14), (33, 6), (32, 16), (24, 12), (26, 9), (25, 11), (1, 10), (16, 8), (31, 8), (34, 7), (27, 1), (34, 16), (12, 13), (14, 10), (17, 9), (30, 6), (5, 16), (9, 14), (33, 8), (1, 12), (26, 11), (13, 14), (16, 10), (31, 1), (18, 16), (7, 16), (31, 10), (20, 10), (22, 16), (14, 12), (4, 11), (33, 1), (9, 16), (33, 10), (24, 16), (13, 16), (25, 15), (1, 14), (16, 12), (31, 3), (34, 2), (31, 12), (34, 11), (22, 9), (20, 12), (14, 14), (4, 13), (32, 4), (8, 13), (33, 12), (24, 9), (1, 7), (10, 10), (1, 16), (16, 14), (34, 4), (31, 14), (12, 10), (3, 7), (14, 16), (3, 16), (32, 6), (33, 14), (24, 11), (1, 9), (10, 12), (29, 1), (16, 16), (6, 8), (34, 6), (31, 16), (20, 16), (23, 12), (12, 12), (4, 8), (27, 3), (27, 12), (30, 8), (8, 8), (33, 16), (1, 11), (10, 14), (6, 10), (20, 9), (12, 14), (14, 11), (4, 10), (27, 5), (32, 1), (30, 1), (27, 14), (17, 13), (30, 10), (8, 10), (10, 16), (1, 13), (25, 14), (6, 12), (20, 11), (23, 16), (12, 16), (4, 12), (27, 7), (30, 3), (27, 16), (30, 12), (8, 12), (19, 12), (25, 16), (31, 4), (29, 16), (6, 14), (21, 12), (23, 9), (4, 14), (34, 15), (27, 9), (17, 8), (30, 5), (33, 4), (30, 14), (8, 14), (10, 11), (11, 10), (25, 9), (32, 8), (2, 7), (2, 16), (15, 10), (31, 6), (6, 16), (12, 11), (4, 7), (34, 8), (27, 2), (28, 1), (4, 16), (27, 11), (17, 10), (30, 16), (19, 16), (8, 16), (10, 13), (32, 10), (15, 12), (6, 9), (7, 8)]",170,0,170
183,"(15, 8)","(16, 8)",West,"[((14, 8), 'West', 1)]","['(15, 8)', '(13, 12)', '(13, 12)', '(3, 10)', '(19, 12)', '(19, 11)', '(26, 2)', '(31, 4)', '(29, 6)', '(29, 10)', '(33, 16)']","['(14, 8)', '(13, 12)', '(13, 12)', '(3, 10)', '(19, 12)', '(19, 11)', '(26, 2)', '(31, 4)', '(29, 6)', '(29, 10)', '(33, 16)']","[(34, 1), (21, 16), (4, 9), (34, 10), (27, 4), (27, 13), (17, 12), (30, 9), (8, 9), (32, 12), (1, 15), (26, 14), (6, 11), (15, 14), (21, 9), (34, 3), (34, 12), (27, 6), (17, 14), (8, 11), (19, 11), (11, 16), (32, 14), (1, 8), (26, 16), (15, 16), (6, 13), (18, 12), (34, 14), (22, 12), (27, 8), (30, 4), (28, 16), (30, 13), (17, 16), (5, 14), (33, 6), (32, 16), (24, 12), (26, 9), (25, 11), (1, 10), (16, 8), (31, 8), (34, 7), (27, 1), (34, 16), (12, 13), (14, 10), (17, 9), (30, 6), (5, 16), (9, 14), (33, 8), (1, 12), (26, 11), (13, 14), (16, 10), (31, 1), (18, 16), (7, 16), (31, 10), (20, 10), (22, 16), (14, 12), (4, 11), (33, 1), (9, 16), (33, 10), (24, 16), (13, 16), (25, 15), (1, 14), (16, 12), (31, 3), (34, 2), (31, 12), (34, 11), (22, 9), (20, 12), (14, 14), (4, 13), (32, 4), (8, 13), (33, 12), (24, 9), (1, 7), (10, 10), (1, 16), (16, 14), (34, 4), (31, 14), (12, 10), (3, 7), (14, 16), (3, 16), (32, 6), (33, 14), (24, 11), (1, 9), (10, 12), (29, 1), (16, 16), (6, 8), (34, 6), (31, 16), (20, 16), (23, 12), (12, 12), (4, 8), (27, 3), (27, 12), (30, 8), (8, 8), (33, 16), (1, 11), (10, 14), (6, 10), (20, 9), (12, 14), (14, 11), (4, 10), (27, 5), (32, 1), (30, 1), (27, 14), (17, 13), (30, 10), (8, 10), (10, 16), (1, 13), (25, 14), (6, 12), (20, 11), (23, 16), (12, 16), (4, 12), (27, 7), (30, 3), (27, 16), (30, 12), (8, 12), (19, 12), (25, 16), (15, 8), (31, 4), (29, 16), (6, 14), (21, 12), (23, 9), (4, 14), (34, 15), (27, 9), (17, 8), (30, 5), (33, 4), (30, 14), (8, 14), (10, 11), (11, 10), (25, 9), (32, 8), (2, 7), (2, 16), (15, 10), (31, 6), (6, 16), (12, 11), (4, 7), (34, 8), (27, 2), (28, 1), (4, 16), (27, 11), (17, 10), (30, 16), (19, 16), (8, 16), (10, 13), (32, 10), (15, 12), (6, 9), (7, 8)]",171,0,171
184,"(14, 8)","(15, 8)",West,"[((13, 8), 'West', 1)]","['(14, 8)', '(13, 12)', '(13, 12)', '(3, 10)', '(19, 12)', '(19, 11)', '(26, 2)', '(31, 4)', '(29, 6)', '(29, 10)', '(33, 16)']","['(13, 8)', '(13, 12)', '(13, 12)', '(3, 10)', '(19, 12)', '(19, 11)', '(26, 2)', '(31, 4)', '(29, 6)', '(29, 10)', '(33, 16)']","[(34, 1), (21, 16), (4, 9), (34, 10), (27, 4), (27, 13), (17, 12), (30, 9), (8, 9), (32, 12), (1, 15), (26, 14), (6, 11), (15, 14), (21, 9), (34, 3), (34, 12), (27, 6), (17, 14), (8, 11), (19, 11), (11, 16), (32, 14), (1, 8), (26, 16), (15, 16), (6, 13), (18, 12), (34, 14), (22, 12), (27, 8), (14, 8), (30, 4), (28, 16), (30, 13), (17, 16), (5, 14), (33, 6), (32, 16), (24, 12), (26, 9), (25, 11), (1, 10), (16, 8), (31, 8), (34, 7), (27, 1), (34, 16), (12, 13), (14, 10), (17, 9), (30, 6), (5, 16), (9, 14), (33, 8), (1, 12), (26, 11), (13, 14), (16, 10), (31, 1), (18, 16), (7, 16), (31, 10), (20, 10), (22, 16), (14, 12), (4, 11), (33, 1), (9, 16), (33, 10), (24, 16), (13, 16), (25, 15), (1, 14), (16, 12), (31, 3), (34, 2), (31, 12), (34, 11), (22, 9), (20, 12), (14, 14), (4, 13), (32, 4), (8, 13), (33, 12), (24, 9), (1, 7), (10, 10), (1, 16), (16, 14), (34, 4), (31, 14), (12, 10), (3, 7), (14, 16), (3, 16), (32, 6), (33, 14), (24, 11), (1, 9), (10, 12), (29, 1), (16, 16), (6, 8), (34, 6), (31, 16), (20, 16), (23, 12), (12, 12), (4, 8), (27, 3), (27, 12), (30, 8), (8, 8), (33, 16), (1, 11), (10, 14), (6, 10), (20, 9), (12, 14), (14, 11), (4, 10), (27, 5), (32, 1), (30, 1), (27, 14), (17, 13), (30, 10), (8, 10), (10, 16), (1, 13), (25, 14), (6, 12), (20, 11), (23, 16), (12, 16), (4, 12), (27, 7), (30, 3), (27, 16), (30, 12), (8, 12), (19, 12), (25, 16), (15, 8), (31, 4), (29, 16), (6, 14), (21, 12), (23, 9), (4, 14), (34, 15), (27, 9), (17, 8), (30, 5), (33, 4), (30, 14), (8, 14), (10, 11), (11, 10), (25, 9), (32, 8), (2, 7), (2, 16), (15, 10), (31, 6), (6, 16), (12, 11), (4, 7), (34, 8), (27, 2), (28, 1), (4, 16), (27, 11), (17, 10), (30, 16), (19, 16), (8, 16), (10, 13), (32, 10), (15, 12), (6, 9), (7, 8)]",172,0,172
185,"(13, 8)","(14, 8)",West,"[((12, 8), 'West', 1)]","['(13, 8)', '(13, 12)', '(13, 12)', '(3, 10)', '(19, 12)', '(19, 11)', '(26, 2)', '(31, 4)', '(29, 6)', '(29, 10)', '(33, 16)']","['(12, 8)', '(13, 12)', '(13, 12)', '(3, 10)', '(19, 12)', '(19, 11)', '(26, 2)', '(31, 4)', '(29, 6)', '(29, 10)', '(33, 16)']","[(34, 1), (21, 16), (4, 9), (34, 10), (27, 4), (27, 13), (17, 12), (30, 9), (8, 9), (32, 12), (13, 8), (1, 15), (26, 14), (6, 11), (15, 14), (21, 9), (34, 3), (34, 12), (27, 6), (17, 14), (8, 11), (19, 11), (11, 16), (32, 14), (1, 8), (26, 16), (15, 16), (6, 13), (18, 12), (34, 14), (22, 12), (27, 8), (14, 8), (30, 4), (28, 16), (30, 13), (17, 16), (5, 14), (33, 6), (32, 16), (24, 12), (26, 9), (25, 11), (1, 10), (16, 8), (31, 8), (34, 7), (27, 1), (34, 16), (12, 13), (14, 10), (17, 9), (30, 6), (5, 16), (9, 14), (33, 8), (1, 12), (26, 11), (13, 14), (16, 10), (31, 1), (18, 16), (7, 16), (31, 10), (20, 10), (22, 16), (14, 12), (4, 11), (33, 1), (9, 16), (33, 10), (24, 16), (13, 16), (25, 15), (1, 14), (16, 12), (31, 3), (34, 2), (31, 12), (34, 11), (22, 9), (20, 12), (14, 14), (4, 13), (32, 4), (8, 13), (33, 12), (24, 9), (1, 7), (10, 10), (1, 16), (16, 14), (34, 4), (31, 14), (12, 10), (3, 7), (14, 16), (3, 16), (32, 6), (33, 14), (24, 11), (1, 9), (10, 12), (29, 1), (16, 16), (6, 8), (34, 6), (31, 16), (20, 16), (23, 12), (12, 12), (4, 8), (27, 3), (27, 12), (30, 8), (8, 8), (33, 16), (1, 11), (10, 14), (6, 10), (20, 9), (12, 14), (14, 11), (4, 10), (27, 5), (32, 1), (30, 1), (27, 14), (17, 13), (30, 10), (8, 10), (10, 16), (1, 13), (25, 14), (6, 12), (20, 11), (23, 16), (12, 16), (4, 12), (27, 7), (30, 3), (27, 16), (30, 12), (8, 12), (19, 12), (25, 16), (15, 8), (31, 4), (29, 16), (6, 14), (21, 12), (23, 9), (4, 14), (34, 15), (27, 9), (17, 8), (30, 5), (33, 4), (30, 14), (8, 14), (10, 11), (11, 10), (25, 9), (32, 8), (2, 7), (2, 16), (15, 10), (31, 6), (6, 16), (12, 11), (4, 7), (34, 8), (27, 2), (28, 1), (4, 16), (27, 11), (17, 10), (30, 16), (19, 16), (8, 16), (10, 13), (32, 10), (15, 12), (6, 9), (7, 8)]",173,0,173
186,"(12, 8)","(13, 8)",West,"[((11, 8), 'West', 1)]","['(12, 8)', '(13, 12)', '(13, 12)', '(3, 10)', '(19, 12)', '(19, 11)', '(26, 2)', '(31, 4)', '(29, 6)', '(29, 10)', '(33, 16)']","['(11, 8)', '(13, 12)', '(13, 12)', '(3, 10)', '(19, 12)', '(19, 11)', '(26, 2)', '(31, 4)', '(29, 6)', '(29, 10)', '(33, 16)']","[(34, 1), (21, 16), (4, 9), (34, 10), (27, 4), (27, 13), (17, 12), (30, 9), (8, 9), (32, 12), (13, 8), (1, 15), (26, 14), (6, 11), (15, 14), (21, 9), (34, 3), (34, 12), (27, 6), (17, 14), (8, 11), (19, 11), (11, 16), (32, 14), (1, 8), (26, 16), (15, 16), (6, 13), (18, 12), (34, 14), (22, 12), (27, 8), (14, 8), (30, 4), (28, 16), (30, 13), (17, 16), (5, 14), (33, 6), (32, 16), (24, 12), (26, 9), (25, 11), (1, 10), (16, 8), (31, 8), (34, 7), (27, 1), (34, 16), (12, 13), (14, 10), (17, 9), (30, 6), (5, 16), (9, 14), (33, 8), (1, 12), (26, 11), (13, 14), (16, 10), (31, 1), (18, 16), (7, 16), (31, 10), (20, 10), (22, 16), (14, 12), (4, 11), (33, 1), (9, 16), (33, 10), (24, 16), (13, 16), (25, 15), (1, 14), (16, 12), (31, 3), (34, 2), (31, 12), (34, 11), (22, 9), (20, 12), (12, 8), (14, 14), (4, 13), (32, 4), (8, 13), (33, 12), (24, 9), (1, 7), (10, 10), (1, 16), (16, 14), (34, 4), (31, 14), (12, 10), (3, 7), (14, 16), (3, 16), (32, 6), (33, 14), (24, 11), (1, 9), (10, 12), (29, 1), (16, 16), (6, 8), (34, 6), (31, 16), (20, 16), (23, 12), (12, 12), (4, 8), (27, 3), (27, 12), (30, 8), (8, 8), (33, 16), (1, 11), (10, 14), (6, 10), (20, 9), (12, 14), (14, 11), (4, 10), (27, 5), (32, 1), (30, 1), (27, 14), (17, 13), (30, 10), (8, 10), (10, 16), (1, 13), (25, 14), (6, 12), (20, 11), (23, 16), (12, 16), (4, 12), (27, 7), (30, 3), (27, 16), (30, 12), (8, 12), (19, 12), (25, 16), (15, 8), (31, 4), (29, 16), (6, 14), (21, 12), (23, 9), (4, 14), (34, 15), (27, 9), (17, 8), (30, 5), (33, 4), (30, 14), (8, 14), (10, 11), (11, 10), (25, 9), (32, 8), (2, 7), (2, 16), (15, 10), (31, 6), (6, 16), (12, 11), (4, 7), (34, 8), (27, 2), (28, 1), (4, 16), (27, 11), (17, 10), (30, 16), (19, 16), (8, 16), (10, 13), (32, 10), (15, 12), (6, 9), (7, 8)]",174,0,174
187,"(11, 8)","(12, 8)",West,"[((11, 7), 'South', 1)]","['(11, 8)', '(13, 12)', '(13, 12)', '(3, 10)', '(19, 12)', '(19, 11)', '(26, 2)', '(31, 4)', '(29, 6)', '(29, 10)', '(33, 16)']","['(11, 7)', '(13, 12)', '(13, 12)', '(3, 10)', '(19, 12)', '(19, 11)', '(26, 2)', '(31, 4)', '(29, 6)', '(29, 10)', '(33, 16)']","[(34, 1), (21, 16), (4, 9), (34, 10), (27, 4), (27, 13), (17, 12), (30, 9), (8, 9), (32, 12), (13, 8), (1, 15), (26, 14), (6, 11), (15, 14), (21, 9), (34, 3), (34, 12), (27, 6), (17, 14), (8, 11), (19, 11), (11, 16), (32, 14), (1, 8), (26, 16), (15, 16), (6, 13), (18, 12), (34, 14), (22, 12), (27, 8), (14, 8), (30, 4), (28, 16), (30, 13), (17, 16), (5, 14), (33, 6), (32, 16), (24, 12), (26, 9), (25, 11), (1, 10), (16, 8), (31, 8), (34, 7), (27, 1), (34, 16), (12, 13), (14, 10), (17, 9), (30, 6), (5, 16), (9, 14), (33, 8), (1, 12), (26, 11), (13, 14), (16, 10), (31, 1), (18, 16), (7, 16), (31, 10), (20, 10), (22, 16), (14, 12), (4, 11), (33, 1), (9, 16), (33, 10), (24, 16), (13, 16), (25, 15), (1, 14), (16, 12), (31, 3), (34, 2), (31, 12), (34, 11), (22, 9), (20, 12), (12, 8), (14, 14), (4, 13), (32, 4), (8, 13), (33, 12), (24, 9), (1, 7), (10, 10), (1, 16), (16, 14), (34, 4), (31, 14), (12, 10), (3, 7), (14, 16), (3, 16), (32, 6), (33, 14), (24, 11), (1, 9), (10, 12), (29, 1), (16, 16), (6, 8), (34, 6), (31, 16), (20, 16), (23, 12), (12, 12), (4, 8), (27, 3), (27, 12), (30, 8), (8, 8), (33, 16), (1, 11), (10, 14), (6, 10), (20, 9), (12, 14), (14, 11), (4, 10), (27, 5), (32, 1), (30, 1), (27, 14), (17, 13), (30, 10), (8, 10), (10, 16), (1, 13), (25, 14), (6, 12), (20, 11), (23, 16), (12, 16), (4, 12), (27, 7), (30, 3), (27, 16), (30, 12), (8, 12), (19, 12), (11, 8), (25, 16), (15, 8), (31, 4), (29, 16), (6, 14), (21, 12), (23, 9), (4, 14), (34, 15), (27, 9), (17, 8), (30, 5), (33, 4), (30, 14), (8, 14), (10, 11), (11, 10), (25, 9), (32, 8), (2, 7), (2, 16), (15, 10), (31, 6), (6, 16), (12, 11), (4, 7), (34, 8), (27, 2), (28, 1), (4, 16), (27, 11), (17, 10), (30, 16), (19, 16), (8, 16), (10, 13), (32, 10), (15, 12), (6, 9), (7, 8)]",175,0,175
188,"(11, 7)","(11, 8)",South,"[((11, 6), 'South', 1)]","['(11, 7)', '(13, 12)', '(13, 12)', '(3, 10)', '(19, 12)', '(19, 11)', '(26, 2)', '(31, 4)', '(29, 6)', '(29, 10)', '(33, 16)']","['(11, 6)', '(13, 12)', '(13, 12)', '(3, 10)', '(19, 12)', '(19, 11)', '(26, 2)', '(31, 4)', '(29, 6)', '(29, 10)', '(33, 16)']","[(34, 1), (21, 16), (4, 9), (34, 10), (27, 4), (27, 13), (17, 12), (30, 9), (8, 9), (32, 12), (13, 8), (1, 15), (26, 14), (6, 11), (15, 14), (21, 9), (34, 3), (34, 12), (27, 6), (17, 14), (8, 11), (19, 11), (11, 7), (11, 16), (32, 14), (1, 8), (26, 16), (15, 16), (6, 13), (18, 12), (34, 14), (22, 12), (27, 8), (14, 8), (30, 4), (28, 16), (30, 13), (17, 16), (5, 14), (33, 6), (32, 16), (24, 12), (26, 9), (25, 11), (1, 10), (16, 8), (31, 8), (34, 7), (27, 1), (34, 16), (12, 13), (14, 10), (17, 9), (30, 6), (5, 16), (9, 14), (33, 8), (1, 12), (26, 11), (13, 14), (16, 10), (31, 1), (18, 16), (7, 16), (31, 10), (20, 10), (22, 16), (14, 12), (4, 11), (33, 1), (9, 16), (33, 10), (24, 16), (13, 16), (25, 15), (1, 14), (16, 12), (31, 3), (34, 2), (31, 12), (34, 11), (22, 9), (20, 12), (12, 8), (14, 14), (4, 13), (32, 4), (8, 13), (33, 12), (24, 9), (1, 7), (10, 10), (1, 16), (16, 14), (34, 4), (31, 14), (12, 10), (3, 7), (14, 16), (3, 16), (32, 6), (33, 14), (24, 11), (1, 9), (10, 12), (29, 1), (16, 16), (6, 8), (34, 6), (31, 16), (20, 16), (23, 12), (12, 12), (4, 8), (27, 3), (27, 12), (30, 8), (8, 8), (33, 16), (1, 11), (10, 14), (6, 10), (20, 9), (12, 14), (14, 11), (4, 10), (27, 5), (32, 1), (30, 1), (27, 14), (17, 13), (30, 10), (8, 10), (10, 16), (1, 13), (25, 14), (6, 12), (20, 11), (23, 16), (12, 16), (4, 12), (27, 7), (30, 3), (27, 16), (30, 12), (8, 12), (19, 12), (11, 8), (25, 16), (15, 8), (31, 4), (29, 16), (6, 14), (21, 12), (23, 9), (4, 14), (34, 15), (27, 9), (17, 8), (30, 5), (33, 4), (30, 14), (8, 14), (10, 11), (11, 10), (25, 9), (32, 8), (2, 7), (2, 16), (15, 10), (31, 6), (6, 16), (12, 11), (4, 7), (34, 8), (27, 2), (28, 1), (4, 16), (27, 11), (17, 10), (30, 16), (19, 16), (8, 16), (10, 13), (32, 10), (15, 12), (6, 9), (7, 8)]",176,0,176
189,"(11, 6)","(11, 7)",South,"[((10, 6), 'West', 1)]","['(11, 6)', '(13, 12)', '(13, 12)', '(3, 10)', '(19, 12)', '(19, 11)', '(26, 2)', '(31, 4)', '(29, 6)', '(29, 10)', '(33, 16)']","['(10, 6)', '(13, 12)', '(13, 12)', '(3, 10)', '(19, 12)', '(19, 11)', '(26, 2)', '(31, 4)', '(29, 6)', '(29, 10)', '(33, 16)']","[(34, 1), (21, 16), (4, 9), (34, 10), (27, 4), (27, 13), (17, 12), (30, 9), (8, 9), (32, 12), (13, 8), (1, 15), (26, 14), (6, 11), (15, 14), (21, 9), (34, 3), (34, 12), (27, 6), (17, 14), (8, 11), (19, 11), (11, 7), (11, 16), (32, 14), (1, 8), (26, 16), (15, 16), (6, 13), (18, 12), (34, 14), (22, 12), (27, 8), (14, 8), (30, 4), (28, 16), (30, 13), (17, 16), (5, 14), (33, 6), (32, 16), (24, 12), (26, 9), (25, 11), (1, 10), (16, 8), (31, 8), (34, 7), (27, 1), (34, 16), (12, 13), (14, 10), (17, 9), (30, 6), (5, 16), (9, 14), (33, 8), (1, 12), (26, 11), (13, 14), (16, 10), (31, 1), (18, 16), (7, 16), (31, 10), (20, 10), (22, 16), (14, 12), (4, 11), (33, 1), (9, 16), (33, 10), (24, 16), (13, 16), (25, 15), (1, 14), (16, 12), (31, 3), (34, 2), (31, 12), (34, 11), (22, 9), (20, 12), (12, 8), (14, 14), (4, 13), (32, 4), (8, 13), (33, 12), (24, 9), (1, 7), (10, 10), (1, 16), (16, 14), (34, 4), (31, 14), (12, 10), (3, 7), (14, 16), (3, 16), (32, 6), (33, 14), (24, 11), (1, 9), (10, 12), (29, 1), (16, 16), (6, 8), (34, 6), (31, 16), (20, 16), (23, 12), (12, 12), (4, 8), (27, 3), (27, 12), (30, 8), (8, 8), (33, 16), (1, 11), (10, 14), (6, 10), (20, 9), (12, 14), (14, 11), (4, 10), (27, 5), (32, 1), (30, 1), (27, 14), (17, 13), (30, 10), (8, 10), (11, 6), (10, 16), (1, 13), (25, 14), (6, 12), (20, 11), (23, 16), (12, 16), (4, 12), (27, 7), (30, 3), (27, 16), (30, 12), (8, 12), (19, 12), (11, 8), (25, 16), (15, 8), (31, 4), (29, 16), (6, 14), (21, 12), (23, 9), (4, 14), (34, 15), (27, 9), (17, 8), (30, 5), (33, 4), (30, 14), (8, 14), (10, 11), (11, 10), (25, 9), (32, 8), (2, 7), (2, 16), (15, 10), (31, 6), (6, 16), (12, 11), (4, 7), (34, 8), (27, 2), (28, 1), (4, 16), (27, 11), (17, 10), (30, 16), (19, 16), (8, 16), (10, 13), (32, 10), (15, 12), (6, 9), (7, 8)]",177,0,177
190,"(10, 6)","(11, 6)",West,"[((9, 6), 'West', 1)]","['(10, 6)', '(13, 12)', '(13, 12)', '(3, 10)', '(19, 12)', '(19, 11)', '(26, 2)', '(31, 4)', '(29, 6)', '(29, 10)', '(33, 16)']","['(9, 6)', '(13, 12)', '(13, 12)', '(3, 10)', '(19, 12)', '(19, 11)', '(26, 2)', '(31, 4)', '(29, 6)', '(29, 10)', '(33, 16)']","[(34, 1), (21, 16), (4, 9), (34, 10), (27, 4), (27, 13), (17, 12), (30, 9), (8, 9), (10, 6), (32, 12), (13, 8), (1, 15), (26, 14), (6, 11), (15, 14), (21, 9), (34, 3), (34, 12), (27, 6), (17, 14), (8, 11), (19, 11), (11, 7), (11, 16), (32, 14), (1, 8), (26, 16), (15, 16), (6, 13), (18, 12), (34, 14), (22, 12), (27, 8), (14, 8), (30, 4), (28, 16), (30, 13), (17, 16), (5, 14), (33, 6), (32, 16), (24, 12), (26, 9), (25, 11), (1, 10), (16, 8), (31, 8), (34, 7), (27, 1), (34, 16), (12, 13), (14, 10), (17, 9), (30, 6), (5, 16), (9, 14), (33, 8), (1, 12), (26, 11), (13, 14), (16, 10), (31, 1), (18, 16), (7, 16), (31, 10), (20, 10), (22, 16), (14, 12), (4, 11), (33, 1), (9, 16), (33, 10), (24, 16), (13, 16), (25, 15), (1, 14), (16, 12), (31, 3), (34, 2), (31, 12), (34, 11), (22, 9), (20, 12), (12, 8), (14, 14), (4, 13), (32, 4), (8, 13), (33, 12), (24, 9), (1, 7), (10, 10), (1, 16), (16, 14), (34, 4), (31, 14), (12, 10), (3, 7), (14, 16), (3, 16), (32, 6), (33, 14), (24, 11), (1, 9), (10, 12), (29, 1), (16, 16), (6, 8), (34, 6), (31, 16), (20, 16), (23, 12), (12, 12), (4, 8), (27, 3), (27, 12), (30, 8), (8, 8), (33, 16), (1, 11), (10, 14), (6, 10), (20, 9), (12, 14), (14, 11), (4, 10), (27, 5), (32, 1), (30, 1), (27, 14), (17, 13), (30, 10), (8, 10), (11, 6), (10, 16), (1, 13), (25, 14), (6, 12), (20, 11), (23, 16), (12, 16), (4, 12), (27, 7), (30, 3), (27, 16), (30, 12), (8, 12), (19, 12), (11, 8), (25, 16), (15, 8), (31, 4), (29, 16), (6, 14), (21, 12), (23, 9), (4, 14), (34, 15), (27, 9), (17, 8), (30, 5), (33, 4), (30, 14), (8, 14), (10, 11), (11, 10), (25, 9), (32, 8), (2, 7), (2, 16), (15, 10), (31, 6), (6, 16), (12, 11), (4, 7), (34, 8), (27, 2), (28, 1), (4, 16), (27, 11), (17, 10), (30, 16), (19, 16), (8, 16), (10, 13), (32, 10), (15, 12), (6, 9), (7, 8)]",178,0,178
191,"(9, 6)","(10, 6)",West,"[((8, 6), 'West', 1)]","['(9, 6)', '(13, 12)', '(13, 12)', '(3, 10)', '(19, 12)', '(19, 11)', '(26, 2)', '(31, 4)', '(29, 6)', '(29, 10)', '(33, 16)']","['(8, 6)', '(13, 12)', '(13, 12)', '(3, 10)', '(19, 12)', '(19, 11)', '(26, 2)', '(31, 4)', '(29, 6)', '(29, 10)', '(33, 16)']","[(34, 1), (21, 16), (4, 9), (34, 10), (27, 4), (27, 13), (17, 12), (30, 9), (8, 9), (10, 6), (32, 12), (13, 8), (1, 15), (26, 14), (6, 11), (15, 14), (21, 9), (34, 3), (34, 12), (27, 6), (17, 14), (8, 11), (19, 11), (11, 7), (11, 16), (32, 14), (1, 8), (26, 16), (15, 16), (6, 13), (18, 12), (34, 14), (22, 12), (27, 8), (14, 8), (30, 4), (28, 16), (30, 13), (17, 16), (5, 14), (33, 6), (32, 16), (24, 12), (26, 9), (25, 11), (1, 10), (16, 8), (31, 8), (34, 7), (27, 1), (34, 16), (12, 13), (14, 10), (17, 9), (30, 6), (5, 16), (9, 14), (33, 8), (1, 12), (26, 11), (13, 14), (16, 10), (31, 1), (18, 16), (7, 16), (31, 10), (20, 10), (22, 16), (14, 12), (4, 11), (33, 1), (9, 16), (33, 10), (24, 16), (13, 16), (25, 15), (1, 14), (16, 12), (31, 3), (34, 2), (31, 12), (34, 11), (22, 9), (20, 12), (12, 8), (14, 14), (4, 13), (32, 4), (8, 13), (33, 12), (24, 9), (1, 7), (10, 10), (1, 16), (16, 14), (34, 4), (31, 14), (12, 10), (3, 7), (14, 16), (3, 16), (32, 6), (33, 14), (24, 11), (1, 9), (10, 12), (29, 1), (16, 16), (6, 8), (34, 6), (31, 16), (20, 16), (23, 12), (12, 12), (4, 8), (27, 3), (27, 12), (30, 8), (8, 8), (33, 16), (1, 11), (10, 14), (6, 10), (20, 9), (12, 14), (14, 11), (4, 10), (27, 5), (32, 1), (30, 1), (27, 14), (17, 13), (30, 10), (8, 10), (11, 6), (10, 16), (1, 13), (25, 14), (6, 12), (20, 11), (23, 16), (12, 16), (4, 12), (27, 7), (30, 3), (27, 16), (30, 12), (8, 12), (19, 12), (11, 8), (25, 16), (15, 8), (31, 4), (29, 16), (6, 14), (21, 12), (23, 9), (4, 14), (34, 15), (27, 9), (17, 8), (30, 5), (33, 4), (30, 14), (8, 14), (10, 11), (11, 10), (25, 9), (32, 8), (2, 7), (2, 16), (15, 10), (31, 6), (6, 16), (12, 11), (4, 7), (34, 8), (27, 2), (28, 1), (4, 16), (27, 11), (17, 10), (9, 6), (30, 16), (19, 16), (8, 16), (10, 13), (32, 10), (15, 12), (6, 9), (7, 8)]",179,0,179
192,"(8, 6)","(9, 6)",West,"[((7, 6), 'West', 1)]","['(8, 6)', '(13, 12)', '(13, 12)', '(3, 10)', '(19, 12)', '(19, 11)', '(26, 2)', '(31, 4)', '(29, 6)', '(29, 10)', '(33, 16)']","['(7, 6)', '(13, 12)', '(13, 12)', '(3, 10)', '(19, 12)', '(19, 11)', '(26, 2)', '(31, 4)', '(29, 6)', '(29, 10)', '(33, 16)']","[(34, 1), (21, 16), (4, 9), (34, 10), (27, 4), (27, 13), (17, 12), (30, 9), (8, 9), (10, 6), (32, 12), (13, 8), (1, 15), (26, 14), (6, 11), (15, 14), (21, 9), (34, 3), (34, 12), (27, 6), (17, 14), (8, 11), (19, 11), (11, 7), (11, 16), (32, 14), (1, 8), (26, 16), (15, 16), (6, 13), (18, 12), (34, 14), (22, 12), (27, 8), (14, 8), (30, 4), (28, 16), (30, 13), (17, 16), (5, 14), (33, 6), (32, 16), (24, 12), (26, 9), (25, 11), (1, 10), (16, 8), (31, 8), (34, 7), (27, 1), (34, 16), (12, 13), (14, 10), (17, 9), (30, 6), (5, 16), (9, 14), (33, 8), (1, 12), (26, 11), (13, 14), (16, 10), (31, 1), (18, 16), (7, 16), (31, 10), (20, 10), (22, 16), (14, 12), (4, 11), (33, 1), (9, 16), (33, 10), (24, 16), (13, 16), (25, 15), (1, 14), (16, 12), (31, 3), (34, 2), (31, 12), (34, 11), (22, 9), (20, 12), (12, 8), (14, 14), (4, 13), (32, 4), (8, 13), (33, 12), (24, 9), (1, 7), (10, 10), (1, 16), (16, 14), (34, 4), (31, 14), (12, 10), (3, 7), (14, 16), (3, 16), (32, 6), (8, 6), (33, 14), (24, 11), (1, 9), (10, 12), (29, 1), (16, 16), (6, 8), (34, 6), (31, 16), (20, 16), (23, 12), (12, 12), (4, 8), (27, 3), (27, 12), (30, 8), (8, 8), (33, 16), (1, 11), (10, 14), (6, 10), (20, 9), (12, 14), (14, 11), (4, 10), (27, 5), (32, 1), (30, 1), (27, 14), (17, 13), (30, 10), (8, 10), (11, 6), (10, 16), (1, 13), (25, 14), (6, 12), (20, 11), (23, 16), (12, 16), (4, 12), (27, 7), (30, 3), (27, 16), (30, 12), (8, 12), (19, 12), (11, 8), (25, 16), (15, 8), (31, 4), (29, 16), (6, 14), (21, 12), (23, 9), (4, 14), (34, 15), (27, 9), (17, 8), (30, 5), (33, 4), (30, 14), (8, 14), (10, 11), (11, 10), (25, 9), (32, 8), (2, 7), (2, 16), (15, 10), (31, 6), (6, 16), (12, 11), (4, 7), (34, 8), (27, 2), (28, 1), (4, 16), (27, 11), (17, 10), (9, 6), (30, 16), (19, 16), (8, 16), (10, 13), (32, 10), (15, 12), (6, 9), (7, 8)]",180,0,180
193,"(7, 6)","(8, 6)",West,"[((6, 6), 'West', 1)]","['(7, 6)', '(13, 12)', '(13, 12)', '(3, 10)', '(19, 12)', '(19, 11)', '(26, 2)', '(31, 4)', '(29, 6)', '(29, 10)', '(33, 16)']","['(6, 6)', '(13, 12)', '(13, 12)', '(3, 10)', '(19, 12)', '(19, 11)', '(26, 2)', '(31, 4)', '(29, 6)', '(29, 10)', '(33, 16)']","[(34, 1), (21, 16), (4, 9), (34, 10), (27, 4), (27, 13), (17, 12), (30, 9), (8, 9), (10, 6), (32, 12), (13, 8), (1, 15), (26, 14), (6, 11), (15, 14), (21, 9), (34, 3), (34, 12), (27, 6), (17, 14), (8, 11), (19, 11), (11, 7), (11, 16), (32, 14), (1, 8), (26, 16), (15, 16), (6, 13), (18, 12), (34, 14), (22, 12), (27, 8), (14, 8), (30, 4), (28, 16), (30, 13), (17, 16), (5, 14), (33, 6), (32, 16), (24, 12), (26, 9), (25, 11), (1, 10), (16, 8), (31, 8), (34, 7), (27, 1), (34, 16), (12, 13), (14, 10), (17, 9), (30, 6), (5, 16), (9, 14), (33, 8), (1, 12), (26, 11), (13, 14), (16, 10), (31, 1), (18, 16), (7, 16), (31, 10), (20, 10), (22, 16), (14, 12), (4, 11), (33, 1), (9, 16), (33, 10), (24, 16), (13, 16), (25, 15), (1, 14), (16, 12), (31, 3), (34, 2), (31, 12), (34, 11), (22, 9), (20, 12), (12, 8), (14, 14), (4, 13), (32, 4), (8, 13), (33, 12), (24, 9), (1, 7), (10, 10), (1, 16), (16, 14), (34, 4), (31, 14), (12, 10), (3, 7), (14, 16), (3, 16), (32, 6), (8, 6), (33, 14), (24, 11), (1, 9), (10, 12), (29, 1), (16, 16), (6, 8), (34, 6), (31, 16), (20, 16), (23, 12), (12, 12), (4, 8), (27, 3), (27, 12), (30, 8), (8, 8), (33, 16), (1, 11), (10, 14), (6, 10), (20, 9), (12, 14), (14, 11), (4, 10), (27, 5), (32, 1), (30, 1), (27, 14), (17, 13), (30, 10), (8, 10), (11, 6), (10, 16), (1, 13), (25, 14), (6, 12), (20, 11), (23, 16), (12, 16), (4, 12), (27, 7), (30, 3), (27, 16), (30, 12), (8, 12), (19, 12), (11, 8), (25, 16), (15, 8), (31, 4), (29, 16), (6, 14), (21, 12), (23, 9), (4, 14), (34, 15), (27, 9), (17, 8), (30, 5), (33, 4), (30, 14), (8, 14), (10, 11), (11, 10), (25, 9), (32, 8), (2, 7), (2, 16), (15, 10), (31, 6), (7, 6), (6, 16), (12, 11), (4, 7), (34, 8), (27, 2), (28, 1), (4, 16), (27, 11), (17, 10), (9, 6), (30, 16), (19, 16), (8, 16), (10, 13), (32, 10), (15, 12), (6, 9), (7, 8)]",181,0,181
194,"(6, 6)","(7, 6)",West,"[((6, 5), 'South', 1)]","['(6, 6)', '(13, 12)', '(13, 12)', '(3, 10)', '(19, 12)', '(19, 11)', '(26, 2)', '(31, 4)', '(29, 6)', '(29, 10)', '(33, 16)']","['(6, 5)', '(13, 12)', '(13, 12)', '(3, 10)', '(19, 12)', '(19, 11)', '(26, 2)', '(31, 4)', '(29, 6)', '(29, 10)', '(33, 16)']","[(34, 1), (21, 16), (4, 9), (34, 10), (27, 4), (27, 13), (17, 12), (30, 9), (8, 9), (10, 6), (32, 12), (13, 8), (1, 15), (26, 14), (6, 11), (15, 14), (21, 9), (34, 3), (34, 12), (27, 6), (17, 14), (8, 11), (19, 11), (11, 7), (11, 16), (32, 14), (1, 8), (26, 16), (15, 16), (6, 13), (18, 12), (34, 14), (22, 12), (27, 8), (14, 8), (30, 4), (28, 16), (30, 13), (17, 16), (5, 14), (33, 6), (32, 16), (24, 12), (26, 9), (25, 11), (1, 10), (16, 8), (6, 6), (31, 8), (34, 7), (27, 1), (34, 16), (12, 13), (14, 10), (17, 9), (30, 6), (5, 16), (9, 14), (33, 8), (1, 12), (26, 11), (13, 14), (16, 10), (31, 1), (18, 16), (7, 16), (31, 10), (20, 10), (22, 16), (14, 12), (4, 11), (33, 1), (9, 16), (33, 10), (24, 16), (13, 16), (25, 15), (1, 14), (16, 12), (31, 3), (34, 2), (31, 12), (34, 11), (22, 9), (20, 12), (12, 8), (14, 14), (4, 13), (32, 4), (8, 13), (33, 12), (24, 9), (1, 7), (10, 10), (1, 16), (16, 14), (34, 4), (31, 14), (12, 10), (3, 7), (14, 16), (3, 16), (32, 6), (8, 6), (33, 14), (24, 11), (1, 9), (10, 12), (29, 1), (16, 16), (6, 8), (34, 6), (31, 16), (20, 16), (23, 12), (12, 12), (4, 8), (27, 3), (27, 12), (30, 8), (8, 8), (33, 16), (1, 11), (10, 14), (6, 10), (20, 9), (12, 14), (14, 11), (4, 10), (27, 5), (32, 1), (30, 1), (27, 14), (17, 13), (30, 10), (8, 10), (11, 6), (10, 16), (1, 13), (25, 14), (6, 12), (20, 11), (23, 16), (12, 16), (4, 12), (27, 7), (30, 3), (27, 16), (30, 12), (8, 12), (19, 12), (11, 8), (25, 16), (15, 8), (31, 4), (29, 16), (6, 14), (21, 12), (23, 9), (4, 14), (34, 15), (27, 9), (17, 8), (30, 5), (33, 4), (30, 14), (8, 14), (10, 11), (11, 10), (25, 9), (32, 8), (2, 7), (2, 16), (15, 10), (31, 6), (7, 6), (6, 16), (12, 11), (4, 7), (34, 8), (27, 2), (28, 1), (4, 16), (27, 11), (17, 10), (9, 6), (30, 16), (19, 16), (8, 16), (10, 13), (32, 10), (15, 12), (6, 9), (7, 8)]",182,0,182
195,"(6, 5)","(6, 6)",South,"[((5, 5), 'West', 1)]","['(6, 5)', '(13, 12)', '(13, 12)', '(3, 10)', '(19, 12)', '(19, 11)', '(26, 2)', '(31, 4)', '(29, 6)', '(29, 10)', '(33, 16)']","['(5, 5)', '(13, 12)', '(13, 12)', '(3, 10)', '(19, 12)', '(19, 11)', '(26, 2)', '(31, 4)', '(29, 6)', '(29, 10)', '(33, 16)']","[(34, 1), (21, 16), (4, 9), (34, 10), (27, 4), (27, 13), (17, 12), (30, 9), (8, 9), (10, 6), (32, 12), (13, 8), (1, 15), (26, 14), (6, 11), (15, 14), (21, 9), (34, 3), (34, 12), (27, 6), (17, 14), (8, 11), (19, 11), (11, 7), (11, 16), (32, 14), (1, 8), (26, 16), (15, 16), (6, 13), (18, 12), (34, 14), (22, 12), (27, 8), (14, 8), (30, 4), (28, 16), (30, 13), (17, 16), (5, 14), (33, 6), (32, 16), (24, 12), (26, 9), (25, 11), (1, 10), (16, 8), (6, 6), (31, 8), (34, 7), (27, 1), (34, 16), (12, 13), (14, 10), (17, 9), (30, 6), (5, 16), (9, 14), (33, 8), (1, 12), (26, 11), (13, 14), (16, 10), (31, 1), (18, 16), (7, 16), (31, 10), (20, 10), (22, 16), (14, 12), (4, 11), (33, 1), (9, 16), (33, 10), (24, 16), (13, 16), (25, 15), (1, 14), (16, 12), (31, 3), (34, 2), (31, 12), (34, 11), (22, 9), (20, 12), (12, 8), (14, 14), (4, 13), (32, 4), (8, 13), (33, 12), (24, 9), (1, 7), (10, 10), (1, 16), (16, 14), (34, 4), (31, 14), (12, 10), (3, 7), (14, 16), (3, 16), (32, 6), (8, 6), (33, 14), (24, 11), (1, 9), (10, 12), (29, 1), (16, 16), (6, 8), (34, 6), (31, 16), (20, 16), (23, 12), (12, 12), (4, 8), (27, 3), (27, 12), (30, 8), (8, 8), (33, 16), (1, 11), (10, 14), (6, 10), (20, 9), (12, 14), (14, 11), (4, 10), (27, 5), (32, 1), (30, 1), (27, 14), (17, 13), (30, 10), (8, 10), (11, 6), (10, 16), (1, 13), (25, 14), (6, 12), (20, 11), (23, 16), (12, 16), (4, 12), (27, 7), (30, 3), (27, 16), (30, 12), (8, 12), (19, 12), (11, 8), (25, 16), (15, 8), (6, 5), (31, 4), (29, 16), (6, 14), (21, 12), (23, 9), (4, 14), (34, 15), (27, 9), (17, 8), (30, 5), (33, 4), (30, 14), (8, 14), (10, 11), (11, 10), (25, 9), (32, 8), (2, 7), (2, 16), (15, 10), (31, 6), (7, 6), (6, 16), (12, 11), (4, 7), (34, 8), (27, 2), (28, 1), (4, 16), (27, 11), (17, 10), (9, 6), (30, 16), (19, 16), (8, 16), (10, 13), (32, 10), (15, 12), (6, 9), (7, 8)]",183,0,183
196,"(5, 5)","(6, 5)",West,"[((4, 5), 'West', 1)]","['(5, 5)', '(13, 12)', '(13, 12)', '(3, 10)', '(19, 12)', '(19, 11)', '(26, 2)', '(31, 4)', '(29, 6)', '(29, 10)', '(33, 16)']","['(4, 5)', '(13, 12)', '(13, 12)', '(3, 10)', '(19, 12)', '(19, 11)', '(26, 2)', '(31, 4)', '(29, 6)', '(29, 10)', '(33, 16)']","[(34, 1), (21, 16), (4, 9), (34, 10), (27, 4), (27, 13), (17, 12), (30, 9), (8, 9), (10, 6), (32, 12), (13, 8), (1, 15), (26, 14), (6, 11), (15, 14), (21, 9), (34, 3), (34, 12), (27, 6), (17, 14), (8, 11), (19, 11), (11, 7), (11, 16), (32, 14), (1, 8), (26, 16), (15, 16), (6, 13), (18, 12), (34, 14), (22, 12), (27, 8), (14, 8), (5, 5), (30, 4), (28, 16), (30, 13), (17, 16), (5, 14), (33, 6), (32, 16), (24, 12), (26, 9), (25, 11), (1, 10), (16, 8), (6, 6), (31, 8), (34, 7), (27, 1), (34, 16), (12, 13), (14, 10), (17, 9), (30, 6), (5, 16), (9, 14), (33, 8), (1, 12), (26, 11), (13, 14), (16, 10), (31, 1), (18, 16), (7, 16), (31, 10), (20, 10), (22, 16), (14, 12), (4, 11), (33, 1), (9, 16), (33, 10), (24, 16), (13, 16), (25, 15), (1, 14), (16, 12), (31, 3), (34, 2), (31, 12), (34, 11), (22, 9), (20, 12), (12, 8), (14, 14), (4, 13), (32, 4), (8, 13), (33, 12), (24, 9), (1, 7), (10, 10), (1, 16), (16, 14), (34, 4), (31, 14), (12, 10), (3, 7), (14, 16), (3, 16), (32, 6), (8, 6), (33, 14), (24, 11), (1, 9), (10, 12), (29, 1), (16, 16), (6, 8), (34, 6), (31, 16), (20, 16), (23, 12), (12, 12), (4, 8), (27, 3), (27, 12), (30, 8), (8, 8), (33, 16), (1, 11), (10, 14), (6, 10), (20, 9), (12, 14), (14, 11), (4, 10), (27, 5), (32, 1), (30, 1), (27, 14), (17, 13), (30, 10), (8, 10), (11, 6), (10, 16), (1, 13), (25, 14), (6, 12), (20, 11), (23, 16), (12, 16), (4, 12), (27, 7), (30, 3), (27, 16), (30, 12), (8, 12), (19, 12), (11, 8), (25, 16), (15, 8), (6, 5), (31, 4), (29, 16), (6, 14), (21, 12), (23, 9), (4, 14), (34, 15), (27, 9), (17, 8), (30, 5), (33, 4), (30, 14), (8, 14), (10, 11), (11, 10), (25, 9), (32, 8), (2, 7), (2, 16), (15, 10), (31, 6), (7, 6), (6, 16), (12, 11), (4, 7), (34, 8), (27, 2), (28, 1), (4, 16), (27, 11), (17, 10), (9, 6), (30, 16), (19, 16), (8, 16), (10, 13), (32, 10), (15, 12), (6, 9), (7, 8)]",184,0,184
197,"(4, 5)","(5, 5)",West,"[((3, 5), 'West', 1)]","['(4, 5)', '(13, 12)', '(13, 12)', '(3, 10)', '(19, 12)', '(19, 11)', '(26, 2)', '(31, 4)', '(29, 6)', '(29, 10)', '(33, 16)']","['(3, 5)', '(13, 12)', '(13, 12)', '(3, 10)', '(19, 12)', '(19, 11)', '(26, 2)', '(31, 4)', '(29, 6)', '(29, 10)', '(33, 16)']","[(34, 1), (21, 16), (4, 9), (34, 10), (27, 4), (27, 13), (17, 12), (30, 9), (8, 9), (10, 6), (32, 12), (13, 8), (1, 15), (26, 14), (6, 11), (15, 14), (21, 9), (34, 3), (34, 12), (27, 6), (17, 14), (8, 11), (19, 11), (11, 7), (11, 16), (32, 14), (1, 8), (26, 16), (15, 16), (6, 13), (18, 12), (34, 14), (22, 12), (27, 8), (14, 8), (5, 5), (30, 4), (28, 16), (30, 13), (17, 16), (5, 14), (33, 6), (32, 16), (24, 12), (26, 9), (25, 11), (1, 10), (16, 8), (6, 6), (31, 8), (34, 7), (27, 1), (34, 16), (12, 13), (14, 10), (17, 9), (30, 6), (5, 16), (9, 14), (33, 8), (1, 12), (26, 11), (13, 14), (16, 10), (31, 1), (18, 16), (7, 16), (31, 10), (20, 10), (22, 16), (14, 12), (4, 11), (33, 1), (9, 16), (33, 10), (24, 16), (13, 16), (25, 15), (1, 14), (16, 12), (31, 3), (34, 2), (31, 12), (34, 11), (22, 9), (20, 12), (12, 8), (14, 14), (4, 13), (32, 4), (8, 13), (33, 12), (24, 9), (1, 7), (10, 10), (1, 16), (16, 14), (34, 4), (31, 14), (12, 10), (3, 7), (14, 16), (3, 16), (32, 6), (8, 6), (33, 14), (24, 11), (1, 9), (10, 12), (29, 1), (16, 16), (6, 8), (34, 6), (31, 16), (20, 16), (23, 12), (12, 12), (4, 8), (27, 3), (27, 12), (30, 8), (8, 8), (33, 16), (1, 11), (10, 14), (6, 10), (20, 9), (12, 14), (14, 11), (4, 10), (27, 5), (32, 1), (30, 1), (27, 14), (17, 13), (30, 10), (8, 10), (11, 6), (10, 16), (1, 13), (25, 14), (6, 12), (20, 11), (23, 16), (12, 16), (4, 12), (27, 7), (30, 3), (27, 16), (30, 12), (8, 12), (19, 12), (11, 8), (25, 16), (15, 8), (6, 5), (31, 4), (29, 16), (6, 14), (21, 12), (23, 9), (4, 5), (4, 14), (34, 15), (27, 9), (17, 8), (30, 5), (33, 4), (30, 14), (8, 14), (10, 11), (11, 10), (25, 9), (32, 8), (2, 7), (2, 16), (15, 10), (31, 6), (7, 6), (6, 16), (12, 11), (4, 7), (34, 8), (27, 2), (28, 1), (4, 16), (27, 11), (17, 10), (9, 6), (30, 16), (19, 16), (8, 16), (10, 13), (32, 10), (15, 12), (6, 9), (7, 8)]",185,0,185
198,"(3, 5)","(4, 5)",West,"[((2, 5), 'West', 1)]","['(3, 5)', '(13, 12)', '(13, 12)', '(3, 10)', '(19, 12)', '(19, 11)', '(26, 2)', '(31, 4)', '(29, 6)', '(29, 10)', '(33, 16)']","['(2, 5)', '(13, 12)', '(13, 12)', '(3, 10)', '(19, 12)', '(19, 11)', '(26, 2)', '(31, 4)', '(29, 6)', '(29, 10)', '(33, 16)']","[(34, 1), (21, 16), (4, 9), (34, 10), (27, 4), (27, 13), (17, 12), (30, 9), (8, 9), (10, 6), (32, 12), (13, 8), (1, 15), (26, 14), (6, 11), (15, 14), (21, 9), (34, 3), (34, 12), (27, 6), (17, 14), (8, 11), (19, 11), (11, 7), (11, 16), (32, 14), (1, 8), (26, 16), (15, 16), (6, 13), (18, 12), (34, 14), (22, 12), (27, 8), (14, 8), (5, 5), (30, 4), (28, 16), (30, 13), (17, 16), (5, 14), (33, 6), (32, 16), (24, 12), (26, 9), (25, 11), (1, 10), (16, 8), (6, 6), (31, 8), (34, 7), (27, 1), (34, 16), (12, 13), (14, 10), (17, 9), (30, 6), (5, 16), (9, 14), (33, 8), (1, 12), (26, 11), (13, 14), (16, 10), (31, 1), (18, 16), (7, 16), (31, 10), (20, 10), (22, 16), (14, 12), (4, 11), (33, 1), (9, 16), (33, 10), (24, 16), (13, 16), (25, 15), (1, 14), (16, 12), (31, 3), (34, 2), (31, 12), (34, 11), (22, 9), (20, 12), (12, 8), (3, 5), (14, 14), (4, 13), (32, 4), (8, 13), (33, 12), (24, 9), (1, 7), (10, 10), (1, 16), (16, 14), (34, 4), (31, 14), (12, 10), (3, 7), (14, 16), (3, 16), (32, 6), (8, 6), (33, 14), (24, 11), (1, 9), (10, 12), (29, 1), (16, 16), (6, 8), (34, 6), (31, 16), (20, 16), (23, 12), (12, 12), (4, 8), (27, 3), (27, 12), (30, 8), (8, 8), (33, 16), (1, 11), (10, 14), (6, 10), (20, 9), (12, 14), (14, 11), (4, 10), (27, 5), (32, 1), (30, 1), (27, 14), (17, 13), (30, 10), (8, 10), (11, 6), (10, 16), (1, 13), (25, 14), (6, 12), (20, 11), (23, 16), (12, 16), (4, 12), (27, 7), (30, 3), (27, 16), (30, 12), (8, 12), (19, 12), (11, 8), (25, 16), (15, 8), (6, 5), (31, 4), (29, 16), (6, 14), (21, 12), (23, 9), (4, 5), (4, 14), (34, 15), (27, 9), (17, 8), (30, 5), (33, 4), (30, 14), (8, 14), (10, 11), (11, 10), (25, 9), (32, 8), (2, 7), (2, 16), (15, 10), (31, 6), (7, 6), (6, 16), (12, 11), (4, 7), (34, 8), (27, 2), (28, 1), (4, 16), (27, 11), (17, 10), (9, 6), (30, 16), (19, 16), (8, 16), (10, 13), (32, 10), (15, 12), (6, 9), (7, 8)]",186,0,186
199,"(2, 5)","(3, 5)",West,"[((1, 5), 'West', 1)]","['(2, 5)', '(13, 12)', '(13, 12)', '(3, 10)', '(19, 12)', '(19, 11)', '(26, 2)', '(31, 4)', '(29, 6)', '(29, 10)', '(33, 16)']","['(1, 5)', '(13, 12)', '(13, 12)', '(3, 10)', '(19, 12)', '(19, 11)', '(26, 2)', '(31, 4)', '(29, 6)', '(29, 10)', '(33, 16)']","[(34, 1), (21, 16), (4, 9), (34, 10), (27, 4), (27, 13), (17, 12), (30, 9), (8, 9), (10, 6), (32, 12), (13, 8), (1, 15), (26, 14), (6, 11), (15, 14), (21, 9), (34, 3), (34, 12), (27, 6), (17, 14), (8, 11), (19, 11), (11, 7), (11, 16), (32, 14), (1, 8), (26, 16), (15, 16), (6, 13), (18, 12), (34, 14), (22, 12), (27, 8), (14, 8), (5, 5), (30, 4), (28, 16), (30, 13), (17, 16), (5, 14), (33, 6), (32, 16), (24, 12), (26, 9), (25, 11), (1, 10), (16, 8), (6, 6), (31, 8), (34, 7), (27, 1), (34, 16), (12, 13), (14, 10), (17, 9), (30, 6), (5, 16), (9, 14), (33, 8), (1, 12), (26, 11), (13, 14), (16, 10), (31, 1), (18, 16), (7, 16), (31, 10), (20, 10), (22, 16), (14, 12), (4, 11), (33, 1), (9, 16), (33, 10), (24, 16), (13, 16), (25, 15), (1, 14), (16, 12), (31, 3), (34, 2), (31, 12), (34, 11), (22, 9), (20, 12), (12, 8), (3, 5), (14, 14), (4, 13), (32, 4), (8, 13), (33, 12), (24, 9), (1, 7), (10, 10), (1, 16), (16, 14), (34, 4), (31, 14), (12, 10), (3, 7), (14, 16), (3, 16), (32, 6), (8, 6), (33, 14), (24, 11), (1, 9), (10, 12), (29, 1), (16, 16), (6, 8), (34, 6), (31, 16), (20, 16), (23, 12), (12, 12), (4, 8), (27, 3), (27, 12), (30, 8), (8, 8), (33, 16), (1, 11), (10, 14), (6, 10), (20, 9), (12, 14), (14, 11), (4, 10), (27, 5), (32, 1), (30, 1), (27, 14), (17, 13), (30, 10), (8, 10), (11, 6), (10, 16), (1, 13), (25, 14), (6, 12), (20, 11), (23, 16), (12, 16), (4, 12), (27, 7), (30, 3), (27, 16), (30, 12), (8, 12), (19, 12), (11, 8), (2, 5), (25, 16), (15, 8), (6, 5), (31, 4), (29, 16), (6, 14), (21, 12), (23, 9), (4, 5), (4, 14), (34, 15), (27, 9), (17, 8), (30, 5), (33, 4), (30, 14), (8, 14), (10, 11), (11, 10), (25, 9), (32, 8), (2, 7), (2, 16), (15, 10), (31, 6), (7, 6), (6, 16), (12, 11), (4, 7), (34, 8), (27, 2), (28, 1), (4, 16), (27, 11), (17, 10), (9, 6), (30, 16), (19, 16), (8, 16), (10, 13), (32, 10), (15, 12), (6, 9), (7, 8)]",187,0,187
200,"(1, 5)","(2, 5)",West,"[((1, 4), 'South', 1)]","['(1, 5)', '(13, 12)', '(13, 12)', '(3, 10)', '(19, 12)', '(19, 11)', '(26, 2)', '(31, 4)', '(29, 6)', '(29, 10)', '(33, 16)']","['(1, 4)', '(13, 12)', '(13, 12)', '(3, 10)', '(19, 12)', '(19, 11)', '(26, 2)', '(31, 4)', '(29, 6)', '(29, 10)', '(33, 16)']","[(34, 1), (21, 16), (4, 9), (34, 10), (27, 4), (27, 13), (17, 12), (30, 9), (8, 9), (10, 6), (32, 12), (13, 8), (1, 15), (26, 14), (6, 11), (15, 14), (21, 9), (34, 3), (34, 12), (27, 6), (17, 14), (8, 11), (19, 11), (11, 7), (11, 16), (32, 14), (1, 8), (26, 16), (15, 16), (6, 13), (18, 12), (34, 14), (22, 12), (27, 8), (14, 8), (5, 5), (30, 4), (28, 16), (30, 13), (17, 16), (5, 14), (33, 6), (32, 16), (24, 12), (26, 9), (25, 11), (1, 10), (16, 8), (6, 6), (31, 8), (34, 7), (27, 1), (34, 16), (12, 13), (14, 10), (17, 9), (30, 6), (5, 16), (9, 14), (33, 8), (1, 12), (26, 11), (13, 14), (16, 10), (31, 1), (18, 16), (7, 16), (31, 10), (20, 10), (22, 16), (14, 12), (4, 11), (33, 1), (9, 16), (33, 10), (1, 5), (24, 16), (13, 16), (25, 15), (1, 14), (16, 12), (31, 3), (34, 2), (31, 12), (34, 11), (22, 9), (20, 12), (12, 8), (3, 5), (14, 14), (4, 13), (32, 4), (8, 13), (33, 12), (24, 9), (1, 7), (10, 10), (1, 16), (16, 14), (34, 4), (31, 14), (12, 10), (3, 7), (14, 16), (3, 16), (32, 6), (8, 6), (33, 14), (24, 11), (1, 9), (10, 12), (29, 1), (16, 16), (6, 8), (34, 6), (31, 16), (20, 16), (23, 12), (12, 12), (4, 8), (27, 3), (27, 12), (30, 8), (8, 8), (33, 16), (1, 11), (10, 14), (6, 10), (20, 9), (12, 14), (14, 11), (4, 10), (27, 5), (32, 1), (30, 1), (27, 14), (17, 13), (30, 10), (8, 10), (11, 6), (10, 16), (1, 13), (25, 14), (6, 12), (20, 11), (23, 16), (12, 16), (4, 12), (27, 7), (30, 3), (27, 16), (30, 12), (8, 12), (19, 12), (11, 8), (2, 5), (25, 16), (15, 8), (6, 5), (31, 4), (29, 16), (6, 14), (21, 12), (23, 9), (4, 5), (4, 14), (34, 15), (27, 9), (17, 8), (30, 5), (33, 4), (30, 14), (8, 14), (10, 11), (11, 10), (25, 9), (32, 8), (2, 7), (2, 16), (15, 10), (31, 6), (7, 6), (6, 16), (12, 11), (4, 7), (34, 8), (27, 2), (28, 1), (4, 16), (27, 11), (17, 10), (9, 6), (30, 16), (19, 16), (8, 16), (10, 13), (32, 10), (15, 12), (6, 9), (7, 8)]",188,0,188
201,"(1, 4)","(1, 5)",South,"[((1, 3), 'South', 1)]","['(1, 4)', '(13, 12)', '(13, 12)', '(3, 10)', '(19, 12)', '(19, 11)', '(26, 2)', '(31, 4)', '(29, 6)', '(29, 10)', '(33, 16)']","['(1, 3)', '(13, 12)', '(13, 12)', '(3, 10)', '(19, 12)', '(19, 11)', '(26, 2)', '(31, 4)', '(29, 6)', '(29, 10)', '(33, 16)']","[(34, 1), (21, 16), (4, 9), (34, 10), (27, 4), (27, 13), (17, 12), (30, 9), (8, 9), (10, 6), (32, 12), (13, 8), (1, 15), (26, 14), (6, 11), (15, 14), (21, 9), (34, 3), (34, 12), (27, 6), (17, 14), (8, 11), (19, 11), (11, 7), (11, 16), (32, 14), (1, 8), (26, 16), (15, 16), (6, 13), (18, 12), (34, 14), (22, 12), (27, 8), (14, 8), (5, 5), (30, 4), (28, 16), (30, 13), (17, 16), (5, 14), (33, 6), (32, 16), (24, 12), (26, 9), (25, 11), (1, 10), (16, 8), (6, 6), (31, 8), (34, 7), (27, 1), (34, 16), (12, 13), (14, 10), (17, 9), (30, 6), (5, 16), (9, 14), (33, 8), (1, 12), (26, 11), (13, 14), (16, 10), (31, 1), (18, 16), (7, 16), (31, 10), (20, 10), (22, 16), (14, 12), (4, 11), (33, 1), (9, 16), (33, 10), (1, 5), (24, 16), (13, 16), (25, 15), (1, 14), (16, 12), (31, 3), (34, 2), (31, 12), (34, 11), (22, 9), (20, 12), (12, 8), (3, 5), (14, 14), (4, 13), (32, 4), (8, 13), (33, 12), (24, 9), (1, 7), (10, 10), (1, 16), (16, 14), (34, 4), (31, 14), (12, 10), (3, 7), (14, 16), (3, 16), (32, 6), (8, 6), (33, 14), (24, 11), (1, 9), (10, 12), (29, 1), (16, 16), (6, 8), (34, 6), (31, 16), (20, 16), (23, 12), (12, 12), (4, 8), (27, 3), (27, 12), (30, 8), (8, 8), (33, 16), (1, 11), (10, 14), (6, 10), (20, 9), (12, 14), (14, 11), (4, 10), (27, 5), (32, 1), (30, 1), (27, 14), (17, 13), (30, 10), (8, 10), (1, 4), (11, 6), (10, 16), (1, 13), (25, 14), (6, 12), (20, 11), (23, 16), (12, 16), (4, 12), (27, 7), (30, 3), (27, 16), (30, 12), (8, 12), (19, 12), (11, 8), (2, 5), (25, 16), (15, 8), (6, 5), (31, 4), (29, 16), (6, 14), (21, 12), (23, 9), (4, 5), (4, 14), (34, 15), (27, 9), (17, 8), (30, 5), (33, 4), (30, 14), (8, 14), (10, 11), (11, 10), (25, 9), (32, 8), (2, 7), (2, 16), (15, 10), (31, 6), (7, 6), (6, 16), (12, 11), (4, 7), (34, 8), (27, 2), (28, 1), (4, 16), (27, 11), (17, 10), (9, 6), (30, 16), (19, 16), (8, 16), (10, 13), (32, 10), (15, 12), (6, 9), (7, 8)]",189,0,189
202,"(1, 3)","(1, 4)",South,"[((2, 3), 'East', 1)]","['(1, 3)', '(13, 12)', '(13, 12)', '(3, 10)', '(19, 12)', '(19, 11)', '(26, 2)', '(31, 4)', '(29, 6)', '(29, 10)', '(33, 16)']","['(2, 3)', '(13, 12)', '(13, 12)', '(3, 10)', '(19, 12)', '(19, 11)', '(26, 2)', '(31, 4)', '(29, 6)', '(29, 10)', '(33, 16)']","[(34, 1), (21, 16), (4, 9), (34, 10), (27, 4), (27, 13), (17, 12), (30, 9), (8, 9), (10, 6), (32, 12), (13, 8), (1, 15), (26, 14), (6, 11), (15, 14), (21, 9), (34, 3), (34, 12), (27, 6), (17, 14), (8, 11), (19, 11), (11, 7), (11, 16), (32, 14), (1, 8), (26, 16), (15, 16), (6, 13), (18, 12), (34, 14), (22, 12), (27, 8), (14, 8), (5, 5), (30, 4), (28, 16), (30, 13), (17, 16), (5, 14), (33, 6), (32, 16), (24, 12), (26, 9), (25, 11), (1, 10), (16, 8), (6, 6), (31, 8), (34, 7), (27, 1), (34, 16), (12, 13), (14, 10), (17, 9), (30, 6), (5, 16), (9, 14), (33, 8), (1, 3), (1, 12), (26, 11), (13, 14), (16, 10), (31, 1), (18, 16), (7, 16), (31, 10), (20, 10), (22, 16), (14, 12), (4, 11), (33, 1), (9, 16), (33, 10), (1, 5), (24, 16), (13, 16), (25, 15), (1, 14), (16, 12), (31, 3), (34, 2), (31, 12), (34, 11), (22, 9), (20, 12), (12, 8), (3, 5), (14, 14), (4, 13), (32, 4), (8, 13), (33, 12), (24, 9), (1, 7), (10, 10), (1, 16), (16, 14), (34, 4), (31, 14), (12, 10), (3, 7), (14, 16), (3, 16), (32, 6), (8, 6), (33, 14), (24, 11), (1, 9), (10, 12), (29, 1), (16, 16), (6, 8), (34, 6), (31, 16), (20, 16), (23, 12), (12, 12), (4, 8), (27, 3), (27, 12), (30, 8), (8, 8), (33, 16), (1, 11), (10, 14), (6, 10), (20, 9), (12, 14), (14, 11), (4, 10), (27, 5), (32, 1), (30, 1), (27, 14), (17, 13), (30, 10), (8, 10), (1, 4), (11, 6), (10, 16), (1, 13), (25, 14), (6, 12), (20, 11), (23, 16), (12, 16), (4, 12), (27, 7), (30, 3), (27, 16), (30, 12), (8, 12), (19, 12), (11, 8), (2, 5), (25, 16), (15, 8), (6, 5), (31, 4), (29, 16), (6, 14), (21, 12), (23, 9), (4, 5), (4, 14), (34, 15), (27, 9), (17, 8), (30, 5), (33, 4), (30, 14), (8, 14), (10, 11), (11, 10), (25, 9), (32, 8), (2, 7), (2, 16), (15, 10), (31, 6), (7, 6), (6, 16), (12, 11), (4, 7), (34, 8), (27, 2), (28, 1), (4, 16), (27, 11), (17, 10), (9, 6), (30, 16), (19, 16), (8, 16), (10, 13), (32, 10), (15, 12), (6, 9), (7, 8)]",190,0,190
203,"(2, 3)","(1, 3)",East,"[((3, 3), 'East', 1)]","['(2, 3)', '(13, 12)', '(13, 12)', '(3, 10)', '(19, 12)', '(19, 11)', '(26, 2)', '(31, 4)', '(29, 6)', '(29, 10)', '(33, 16)']","['(3, 3)', '(13, 12)', '(13, 12)', '(3, 10)', '(19, 12)', '(19, 11)', '(26, 2)', '(31, 4)', '(29, 6)', '(29, 10)', '(33, 16)']","[(34, 1), (21, 16), (4, 9), (34, 10), (27, 4), (27, 13), (17, 12), (30, 9), (8, 9), (10, 6), (32, 12), (13, 8), (1, 15), (26, 14), (6, 11), (15, 14), (21, 9), (34, 3), (34, 12), (27, 6), (17, 14), (8, 11), (19, 11), (11, 7), (11, 16), (32, 14), (1, 8), (26, 16), (15, 16), (6, 13), (18, 12), (34, 14), (22, 12), (27, 8), (14, 8), (5, 5), (30, 4), (28, 16), (30, 13), (17, 16), (5, 14), (33, 6), (32, 16), (24, 12), (26, 9), (25, 11), (1, 10), (16, 8), (6, 6), (31, 8), (34, 7), (27, 1), (34, 16), (12, 13), (14, 10), (17, 9), (30, 6), (5, 16), (9, 14), (33, 8), (1, 3), (1, 12), (26, 11), (13, 14), (16, 10), (31, 1), (18, 16), (7, 16), (31, 10), (20, 10), (22, 16), (14, 12), (4, 11), (33, 1), (9, 16), (33, 10), (1, 5), (24, 16), (13, 16), (25, 15), (1, 14), (16, 12), (31, 3), (34, 2), (31, 12), (34, 11), (22, 9), (20, 12), (12, 8), (3, 5), (14, 14), (4, 13), (32, 4), (8, 13), (33, 12), (24, 9), (1, 7), (10, 10), (1, 16), (16, 14), (34, 4), (31, 14), (12, 10), (3, 7), (14, 16), (3, 16), (32, 6), (8, 6), (33, 14), (24, 11), (1, 9), (10, 12), (29, 1), (16, 16), (6, 8), (34, 6), (31, 16), (20, 16), (23, 12), (12, 12), (4, 8), (27, 3), (27, 12), (30, 8), (8, 8), (33, 16), (1, 11), (10, 14), (6, 10), (20, 9), (12, 14), (14, 11), (4, 10), (27, 5), (32, 1), (30, 1), (27, 14), (17, 13), (30, 10), (8, 10), (1, 4), (11, 6), (2, 3), (10, 16), (1, 13), (25, 14), (6, 12), (20, 11), (23, 16), (12, 16), (4, 12), (27, 7), (30, 3), (27, 16), (30, 12), (8, 12), (19, 12), (11, 8), (2, 5), (25, 16), (15, 8), (6, 5), (31, 4), (29, 16), (6, 14), (21, 12), (23, 9), (4, 5), (4, 14), (34, 15), (27, 9), (17, 8), (30, 5), (33, 4), (30, 14), (8, 14), (10, 11), (11, 10), (25, 9), (32, 8), (2, 7), (2, 16), (15, 10), (31, 6), (7, 6), (6, 16), (12, 11), (4, 7), (34, 8), (27, 2), (28, 1), (4, 16), (27, 11), (17, 10), (9, 6), (30, 16), (19, 16), (8, 16), (10, 13), (32, 10), (15, 12), (6, 9), (7, 8)]",191,0,191
204,"(3, 3)","(2, 3)",East,"[((4, 3), 'East', 1)]","['(3, 3)', '(13, 12)', '(13, 12)', '(3, 10)', '(19, 12)', '(19, 11)', '(26, 2)', '(31, 4)', '(29, 6)', '(29, 10)', '(33, 16)']","['(4, 3)', '(13, 12)', '(13, 12)', '(3, 10)', '(19, 12)', '(19, 11)', '(26, 2)', '(31, 4)', '(29, 6)', '(29, 10)', '(33, 16)']","[(34, 1), (21, 16), (4, 9), (34, 10), (27, 4), (27, 13), (17, 12), (30, 9), (8, 9), (10, 6), (32, 12), (13, 8), (1, 15), (26, 14), (6, 11), (15, 14), (21, 9), (34, 3), (34, 12), (27, 6), (17, 14), (8, 11), (19, 11), (11, 7), (11, 16), (32, 14), (1, 8), (26, 16), (15, 16), (6, 13), (18, 12), (34, 14), (22, 12), (27, 8), (14, 8), (5, 5), (30, 4), (28, 16), (30, 13), (17, 16), (5, 14), (33, 6), (32, 16), (24, 12), (26, 9), (25, 11), (1, 10), (16, 8), (6, 6), (31, 8), (34, 7), (27, 1), (34, 16), (12, 13), (14, 10), (17, 9), (30, 6), (5, 16), (9, 14), (33, 8), (1, 3), (1, 12), (26, 11), (13, 14), (16, 10), (31, 1), (18, 16), (7, 16), (31, 10), (20, 10), (3, 3), (22, 16), (14, 12), (4, 11), (33, 1), (9, 16), (33, 10), (1, 5), (24, 16), (13, 16), (25, 15), (1, 14), (16, 12), (31, 3), (34, 2), (31, 12), (34, 11), (22, 9), (20, 12), (12, 8), (3, 5), (14, 14), (4, 13), (32, 4), (8, 13), (33, 12), (24, 9), (1, 7), (10, 10), (1, 16), (16, 14), (34, 4), (31, 14), (12, 10), (3, 7), (14, 16), (3, 16), (32, 6), (8, 6), (33, 14), (24, 11), (1, 9), (10, 12), (29, 1), (16, 16), (6, 8), (34, 6), (31, 16), (20, 16), (23, 12), (12, 12), (4, 8), (27, 3), (27, 12), (30, 8), (8, 8), (33, 16), (1, 11), (10, 14), (6, 10), (20, 9), (12, 14), (14, 11), (4, 10), (27, 5), (32, 1), (30, 1), (27, 14), (17, 13), (30, 10), (8, 10), (1, 4), (11, 6), (2, 3), (10, 16), (1, 13), (25, 14), (6, 12), (20, 11), (23, 16), (12, 16), (4, 12), (27, 7), (30, 3), (27, 16), (30, 12), (8, 12), (19, 12), (11, 8), (2, 5), (25, 16), (15, 8), (6, 5), (31, 4), (29, 16), (6, 14), (21, 12), (23, 9), (4, 5), (4, 14), (34, 15), (27, 9), (17, 8), (30, 5), (33, 4), (30, 14), (8, 14), (10, 11), (11, 10), (25, 9), (32, 8), (2, 7), (2, 16), (15, 10), (31, 6), (7, 6), (6, 16), (12, 11), (4, 7), (34, 8), (27, 2), (28, 1), (4, 16), (27, 11), (17, 10), (9, 6), (30, 16), (19, 16), (8, 16), (10, 13), (32, 10), (15, 12), (6, 9), (7, 8)]",192,0,192
205,"(4, 3)","(3, 3)",East,"[((5, 3), 'East', 1)]","['(4, 3)', '(13, 12)', '(13, 12)', '(3, 10)', '(19, 12)', '(19, 11)', '(26, 2)', '(31, 4)', '(29, 6)', '(29, 10)', '(33, 16)']","['(5, 3)', '(13, 12)', '(13, 12)', '(3, 10)', '(19, 12)', '(19, 11)', '(26, 2)', '(31, 4)', '(29, 6)', '(29, 10)', '(33, 16)']","[(34, 1), (21, 16), (4, 9), (34, 10), (27, 4), (27, 13), (17, 12), (30, 9), (8, 9), (10, 6), (32, 12), (13, 8), (1, 15), (26, 14), (6, 11), (15, 14), (21, 9), (34, 3), (34, 12), (27, 6), (17, 14), (8, 11), (19, 11), (11, 7), (11, 16), (32, 14), (1, 8), (26, 16), (15, 16), (6, 13), (18, 12), (34, 14), (22, 12), (27, 8), (14, 8), (5, 5), (30, 4), (28, 16), (30, 13), (17, 16), (5, 14), (33, 6), (32, 16), (24, 12), (26, 9), (25, 11), (1, 10), (16, 8), (6, 6), (31, 8), (34, 7), (27, 1), (34, 16), (12, 13), (14, 10), (17, 9), (30, 6), (5, 16), (9, 14), (33, 8), (1, 3), (1, 12), (26, 11), (13, 14), (16, 10), (31, 1), (18, 16), (7, 16), (31, 10), (20, 10), (3, 3), (22, 16), (14, 12), (4, 11), (33, 1), (9, 16), (33, 10), (1, 5), (24, 16), (13, 16), (25, 15), (1, 14), (16, 12), (31, 3), (34, 2), (31, 12), (34, 11), (22, 9), (20, 12), (12, 8), (3, 5), (14, 14), (4, 13), (32, 4), (8, 13), (33, 12), (24, 9), (1, 7), (10, 10), (1, 16), (16, 14), (34, 4), (31, 14), (12, 10), (3, 7), (14, 16), (3, 16), (32, 6), (8, 6), (33, 14), (24, 11), (1, 9), (10, 12), (29, 1), (16, 16), (6, 8), (34, 6), (31, 16), (20, 16), (23, 12), (12, 12), (4, 8), (27, 3), (27, 12), (30, 8), (8, 8), (33, 16), (1, 11), (10, 14), (6, 10), (20, 9), (12, 14), (14, 11), (4, 10), (27, 5), (32, 1), (30, 1), (27, 14), (17, 13), (30, 10), (8, 10), (1, 4), (11, 6), (2, 3), (10, 16), (1, 13), (25, 14), (6, 12), (20, 11), (4, 3), (23, 16), (12, 16), (4, 12), (27, 7), (30, 3), (27, 16), (30, 12), (8, 12), (19, 12), (11, 8), (2, 5), (25, 16), (15, 8), (6, 5), (31, 4), (29, 16), (6, 14), (21, 12), (23, 9), (4, 5), (4, 14), (34, 15), (27, 9), (17, 8), (30, 5), (33, 4), (30, 14), (8, 14), (10, 11), (11, 10), (25, 9), (32, 8), (2, 7), (2, 16), (15, 10), (31, 6), (7, 6), (6, 16), (12, 11), (4, 7), (34, 8), (27, 2), (28, 1), (4, 16), (27, 11), (17, 10), (9, 6), (30, 16), (19, 16), (8, 16), (10, 13), (32, 10), (15, 12), (6, 9), (7, 8)]",193,0,193
206,"(5, 3)","(4, 3)",East,"[((6, 3), 'East', 1)]","['(5, 3)', '(13, 12)', '(13, 12)', '(3, 10)', '(19, 12)', '(19, 11)', '(26, 2)', '(31, 4)', '(29, 6)', '(29, 10)', '(33, 16)']","['(6, 3)', '(13, 12)', '(13, 12)', '(3, 10)', '(19, 12)', '(19, 11)', '(26, 2)', '(31, 4)', '(29, 6)', '(29, 10)', '(33, 16)']","[(34, 1), (21, 16), (4, 9), (34, 10), (27, 4), (27, 13), (17, 12), (30, 9), (8, 9), (10, 6), (32, 12), (13, 8), (1, 15), (26, 14), (6, 11), (15, 14), (21, 9), (34, 3), (34, 12), (27, 6), (5, 3), (17, 14), (8, 11), (19, 11), (11, 7), (11, 16), (32, 14), (1, 8), (26, 16), (15, 16), (6, 13), (18, 12), (34, 14), (22, 12), (27, 8), (14, 8), (5, 5), (30, 4), (28, 16), (30, 13), (17, 16), (5, 14), (33, 6), (32, 16), (24, 12), (26, 9), (25, 11), (1, 10), (16, 8), (6, 6), (31, 8), (34, 7), (27, 1), (34, 16), (12, 13), (14, 10), (17, 9), (30, 6), (5, 16), (9, 14), (33, 8), (1, 3), (1, 12), (26, 11), (13, 14), (16, 10), (31, 1), (18, 16), (7, 16), (31, 10), (20, 10), (3, 3), (22, 16), (14, 12), (4, 11), (33, 1), (9, 16), (33, 10), (1, 5), (24, 16), (13, 16), (25, 15), (1, 14), (16, 12), (31, 3), (34, 2), (31, 12), (34, 11), (22, 9), (20, 12), (12, 8), (3, 5), (14, 14), (4, 13), (32, 4), (8, 13), (33, 12), (24, 9), (1, 7), (10, 10), (1, 16), (16, 14), (34, 4), (31, 14), (12, 10), (3, 7), (14, 16), (3, 16), (32, 6), (8, 6), (33, 14), (24, 11), (1, 9), (10, 12), (29, 1), (16, 16), (6, 8), (34, 6), (31, 16), (20, 16), (23, 12), (12, 12), (4, 8), (27, 3), (27, 12), (30, 8), (8, 8), (33, 16), (1, 11), (10, 14), (6, 10), (20, 9), (12, 14), (14, 11), (4, 10), (27, 5), (32, 1), (30, 1), (27, 14), (17, 13), (30, 10), (8, 10), (1, 4), (11, 6), (2, 3), (10, 16), (1, 13), (25, 14), (6, 12), (20, 11), (4, 3), (23, 16), (12, 16), (4, 12), (27, 7), (30, 3), (27, 16), (30, 12), (8, 12), (19, 12), (11, 8), (2, 5), (25, 16), (15, 8), (6, 5), (31, 4), (29, 16), (6, 14), (21, 12), (23, 9), (4, 5), (4, 14), (34, 15), (27, 9), (17, 8), (30, 5), (33, 4), (30, 14), (8, 14), (10, 11), (11, 10), (25, 9), (32, 8), (2, 7), (2, 16), (15, 10), (31, 6), (7, 6), (6, 16), (12, 11), (4, 7), (34, 8), (27, 2), (28, 1), (4, 16), (27, 11), (17, 10), (9, 6), (30, 16), (19, 16), (8, 16), (10, 13), (32, 10), (15, 12), (6, 9), (7, 8)]",194,0,194
207,"(6, 3)","(5, 3)",East,"[((7, 3), 'East', 1)]","['(6, 3)', '(13, 12)', '(13, 12)', '(3, 10)', '(19, 12)', '(19, 11)', '(26, 2)', '(31, 4)', '(29, 6)', '(29, 10)', '(33, 16)']","['(7, 3)', '(13, 12)', '(13, 12)', '(3, 10)', '(19, 12)', '(19, 11)', '(26, 2)', '(31, 4)', '(29, 6)', '(29, 10)', '(33, 16)']","[(34, 1), (21, 16), (4, 9), (34, 10), (27, 4), (27, 13), (17, 12), (30, 9), (8, 9), (10, 6), (32, 12), (13, 8), (1, 15), (26, 14), (6, 11), (15, 14), (21, 9), (34, 3), (34, 12), (27, 6), (5, 3), (17, 14), (8, 11), (19, 11), (11, 7), (11, 16), (32, 14), (1, 8), (26, 16), (15, 16), (6, 13), (18, 12), (34, 14), (22, 12), (27, 8), (14, 8), (5, 5), (30, 4), (28, 16), (30, 13), (17, 16), (5, 14), (33, 6), (32, 16), (24, 12), (26, 9), (25, 11), (1, 10), (16, 8), (6, 6), (31, 8), (34, 7), (27, 1), (34, 16), (12, 13), (14, 10), (17, 9), (30, 6), (5, 16), (9, 14), (33, 8), (1, 3), (1, 12), (26, 11), (13, 14), (16, 10), (31, 1), (18, 16), (7, 16), (31, 10), (20, 10), (3, 3), (22, 16), (14, 12), (4, 11), (33, 1), (9, 16), (33, 10), (1, 5), (24, 16), (13, 16), (25, 15), (1, 14), (16, 12), (31, 3), (34, 2), (31, 12), (34, 11), (22, 9), (20, 12), (12, 8), (3, 5), (14, 14), (4, 13), (32, 4), (8, 13), (33, 12), (24, 9), (1, 7), (10, 10), (1, 16), (16, 14), (34, 4), (31, 14), (12, 10), (3, 7), (14, 16), (3, 16), (32, 6), (8, 6), (33, 14), (24, 11), (1, 9), (10, 12), (29, 1), (16, 16), (6, 8), (34, 6), (31, 16), (20, 16), (23, 12), (12, 12), (4, 8), (27, 3), (27, 12), (30, 8), (8, 8), (33, 16), (1, 11), (10, 14), (6, 10), (20, 9), (12, 14), (14, 11), (4, 10), (27, 5), (32, 1), (30, 1), (27, 14), (17, 13), (30, 10), (8, 10), (1, 4), (11, 6), (2, 3), (10, 16), (1, 13), (25, 14), (6, 3), (6, 12), (20, 11), (4, 3), (23, 16), (12, 16), (4, 12), (27, 7), (30, 3), (27, 16), (30, 12), (8, 12), (19, 12), (11, 8), (2, 5), (25, 16), (15, 8), (6, 5), (31, 4), (29, 16), (6, 14), (21, 12), (23, 9), (4, 5), (4, 14), (34, 15), (27, 9), (17, 8), (30, 5), (33, 4), (30, 14), (8, 14), (10, 11), (11, 10), (25, 9), (32, 8), (2, 7), (2, 16), (15, 10), (31, 6), (7, 6), (6, 16), (12, 11), (4, 7), (34, 8), (27, 2), (28, 1), (4, 16), (27, 11), (17, 10), (9, 6), (30, 16), (19, 16), (8, 16), (10, 13), (32, 10), (15, 12), (6, 9), (7, 8)]",195,0,195
208,"(7, 3)","(6, 3)",East,"[((8, 3), 'East', 1)]","['(7, 3)', '(13, 12)', '(13, 12)', '(3, 10)', '(19, 12)', '(19, 11)', '(26, 2)', '(31, 4)', '(29, 6)', '(29, 10)', '(33, 16)']","['(8, 3)', '(13, 12)', '(13, 12)', '(3, 10)', '(19, 12)', '(19, 11)', '(26, 2)', '(31, 4)', '(29, 6)', '(29, 10)', '(33, 16)']","[(34, 1), (21, 16), (4, 9), (34, 10), (27, 4), (27, 13), (17, 12), (30, 9), (8, 9), (10, 6), (32, 12), (13, 8), (1, 15), (26, 14), (6, 11), (15, 14), (21, 9), (34, 3), (34, 12), (27, 6), (5, 3), (17, 14), (8, 11), (19, 11), (11, 7), (11, 16), (32, 14), (1, 8), (7, 3), (26, 16), (15, 16), (6, 13), (18, 12), (34, 14), (22, 12), (27, 8), (14, 8), (5, 5), (30, 4), (28, 16), (30, 13), (17, 16), (5, 14), (33, 6), (32, 16), (24, 12), (26, 9), (25, 11), (1, 10), (16, 8), (6, 6), (31, 8), (34, 7), (27, 1), (34, 16), (12, 13), (14, 10), (17, 9), (30, 6), (5, 16), (9, 14), (33, 8), (1, 3), (1, 12), (26, 11), (13, 14), (16, 10), (31, 1), (18, 16), (7, 16), (31, 10), (20, 10), (3, 3), (22, 16), (14, 12), (4, 11), (33, 1), (9, 16), (33, 10), (1, 5), (24, 16), (13, 16), (25, 15), (1, 14), (16, 12), (31, 3), (34, 2), (31, 12), (34, 11), (22, 9), (20, 12), (12, 8), (3, 5), (14, 14), (4, 13), (32, 4), (8, 13), (33, 12), (24, 9), (1, 7), (10, 10), (1, 16), (16, 14), (34, 4), (31, 14), (12, 10), (3, 7), (14, 16), (3, 16), (32, 6), (8, 6), (33, 14), (24, 11), (1, 9), (10, 12), (29, 1), (16, 16), (6, 8), (34, 6), (31, 16), (20, 16), (23, 12), (12, 12), (4, 8), (27, 3), (27, 12), (30, 8), (8, 8), (33, 16), (1, 11), (10, 14), (6, 10), (20, 9), (12, 14), (14, 11), (4, 10), (27, 5), (32, 1), (30, 1), (27, 14), (17, 13), (30, 10), (8, 10), (1, 4), (11, 6), (2, 3), (10, 16), (1, 13), (25, 14), (6, 3), (6, 12), (20, 11), (4, 3), (23, 16), (12, 16), (4, 12), (27, 7), (30, 3), (27, 16), (30, 12), (8, 12), (19, 12), (11, 8), (2, 5), (25, 16), (15, 8), (6, 5), (31, 4), (29, 16), (6, 14), (21, 12), (23, 9), (4, 5), (4, 14), (34, 15), (27, 9), (17, 8), (30, 5), (33, 4), (30, 14), (8, 14), (10, 11), (11, 10), (25, 9), (32, 8), (2, 7), (2, 16), (15, 10), (31, 6), (7, 6), (6, 16), (12, 11), (4, 7), (34, 8), (27, 2), (28, 1), (4, 16), (27, 11), (17, 10), (9, 6), (30, 16), (19, 16), (8, 16), (10, 13), (32, 10), (15, 12), (6, 9), (7, 8)]",196,0,196
209,"(8, 3)","(7, 3)",East,"[((8, 4), 'North', 1)]","['(8, 3)', '(13, 12)', '(13, 12)', '(3, 10)', '(19, 12)', '(19, 11)', '(26, 2)', '(31, 4)', '(29, 6)', '(29, 10)', '(33, 16)']","['(8, 4)', '(13, 12)', '(13, 12)', '(3, 10)', '(19, 12)', '(19, 11)', '(26, 2)', '(31, 4)', '(29, 6)', '(29, 10)', '(33, 16)']","[(34, 1), (21, 16), (4, 9), (34, 10), (27, 4), (27, 13), (17, 12), (30, 9), (8, 9), (10, 6), (32, 12), (13, 8), (1, 15), (26, 14), (6, 11), (15, 14), (21, 9), (34, 3), (34, 12), (27, 6), (5, 3), (17, 14), (8, 11), (19, 11), (11, 7), (11, 16), (32, 14), (1, 8), (7, 3), (26, 16), (15, 16), (6, 13), (18, 12), (34, 14), (22, 12), (27, 8), (14, 8), (5, 5), (30, 4), (28, 16), (30, 13), (17, 16), (5, 14), (33, 6), (32, 16), (24, 12), (26, 9), (25, 11), (1, 10), (16, 8), (6, 6), (31, 8), (34, 7), (27, 1), (34, 16), (12, 13), (14, 10), (17, 9), (30, 6), (5, 16), (9, 14), (33, 8), (1, 3), (1, 12), (26, 11), (13, 14), (16, 10), (31, 1), (18, 16), (7, 16), (31, 10), (20, 10), (3, 3), (22, 16), (14, 12), (4, 11), (33, 1), (9, 16), (33, 10), (1, 5), (24, 16), (13, 16), (25, 15), (1, 14), (16, 12), (31, 3), (34, 2), (31, 12), (34, 11), (22, 9), (20, 12), (12, 8), (3, 5), (14, 14), (4, 13), (32, 4), (8, 13), (33, 12), (24, 9), (1, 7), (10, 10), (1, 16), (16, 14), (34, 4), (31, 14), (12, 10), (3, 7), (14, 16), (3, 16), (32, 6), (8, 6), (33, 14), (24, 11), (1, 9), (10, 12), (29, 1), (16, 16), (6, 8), (34, 6), (31, 16), (20, 16), (23, 12), (12, 12), (4, 8), (27, 3), (27, 12), (30, 8), (8, 8), (33, 16), (1, 11), (10, 14), (6, 10), (20, 9), (12, 14), (14, 11), (4, 10), (27, 5), (32, 1), (30, 1), (27, 14), (17, 13), (30, 10), (8, 10), (1, 4), (11, 6), (2, 3), (10, 16), (1, 13), (25, 14), (6, 3), (6, 12), (20, 11), (4, 3), (23, 16), (12, 16), (4, 12), (27, 7), (30, 3), (8, 3), (27, 16), (30, 12), (8, 12), (19, 12), (11, 8), (2, 5), (25, 16), (15, 8), (6, 5), (31, 4), (29, 16), (6, 14), (21, 12), (23, 9), (4, 5), (4, 14), (34, 15), (27, 9), (17, 8), (30, 5), (33, 4), (30, 14), (8, 14), (10, 11), (11, 10), (25, 9), (32, 8), (2, 7), (2, 16), (15, 10), (31, 6), (7, 6), (6, 16), (12, 11), (4, 7), (34, 8), (27, 2), (28, 1), (4, 16), (27, 11), (17, 10), (9, 6), (30, 16), (19, 16), (8, 16), (10, 13), (32, 10), (15, 12), (6, 9), (7, 8)]",197,0,197
210,"(8, 4)","(8, 3)",North,"[((9, 4), 'East', 1)]","['(8, 4)', '(13, 12)', '(13, 12)', '(3, 10)', '(19, 12)', '(19, 11)', '(26, 2)', '(31, 4)', '(29, 6)', '(29, 10)', '(33, 16)']","['(9, 4)', '(13, 12)', '(13, 12)', '(3, 10)', '(19, 12)', '(19, 11)', '(26, 2)', '(31, 4)', '(29, 6)', '(29, 10)', '(33, 16)']","[(34, 1), (21, 16), (4, 9), (34, 10), (27, 4), (27, 13), (17, 12), (30, 9), (8, 9), (10, 6), (32, 12), (13, 8), (1, 15), (26, 14), (6, 11), (15, 14), (21, 9), (34, 3), (34, 12), (27, 6), (5, 3), (17, 14), (8, 11), (19, 11), (11, 7), (11, 16), (32, 14), (1, 8), (7, 3), (26, 16), (15, 16), (6, 13), (18, 12), (34, 14), (22, 12), (27, 8), (14, 8), (5, 5), (30, 4), (8, 4), (28, 16), (30, 13), (17, 16), (5, 14), (33, 6), (32, 16), (24, 12), (26, 9), (25, 11), (1, 10), (16, 8), (6, 6), (31, 8), (34, 7), (27, 1), (34, 16), (12, 13), (14, 10), (17, 9), (30, 6), (5, 16), (9, 14), (33, 8), (1, 3), (1, 12), (26, 11), (13, 14), (16, 10), (31, 1), (18, 16), (7, 16), (31, 10), (20, 10), (3, 3), (22, 16), (14, 12), (4, 11), (33, 1), (9, 16), (33, 10), (1, 5), (24, 16), (13, 16), (25, 15), (1, 14), (16, 12), (31, 3), (34, 2), (31, 12), (34, 11), (22, 9), (20, 12), (12, 8), (3, 5), (14, 14), (4, 13), (32, 4), (8, 13), (33, 12), (24, 9), (1, 7), (10, 10), (1, 16), (16, 14), (34, 4), (31, 14), (12, 10), (3, 7), (14, 16), (3, 16), (32, 6), (8, 6), (33, 14), (24, 11), (1, 9), (10, 12), (29, 1), (16, 16), (6, 8), (34, 6), (31, 16), (20, 16), (23, 12), (12, 12), (4, 8), (27, 3), (27, 12), (30, 8), (8, 8), (33, 16), (1, 11), (10, 14), (6, 10), (20, 9), (12, 14), (14, 11), (4, 10), (27, 5), (32, 1), (30, 1), (27, 14), (17, 13), (30, 10), (8, 10), (1, 4), (11, 6), (2, 3), (10, 16), (1, 13), (25, 14), (6, 3), (6, 12), (20, 11), (4, 3), (23, 16), (12, 16), (4, 12), (27, 7), (30, 3), (8, 3), (27, 16), (30, 12), (8, 12), (19, 12), (11, 8), (2, 5), (25, 16), (15, 8), (6, 5), (31, 4), (29, 16), (6, 14), (21, 12), (23, 9), (4, 5), (4, 14), (34, 15), (27, 9), (17, 8), (30, 5), (33, 4), (30, 14), (8, 14), (10, 11), (11, 10), (25, 9), (32, 8), (2, 7), (2, 16), (15, 10), (31, 6), (7, 6), (6, 16), (12, 11), (4, 7), (34, 8), (27, 2), (28, 1), (4, 16), (27, 11), (17, 10), (9, 6), (30, 16), (19, 16), (8, 16), (10, 13), (32, 10), (15, 12), (6, 9), (7, 8)]",198,0,198
211,"(9, 4)","(8, 4)",East,"[((10, 4), 'East', 1)]","['(9, 4)', '(13, 12)', '(13, 12)', '(3, 10)', '(19, 12)', '(19, 11)', '(26, 2)', '(31, 4)', '(29, 6)', '(29, 10)', '(33, 16)']","['(10, 4)', '(13, 12)', '(13, 12)', '(3, 10)', '(19, 12)', '(19, 11)', '(26, 2)', '(31, 4)', '(29, 6)', '(29, 10)', '(33, 16)']","[(34, 1), (21, 16), (4, 9), (34, 10), (27, 4), (27, 13), (17, 12), (30, 9), (8, 9), (10, 6), (32, 12), (13, 8), (1, 15), (26, 14), (6, 11), (15, 14), (21, 9), (34, 3), (34, 12), (27, 6), (5, 3), (17, 14), (8, 11), (19, 11), (11, 7), (11, 16), (32, 14), (1, 8), (7, 3), (26, 16), (15, 16), (6, 13), (18, 12), (34, 14), (22, 12), (27, 8), (14, 8), (5, 5), (30, 4), (8, 4), (28, 16), (30, 13), (17, 16), (5, 14), (33, 6), (32, 16), (24, 12), (26, 9), (25, 11), (1, 10), (16, 8), (6, 6), (31, 8), (34, 7), (27, 1), (34, 16), (12, 13), (14, 10), (17, 9), (30, 6), (5, 16), (9, 14), (33, 8), (1, 3), (1, 12), (26, 11), (13, 14), (16, 10), (31, 1), (18, 16), (7, 16), (31, 10), (20, 10), (3, 3), (22, 16), (14, 12), (4, 11), (33, 1), (9, 16), (33, 10), (1, 5), (24, 16), (13, 16), (25, 15), (1, 14), (16, 12), (31, 3), (34, 2), (31, 12), (34, 11), (22, 9), (20, 12), (12, 8), (3, 5), (14, 14), (4, 13), (32, 4), (8, 13), (33, 12), (24, 9), (1, 7), (10, 10), (1, 16), (16, 14), (34, 4), (31, 14), (12, 10), (3, 7), (14, 16), (3, 16), (32, 6), (8, 6), (33, 14), (24, 11), (1, 9), (10, 12), (29, 1), (16, 16), (6, 8), (34, 6), (31, 16), (20, 16), (23, 12), (12, 12), (4, 8), (27, 3), (27, 12), (30, 8), (8, 8), (33, 16), (1, 11), (10, 14), (6, 10), (20, 9), (12, 14), (14, 11), (4, 10), (27, 5), (32, 1), (30, 1), (27, 14), (17, 13), (30, 10), (8, 10), (1, 4), (11, 6), (2, 3), (10, 16), (1, 13), (25, 14), (6, 3), (6, 12), (20, 11), (4, 3), (23, 16), (12, 16), (4, 12), (27, 7), (30, 3), (8, 3), (27, 16), (30, 12), (8, 12), (19, 12), (11, 8), (2, 5), (25, 16), (15, 8), (6, 5), (31, 4), (29, 16), (6, 14), (21, 12), (23, 9), (4, 5), (4, 14), (34, 15), (27, 9), (17, 8), (30, 5), (33, 4), (9, 4), (30, 14), (8, 14), (10, 11), (11, 10), (25, 9), (32, 8), (2, 7), (2, 16), (15, 10), (31, 6), (7, 6), (6, 16), (12, 11), (4, 7), (34, 8), (27, 2), (28, 1), (4, 16), (27, 11), (17, 10), (9, 6), (30, 16), (19, 16), (8, 16), (10, 13), (32, 10), (15, 12), (6, 9), (7, 8)]",199,0,199
212,"(10, 4)","(9, 4)",East,"[((11, 4), 'East', 1)]","['(10, 4)', '(13, 12)', '(13, 12)', '(3, 10)', '(19, 12)', '(19, 11)', '(26, 2)', '(31, 4)', '(29, 6)', '(29, 10)', '(33, 16)']","['(11, 4)', '(13, 12)', '(13, 12)', '(3, 10)', '(19, 12)', '(19, 11)', '(26, 2)', '(31, 4)', '(29, 6)', '(29, 10)', '(33, 16)']","[(34, 1), (21, 16), (4, 9), (34, 10), (27, 4), (27, 13), (17, 12), (30, 9), (8, 9), (10, 6), (32, 12), (13, 8), (1, 15), (26, 14), (6, 11), (15, 14), (21, 9), (34, 3), (34, 12), (27, 6), (5, 3), (17, 14), (8, 11), (19, 11), (11, 7), (11, 16), (32, 14), (1, 8), (7, 3), (26, 16), (15, 16), (6, 13), (18, 12), (34, 14), (22, 12), (27, 8), (14, 8), (5, 5), (30, 4), (8, 4), (28, 16), (30, 13), (17, 16), (5, 14), (33, 6), (32, 16), (24, 12), (26, 9), (25, 11), (1, 10), (16, 8), (6, 6), (31, 8), (34, 7), (27, 1), (34, 16), (12, 13), (14, 10), (17, 9), (30, 6), (5, 16), (9, 14), (33, 8), (1, 3), (1, 12), (26, 11), (13, 14), (16, 10), (31, 1), (18, 16), (7, 16), (31, 10), (20, 10), (3, 3), (22, 16), (14, 12), (4, 11), (33, 1), (9, 16), (33, 10), (1, 5), (24, 16), (13, 16), (25, 15), (1, 14), (16, 12), (31, 3), (34, 2), (31, 12), (34, 11), (22, 9), (20, 12), (12, 8), (3, 5), (14, 14), (4, 13), (32, 4), (8, 13), (33, 12), (24, 9), (1, 7), (10, 10), (1, 16), (16, 14), (34, 4), (31, 14), (12, 10), (3, 7), (14, 16), (3, 16), (32, 6), (8, 6), (33, 14), (24, 11), (1, 9), (10, 12), (29, 1), (16, 16), (6, 8), (34, 6), (31, 16), (20, 16), (23, 12), (12, 12), (4, 8), (27, 3), (27, 12), (30, 8), (8, 8), (33, 16), (1, 11), (10, 14), (6, 10), (20, 9), (12, 14), (14, 11), (4, 10), (27, 5), (32, 1), (30, 1), (27, 14), (17, 13), (30, 10), (8, 10), (1, 4), (11, 6), (2, 3), (10, 16), (1, 13), (25, 14), (6, 3), (6, 12), (20, 11), (4, 3), (23, 16), (12, 16), (4, 12), (27, 7), (30, 3), (8, 3), (27, 16), (30, 12), (8, 12), (19, 12), (11, 8), (2, 5), (25, 16), (15, 8), (6, 5), (31, 4), (29, 16), (6, 14), (21, 12), (23, 9), (4, 5), (4, 14), (34, 15), (27, 9), (17, 8), (30, 5), (33, 4), (9, 4), (30, 14), (8, 14), (10, 11), (11, 10), (25, 9), (32, 8), (2, 7), (2, 16), (15, 10), (31, 6), (7, 6), (6, 16), (12, 11), (4, 7), (34, 8), (27, 2), (28, 1), (4, 16), (27, 11), (17, 10), (10, 4), (9, 6), (30, 16), (19, 16), (8, 16), (10, 13), (32, 10), (15, 12), (6, 9), (7, 8)]",200,0,200
213,"(11, 4)","(10, 4)",East,"[((12, 4), 'East', 1)]","['(11, 4)', '(13, 12)', '(13, 12)', '(3, 10)', '(19, 12)', '(19, 11)', '(26, 2)', '(31, 4)', '(29, 6)', '(29, 10)', '(33, 16)']","['(12, 4)', '(13, 12)', '(13, 12)', '(3, 10)', '(19, 12)', '(19, 11)', '(26, 2)', '(31, 4)', '(29, 6)', '(29, 10)', '(33, 16)']","[(34, 1), (21, 16), (4, 9), (34, 10), (27, 4), (27, 13), (17, 12), (30, 9), (8, 9), (10, 6), (32, 12), (13, 8), (1, 15), (26, 14), (6, 11), (15, 14), (21, 9), (34, 3), (34, 12), (27, 6), (5, 3), (17, 14), (8, 11), (19, 11), (11, 7), (11, 16), (32, 14), (1, 8), (7, 3), (26, 16), (15, 16), (6, 13), (18, 12), (34, 14), (22, 12), (27, 8), (14, 8), (5, 5), (30, 4), (8, 4), (28, 16), (30, 13), (17, 16), (5, 14), (33, 6), (32, 16), (24, 12), (26, 9), (25, 11), (1, 10), (16, 8), (6, 6), (31, 8), (34, 7), (27, 1), (34, 16), (12, 13), (14, 10), (17, 9), (30, 6), (5, 16), (9, 14), (33, 8), (1, 3), (1, 12), (26, 11), (13, 14), (16, 10), (31, 1), (18, 16), (7, 16), (31, 10), (20, 10), (3, 3), (22, 16), (14, 12), (4, 11), (11, 4), (33, 1), (9, 16), (33, 10), (1, 5), (24, 16), (13, 16), (25, 15), (1, 14), (16, 12), (31, 3), (34, 2), (31, 12), (34, 11), (22, 9), (20, 12), (12, 8), (3, 5), (14, 14), (4, 13), (32, 4), (8, 13), (33, 12), (24, 9), (1, 7), (10, 10), (1, 16), (16, 14), (34, 4), (31, 14), (12, 10), (3, 7), (14, 16), (3, 16), (32, 6), (8, 6), (33, 14), (24, 11), (1, 9), (10, 12), (29, 1), (16, 16), (6, 8), (34, 6), (31, 16), (20, 16), (23, 12), (12, 12), (4, 8), (27, 3), (27, 12), (30, 8), (8, 8), (33, 16), (1, 11), (10, 14), (6, 10), (20, 9), (12, 14), (14, 11), (4, 10), (27, 5), (32, 1), (30, 1), (27, 14), (17, 13), (30, 10), (8, 10), (1, 4), (11, 6), (2, 3), (10, 16), (1, 13), (25, 14), (6, 3), (6, 12), (20, 11), (4, 3), (23, 16), (12, 16), (4, 12), (27, 7), (30, 3), (8, 3), (27, 16), (30, 12), (8, 12), (19, 12), (11, 8), (2, 5), (25, 16), (15, 8), (6, 5), (31, 4), (29, 16), (6, 14), (21, 12), (23, 9), (4, 5), (4, 14), (34, 15), (27, 9), (17, 8), (30, 5), (33, 4), (9, 4), (30, 14), (8, 14), (10, 11), (11, 10), (25, 9), (32, 8), (2, 7), (2, 16), (15, 10), (31, 6), (7, 6), (6, 16), (12, 11), (4, 7), (34, 8), (27, 2), (28, 1), (4, 16), (27, 11), (17, 10), (10, 4), (9, 6), (30, 16), (19, 16), (8, 16), (10, 13), (32, 10), (15, 12), (6, 9), (7, 8)]",201,0,201
214,"(12, 4)","(11, 4)",East,"[((13, 4), 'East', 1)]","['(12, 4)', '(13, 12)', '(13, 12)', '(3, 10)', '(19, 12)', '(19, 11)', '(26, 2)', '(31, 4)', '(29, 6)', '(29, 10)', '(33, 16)']","['(13, 4)', '(13, 12)', '(13, 12)', '(3, 10)', '(19, 12)', '(19, 11)', '(26, 2)', '(31, 4)', '(29, 6)', '(29, 10)', '(33, 16)']","[(12, 4), (34, 1), (21, 16), (4, 9), (34, 10), (27, 4), (27, 13), (17, 12), (30, 9), (8, 9), (10, 6), (32, 12), (13, 8), (1, 15), (26, 14), (6, 11), (15, 14), (21, 9), (34, 3), (34, 12), (27, 6), (5, 3), (17, 14), (8, 11), (19, 11), (11, 7), (11, 16), (32, 14), (1, 8), (7, 3), (26, 16), (15, 16), (6, 13), (18, 12), (34, 14), (22, 12), (27, 8), (14, 8), (5, 5), (30, 4), (8, 4), (28, 16), (30, 13), (17, 16), (5, 14), (33, 6), (32, 16), (24, 12), (26, 9), (25, 11), (1, 10), (16, 8), (6, 6), (31, 8), (34, 7), (27, 1), (34, 16), (12, 13), (14, 10), (17, 9), (30, 6), (5, 16), (9, 14), (33, 8), (1, 3), (1, 12), (26, 11), (13, 14), (16, 10), (31, 1), (18, 16), (7, 16), (31, 10), (20, 10), (3, 3), (22, 16), (14, 12), (4, 11), (11, 4), (33, 1), (9, 16), (33, 10), (1, 5), (24, 16), (13, 16), (25, 15), (1, 14), (16, 12), (31, 3), (34, 2), (31, 12), (34, 11), (22, 9), (20, 12), (12, 8), (3, 5), (14, 14), (4, 13), (32, 4), (8, 13), (33, 12), (24, 9), (1, 7), (10, 10), (1, 16), (16, 14), (34, 4), (31, 14), (12, 10), (3, 7), (14, 16), (3, 16), (32, 6), (8, 6), (33, 14), (24, 11), (1, 9), (10, 12), (29, 1), (16, 16), (6, 8), (34, 6), (31, 16), (20, 16), (23, 12), (12, 12), (4, 8), (27, 3), (27, 12), (30, 8), (8, 8), (33, 16), (1, 11), (10, 14), (6, 10), (20, 9), (12, 14), (14, 11), (4, 10), (27, 5), (32, 1), (30, 1), (27, 14), (17, 13), (30, 10), (8, 10), (1, 4), (11, 6), (2, 3), (10, 16), (1, 13), (25, 14), (6, 3), (6, 12), (20, 11), (4, 3), (23, 16), (12, 16), (4, 12), (27, 7), (30, 3), (8, 3), (27, 16), (30, 12), (8, 12), (19, 12), (11, 8), (2, 5), (25, 16), (15, 8), (6, 5), (31, 4), (29, 16), (6, 14), (21, 12), (23, 9), (4, 5), (4, 14), (34, 15), (27, 9), (17, 8), (30, 5), (33, 4), (9, 4), (30, 14), (8, 14), (10, 11), (11, 10), (25, 9), (32, 8), (2, 7), (2, 16), (15, 10), (31, 6), (7, 6), (6, 16), (12, 11), (4, 7), (34, 8), (27, 2), (28, 1), (4, 16), (27, 11), (17, 10), (10, 4), (9, 6), (30, 16), (19, 16), (8, 16), (10, 13), (32, 10), (15, 12), (6, 9), (7, 8)]",202,0,202
215,"(13, 4)","(12, 4)",East,"[((13, 5), 'North', 1)]","['(13, 4)', '(13, 12)', '(13, 12)', '(3, 10)', '(19, 12)', '(19, 11)', '(26, 2)', '(31, 4)', '(29, 6)', '(29, 10)', '(33, 16)']","['(13, 5)', '(13, 12)', '(13, 12)', '(3, 10)', '(19, 12)', '(19, 11)', '(26, 2)', '(31, 4)', '(29, 6)', '(29, 10)', '(33, 16)']","[(12, 4), (34, 1), (21, 16), (4, 9), (34, 10), (27, 4), (27, 13), (17, 12), (30, 9), (8, 9), (10, 6), (32, 12), (13, 8), (1, 15), (26, 14), (6, 11), (15, 14), (21, 9), (34, 3), (34, 12), (27, 6), (5, 3), (17, 14), (8, 11), (19, 11), (11, 7), (11, 16), (32, 14), (1, 8), (7, 3), (26, 16), (15, 16), (6, 13), (18, 12), (34, 14), (22, 12), (27, 8), (14, 8), (5, 5), (30, 4), (8, 4), (28, 16), (30, 13), (17, 16), (5, 14), (33, 6), (32, 16), (24, 12), (26, 9), (25, 11), (1, 10), (16, 8), (6, 6), (31, 8), (34, 7), (27, 1), (34, 16), (12, 13), (14, 10), (17, 9), (30, 6), (5, 16), (9, 14), (33, 8), (1, 3), (1, 12), (26, 11), (13, 14), (16, 10), (31, 1), (18, 16), (7, 16), (31, 10), (20, 10), (3, 3), (22, 16), (14, 12), (4, 11), (11, 4), (33, 1), (9, 16), (33, 10), (1, 5), (24, 16), (13, 16), (25, 15), (1, 14), (16, 12), (31, 3), (34, 2), (31, 12), (34, 11), (22, 9), (20, 12), (12, 8), (3, 5), (14, 14), (4, 13), (32, 4), (8, 13), (33, 12), (24, 9), (1, 7), (10, 10), (1, 16), (16, 14), (34, 4), (31, 14), (12, 10), (3, 7), (14, 16), (3, 16), (32, 6), (8, 6), (33, 14), (24, 11), (1, 9), (10, 12), (29, 1), (16, 16), (6, 8), (34, 6), (31, 16), (20, 16), (23, 12), (12, 12), (4, 8), (27, 3), (27, 12), (30, 8), (8, 8), (13, 4), (33, 16), (1, 11), (10, 14), (6, 10), (20, 9), (12, 14), (14, 11), (4, 10), (27, 5), (32, 1), (30, 1), (27, 14), (17, 13), (30, 10), (8, 10), (1, 4), (11, 6), (2, 3), (10, 16), (1, 13), (25, 14), (6, 3), (6, 12), (20, 11), (4, 3), (23, 16), (12, 16), (4, 12), (27, 7), (30, 3), (8, 3), (27, 16), (30, 12), (8, 12), (19, 12), (11, 8), (2, 5), (25, 16), (15, 8), (6, 5), (31, 4), (29, 16), (6, 14), (21, 12), (23, 9), (4, 5), (4, 14), (34, 15), (27, 9), (17, 8), (30, 5), (33, 4), (9, 4), (30, 14), (8, 14), (10, 11), (11, 10), (25, 9), (32, 8), (2, 7), (2, 16), (15, 10), (31, 6), (7, 6), (6, 16), (12, 11), (4, 7), (34, 8), (27, 2), (28, 1), (4, 16), (27, 11), (17, 10), (10, 4), (9, 6), (30, 16), (19, 16), (8, 16), (10, 13), (32, 10), (15, 12), (6, 9), (7, 8)]",203,0,203
216,"(13, 5)","(13, 4)",North,"[((13, 6), 'North', 1)]","['(13, 5)', '(13, 12)', '(13, 12)', '(3, 10)', '(19, 12)', '(19, 11)', '(26, 2)', '(31, 4)', '(29, 6)', '(29, 10)', '(33, 16)']","['(13, 6)', '(13, 12)', '(13, 12)', '(3, 10)', '(19, 12)', '(19, 11)', '(26, 2)', '(31, 4)', '(29, 6)', '(29, 10)', '(33, 16)']","[(12, 4), (34, 1), (21, 16), (4, 9), (34, 10), (27, 4), (27, 13), (17, 12), (30, 9), (8, 9), (10, 6), (32, 12), (13, 8), (1, 15), (26, 14), (6, 11), (15, 14), (21, 9), (34, 3), (34, 12), (27, 6), (5, 3), (17, 14), (8, 11), (19, 11), (11, 7), (11, 16), (32, 14), (1, 8), (7, 3), (26, 16), (15, 16), (6, 13), (18, 12), (34, 14), (22, 12), (27, 8), (14, 8), (5, 5), (30, 4), (8, 4), (28, 16), (30, 13), (17, 16), (5, 14), (33, 6), (32, 16), (24, 12), (26, 9), (25, 11), (1, 10), (16, 8), (6, 6), (31, 8), (34, 7), (27, 1), (34, 16), (12, 13), (14, 10), (17, 9), (30, 6), (5, 16), (9, 14), (33, 8), (1, 3), (13, 5), (1, 12), (26, 11), (13, 14), (16, 10), (31, 1), (18, 16), (7, 16), (31, 10), (20, 10), (3, 3), (22, 16), (14, 12), (4, 11), (11, 4), (33, 1), (9, 16), (33, 10), (1, 5), (24, 16), (13, 16), (25, 15), (1, 14), (16, 12), (31, 3), (34, 2), (31, 12), (34, 11), (22, 9), (20, 12), (12, 8), (3, 5), (14, 14), (4, 13), (32, 4), (8, 13), (33, 12), (24, 9), (1, 7), (10, 10), (1, 16), (16, 14), (34, 4), (31, 14), (12, 10), (3, 7), (14, 16), (3, 16), (32, 6), (8, 6), (33, 14), (24, 11), (1, 9), (10, 12), (29, 1), (16, 16), (6, 8), (34, 6), (31, 16), (20, 16), (23, 12), (12, 12), (4, 8), (27, 3), (27, 12), (30, 8), (8, 8), (13, 4), (33, 16), (1, 11), (10, 14), (6, 10), (20, 9), (12, 14), (14, 11), (4, 10), (27, 5), (32, 1), (30, 1), (27, 14), (17, 13), (30, 10), (8, 10), (1, 4), (11, 6), (2, 3), (10, 16), (1, 13), (25, 14), (6, 3), (6, 12), (20, 11), (4, 3), (23, 16), (12, 16), (4, 12), (27, 7), (30, 3), (8, 3), (27, 16), (30, 12), (8, 12), (19, 12), (11, 8), (2, 5), (25, 16), (15, 8), (6, 5), (31, 4), (29, 16), (6, 14), (21, 12), (23, 9), (4, 5), (4, 14), (34, 15), (27, 9), (17, 8), (30, 5), (33, 4), (9, 4), (30, 14), (8, 14), (10, 11), (11, 10), (25, 9), (32, 8), (2, 7), (2, 16), (15, 10), (31, 6), (7, 6), (6, 16), (12, 11), (4, 7), (34, 8), (27, 2), (28, 1), (4, 16), (27, 11), (17, 10), (10, 4), (9, 6), (30, 16), (19, 16), (8, 16), (10, 13), (32, 10), (15, 12), (6, 9), (7, 8)]",204,0,204
217,"(13, 6)","(13, 5)",North,"[((14, 6), 'East', 1)]","['(13, 6)', '(13, 12)', '(13, 12)', '(3, 10)', '(19, 12)', '(19, 11)', '(26, 2)', '(31, 4)', '(29, 6)', '(29, 10)', '(33, 16)']","['(14, 6)', '(13, 12)', '(13, 12)', '(3, 10)', '(19, 12)', '(19, 11)', '(26, 2)', '(31, 4)', '(29, 6)', '(29, 10)', '(33, 16)']","[(12, 4), (34, 1), (21, 16), (4, 9), (34, 10), (27, 4), (27, 13), (17, 12), (30, 9), (8, 9), (10, 6), (32, 12), (13, 8), (1, 15), (26, 14), (6, 11), (15, 14), (21, 9), (34, 3), (34, 12), (27, 6), (5, 3), (17, 14), (8, 11), (19, 11), (11, 7), (11, 16), (32, 14), (1, 8), (7, 3), (26, 16), (15, 16), (6, 13), (18, 12), (34, 14), (22, 12), (27, 8), (14, 8), (5, 5), (30, 4), (8, 4), (28, 16), (30, 13), (17, 16), (5, 14), (33, 6), (32, 16), (24, 12), (26, 9), (25, 11), (1, 10), (16, 8), (6, 6), (31, 8), (34, 7), (27, 1), (34, 16), (12, 13), (14, 10), (17, 9), (30, 6), (5, 16), (9, 14), (33, 8), (1, 3), (13, 5), (1, 12), (26, 11), (13, 14), (16, 10), (31, 1), (18, 16), (7, 16), (31, 10), (20, 10), (3, 3), (22, 16), (14, 12), (4, 11), (11, 4), (33, 1), (9, 16), (33, 10), (1, 5), (24, 16), (13, 16), (25, 15), (1, 14), (16, 12), (31, 3), (34, 2), (31, 12), (34, 11), (22, 9), (20, 12), (12, 8), (3, 5), (14, 14), (4, 13), (32, 4), (8, 13), (33, 12), (24, 9), (1, 7), (10, 10), (1, 16), (16, 14), (34, 4), (31, 14), (12, 10), (3, 7), (14, 16), (3, 16), (32, 6), (8, 6), (33, 14), (24, 11), (1, 9), (10, 12), (29, 1), (16, 16), (6, 8), (34, 6), (31, 16), (20, 16), (23, 12), (12, 12), (4, 8), (27, 3), (27, 12), (30, 8), (8, 8), (13, 4), (33, 16), (1, 11), (10, 14), (6, 10), (20, 9), (12, 14), (14, 11), (4, 10), (27, 5), (32, 1), (30, 1), (27, 14), (17, 13), (30, 10), (8, 10), (1, 4), (11, 6), (2, 3), (10, 16), (1, 13), (25, 14), (6, 3), (6, 12), (20, 11), (4, 3), (23, 16), (12, 16), (4, 12), (27, 7), (30, 3), (8, 3), (27, 16), (30, 12), (8, 12), (19, 12), (11, 8), (2, 5), (25, 16), (15, 8), (6, 5), (31, 4), (29, 16), (6, 14), (21, 12), (23, 9), (4, 5), (4, 14), (34, 15), (27, 9), (17, 8), (30, 5), (33, 4), (9, 4), (30, 14), (8, 14), (10, 11), (11, 10), (25, 9), (32, 8), (2, 7), (2, 16), (15, 10), (31, 6), (7, 6), (6, 16), (12, 11), (4, 7), (34, 8), (27, 2), (28, 1), (4, 16), (27, 11), (17, 10), (10, 4), (9, 6), (30, 16), (19, 16), (8, 16), (10, 13), (32, 10), (13, 6), (15, 12), (6, 9), (7, 8)]",205,0,205
218,"(14, 6)","(13, 6)",East,"[((15, 6), 'East', 1)]","['(14, 6)', '(13, 12)', '(13, 12)', '(3, 10)', '(19, 12)', '(19, 11)', '(26, 2)', '(31, 4)', '(29, 6)', '(29, 10)', '(33, 16)']","['(15, 6)', '(13, 12)', '(13, 12)', '(3, 10)', '(19, 12)', '(19, 11)', '(26, 2)', '(31, 4)', '(29, 6)', '(29, 10)', '(33, 16)']","[(12, 4), (34, 1), (21, 16), (4, 9), (34, 10), (27, 4), (27, 13), (17, 12), (30, 9), (8, 9), (10, 6), (32, 12), (13, 8), (1, 15), (26, 14), (6, 11), (15, 14), (21, 9), (34, 3), (34, 12), (27, 6), (5, 3), (17, 14), (8, 11), (19, 11), (11, 7), (11, 16), (32, 14), (1, 8), (7, 3), (26, 16), (15, 16), (6, 13), (18, 12), (34, 14), (22, 12), (27, 8), (14, 8), (5, 5), (30, 4), (8, 4), (28, 16), (30, 13), (17, 16), (5, 14), (33, 6), (32, 16), (24, 12), (26, 9), (25, 11), (1, 10), (16, 8), (6, 6), (31, 8), (34, 7), (27, 1), (34, 16), (12, 13), (14, 10), (17, 9), (30, 6), (5, 16), (9, 14), (33, 8), (1, 3), (13, 5), (1, 12), (26, 11), (13, 14), (16, 10), (31, 1), (18, 16), (7, 16), (31, 10), (20, 10), (3, 3), (22, 16), (14, 12), (4, 11), (11, 4), (33, 1), (9, 16), (33, 10), (1, 5), (24, 16), (13, 16), (25, 15), (1, 14), (16, 12), (31, 3), (34, 2), (31, 12), (34, 11), (22, 9), (20, 12), (12, 8), (3, 5), (14, 14), (4, 13), (32, 4), (8, 13), (33, 12), (24, 9), (1, 7), (10, 10), (1, 16), (16, 14), (34, 4), (31, 14), (12, 10), (3, 7), (14, 16), (3, 16), (32, 6), (8, 6), (33, 14), (24, 11), (1, 9), (10, 12), (29, 1), (16, 16), (6, 8), (34, 6), (31, 16), (20, 16), (23, 12), (12, 12), (4, 8), (27, 3), (27, 12), (30, 8), (8, 8), (13, 4), (33, 16), (1, 11), (10, 14), (6, 10), (20, 9), (12, 14), (14, 11), (4, 10), (27, 5), (32, 1), (30, 1), (27, 14), (17, 13), (30, 10), (8, 10), (1, 4), (11, 6), (2, 3), (10, 16), (1, 13), (25, 14), (6, 3), (6, 12), (20, 11), (4, 3), (23, 16), (12, 16), (4, 12), (27, 7), (30, 3), (8, 3), (27, 16), (30, 12), (8, 12), (19, 12), (11, 8), (2, 5), (25, 16), (15, 8), (6, 5), (31, 4), (29, 16), (6, 14), (21, 12), (23, 9), (14, 6), (4, 5), (4, 14), (34, 15), (27, 9), (17, 8), (30, 5), (33, 4), (9, 4), (30, 14), (8, 14), (10, 11), (11, 10), (25, 9), (32, 8), (2, 7), (2, 16), (15, 10), (31, 6), (7, 6), (6, 16), (12, 11), (4, 7), (34, 8), (27, 2), (28, 1), (4, 16), (27, 11), (17, 10), (10, 4), (9, 6), (30, 16), (19, 16), (8, 16), (10, 13), (32, 10), (13, 6), (15, 12), (6, 9), (7, 8)]",206,0,206
219,"(15, 6)","(14, 6)",East,"[((16, 6), 'East', 1)]","['(15, 6)', '(13, 12)', '(13, 12)', '(3, 10)', '(19, 12)', '(19, 11)', '(26, 2)', '(31, 4)', '(29, 6)', '(29, 10)', '(33, 16)']","['(16, 6)', '(13, 12)', '(13, 12)', '(3, 10)', '(19, 12)', '(19, 11)', '(26, 2)', '(31, 4)', '(29, 6)', '(29, 10)', '(33, 16)']","[(12, 4), (34, 1), (21, 16), (4, 9), (34, 10), (27, 4), (27, 13), (17, 12), (30, 9), (8, 9), (10, 6), (32, 12), (13, 8), (1, 15), (26, 14), (6, 11), (15, 14), (21, 9), (34, 3), (34, 12), (27, 6), (5, 3), (17, 14), (8, 11), (19, 11), (11, 7), (11, 16), (32, 14), (1, 8), (7, 3), (26, 16), (15, 16), (6, 13), (18, 12), (34, 14), (22, 12), (27, 8), (14, 8), (5, 5), (30, 4), (8, 4), (28, 16), (30, 13), (17, 16), (5, 14), (33, 6), (32, 16), (24, 12), (26, 9), (25, 11), (1, 10), (16, 8), (6, 6), (31, 8), (34, 7), (27, 1), (34, 16), (12, 13), (14, 10), (17, 9), (30, 6), (5, 16), (9, 14), (33, 8), (1, 3), (13, 5), (1, 12), (26, 11), (13, 14), (16, 10), (31, 1), (18, 16), (7, 16), (31, 10), (20, 10), (3, 3), (22, 16), (14, 12), (4, 11), (11, 4), (33, 1), (9, 16), (33, 10), (1, 5), (24, 16), (13, 16), (25, 15), (1, 14), (16, 12), (31, 3), (34, 2), (31, 12), (34, 11), (22, 9), (20, 12), (12, 8), (3, 5), (14, 14), (4, 13), (32, 4), (8, 13), (33, 12), (24, 9), (1, 7), (10, 10), (15, 6), (1, 16), (16, 14), (34, 4), (31, 14), (12, 10), (3, 7), (14, 16), (3, 16), (32, 6), (8, 6), (33, 14), (24, 11), (1, 9), (10, 12), (29, 1), (16, 16), (6, 8), (34, 6), (31, 16), (20, 16), (23, 12), (12, 12), (4, 8), (27, 3), (27, 12), (30, 8), (8, 8), (13, 4), (33, 16), (1, 11), (10, 14), (6, 10), (20, 9), (12, 14), (14, 11), (4, 10), (27, 5), (32, 1), (30, 1), (27, 14), (17, 13), (30, 10), (8, 10), (1, 4), (11, 6), (2, 3), (10, 16), (1, 13), (25, 14), (6, 3), (6, 12), (20, 11), (4, 3), (23, 16), (12, 16), (4, 12), (27, 7), (30, 3), (8, 3), (27, 16), (30, 12), (8, 12), (19, 12), (11, 8), (2, 5), (25, 16), (15, 8), (6, 5), (31, 4), (29, 16), (6, 14), (21, 12), (23, 9), (14, 6), (4, 5), (4, 14), (34, 15), (27, 9), (17, 8), (30, 5), (33, 4), (9, 4), (30, 14), (8, 14), (10, 11), (11, 10), (25, 9), (32, 8), (2, 7), (2, 16), (15, 10), (31, 6), (7, 6), (6, 16), (12, 11), (4, 7), (34, 8), (27, 2), (28, 1), (4, 16), (27, 11), (17, 10), (10, 4), (9, 6), (30, 16), (19, 16), (8, 16), (10, 13), (32, 10), (13, 6), (15, 12), (6, 9), (7, 8)]",207,0,207
220,"(16, 6)","(15, 6)",East,"[((17, 6), 'East', 1)]","['(16, 6)', '(13, 12)', '(13, 12)', '(3, 10)', '(19, 12)', '(19, 11)', '(26, 2)', '(31, 4)', '(29, 6)', '(29, 10)', '(33, 16)']","['(17, 6)', '(13, 12)', '(13, 12)', '(3, 10)', '(19, 12)', '(19, 11)', '(26, 2)', '(31, 4)', '(29, 6)', '(29, 10)', '(33, 16)']","[(12, 4), (34, 1), (21, 16), (4, 9), (34, 10), (27, 4), (27, 13), (17, 12), (30, 9), (8, 9), (10, 6), (32, 12), (13, 8), (1, 15), (26, 14), (6, 11), (15, 14), (21, 9), (34, 3), (34, 12), (27, 6), (5, 3), (17, 14), (8, 11), (19, 11), (11, 7), (11, 16), (32, 14), (1, 8), (16, 6), (7, 3), (26, 16), (15, 16), (6, 13), (18, 12), (34, 14), (22, 12), (27, 8), (14, 8), (5, 5), (30, 4), (8, 4), (28, 16), (30, 13), (17, 16), (5, 14), (33, 6), (32, 16), (24, 12), (26, 9), (25, 11), (1, 10), (16, 8), (6, 6), (31, 8), (34, 7), (27, 1), (34, 16), (12, 13), (14, 10), (17, 9), (30, 6), (5, 16), (9, 14), (33, 8), (1, 3), (13, 5), (1, 12), (26, 11), (13, 14), (16, 10), (31, 1), (18, 16), (7, 16), (31, 10), (20, 10), (3, 3), (22, 16), (14, 12), (4, 11), (11, 4), (33, 1), (9, 16), (33, 10), (1, 5), (24, 16), (13, 16), (25, 15), (1, 14), (16, 12), (31, 3), (34, 2), (31, 12), (34, 11), (22, 9), (20, 12), (12, 8), (3, 5), (14, 14), (4, 13), (32, 4), (8, 13), (33, 12), (24, 9), (1, 7), (10, 10), (15, 6), (1, 16), (16, 14), (34, 4), (31, 14), (12, 10), (3, 7), (14, 16), (3, 16), (32, 6), (8, 6), (33, 14), (24, 11), (1, 9), (10, 12), (29, 1), (16, 16), (6, 8), (34, 6), (31, 16), (20, 16), (23, 12), (12, 12), (4, 8), (27, 3), (27, 12), (30, 8), (8, 8), (13, 4), (33, 16), (1, 11), (10, 14), (6, 10), (20, 9), (12, 14), (14, 11), (4, 10), (27, 5), (32, 1), (30, 1), (27, 14), (17, 13), (30, 10), (8, 10), (1, 4), (11, 6), (2, 3), (10, 16), (1, 13), (25, 14), (6, 3), (6, 12), (20, 11), (4, 3), (23, 16), (12, 16), (4, 12), (27, 7), (30, 3), (8, 3), (27, 16), (30, 12), (8, 12), (19, 12), (11, 8), (2, 5), (25, 16), (15, 8), (6, 5), (31, 4), (29, 16), (6, 14), (21, 12), (23, 9), (14, 6), (4, 5), (4, 14), (34, 15), (27, 9), (17, 8), (30, 5), (33, 4), (9, 4), (30, 14), (8, 14), (10, 11), (11, 10), (25, 9), (32, 8), (2, 7), (2, 16), (15, 10), (31, 6), (7, 6), (6, 16), (12, 11), (4, 7), (34, 8), (27, 2), (28, 1), (4, 16), (27, 11), (17, 10), (10, 4), (9, 6), (30, 16), (19, 16), (8, 16), (10, 13), (32, 10), (13, 6), (15, 12), (6, 9), (7, 8)]",208,0,208
221,"(17, 6)","(16, 6)",East,"[((18, 6), 'East', 1)]","['(17, 6)', '(13, 12)', '(13, 12)', '(3, 10)', '(19, 12)', '(19, 11)', '(26, 2)', '(31, 4)', '(29, 6)', '(29, 10)', '(33, 16)']","['(18, 6)', '(13, 12)', '(13, 12)', '(3, 10)', '(19, 12)', '(19, 11)', '(26, 2)', '(31, 4)', '(29, 6)', '(29, 10)', '(33, 16)']","[(12, 4), (34, 1), (21, 16), (4, 9), (34, 10), (27, 4), (27, 13), (17, 12), (30, 9), (8, 9), (10, 6), (32, 12), (13, 8), (1, 15), (26, 14), (6, 11), (15, 14), (21, 9), (34, 3), (34, 12), (27, 6), (5, 3), (17, 14), (8, 11), (19, 11), (11, 7), (11, 16), (32, 14), (1, 8), (16, 6), (7, 3), (26, 16), (15, 16), (6, 13), (18, 12), (34, 14), (22, 12), (27, 8), (14, 8), (5, 5), (30, 4), (8, 4), (28, 16), (30, 13), (17, 16), (5, 14), (33, 6), (32, 16), (24, 12), (26, 9), (25, 11), (1, 10), (16, 8), (6, 6), (31, 8), (34, 7), (27, 1), (34, 16), (12, 13), (14, 10), (17, 9), (30, 6), (5, 16), (9, 14), (33, 8), (1, 3), (13, 5), (1, 12), (26, 11), (13, 14), (16, 10), (31, 1), (18, 16), (7, 16), (31, 10), (20, 10), (3, 3), (22, 16), (14, 12), (4, 11), (11, 4), (33, 1), (9, 16), (33, 10), (1, 5), (24, 16), (13, 16), (25, 15), (1, 14), (16, 12), (31, 3), (34, 2), (31, 12), (34, 11), (22, 9), (20, 12), (12, 8), (3, 5), (14, 14), (4, 13), (32, 4), (8, 13), (33, 12), (24, 9), (1, 7), (10, 10), (15, 6), (1, 16), (16, 14), (34, 4), (31, 14), (12, 10), (3, 7), (14, 16), (3, 16), (32, 6), (8, 6), (33, 14), (24, 11), (1, 9), (10, 12), (29, 1), (16, 16), (6, 8), (34, 6), (31, 16), (20, 16), (23, 12), (12, 12), (4, 8), (27, 3), (27, 12), (30, 8), (8, 8), (13, 4), (33, 16), (1, 11), (10, 14), (6, 10), (20, 9), (12, 14), (14, 11), (4, 10), (27, 5), (32, 1), (30, 1), (27, 14), (17, 13), (30, 10), (8, 10), (1, 4), (11, 6), (2, 3), (10, 16), (1, 13), (25, 14), (6, 3), (6, 12), (20, 11), (4, 3), (23, 16), (12, 16), (4, 12), (27, 7), (17, 6), (30, 3), (8, 3), (27, 16), (30, 12), (8, 12), (19, 12), (11, 8), (2, 5), (25, 16), (15, 8), (6, 5), (31, 4), (29, 16), (6, 14), (21, 12), (23, 9), (14, 6), (4, 5), (4, 14), (34, 15), (27, 9), (17, 8), (30, 5), (33, 4), (9, 4), (30, 14), (8, 14), (10, 11), (11, 10), (25, 9), (32, 8), (2, 7), (2, 16), (15, 10), (31, 6), (7, 6), (6, 16), (12, 11), (4, 7), (34, 8), (27, 2), (28, 1), (4, 16), (27, 11), (17, 10), (10, 4), (9, 6), (30, 16), (19, 16), (8, 16), (10, 13), (32, 10), (13, 6), (15, 12), (6, 9), (7, 8)]",209,0,209
222,"(18, 6)","(17, 6)",East,"[((19, 6), 'East', 1)]","['(18, 6)', '(13, 12)', '(13, 12)', '(3, 10)', '(19, 12)', '(19, 11)', '(26, 2)', '(31, 4)', '(29, 6)', '(29, 10)', '(33, 16)']","['(19, 6)', '(13, 12)', '(13, 12)', '(3, 10)', '(19, 12)', '(19, 11)', '(26, 2)', '(31, 4)', '(29, 6)', '(29, 10)', '(33, 16)']","[(12, 4), (34, 1), (21, 16), (4, 9), (34, 10), (27, 4), (27, 13), (17, 12), (30, 9), (8, 9), (10, 6), (32, 12), (13, 8), (1, 15), (26, 14), (6, 11), (15, 14), (21, 9), (34, 3), (34, 12), (27, 6), (5, 3), (17, 14), (8, 11), (19, 11), (11, 7), (11, 16), (32, 14), (1, 8), (16, 6), (7, 3), (26, 16), (15, 16), (6, 13), (18, 12), (34, 14), (22, 12), (27, 8), (14, 8), (5, 5), (30, 4), (8, 4), (28, 16), (30, 13), (17, 16), (5, 14), (33, 6), (32, 16), (24, 12), (26, 9), (25, 11), (1, 10), (16, 8), (6, 6), (31, 8), (34, 7), (27, 1), (34, 16), (12, 13), (14, 10), (17, 9), (30, 6), (5, 16), (9, 14), (33, 8), (1, 3), (13, 5), (1, 12), (26, 11), (13, 14), (16, 10), (31, 1), (18, 16), (7, 16), (31, 10), (20, 10), (3, 3), (22, 16), (14, 12), (4, 11), (11, 4), (33, 1), (9, 16), (33, 10), (1, 5), (24, 16), (13, 16), (25, 15), (1, 14), (16, 12), (31, 3), (34, 2), (31, 12), (34, 11), (22, 9), (20, 12), (12, 8), (3, 5), (14, 14), (4, 13), (32, 4), (8, 13), (33, 12), (24, 9), (1, 7), (10, 10), (15, 6), (1, 16), (16, 14), (34, 4), (31, 14), (12, 10), (3, 7), (14, 16), (3, 16), (32, 6), (8, 6), (33, 14), (24, 11), (1, 9), (10, 12), (29, 1), (16, 16), (6, 8), (34, 6), (31, 16), (20, 16), (23, 12), (12, 12), (4, 8), (27, 3), (27, 12), (30, 8), (8, 8), (13, 4), (33, 16), (1, 11), (10, 14), (6, 10), (20, 9), (12, 14), (14, 11), (4, 10), (27, 5), (32, 1), (30, 1), (27, 14), (17, 13), (30, 10), (8, 10), (1, 4), (11, 6), (2, 3), (10, 16), (1, 13), (25, 14), (6, 3), (6, 12), (20, 11), (4, 3), (23, 16), (12, 16), (4, 12), (27, 7), (17, 6), (30, 3), (8, 3), (27, 16), (30, 12), (8, 12), (19, 12), (11, 8), (2, 5), (25, 16), (15, 8), (6, 5), (31, 4), (29, 16), (6, 14), (21, 12), (23, 9), (14, 6), (4, 5), (4, 14), (34, 15), (27, 9), (17, 8), (30, 5), (33, 4), (9, 4), (30, 14), (8, 14), (10, 11), (11, 10), (25, 9), (32, 8), (2, 7), (2, 16), (15, 10), (31, 6), (7, 6), (18, 6), (6, 16), (12, 11), (4, 7), (34, 8), (27, 2), (28, 1), (4, 16), (27, 11), (17, 10), (10, 4), (9, 6), (30, 16), (19, 16), (8, 16), (10, 13), (32, 10), (13, 6), (15, 12), (6, 9), (7, 8)]",210,0,210
223,"(19, 6)","(18, 6)",East,"[((19, 7), 'North', 1), ((19, 5), 'South', 1)]","['(19, 6)', '(13, 12)', '(13, 12)', '(3, 10)', '(19, 12)', '(19, 11)', '(26, 2)', '(31, 4)', '(29, 6)', '(29, 10)', '(33, 16)']","['(19, 7)', '(19, 5)', '(13, 12)', '(13, 12)', '(3, 10)', '(19, 12)', '(19, 11)', '(26, 2)', '(31, 4)', '(29, 6)', '(29, 10)', '(33, 16)']","[(12, 4), (34, 1), (21, 16), (4, 9), (34, 10), (27, 4), (27, 13), (17, 12), (30, 9), (8, 9), (10, 6), (32, 12), (13, 8), (1, 15), (26, 14), (6, 11), (15, 14), (21, 9), (34, 3), (34, 12), (27, 6), (5, 3), (17, 14), (8, 11), (19, 11), (11, 7), (11, 16), (32, 14), (1, 8), (16, 6), (7, 3), (26, 16), (15, 16), (6, 13), (18, 12), (34, 14), (22, 12), (27, 8), (14, 8), (5, 5), (30, 4), (8, 4), (28, 16), (30, 13), (17, 16), (5, 14), (33, 6), (32, 16), (24, 12), (26, 9), (25, 11), (1, 10), (16, 8), (6, 6), (31, 8), (34, 7), (27, 1), (34, 16), (12, 13), (14, 10), (17, 9), (30, 6), (19, 6), (5, 16), (9, 14), (33, 8), (1, 3), (13, 5), (1, 12), (26, 11), (13, 14), (16, 10), (31, 1), (18, 16), (7, 16), (31, 10), (20, 10), (3, 3), (22, 16), (14, 12), (4, 11), (11, 4), (33, 1), (9, 16), (33, 10), (1, 5), (24, 16), (13, 16), (25, 15), (1, 14), (16, 12), (31, 3), (34, 2), (31, 12), (34, 11), (22, 9), (20, 12), (12, 8), (3, 5), (14, 14), (4, 13), (32, 4), (8, 13), (33, 12), (24, 9), (1, 7), (10, 10), (15, 6), (1, 16), (16, 14), (34, 4), (31, 14), (12, 10), (3, 7), (14, 16), (3, 16), (32, 6), (8, 6), (33, 14), (24, 11), (1, 9), (10, 12), (29, 1), (16, 16), (6, 8), (34, 6), (31, 16), (20, 16), (23, 12), (12, 12), (4, 8), (27, 3), (27, 12), (30, 8), (8, 8), (13, 4), (33, 16), (1, 11), (10, 14), (6, 10), (20, 9), (12, 14), (14, 11), (4, 10), (27, 5), (32, 1), (30, 1), (27, 14), (17, 13), (30, 10), (8, 10), (1, 4), (11, 6), (2, 3), (10, 16), (1, 13), (25, 14), (6, 3), (6, 12), (20, 11), (4, 3), (23, 16), (12, 16), (4, 12), (27, 7), (17, 6), (30, 3), (8, 3), (27, 16), (30, 12), (8, 12), (19, 12), (11, 8), (2, 5), (25, 16), (15, 8), (6, 5), (31, 4), (29, 16), (6, 14), (21, 12), (23, 9), (14, 6), (4, 5), (4, 14), (34, 15), (27, 9), (17, 8), (30, 5), (33, 4), (9, 4), (30, 14), (8, 14), (10, 11), (11, 10), (25, 9), (32, 8), (2, 7), (2, 16), (15, 10), (31, 6), (7, 6), (18, 6), (6, 16), (12, 11), (4, 7), (34, 8), (27, 2), (28, 1), (4, 16), (27, 11), (17, 10), (10, 4), (9, 6), (30, 16), (19, 16), (8, 16), (10, 13), (32, 10), (13, 6), (15, 12), (6, 9), (7, 8)]",211,0,211
224,"(19, 7)","(19, 6)",North,"[((20, 7), 'East', 1)]","['(19, 7)', '(19, 5)', '(13, 12)', '(13, 12)', '(3, 10)', '(19, 12)', '(19, 11)', '(26, 2)', '(31, 4)', '(29, 6)', '(29, 10)', '(33, 16)']","['(20, 7)', '(19, 5)', '(13, 12)', '(13, 12)', '(3, 10)', '(19, 12)', '(19, 11)', '(26, 2)', '(31, 4)', '(29, 6)', '(29, 10)', '(33, 16)']","[(12, 4), (34, 1), (21, 16), (4, 9), (34, 10), (27, 4), (27, 13), (17, 12), (30, 9), (8, 9), (10, 6), (32, 12), (13, 8), (1, 15), (26, 14), (6, 11), (15, 14), (21, 9), (34, 3), (34, 12), (27, 6), (5, 3), (17, 14), (8, 11), (19, 11), (11, 7), (11, 16), (32, 14), (1, 8), (16, 6), (7, 3), (26, 16), (15, 16), (6, 13), (18, 12), (34, 14), (22, 12), (27, 8), (14, 8), (5, 5), (30, 4), (8, 4), (28, 16), (30, 13), (17, 16), (5, 14), (33, 6), (32, 16), (24, 12), (26, 9), (25, 11), (1, 10), (16, 8), (6, 6), (31, 8), (34, 7), (27, 1), (34, 16), (12, 13), (14, 10), (17, 9), (30, 6), (19, 6), (5, 16), (9, 14), (33, 8), (1, 3), (13, 5), (1, 12), (26, 11), (13, 14), (16, 10), (31, 1), (18, 16), (7, 16), (31, 10), (20, 10), (3, 3), (22, 16), (14, 12), (4, 11), (11, 4), (33, 1), (9, 16), (33, 10), (1, 5), (24, 16), (13, 16), (25, 15), (1, 14), (16, 12), (31, 3), (34, 2), (31, 12), (34, 11), (22, 9), (20, 12), (12, 8), (3, 5), (14, 14), (4, 13), (32, 4), (8, 13), (33, 12), (24, 9), (1, 7), (10, 10), (15, 6), (1, 16), (16, 14), (34, 4), (31, 14), (12, 10), (3, 7), (14, 16), (3, 16), (32, 6), (8, 6), (33, 14), (24, 11), (1, 9), (10, 12), (29, 1), (16, 16), (6, 8), (34, 6), (31, 16), (20, 16), (23, 12), (12, 12), (4, 8), (27, 3), (27, 12), (30, 8), (8, 8), (13, 4), (33, 16), (1, 11), (10, 14), (6, 10), (20, 9), (12, 14), (14, 11), (4, 10), (27, 5), (32, 1), (30, 1), (27, 14), (17, 13), (30, 10), (8, 10), (1, 4), (11, 6), (2, 3), (10, 16), (1, 13), (25, 14), (6, 3), (6, 12), (20, 11), (4, 3), (23, 16), (12, 16), (4, 12), (27, 7), (17, 6), (30, 3), (8, 3), (27, 16), (30, 12), (8, 12), (19, 12), (11, 8), (2, 5), (25, 16), (15, 8), (6, 5), (31, 4), (29, 16), (6, 14), (21, 12), (23, 9), (14, 6), (4, 5), (4, 14), (34, 15), (27, 9), (17, 8), (30, 5), (33, 4), (9, 4), (30, 14), (8, 14), (10, 11), (11, 10), (25, 9), (32, 8), (2, 7), (2, 16), (15, 10), (31, 6), (7, 6), (18, 6), (6, 16), (12, 11), (4, 7), (34, 8), (27, 2), (28, 1), (4, 16), (27, 11), (17, 10), (19, 7), (10, 4), (9, 6), (30, 16), (19, 16), (8, 16), (10, 13), (32, 10), (13, 6), (15, 12), (6, 9), (7, 8)]",212,0,212
225,"(20, 7)","(19, 7)",East,"[((21, 7), 'East', 1)]","['(20, 7)', '(19, 5)', '(13, 12)', '(13, 12)', '(3, 10)', '(19, 12)', '(19, 11)', '(26, 2)', '(31, 4)', '(29, 6)', '(29, 10)', '(33, 16)']","['(21, 7)', '(19, 5)', '(13, 12)', '(13, 12)', '(3, 10)', '(19, 12)', '(19, 11)', '(26, 2)', '(31, 4)', '(29, 6)', '(29, 10)', '(33, 16)']","[(12, 4), (34, 1), (21, 16), (4, 9), (34, 10), (27, 4), (27, 13), (17, 12), (30, 9), (8, 9), (10, 6), (32, 12), (13, 8), (1, 15), (26, 14), (6, 11), (15, 14), (21, 9), (34, 3), (34, 12), (27, 6), (5, 3), (17, 14), (8, 11), (19, 11), (11, 7), (11, 16), (32, 14), (1, 8), (16, 6), (7, 3), (26, 16), (15, 16), (6, 13), (18, 12), (34, 14), (22, 12), (27, 8), (14, 8), (5, 5), (30, 4), (8, 4), (28, 16), (30, 13), (17, 16), (5, 14), (33, 6), (32, 16), (24, 12), (26, 9), (25, 11), (1, 10), (16, 8), (6, 6), (31, 8), (34, 7), (27, 1), (34, 16), (12, 13), (14, 10), (17, 9), (30, 6), (19, 6), (5, 16), (9, 14), (33, 8), (1, 3), (13, 5), (1, 12), (26, 11), (13, 14), (16, 10), (31, 1), (18, 16), (7, 16), (31, 10), (20, 10), (3, 3), (22, 16), (14, 12), (4, 11), (11, 4), (33, 1), (9, 16), (33, 10), (1, 5), (24, 16), (13, 16), (25, 15), (1, 14), (16, 12), (31, 3), (34, 2), (31, 12), (34, 11), (22, 9), (20, 12), (12, 8), (3, 5), (14, 14), (4, 13), (32, 4), (8, 13), (33, 12), (24, 9), (1, 7), (10, 10), (15, 6), (1, 16), (16, 14), (34, 4), (31, 14), (12, 10), (3, 7), (14, 16), (3, 16), (32, 6), (8, 6), (33, 14), (24, 11), (1, 9), (10, 12), (29, 1), (16, 16), (6, 8), (20, 7), (34, 6), (31, 16), (20, 16), (23, 12), (12, 12), (4, 8), (27, 3), (27, 12), (30, 8), (8, 8), (13, 4), (33, 16), (1, 11), (10, 14), (6, 10), (20, 9), (12, 14), (14, 11), (4, 10), (27, 5), (32, 1), (30, 1), (27, 14), (17, 13), (30, 10), (8, 10), (1, 4), (11, 6), (2, 3), (10, 16), (1, 13), (25, 14), (6, 3), (6, 12), (20, 11), (4, 3), (23, 16), (12, 16), (4, 12), (27, 7), (17, 6), (30, 3), (8, 3), (27, 16), (30, 12), (8, 12), (19, 12), (11, 8), (2, 5), (25, 16), (15, 8), (6, 5), (31, 4), (29, 16), (6, 14), (21, 12), (23, 9), (14, 6), (4, 5), (4, 14), (34, 15), (27, 9), (17, 8), (30, 5), (33, 4), (9, 4), (30, 14), (8, 14), (10, 11), (11, 10), (25, 9), (32, 8), (2, 7), (2, 16), (15, 10), (31, 6), (7, 6), (18, 6), (6, 16), (12, 11), (4, 7), (34, 8), (27, 2), (28, 1), (4, 16), (27, 11), (17, 10), (19, 7), (10, 4), (9, 6), (30, 16), (19, 16), (8, 16), (10, 13), (32, 10), (13, 6), (15, 12), (6, 9), (7, 8)]",213,0,213
226,"(21, 7)","(20, 7)",East,"[((22, 7), 'East', 1)]","['(21, 7)', '(19, 5)', '(13, 12)', '(13, 12)', '(3, 10)', '(19, 12)', '(19, 11)', '(26, 2)', '(31, 4)', '(29, 6)', '(29, 10)', '(33, 16)']","['(22, 7)', '(19, 5)', '(13, 12)', '(13, 12)', '(3, 10)', '(19, 12)', '(19, 11)', '(26, 2)', '(31, 4)', '(29, 6)', '(29, 10)', '(33, 16)']","[(12, 4), (34, 1), (21, 16), (4, 9), (34, 10), (27, 4), (27, 13), (17, 12), (30, 9), (8, 9), (10, 6), (32, 12), (13, 8), (1, 15), (26, 14), (6, 11), (15, 14), (21, 9), (34, 3), (34, 12), (27, 6), (5, 3), (17, 14), (8, 11), (19, 11), (11, 7), (11, 16), (32, 14), (1, 8), (16, 6), (7, 3), (26, 16), (15, 16), (6, 13), (18, 12), (34, 14), (22, 12), (27, 8), (14, 8), (5, 5), (30, 4), (8, 4), (28, 16), (30, 13), (17, 16), (5, 14), (33, 6), (32, 16), (24, 12), (26, 9), (25, 11), (1, 10), (16, 8), (6, 6), (31, 8), (34, 7), (27, 1), (34, 16), (12, 13), (14, 10), (17, 9), (30, 6), (19, 6), (5, 16), (9, 14), (33, 8), (1, 3), (13, 5), (1, 12), (26, 11), (13, 14), (16, 10), (31, 1), (18, 16), (7, 16), (31, 10), (20, 10), (3, 3), (22, 16), (14, 12), (4, 11), (11, 4), (33, 1), (9, 16), (33, 10), (1, 5), (24, 16), (13, 16), (25, 15), (1, 14), (16, 12), (31, 3), (34, 2), (31, 12), (34, 11), (22, 9), (20, 12), (12, 8), (3, 5), (14, 14), (4, 13), (32, 4), (8, 13), (33, 12), (24, 9), (1, 7), (10, 10), (15, 6), (1, 16), (16, 14), (34, 4), (31, 14), (12, 10), (3, 7), (14, 16), (3, 16), (32, 6), (8, 6), (33, 14), (24, 11), (1, 9), (10, 12), (29, 1), (16, 16), (6, 8), (20, 7), (34, 6), (31, 16), (20, 16), (23, 12), (12, 12), (4, 8), (27, 3), (27, 12), (30, 8), (8, 8), (13, 4), (33, 16), (1, 11), (10, 14), (6, 10), (20, 9), (12, 14), (14, 11), (4, 10), (27, 5), (32, 1), (30, 1), (27, 14), (17, 13), (30, 10), (8, 10), (1, 4), (11, 6), (2, 3), (10, 16), (1, 13), (25, 14), (6, 3), (6, 12), (20, 11), (4, 3), (23, 16), (12, 16), (4, 12), (27, 7), (17, 6), (30, 3), (8, 3), (27, 16), (30, 12), (8, 12), (19, 12), (11, 8), (2, 5), (25, 16), (15, 8), (6, 5), (31, 4), (29, 16), (6, 14), (21, 12), (23, 9), (14, 6), (4, 5), (4, 14), (34, 15), (27, 9), (17, 8), (30, 5), (33, 4), (9, 4), (30, 14), (8, 14), (10, 11), (11, 10), (25, 9), (32, 8), (2, 7), (2, 16), (15, 10), (31, 6), (7, 6), (18, 6), (6, 16), (12, 11), (4, 7), (34, 8), (27, 2), (28, 1), (4, 16), (27, 11), (17, 10), (19, 7), (10, 4), (9, 6), (30, 16), (19, 16), (8, 16), (10, 13), (32, 10), (13, 6), (15, 12), (6, 9), (7, 8), (21, 7)]",214,0,214
227,"(22, 7)","(21, 7)",East,"[((23, 7), 'East', 1)]","['(22, 7)', '(19, 5)', '(13, 12)', '(13, 12)', '(3, 10)', '(19, 12)', '(19, 11)', '(26, 2)', '(31, 4)', '(29, 6)', '(29, 10)', '(33, 16)']","['(23, 7)', '(19, 5)', '(13, 12)', '(13, 12)', '(3, 10)', '(19, 12)', '(19, 11)', '(26, 2)', '(31, 4)', '(29, 6)', '(29, 10)', '(33, 16)']","[(12, 4), (34, 1), (21, 16), (4, 9), (34, 10), (27, 4), (27, 13), (17, 12), (30, 9), (8, 9), (10, 6), (32, 12), (13, 8), (1, 15), (26, 14), (6, 11), (15, 14), (21, 9), (34, 3), (34, 12), (27, 6), (5, 3), (17, 14), (8, 11), (19, 11), (11, 7), (11, 16), (32, 14), (1, 8), (16, 6), (7, 3), (26, 16), (15, 16), (6, 13), (18, 12), (34, 14), (22, 12), (27, 8), (14, 8), (5, 5), (30, 4), (8, 4), (28, 16), (30, 13), (17, 16), (5, 14), (33, 6), (32, 16), (24, 12), (26, 9), (25, 11), (1, 10), (16, 8), (6, 6), (31, 8), (34, 7), (27, 1), (34, 16), (12, 13), (14, 10), (17, 9), (30, 6), (19, 6), (5, 16), (9, 14), (33, 8), (1, 3), (13, 5), (1, 12), (26, 11), (13, 14), (16, 10), (31, 1), (18, 16), (7, 16), (31, 10), (20, 10), (22, 7), (3, 3), (22, 16), (14, 12), (4, 11), (11, 4), (33, 1), (9, 16), (33, 10), (1, 5), (24, 16), (13, 16), (25, 15), (1, 14), (16, 12), (31, 3), (34, 2), (31, 12), (34, 11), (22, 9), (20, 12), (12, 8), (3, 5), (14, 14), (4, 13), (32, 4), (8, 13), (33, 12), (24, 9), (1, 7), (10, 10), (15, 6), (1, 16), (16, 14), (34, 4), (31, 14), (12, 10), (3, 7), (14, 16), (3, 16), (32, 6), (8, 6), (33, 14), (24, 11), (1, 9), (10, 12), (29, 1), (16, 16), (6, 8), (20, 7), (34, 6), (31, 16), (20, 16), (23, 12), (12, 12), (4, 8), (27, 3), (27, 12), (30, 8), (8, 8), (13, 4), (33, 16), (1, 11), (10, 14), (6, 10), (20, 9), (12, 14), (14, 11), (4, 10), (27, 5), (32, 1), (30, 1), (27, 14), (17, 13), (30, 10), (8, 10), (1, 4), (11, 6), (2, 3), (10, 16), (1, 13), (25, 14), (6, 3), (6, 12), (20, 11), (4, 3), (23, 16), (12, 16), (4, 12), (27, 7), (17, 6), (30, 3), (8, 3), (27, 16), (30, 12), (8, 12), (19, 12), (11, 8), (2, 5), (25, 16), (15, 8), (6, 5), (31, 4), (29, 16), (6, 14), (21, 12), (23, 9), (14, 6), (4, 5), (4, 14), (34, 15), (27, 9), (17, 8), (30, 5), (33, 4), (9, 4), (30, 14), (8, 14), (10, 11), (11, 10), (25, 9), (32, 8), (2, 7), (2, 16), (15, 10), (31, 6), (7, 6), (18, 6), (6, 16), (12, 11), (4, 7), (34, 8), (27, 2), (28, 1), (4, 16), (27, 11), (17, 10), (19, 7), (10, 4), (9, 6), (30, 16), (19, 16), (8, 16), (10, 13), (32, 10), (13, 6), (15, 12), (6, 9), (7, 8), (21, 7)]",215,0,215
228,"(23, 7)","(22, 7)",East,"[((24, 7), 'East', 1)]","['(23, 7)', '(19, 5)', '(13, 12)', '(13, 12)', '(3, 10)', '(19, 12)', '(19, 11)', '(26, 2)', '(31, 4)', '(29, 6)', '(29, 10)', '(33, 16)']","['(24, 7)', '(19, 5)', '(13, 12)', '(13, 12)', '(3, 10)', '(19, 12)', '(19, 11)', '(26, 2)', '(31, 4)', '(29, 6)', '(29, 10)', '(33, 16)']","[(12, 4), (34, 1), (21, 16), (4, 9), (34, 10), (27, 4), (27, 13), (17, 12), (30, 9), (8, 9), (10, 6), (32, 12), (13, 8), (1, 15), (26, 14), (6, 11), (15, 14), (21, 9), (34, 3), (34, 12), (27, 6), (5, 3), (17, 14), (8, 11), (19, 11), (11, 7), (11, 16), (32, 14), (1, 8), (16, 6), (7, 3), (26, 16), (15, 16), (6, 13), (18, 12), (34, 14), (22, 12), (27, 8), (14, 8), (5, 5), (30, 4), (8, 4), (28, 16), (30, 13), (17, 16), (5, 14), (33, 6), (32, 16), (24, 12), (26, 9), (25, 11), (1, 10), (16, 8), (6, 6), (31, 8), (34, 7), (27, 1), (34, 16), (12, 13), (14, 10), (17, 9), (30, 6), (19, 6), (5, 16), (9, 14), (33, 8), (1, 3), (13, 5), (1, 12), (26, 11), (13, 14), (16, 10), (31, 1), (18, 16), (7, 16), (31, 10), (20, 10), (22, 7), (3, 3), (22, 16), (14, 12), (4, 11), (11, 4), (33, 1), (9, 16), (33, 10), (1, 5), (24, 16), (13, 16), (25, 15), (1, 14), (16, 12), (31, 3), (34, 2), (31, 12), (34, 11), (22, 9), (20, 12), (12, 8), (3, 5), (14, 14), (4, 13), (32, 4), (8, 13), (33, 12), (24, 9), (1, 7), (10, 10), (15, 6), (1, 16), (16, 14), (34, 4), (31, 14), (12, 10), (3, 7), (14, 16), (3, 16), (32, 6), (8, 6), (33, 14), (24, 11), (1, 9), (10, 12), (29, 1), (16, 16), (6, 8), (20, 7), (34, 6), (31, 16), (20, 16), (23, 12), (12, 12), (4, 8), (27, 3), (27, 12), (30, 8), (8, 8), (13, 4), (33, 16), (1, 11), (10, 14), (6, 10), (20, 9), (12, 14), (14, 11), (4, 10), (27, 5), (32, 1), (30, 1), (27, 14), (17, 13), (30, 10), (8, 10), (1, 4), (11, 6), (2, 3), (10, 16), (1, 13), (25, 14), (6, 3), (6, 12), (20, 11), (23, 7), (4, 3), (23, 16), (12, 16), (4, 12), (27, 7), (17, 6), (30, 3), (8, 3), (27, 16), (30, 12), (8, 12), (19, 12), (11, 8), (2, 5), (25, 16), (15, 8), (6, 5), (31, 4), (29, 16), (6, 14), (21, 12), (23, 9), (14, 6), (4, 5), (4, 14), (34, 15), (27, 9), (17, 8), (30, 5), (33, 4), (9, 4), (30, 14), (8, 14), (10, 11), (11, 10), (25, 9), (32, 8), (2, 7), (2, 16), (15, 10), (31, 6), (7, 6), (18, 6), (6, 16), (12, 11), (4, 7), (34, 8), (27, 2), (28, 1), (4, 16), (27, 11), (17, 10), (19, 7), (10, 4), (9, 6), (30, 16), (19, 16), (8, 16), (10, 13), (32, 10), (13, 6), (15, 12), (6, 9), (7, 8), (21, 7)]",216,0,216
229,"(24, 7)","(23, 7)",East,"[((24, 6), 'South', 1)]","['(24, 7)', '(19, 5)', '(13, 12)', '(13, 12)', '(3, 10)', '(19, 12)', '(19, 11)', '(26, 2)', '(31, 4)', '(29, 6)', '(29, 10)', '(33, 16)']","['(24, 6)', '(19, 5)', '(13, 12)', '(13, 12)', '(3, 10)', '(19, 12)', '(19, 11)', '(26, 2)', '(31, 4)', '(29, 6)', '(29, 10)', '(33, 16)']","[(12, 4), (34, 1), (21, 16), (4, 9), (34, 10), (27, 4), (27, 13), (17, 12), (30, 9), (8, 9), (10, 6), (32, 12), (13, 8), (1, 15), (26, 14), (6, 11), (15, 14), (21, 9), (34, 3), (34, 12), (27, 6), (5, 3), (17, 14), (8, 11), (19, 11), (11, 7), (11, 16), (32, 14), (1, 8), (16, 6), (7, 3), (26, 16), (15, 16), (6, 13), (18, 12), (34, 14), (22, 12), (27, 8), (14, 8), (5, 5), (30, 4), (8, 4), (28, 16), (30, 13), (17, 16), (5, 14), (33, 6), (32, 16), (24, 12), (26, 9), (25, 11), (1, 10), (16, 8), (6, 6), (31, 8), (34, 7), (27, 1), (34, 16), (12, 13), (14, 10), (17, 9), (30, 6), (19, 6), (5, 16), (9, 14), (33, 8), (1, 3), (13, 5), (1, 12), (26, 11), (13, 14), (16, 10), (31, 1), (18, 16), (7, 16), (31, 10), (20, 10), (22, 7), (3, 3), (22, 16), (14, 12), (4, 11), (11, 4), (33, 1), (9, 16), (33, 10), (1, 5), (24, 7), (24, 16), (13, 16), (25, 15), (1, 14), (16, 12), (31, 3), (34, 2), (31, 12), (34, 11), (22, 9), (20, 12), (12, 8), (3, 5), (14, 14), (4, 13), (32, 4), (8, 13), (33, 12), (24, 9), (1, 7), (10, 10), (15, 6), (1, 16), (16, 14), (34, 4), (31, 14), (12, 10), (3, 7), (14, 16), (3, 16), (32, 6), (8, 6), (33, 14), (24, 11), (1, 9), (10, 12), (29, 1), (16, 16), (6, 8), (20, 7), (34, 6), (31, 16), (20, 16), (23, 12), (12, 12), (4, 8), (27, 3), (27, 12), (30, 8), (8, 8), (13, 4), (33, 16), (1, 11), (10, 14), (6, 10), (20, 9), (12, 14), (14, 11), (4, 10), (27, 5), (32, 1), (30, 1), (27, 14), (17, 13), (30, 10), (8, 10), (1, 4), (11, 6), (2, 3), (10, 16), (1, 13), (25, 14), (6, 3), (6, 12), (20, 11), (23, 7), (4, 3), (23, 16), (12, 16), (4, 12), (27, 7), (17, 6), (30, 3), (8, 3), (27, 16), (30, 12), (8, 12), (19, 12), (11, 8), (2, 5), (25, 16), (15, 8), (6, 5), (31, 4), (29, 16), (6, 14), (21, 12), (23, 9), (14, 6), (4, 5), (4, 14), (34, 15), (27, 9), (17, 8), (30, 5), (33, 4), (9, 4), (30, 14), (8, 14), (10, 11), (11, 10), (25, 9), (32, 8), (2, 7), (2, 16), (15, 10), (31, 6), (7, 6), (18, 6), (6, 16), (12, 11), (4, 7), (34, 8), (27, 2), (28, 1), (4, 16), (27, 11), (17, 10), (19, 7), (10, 4), (9, 6), (30, 16), (19, 16), (8, 16), (10, 13), (32, 10), (13, 6), (15, 12), (6, 9), (7, 8), (21, 7)]",217,0,217
230,"(24, 6)","(24, 7)",South,"[((24, 5), 'South', 1)]","['(24, 6)', '(19, 5)', '(13, 12)', '(13, 12)', '(3, 10)', '(19, 12)', '(19, 11)', '(26, 2)', '(31, 4)', '(29, 6)', '(29, 10)', '(33, 16)']","['(24, 5)', '(19, 5)', '(13, 12)', '(13, 12)', '(3, 10)', '(19, 12)', '(19, 11)', '(26, 2)', '(31, 4)', '(29, 6)', '(29, 10)', '(33, 16)']","[(12, 4), (34, 1), (21, 16), (4, 9), (34, 10), (27, 4), (27, 13), (17, 12), (30, 9), (8, 9), (10, 6), (32, 12), (13, 8), (1, 15), (26, 14), (6, 11), (15, 14), (21, 9), (34, 3), (34, 12), (27, 6), (5, 3), (17, 14), (8, 11), (19, 11), (11, 7), (11, 16), (32, 14), (1, 8), (16, 6), (7, 3), (26, 16), (15, 16), (6, 13), (18, 12), (34, 14), (22, 12), (27, 8), (14, 8), (5, 5), (30, 4), (8, 4), (28, 16), (30, 13), (17, 16), (5, 14), (33, 6), (32, 16), (24, 12), (26, 9), (25, 11), (1, 10), (16, 8), (6, 6), (31, 8), (34, 7), (27, 1), (34, 16), (12, 13), (14, 10), (17, 9), (30, 6), (19, 6), (5, 16), (9, 14), (33, 8), (1, 3), (13, 5), (1, 12), (26, 11), (13, 14), (16, 10), (31, 1), (18, 16), (7, 16), (31, 10), (20, 10), (22, 7), (3, 3), (22, 16), (14, 12), (4, 11), (11, 4), (33, 1), (9, 16), (33, 10), (1, 5), (24, 7), (24, 16), (13, 16), (25, 15), (1, 14), (16, 12), (31, 3), (34, 2), (31, 12), (34, 11), (22, 9), (20, 12), (12, 8), (3, 5), (14, 14), (4, 13), (32, 4), (8, 13), (33, 12), (24, 9), (1, 7), (10, 10), (15, 6), (1, 16), (16, 14), (34, 4), (31, 14), (12, 10), (3, 7), (14, 16), (3, 16), (32, 6), (8, 6), (33, 14), (24, 11), (1, 9), (10, 12), (29, 1), (16, 16), (6, 8), (20, 7), (34, 6), (31, 16), (20, 16), (23, 12), (12, 12), (4, 8), (27, 3), (27, 12), (30, 8), (8, 8), (13, 4), (33, 16), (1, 11), (10, 14), (6, 10), (20, 9), (12, 14), (14, 11), (4, 10), (27, 5), (32, 1), (30, 1), (27, 14), (17, 13), (30, 10), (8, 10), (1, 4), (11, 6), (2, 3), (24, 6), (10, 16), (1, 13), (25, 14), (6, 3), (6, 12), (20, 11), (23, 7), (4, 3), (23, 16), (12, 16), (4, 12), (27, 7), (17, 6), (30, 3), (8, 3), (27, 16), (30, 12), (8, 12), (19, 12), (11, 8), (2, 5), (25, 16), (15, 8), (6, 5), (31, 4), (29, 16), (6, 14), (21, 12), (23, 9), (14, 6), (4, 5), (4, 14), (34, 15), (27, 9), (17, 8), (30, 5), (33, 4), (9, 4), (30, 14), (8, 14), (10, 11), (11, 10), (25, 9), (32, 8), (2, 7), (2, 16), (15, 10), (31, 6), (7, 6), (18, 6), (6, 16), (12, 11), (4, 7), (34, 8), (27, 2), (28, 1), (4, 16), (27, 11), (17, 10), (19, 7), (10, 4), (9, 6), (30, 16), (19, 16), (8, 16), (10, 13), (32, 10), (13, 6), (15, 12), (6, 9), (7, 8), (21, 7)]",218,0,218
231,"(24, 5)","(24, 6)",South,"[((23, 5), 'West', 1)]","['(24, 5)', '(19, 5)', '(13, 12)', '(13, 12)', '(3, 10)', '(19, 12)', '(19, 11)', '(26, 2)', '(31, 4)', '(29, 6)', '(29, 10)', '(33, 16)']","['(23, 5)', '(19, 5)', '(13, 12)', '(13, 12)', '(3, 10)', '(19, 12)', '(19, 11)', '(26, 2)', '(31, 4)', '(29, 6)', '(29, 10)', '(33, 16)']","[(12, 4), (34, 1), (21, 16), (4, 9), (34, 10), (27, 4), (27, 13), (17, 12), (30, 9), (8, 9), (10, 6), (32, 12), (13, 8), (1, 15), (26, 14), (6, 11), (15, 14), (21, 9), (34, 3), (34, 12), (27, 6), (5, 3), (17, 14), (8, 11), (19, 11), (11, 7), (11, 16), (32, 14), (1, 8), (16, 6), (7, 3), (26, 16), (15, 16), (6, 13), (18, 12), (34, 14), (22, 12), (27, 8), (14, 8), (5, 5), (30, 4), (8, 4), (28, 16), (30, 13), (17, 16), (5, 14), (33, 6), (32, 16), (24, 12), (26, 9), (25, 11), (1, 10), (16, 8), (6, 6), (31, 8), (34, 7), (27, 1), (34, 16), (12, 13), (14, 10), (17, 9), (30, 6), (19, 6), (5, 16), (9, 14), (33, 8), (1, 3), (13, 5), (24, 5), (1, 12), (26, 11), (13, 14), (16, 10), (31, 1), (18, 16), (7, 16), (31, 10), (20, 10), (22, 7), (3, 3), (22, 16), (14, 12), (4, 11), (11, 4), (33, 1), (9, 16), (33, 10), (1, 5), (24, 7), (24, 16), (13, 16), (25, 15), (1, 14), (16, 12), (31, 3), (34, 2), (31, 12), (34, 11), (22, 9), (20, 12), (12, 8), (3, 5), (14, 14), (4, 13), (32, 4), (8, 13), (33, 12), (24, 9), (1, 7), (10, 10), (15, 6), (1, 16), (16, 14), (34, 4), (31, 14), (12, 10), (3, 7), (14, 16), (3, 16), (32, 6), (8, 6), (33, 14), (24, 11), (1, 9), (10, 12), (29, 1), (16, 16), (6, 8), (20, 7), (34, 6), (31, 16), (20, 16), (23, 12), (12, 12), (4, 8), (27, 3), (27, 12), (30, 8), (8, 8), (13, 4), (33, 16), (1, 11), (10, 14), (6, 10), (20, 9), (12, 14), (14, 11), (4, 10), (27, 5), (32, 1), (30, 1), (27, 14), (17, 13), (30, 10), (8, 10), (1, 4), (11, 6), (2, 3), (24, 6), (10, 16), (1, 13), (25, 14), (6, 3), (6, 12), (20, 11), (23, 7), (4, 3), (23, 16), (12, 16), (4, 12), (27, 7), (17, 6), (30, 3), (8, 3), (27, 16), (30, 12), (8, 12), (19, 12), (11, 8), (2, 5), (25, 16), (15, 8), (6, 5), (31, 4), (29, 16), (6, 14), (21, 12), (23, 9), (14, 6), (4, 5), (4, 14), (34, 15), (27, 9), (17, 8), (30, 5), (33, 4), (9, 4), (30, 14), (8, 14), (10, 11), (11, 10), (25, 9), (32, 8), (2, 7), (2, 16), (15, 10), (31, 6), (7, 6), (18, 6), (6, 16), (12, 11), (4, 7), (34, 8), (27, 2), (28, 1), (4, 16), (27, 11), (17, 10), (19, 7), (10, 4), (9, 6), (30, 16), (19, 16), (8, 16), (10, 13), (32, 10), (13, 6), (15, 12), (6, 9), (7, 8), (21, 7)]",219,0,219
232,"(23, 5)","(24, 5)",West,"[((22, 5), 'West', 1)]","['(23, 5)', '(19, 5)', '(13, 12)', '(13, 12)', '(3, 10)', '(19, 12)', '(19, 11)', '(26, 2)', '(31, 4)', '(29, 6)', '(29, 10)', '(33, 16)']","['(22, 5)', '(19, 5)', '(13, 12)', '(13, 12)', '(3, 10)', '(19, 12)', '(19, 11)', '(26, 2)', '(31, 4)', '(29, 6)', '(29, 10)', '(33, 16)']","[(12, 4), (34, 1), (21, 16), (4, 9), (34, 10), (27, 4), (27, 13), (17, 12), (30, 9), (8, 9), (10, 6), (32, 12), (13, 8), (1, 15), (26, 14), (6, 11), (15, 14), (21, 9), (34, 3), (34, 12), (27, 6), (5, 3), (17, 14), (8, 11), (19, 11), (11, 7), (11, 16), (32, 14), (1, 8), (16, 6), (7, 3), (26, 16), (15, 16), (6, 13), (18, 12), (34, 14), (22, 12), (27, 8), (14, 8), (5, 5), (30, 4), (8, 4), (28, 16), (30, 13), (17, 16), (5, 14), (33, 6), (32, 16), (24, 12), (26, 9), (25, 11), (1, 10), (16, 8), (6, 6), (31, 8), (34, 7), (27, 1), (34, 16), (12, 13), (14, 10), (17, 9), (30, 6), (19, 6), (5, 16), (9, 14), (33, 8), (1, 3), (13, 5), (24, 5), (1, 12), (26, 11), (13, 14), (16, 10), (31, 1), (18, 16), (7, 16), (31, 10), (20, 10), (22, 7), (3, 3), (22, 16), (14, 12), (4, 11), (11, 4), (33, 1), (9, 16), (33, 10), (1, 5), (24, 7), (24, 16), (13, 16), (25, 15), (1, 14), (16, 12), (31, 3), (34, 2), (31, 12), (34, 11), (22, 9), (20, 12), (12, 8), (3, 5), (14, 14), (4, 13), (32, 4), (8, 13), (33, 12), (24, 9), (1, 7), (10, 10), (15, 6), (1, 16), (16, 14), (34, 4), (31, 14), (12, 10), (3, 7), (14, 16), (3, 16), (32, 6), (8, 6), (33, 14), (24, 11), (1, 9), (10, 12), (29, 1), (16, 16), (6, 8), (20, 7), (34, 6), (31, 16), (20, 16), (23, 12), (12, 12), (4, 8), (27, 3), (27, 12), (30, 8), (8, 8), (13, 4), (33, 16), (1, 11), (10, 14), (6, 10), (20, 9), (23, 5), (12, 14), (14, 11), (4, 10), (27, 5), (32, 1), (30, 1), (27, 14), (17, 13), (30, 10), (8, 10), (1, 4), (11, 6), (2, 3), (24, 6), (10, 16), (1, 13), (25, 14), (6, 3), (6, 12), (20, 11), (23, 7), (4, 3), (23, 16), (12, 16), (4, 12), (27, 7), (17, 6), (30, 3), (8, 3), (27, 16), (30, 12), (8, 12), (19, 12), (11, 8), (2, 5), (25, 16), (15, 8), (6, 5), (31, 4), (29, 16), (6, 14), (21, 12), (23, 9), (14, 6), (4, 5), (4, 14), (34, 15), (27, 9), (17, 8), (30, 5), (33, 4), (9, 4), (30, 14), (8, 14), (10, 11), (11, 10), (25, 9), (32, 8), (2, 7), (2, 16), (15, 10), (31, 6), (7, 6), (18, 6), (6, 16), (12, 11), (4, 7), (34, 8), (27, 2), (28, 1), (4, 16), (27, 11), (17, 10), (19, 7), (10, 4), (9, 6), (30, 16), (19, 16), (8, 16), (10, 13), (32, 10), (13, 6), (15, 12), (6, 9), (7, 8), (21, 7)]",220,0,220
233,"(22, 5)","(23, 5)",West,"[((21, 5), 'West', 1)]","['(22, 5)', '(19, 5)', '(13, 12)', '(13, 12)', '(3, 10)', '(19, 12)', '(19, 11)', '(26, 2)', '(31, 4)', '(29, 6)', '(29, 10)', '(33, 16)']","['(21, 5)', '(19, 5)', '(13, 12)', '(13, 12)', '(3, 10)', '(19, 12)', '(19, 11)', '(26, 2)', '(31, 4)', '(29, 6)', '(29, 10)', '(33, 16)']","[(12, 4), (34, 1), (21, 16), (4, 9), (34, 10), (27, 4), (27, 13), (17, 12), (30, 9), (8, 9), (10, 6), (32, 12), (13, 8), (1, 15), (26, 14), (6, 11), (15, 14), (21, 9), (34, 3), (34, 12), (27, 6), (5, 3), (17, 14), (8, 11), (19, 11), (11, 7), (11, 16), (32, 14), (1, 8), (16, 6), (7, 3), (26, 16), (15, 16), (6, 13), (18, 12), (34, 14), (22, 12), (27, 8), (14, 8), (5, 5), (30, 4), (8, 4), (28, 16), (30, 13), (17, 16), (5, 14), (33, 6), (32, 16), (24, 12), (26, 9), (25, 11), (1, 10), (16, 8), (6, 6), (31, 8), (34, 7), (22, 5), (27, 1), (34, 16), (12, 13), (14, 10), (17, 9), (30, 6), (19, 6), (5, 16), (9, 14), (33, 8), (1, 3), (13, 5), (24, 5), (1, 12), (26, 11), (13, 14), (16, 10), (31, 1), (18, 16), (7, 16), (31, 10), (20, 10), (22, 7), (3, 3), (22, 16), (14, 12), (4, 11), (11, 4), (33, 1), (9, 16), (33, 10), (1, 5), (24, 7), (24, 16), (13, 16), (25, 15), (1, 14), (16, 12), (31, 3), (34, 2), (31, 12), (34, 11), (22, 9), (20, 12), (12, 8), (3, 5), (14, 14), (4, 13), (32, 4), (8, 13), (33, 12), (24, 9), (1, 7), (10, 10), (15, 6), (1, 16), (16, 14), (34, 4), (31, 14), (12, 10), (3, 7), (14, 16), (3, 16), (32, 6), (8, 6), (33, 14), (24, 11), (1, 9), (10, 12), (29, 1), (16, 16), (6, 8), (20, 7), (34, 6), (31, 16), (20, 16), (23, 12), (12, 12), (4, 8), (27, 3), (27, 12), (30, 8), (8, 8), (13, 4), (33, 16), (1, 11), (10, 14), (6, 10), (20, 9), (23, 5), (12, 14), (14, 11), (4, 10), (27, 5), (32, 1), (30, 1), (27, 14), (17, 13), (30, 10), (8, 10), (1, 4), (11, 6), (2, 3), (24, 6), (10, 16), (1, 13), (25, 14), (6, 3), (6, 12), (20, 11), (23, 7), (4, 3), (23, 16), (12, 16), (4, 12), (27, 7), (17, 6), (30, 3), (8, 3), (27, 16), (30, 12), (8, 12), (19, 12), (11, 8), (2, 5), (25, 16), (15, 8), (6, 5), (31, 4), (29, 16), (6, 14), (21, 12), (23, 9), (14, 6), (4, 5), (4, 14), (34, 15), (27, 9), (17, 8), (30, 5), (33, 4), (9, 4), (30, 14), (8, 14), (10, 11), (11, 10), (25, 9), (32, 8), (2, 7), (2, 16), (15, 10), (31, 6), (7, 6), (18, 6), (6, 16), (12, 11), (4, 7), (34, 8), (27, 2), (28, 1), (4, 16), (27, 11), (17, 10), (19, 7), (10, 4), (9, 6), (30, 16), (19, 16), (8, 16), (10, 13), (32, 10), (13, 6), (15, 12), (6, 9), (7, 8), (21, 7)]",221,0,221
234,"(21, 5)","(22, 5)",West,"[((21, 4), 'South', 1)]","['(21, 5)', '(19, 5)', '(13, 12)', '(13, 12)', '(3, 10)', '(19, 12)', '(19, 11)', '(26, 2)', '(31, 4)', '(29, 6)', '(29, 10)', '(33, 16)']","['(21, 4)', '(19, 5)', '(13, 12)', '(13, 12)', '(3, 10)', '(19, 12)', '(19, 11)', '(26, 2)', '(31, 4)', '(29, 6)', '(29, 10)', '(33, 16)']","[(12, 4), (34, 1), (21, 16), (4, 9), (34, 10), (27, 4), (27, 13), (17, 12), (30, 9), (8, 9), (10, 6), (32, 12), (13, 8), (1, 15), (26, 14), (6, 11), (15, 14), (21, 9), (34, 3), (34, 12), (27, 6), (5, 3), (17, 14), (8, 11), (19, 11), (11, 7), (11, 16), (32, 14), (1, 8), (16, 6), (7, 3), (26, 16), (15, 16), (6, 13), (18, 12), (34, 14), (22, 12), (27, 8), (14, 8), (5, 5), (30, 4), (8, 4), (28, 16), (30, 13), (17, 16), (5, 14), (33, 6), (32, 16), (24, 12), (26, 9), (25, 11), (1, 10), (16, 8), (6, 6), (31, 8), (34, 7), (22, 5), (27, 1), (34, 16), (12, 13), (14, 10), (17, 9), (30, 6), (19, 6), (5, 16), (9, 14), (33, 8), (1, 3), (13, 5), (24, 5), (1, 12), (26, 11), (13, 14), (16, 10), (31, 1), (18, 16), (7, 16), (31, 10), (20, 10), (22, 7), (3, 3), (22, 16), (14, 12), (4, 11), (11, 4), (33, 1), (9, 16), (33, 10), (1, 5), (24, 7), (24, 16), (13, 16), (25, 15), (1, 14), (16, 12), (31, 3), (34, 2), (31, 12), (34, 11), (22, 9), (20, 12), (12, 8), (3, 5), (14, 14), (4, 13), (32, 4), (8, 13), (33, 12), (24, 9), (1, 7), (10, 10), (15, 6), (1, 16), (16, 14), (34, 4), (31, 14), (12, 10), (3, 7), (14, 16), (3, 16), (32, 6), (8, 6), (33, 14), (24, 11), (1, 9), (10, 12), (29, 1), (16, 16), (6, 8), (20, 7), (34, 6), (31, 16), (20, 16), (23, 12), (12, 12), (4, 8), (27, 3), (27, 12), (30, 8), (8, 8), (13, 4), (33, 16), (1, 11), (10, 14), (6, 10), (20, 9), (23, 5), (12, 14), (14, 11), (4, 10), (27, 5), (32, 1), (30, 1), (27, 14), (17, 13), (30, 10), (8, 10), (1, 4), (11, 6), (2, 3), (24, 6), (10, 16), (1, 13), (25, 14), (6, 3), (6, 12), (20, 11), (23, 7), (4, 3), (23, 16), (12, 16), (4, 12), (27, 7), (17, 6), (30, 3), (8, 3), (27, 16), (30, 12), (8, 12), (19, 12), (11, 8), (2, 5), (25, 16), (15, 8), (6, 5), (31, 4), (29, 16), (6, 14), (21, 12), (23, 9), (14, 6), (4, 5), (4, 14), (34, 15), (27, 9), (17, 8), (30, 5), (33, 4), (9, 4), (30, 14), (8, 14), (10, 11), (11, 10), (25, 9), (32, 8), (2, 7), (2, 16), (15, 10), (31, 6), (7, 6), (18, 6), (21, 5), (6, 16), (12, 11), (4, 7), (34, 8), (27, 2), (28, 1), (4, 16), (27, 11), (17, 10), (19, 7), (10, 4), (9, 6), (30, 16), (19, 16), (8, 16), (10, 13), (32, 10), (13, 6), (15, 12), (6, 9), (7, 8), (21, 7)]",222,0,222
235,"(21, 4)","(21, 5)",South,"[((20, 4), 'West', 1)]","['(21, 4)', '(19, 5)', '(13, 12)', '(13, 12)', '(3, 10)', '(19, 12)', '(19, 11)', '(26, 2)', '(31, 4)', '(29, 6)', '(29, 10)', '(33, 16)']","['(20, 4)', '(19, 5)', '(13, 12)', '(13, 12)', '(3, 10)', '(19, 12)', '(19, 11)', '(26, 2)', '(31, 4)', '(29, 6)', '(29, 10)', '(33, 16)']","[(12, 4), (34, 1), (21, 16), (4, 9), (34, 10), (27, 4), (27, 13), (17, 12), (30, 9), (8, 9), (10, 6), (32, 12), (13, 8), (1, 15), (26, 14), (6, 11), (15, 14), (21, 9), (34, 3), (34, 12), (27, 6), (5, 3), (17, 14), (8, 11), (19, 11), (11, 7), (11, 16), (32, 14), (1, 8), (16, 6), (7, 3), (26, 16), (15, 16), (6, 13), (18, 12), (34, 14), (22, 12), (27, 8), (14, 8), (5, 5), (30, 4), (8, 4), (28, 16), (30, 13), (17, 16), (5, 14), (33, 6), (32, 16), (24, 12), (26, 9), (25, 11), (1, 10), (16, 8), (6, 6), (21, 4), (31, 8), (34, 7), (22, 5), (27, 1), (34, 16), (12, 13), (14, 10), (17, 9), (30, 6), (19, 6), (5, 16), (9, 14), (33, 8), (1, 3), (13, 5), (24, 5), (1, 12), (26, 11), (13, 14), (16, 10), (31, 1), (18, 16), (7, 16), (31, 10), (20, 10), (22, 7), (3, 3), (22, 16), (14, 12), (4, 11), (11, 4), (33, 1), (9, 16), (33, 10), (1, 5), (24, 7), (24, 16), (13, 16), (25, 15), (1, 14), (16, 12), (31, 3), (34, 2), (31, 12), (34, 11), (22, 9), (20, 12), (12, 8), (3, 5), (14, 14), (4, 13), (32, 4), (8, 13), (33, 12), (24, 9), (1, 7), (10, 10), (15, 6), (1, 16), (16, 14), (34, 4), (31, 14), (12, 10), (3, 7), (14, 16), (3, 16), (32, 6), (8, 6), (33, 14), (24, 11), (1, 9), (10, 12), (29, 1), (16, 16), (6, 8), (20, 7), (34, 6), (31, 16), (20, 16), (23, 12), (12, 12), (4, 8), (27, 3), (27, 12), (30, 8), (8, 8), (13, 4), (33, 16), (1, 11), (10, 14), (6, 10), (20, 9), (23, 5), (12, 14), (14, 11), (4, 10), (27, 5), (32, 1), (30, 1), (27, 14), (17, 13), (30, 10), (8, 10), (1, 4), (11, 6), (2, 3), (24, 6), (10, 16), (1, 13), (25, 14), (6, 3), (6, 12), (20, 11), (23, 7), (4, 3), (23, 16), (12, 16), (4, 12), (27, 7), (17, 6), (30, 3), (8, 3), (27, 16), (30, 12), (8, 12), (19, 12), (11, 8), (2, 5), (25, 16), (15, 8), (6, 5), (31, 4), (29, 16), (6, 14), (21, 12), (23, 9), (14, 6), (4, 5), (4, 14), (34, 15), (27, 9), (17, 8), (30, 5), (33, 4), (9, 4), (30, 14), (8, 14), (10, 11), (11, 10), (25, 9), (32, 8), (2, 7), (2, 16), (15, 10), (31, 6), (7, 6), (18, 6), (21, 5), (6, 16), (12, 11), (4, 7), (34, 8), (27, 2), (28, 1), (4, 16), (27, 11), (17, 10), (19, 7), (10, 4), (9, 6), (30, 16), (19, 16), (8, 16), (10, 13), (32, 10), (13, 6), (15, 12), (6, 9), (7, 8), (21, 7)]",223,0,223
236,"(20, 4)","(21, 4)",West,"[((19, 4), 'West', 1)]","['(20, 4)', '(19, 5)', '(13, 12)', '(13, 12)', '(3, 10)', '(19, 12)', '(19, 11)', '(26, 2)', '(31, 4)', '(29, 6)', '(29, 10)', '(33, 16)']","['(19, 4)', '(19, 5)', '(13, 12)', '(13, 12)', '(3, 10)', '(19, 12)', '(19, 11)', '(26, 2)', '(31, 4)', '(29, 6)', '(29, 10)', '(33, 16)']","[(12, 4), (34, 1), (21, 16), (4, 9), (34, 10), (27, 4), (27, 13), (17, 12), (30, 9), (8, 9), (10, 6), (32, 12), (13, 8), (1, 15), (26, 14), (6, 11), (15, 14), (21, 9), (34, 3), (34, 12), (27, 6), (5, 3), (17, 14), (8, 11), (19, 11), (11, 7), (11, 16), (32, 14), (1, 8), (16, 6), (7, 3), (26, 16), (15, 16), (6, 13), (18, 12), (34, 14), (22, 12), (27, 8), (14, 8), (5, 5), (30, 4), (8, 4), (28, 16), (30, 13), (17, 16), (5, 14), (33, 6), (32, 16), (24, 12), (26, 9), (25, 11), (1, 10), (16, 8), (6, 6), (21, 4), (31, 8), (34, 7), (22, 5), (27, 1), (34, 16), (12, 13), (14, 10), (17, 9), (30, 6), (19, 6), (5, 16), (9, 14), (33, 8), (1, 3), (13, 5), (24, 5), (1, 12), (26, 11), (13, 14), (16, 10), (31, 1), (18, 16), (7, 16), (31, 10), (20, 10), (22, 7), (3, 3), (22, 16), (14, 12), (4, 11), (11, 4), (33, 1), (9, 16), (33, 10), (1, 5), (24, 7), (24, 16), (13, 16), (25, 15), (1, 14), (16, 12), (31, 3), (34, 2), (31, 12), (34, 11), (22, 9), (20, 12), (12, 8), (3, 5), (14, 14), (4, 13), (32, 4), (8, 13), (33, 12), (24, 9), (1, 7), (10, 10), (15, 6), (1, 16), (16, 14), (34, 4), (31, 14), (12, 10), (3, 7), (14, 16), (3, 16), (32, 6), (8, 6), (33, 14), (24, 11), (1, 9), (10, 12), (29, 1), (16, 16), (6, 8), (20, 7), (34, 6), (31, 16), (20, 16), (23, 12), (12, 12), (4, 8), (27, 3), (27, 12), (30, 8), (8, 8), (13, 4), (33, 16), (1, 11), (10, 14), (6, 10), (20, 9), (23, 5), (12, 14), (14, 11), (4, 10), (27, 5), (32, 1), (30, 1), (27, 14), (17, 13), (30, 10), (8, 10), (1, 4), (11, 6), (2, 3), (24, 6), (10, 16), (1, 13), (25, 14), (6, 3), (6, 12), (20, 11), (23, 7), (4, 3), (23, 16), (12, 16), (4, 12), (27, 7), (17, 6), (30, 3), (8, 3), (27, 16), (30, 12), (8, 12), (19, 12), (11, 8), (2, 5), (25, 16), (15, 8), (6, 5), (31, 4), (20, 4), (29, 16), (6, 14), (21, 12), (23, 9), (14, 6), (4, 5), (4, 14), (34, 15), (27, 9), (17, 8), (30, 5), (33, 4), (9, 4), (30, 14), (8, 14), (10, 11), (11, 10), (25, 9), (32, 8), (2, 7), (2, 16), (15, 10), (31, 6), (7, 6), (18, 6), (21, 5), (6, 16), (12, 11), (4, 7), (34, 8), (27, 2), (28, 1), (4, 16), (27, 11), (17, 10), (19, 7), (10, 4), (9, 6), (30, 16), (19, 16), (8, 16), (10, 13), (32, 10), (13, 6), (15, 12), (6, 9), (7, 8), (21, 7)]",224,0,224
237,"(19, 4)","(20, 4)",West,"[((19, 5), 'North', 1), ((18, 4), 'West', 1)]","['(19, 4)', '(19, 5)', '(13, 12)', '(13, 12)', '(3, 10)', '(19, 12)', '(19, 11)', '(26, 2)', '(31, 4)', '(29, 6)', '(29, 10)', '(33, 16)']","['(19, 5)', '(18, 4)', '(19, 5)', '(13, 12)', '(13, 12)', '(3, 10)', '(19, 12)', '(19, 11)', '(26, 2)', '(31, 4)', '(29, 6)', '(29, 10)', '(33, 16)']","[(12, 4), (34, 1), (21, 16), (4, 9), (34, 10), (27, 4), (27, 13), (17, 12), (30, 9), (8, 9), (10, 6), (32, 12), (13, 8), (1, 15), (26, 14), (6, 11), (15, 14), (21, 9), (34, 3), (34, 12), (27, 6), (5, 3), (17, 14), (8, 11), (19, 11), (11, 7), (11, 16), (32, 14), (1, 8), (16, 6), (7, 3), (26, 16), (15, 16), (6, 13), (18, 12), (34, 14), (22, 12), (27, 8), (14, 8), (5, 5), (30, 4), (8, 4), (19, 4), (28, 16), (30, 13), (17, 16), (5, 14), (33, 6), (32, 16), (24, 12), (26, 9), (25, 11), (1, 10), (16, 8), (6, 6), (21, 4), (31, 8), (34, 7), (22, 5), (27, 1), (34, 16), (12, 13), (14, 10), (17, 9), (30, 6), (19, 6), (5, 16), (9, 14), (33, 8), (1, 3), (13, 5), (24, 5), (1, 12), (26, 11), (13, 14), (16, 10), (31, 1), (18, 16), (7, 16), (31, 10), (20, 10), (22, 7), (3, 3), (22, 16), (14, 12), (4, 11), (11, 4), (33, 1), (9, 16), (33, 10), (1, 5), (24, 7), (24, 16), (13, 16), (25, 15), (1, 14), (16, 12), (31, 3), (34, 2), (31, 12), (34, 11), (22, 9), (20, 12), (12, 8), (3, 5), (14, 14), (4, 13), (32, 4), (8, 13), (33, 12), (24, 9), (1, 7), (10, 10), (15, 6), (1, 16), (16, 14), (34, 4), (31, 14), (12, 10), (3, 7), (14, 16), (3, 16), (32, 6), (8, 6), (33, 14), (24, 11), (1, 9), (10, 12), (29, 1), (16, 16), (6, 8), (20, 7), (34, 6), (31, 16), (20, 16), (23, 12), (12, 12), (4, 8), (27, 3), (27, 12), (30, 8), (8, 8), (13, 4), (33, 16), (1, 11), (10, 14), (6, 10), (20, 9), (23, 5), (12, 14), (14, 11), (4, 10), (27, 5), (32, 1), (30, 1), (27, 14), (17, 13), (30, 10), (8, 10), (1, 4), (11, 6), (2, 3), (24, 6), (10, 16), (1, 13), (25, 14), (6, 3), (6, 12), (20, 11), (23, 7), (4, 3), (23, 16), (12, 16), (4, 12), (27, 7), (17, 6), (30, 3), (8, 3), (27, 16), (30, 12), (8, 12), (19, 12), (11, 8), (2, 5), (25, 16), (15, 8), (6, 5), (31, 4), (20, 4), (29, 16), (6, 14), (21, 12), (23, 9), (14, 6), (4, 5), (4, 14), (34, 15), (27, 9), (17, 8), (30, 5), (33, 4), (9, 4), (30, 14), (8, 14), (10, 11), (11, 10), (25, 9), (32, 8), (2, 7), (2, 16), (15, 10), (31, 6), (7, 6), (18, 6), (21, 5), (6, 16), (12, 11), (4, 7), (34, 8), (27, 2), (28, 1), (4, 16), (27, 11), (17, 10), (19, 7), (10, 4), (9, 6), (30, 16), (19, 16), (8, 16), (10, 13), (32, 10), (13, 6), (15, 12), (6, 9), (7, 8), (21, 7)]",225,0,225
238,"(19, 5)","(19, 4)",North,[],"['(19, 5)', '(18, 4)', '(19, 5)', '(13, 12)', '(13, 12)', '(3, 10)', '(19, 12)', '(19, 11)', '(26, 2)', '(31, 4)', '(29, 6)', '(29, 10)', '(33, 16)']","['(18, 4)', '(19, 5)', '(13, 12)', '(13, 12)', '(3, 10)', '(19, 12)', '(19, 11)', '(26, 2)', '(31, 4)', '(29, 6)', '(29, 10)', '(33, 16)']","[(12, 4), (34, 1), (21, 16), (4, 9), (34, 10), (27, 4), (27, 13), (17, 12), (30, 9), (8, 9), (10, 6), (32, 12), (13, 8), (1, 15), (26, 14), (6, 11), (15, 14), (21, 9), (34, 3), (34, 12), (27, 6), (5, 3), (17, 14), (8, 11), (19, 11), (11, 7), (11, 16), (32, 14), (1, 8), (16, 6), (7, 3), (26, 16), (15, 16), (6, 13), (18, 12), (34, 14), (22, 12), (27, 8), (14, 8), (5, 5), (30, 4), (8, 4), (19, 4), (28, 16), (30, 13), (17, 16), (5, 14), (33, 6), (32, 16), (24, 12), (26, 9), (25, 11), (1, 10), (16, 8), (6, 6), (21, 4), (31, 8), (34, 7), (22, 5), (27, 1), (34, 16), (12, 13), (14, 10), (17, 9), (30, 6), (19, 6), (5, 16), (9, 14), (33, 8), (1, 3), (13, 5), (24, 5), (1, 12), (26, 11), (13, 14), (16, 10), (31, 1), (18, 16), (7, 16), (31, 10), (20, 10), (22, 7), (3, 3), (22, 16), (14, 12), (4, 11), (11, 4), (33, 1), (9, 16), (33, 10), (1, 5), (24, 7), (24, 16), (13, 16), (25, 15), (1, 14), (16, 12), (31, 3), (34, 2), (31, 12), (34, 11), (22, 9), (20, 12), (12, 8), (3, 5), (14, 14), (4, 13), (32, 4), (8, 13), (33, 12), (24, 9), (1, 7), (10, 10), (15, 6), (1, 16), (16, 14), (34, 4), (31, 14), (12, 10), (3, 7), (14, 16), (3, 16), (32, 6), (8, 6), (33, 14), (24, 11), (1, 9), (10, 12), (29, 1), (16, 16), (6, 8), (20, 7), (34, 6), (31, 16), (20, 16), (23, 12), (12, 12), (4, 8), (27, 3), (27, 12), (30, 8), (8, 8), (13, 4), (33, 16), (1, 11), (10, 14), (6, 10), (20, 9), (23, 5), (12, 14), (14, 11), (4, 10), (27, 5), (32, 1), (30, 1), (27, 14), (17, 13), (30, 10), (8, 10), (1, 4), (11, 6), (2, 3), (24, 6), (10, 16), (1, 13), (25, 14), (6, 3), (6, 12), (20, 11), (23, 7), (4, 3), (23, 16), (12, 16), (4, 12), (27, 7), (17, 6), (30, 3), (8, 3), (27, 16), (30, 12), (8, 12), (19, 12), (11, 8), (2, 5), (25, 16), (15, 8), (6, 5), (31, 4), (20, 4), (29, 16), (6, 14), (21, 12), (23, 9), (14, 6), (4, 5), (4, 14), (34, 15), (27, 9), (17, 8), (30, 5), (33, 4), (9, 4), (19, 5), (30, 14), (8, 14), (10, 11), (11, 10), (25, 9), (32, 8), (2, 7), (2, 16), (15, 10), (31, 6), (7, 6), (18, 6), (21, 5), (6, 16), (12, 11), (4, 7), (34, 8), (27, 2), (28, 1), (4, 16), (27, 11), (17, 10), (19, 7), (10, 4), (9, 6), (30, 16), (19, 16), (8, 16), (10, 13), (32, 10), (13, 6), (15, 12), (6, 9), (7, 8), (21, 7)]",226,0,226
239,"(18, 4)","(19, 4)",West,"[((17, 4), 'West', 1)]","['(18, 4)', '(19, 5)', '(13, 12)', '(13, 12)', '(3, 10)', '(19, 12)', '(19, 11)', '(26, 2)', '(31, 4)', '(29, 6)', '(29, 10)', '(33, 16)']","['(17, 4)', '(19, 5)', '(13, 12)', '(13, 12)', '(3, 10)', '(19, 12)', '(19, 11)', '(26, 2)', '(31, 4)', '(29, 6)', '(29, 10)', '(33, 16)']","[(12, 4), (34, 1), (21, 16), (4, 9), (34, 10), (27, 4), (27, 13), (17, 12), (30, 9), (8, 9), (10, 6), (32, 12), (13, 8), (1, 15), (26, 14), (6, 11), (15, 14), (21, 9), (34, 3), (34, 12), (27, 6), (5, 3), (17, 14), (8, 11), (19, 11), (11, 7), (11, 16), (32, 14), (1, 8), (16, 6), (7, 3), (26, 16), (15, 16), (6, 13), (18, 12), (34, 14), (22, 12), (27, 8), (14, 8), (5, 5), (30, 4), (8, 4), (19, 4), (28, 16), (30, 13), (17, 16), (5, 14), (33, 6), (32, 16), (24, 12), (26, 9), (25, 11), (1, 10), (16, 8), (6, 6), (21, 4), (31, 8), (34, 7), (22, 5), (27, 1), (34, 16), (12, 13), (14, 10), (17, 9), (30, 6), (19, 6), (5, 16), (9, 14), (33, 8), (1, 3), (13, 5), (24, 5), (1, 12), (26, 11), (13, 14), (16, 10), (31, 1), (18, 16), (7, 16), (31, 10), (20, 10), (22, 7), (3, 3), (22, 16), (14, 12), (4, 11), (11, 4), (33, 1), (9, 16), (33, 10), (1, 5), (24, 7), (24, 16), (13, 16), (25, 15), (1, 14), (16, 12), (31, 3), (34, 2), (31, 12), (34, 11), (22, 9), (20, 12), (12, 8), (3, 5), (14, 14), (4, 13), (32, 4), (8, 13), (33, 12), (24, 9), (1, 7), (10, 10), (15, 6), (1, 16), (16, 14), (34, 4), (31, 14), (12, 10), (3, 7), (14, 16), (3, 16), (32, 6), (8, 6), (33, 14), (24, 11), (1, 9), (10, 12), (18, 4), (29, 1), (16, 16), (6, 8), (20, 7), (34, 6), (31, 16), (20, 16), (23, 12), (12, 12), (4, 8), (27, 3), (27, 12), (30, 8), (8, 8), (13, 4), (33, 16), (1, 11), (10, 14), (6, 10), (20, 9), (23, 5), (12, 14), (14, 11), (4, 10), (27, 5), (32, 1), (30, 1), (27, 14), (17, 13), (30, 10), (8, 10), (1, 4), (11, 6), (2, 3), (24, 6), (10, 16), (1, 13), (25, 14), (6, 3), (6, 12), (20, 11), (23, 7), (4, 3), (23, 16), (12, 16), (4, 12), (27, 7), (17, 6), (30, 3), (8, 3), (27, 16), (30, 12), (8, 12), (19, 12), (11, 8), (2, 5), (25, 16), (15, 8), (6, 5), (31, 4), (20, 4), (29, 16), (6, 14), (21, 12), (23, 9), (14, 6), (4, 5), (4, 14), (34, 15), (27, 9), (17, 8), (30, 5), (33, 4), (9, 4), (19, 5), (30, 14), (8, 14), (10, 11), (11, 10), (25, 9), (32, 8), (2, 7), (2, 16), (15, 10), (31, 6), (7, 6), (18, 6), (21, 5), (6, 16), (12, 11), (4, 7), (34, 8), (27, 2), (28, 1), (4, 16), (27, 11), (17, 10), (19, 7), (10, 4), (9, 6), (30, 16), (19, 16), (8, 16), (10, 13), (32, 10), (13, 6), (15, 12), (6, 9), (7, 8), (21, 7)]",226,0,226
240,"(17, 4)","(18, 4)",West,"[((16, 4), 'West', 1)]","['(17, 4)', '(19, 5)', '(13, 12)', '(13, 12)', '(3, 10)', '(19, 12)', '(19, 11)', '(26, 2)', '(31, 4)', '(29, 6)', '(29, 10)', '(33, 16)']","['(16, 4)', '(19, 5)', '(13, 12)', '(13, 12)', '(3, 10)', '(19, 12)', '(19, 11)', '(26, 2)', '(31, 4)', '(29, 6)', '(29, 10)', '(33, 16)']","[(12, 4), (34, 1), (21, 16), (4, 9), (34, 10), (27, 4), (27, 13), (17, 12), (30, 9), (8, 9), (10, 6), (32, 12), (13, 8), (1, 15), (26, 14), (6, 11), (15, 14), (21, 9), (34, 3), (34, 12), (27, 6), (5, 3), (17, 14), (8, 11), (19, 11), (11, 7), (11, 16), (32, 14), (1, 8), (16, 6), (7, 3), (26, 16), (15, 16), (6, 13), (18, 12), (34, 14), (22, 12), (27, 8), (14, 8), (5, 5), (30, 4), (8, 4), (19, 4), (28, 16), (30, 13), (17, 16), (5, 14), (33, 6), (32, 16), (24, 12), (26, 9), (25, 11), (1, 10), (16, 8), (6, 6), (21, 4), (31, 8), (34, 7), (22, 5), (27, 1), (34, 16), (12, 13), (14, 10), (17, 9), (30, 6), (19, 6), (5, 16), (9, 14), (33, 8), (1, 3), (13, 5), (24, 5), (1, 12), (26, 11), (13, 14), (16, 10), (31, 1), (18, 16), (7, 16), (31, 10), (20, 10), (22, 7), (3, 3), (22, 16), (14, 12), (4, 11), (11, 4), (33, 1), (9, 16), (33, 10), (1, 5), (24, 7), (24, 16), (13, 16), (25, 15), (1, 14), (16, 12), (31, 3), (34, 2), (31, 12), (34, 11), (22, 9), (20, 12), (12, 8), (3, 5), (17, 4), (14, 14), (4, 13), (32, 4), (8, 13), (33, 12), (24, 9), (1, 7), (10, 10), (15, 6), (1, 16), (16, 14), (34, 4), (31, 14), (12, 10), (3, 7), (14, 16), (3, 16), (32, 6), (8, 6), (33, 14), (24, 11), (1, 9), (10, 12), (18, 4), (29, 1), (16, 16), (6, 8), (20, 7), (34, 6), (31, 16), (20, 16), (23, 12), (12, 12), (4, 8), (27, 3), (27, 12), (30, 8), (8, 8), (13, 4), (33, 16), (1, 11), (10, 14), (6, 10), (20, 9), (23, 5), (12, 14), (14, 11), (4, 10), (27, 5), (32, 1), (30, 1), (27, 14), (17, 13), (30, 10), (8, 10), (1, 4), (11, 6), (2, 3), (24, 6), (10, 16), (1, 13), (25, 14), (6, 3), (6, 12), (20, 11), (23, 7), (4, 3), (23, 16), (12, 16), (4, 12), (27, 7), (17, 6), (30, 3), (8, 3), (27, 16), (30, 12), (8, 12), (19, 12), (11, 8), (2, 5), (25, 16), (15, 8), (6, 5), (31, 4), (20, 4), (29, 16), (6, 14), (21, 12), (23, 9), (14, 6), (4, 5), (4, 14), (34, 15), (27, 9), (17, 8), (30, 5), (33, 4), (9, 4), (19, 5), (30, 14), (8, 14), (10, 11), (11, 10), (25, 9), (32, 8), (2, 7), (2, 16), (15, 10), (31, 6), (7, 6), (18, 6), (21, 5), (6, 16), (12, 11), (4, 7), (34, 8), (27, 2), (28, 1), (4, 16), (27, 11), (17, 10), (19, 7), (10, 4), (9, 6), (30, 16), (19, 16), (8, 16), (10, 13), (32, 10), (13, 6), (15, 12), (6, 9), (7, 8), (21, 7)]",227,0,227
241,"(16, 4)","(17, 4)",West,"[((15, 4), 'West', 1)]","['(16, 4)', '(19, 5)', '(13, 12)', '(13, 12)', '(3, 10)', '(19, 12)', '(19, 11)', '(26, 2)', '(31, 4)', '(29, 6)', '(29, 10)', '(33, 16)']","['(15, 4)', '(19, 5)', '(13, 12)', '(13, 12)', '(3, 10)', '(19, 12)', '(19, 11)', '(26, 2)', '(31, 4)', '(29, 6)', '(29, 10)', '(33, 16)']","[(12, 4), (34, 1), (21, 16), (4, 9), (34, 10), (27, 4), (27, 13), (17, 12), (30, 9), (8, 9), (10, 6), (32, 12), (13, 8), (1, 15), (26, 14), (6, 11), (15, 14), (21, 9), (34, 3), (34, 12), (27, 6), (5, 3), (17, 14), (8, 11), (19, 11), (11, 7), (11, 16), (32, 14), (1, 8), (16, 6), (7, 3), (26, 16), (15, 16), (6, 13), (18, 12), (34, 14), (22, 12), (27, 8), (14, 8), (5, 5), (30, 4), (8, 4), (19, 4), (28, 16), (30, 13), (17, 16), (5, 14), (33, 6), (32, 16), (24, 12), (26, 9), (25, 11), (1, 10), (16, 8), (6, 6), (21, 4), (31, 8), (34, 7), (22, 5), (27, 1), (34, 16), (12, 13), (14, 10), (17, 9), (30, 6), (19, 6), (5, 16), (9, 14), (33, 8), (1, 3), (13, 5), (24, 5), (1, 12), (26, 11), (13, 14), (16, 10), (31, 1), (18, 16), (7, 16), (31, 10), (20, 10), (22, 7), (3, 3), (22, 16), (14, 12), (4, 11), (11, 4), (33, 1), (9, 16), (33, 10), (1, 5), (24, 7), (24, 16), (13, 16), (25, 15), (1, 14), (16, 12), (31, 3), (34, 2), (31, 12), (34, 11), (22, 9), (20, 12), (12, 8), (3, 5), (17, 4), (14, 14), (4, 13), (32, 4), (8, 13), (33, 12), (24, 9), (1, 7), (10, 10), (15, 6), (1, 16), (16, 14), (34, 4), (31, 14), (12, 10), (3, 7), (14, 16), (3, 16), (32, 6), (8, 6), (33, 14), (24, 11), (1, 9), (10, 12), (18, 4), (29, 1), (16, 16), (6, 8), (20, 7), (34, 6), (31, 16), (20, 16), (23, 12), (12, 12), (4, 8), (27, 3), (27, 12), (30, 8), (8, 8), (13, 4), (33, 16), (1, 11), (10, 14), (6, 10), (20, 9), (23, 5), (12, 14), (14, 11), (4, 10), (27, 5), (32, 1), (30, 1), (27, 14), (17, 13), (30, 10), (8, 10), (1, 4), (11, 6), (2, 3), (24, 6), (10, 16), (1, 13), (25, 14), (6, 3), (6, 12), (20, 11), (23, 7), (4, 3), (23, 16), (12, 16), (4, 12), (27, 7), (17, 6), (30, 3), (8, 3), (27, 16), (30, 12), (8, 12), (19, 12), (11, 8), (2, 5), (16, 4), (25, 16), (15, 8), (6, 5), (31, 4), (20, 4), (29, 16), (6, 14), (21, 12), (23, 9), (14, 6), (4, 5), (4, 14), (34, 15), (27, 9), (17, 8), (30, 5), (33, 4), (9, 4), (19, 5), (30, 14), (8, 14), (10, 11), (11, 10), (25, 9), (32, 8), (2, 7), (2, 16), (15, 10), (31, 6), (7, 6), (18, 6), (21, 5), (6, 16), (12, 11), (4, 7), (34, 8), (27, 2), (28, 1), (4, 16), (27, 11), (17, 10), (19, 7), (10, 4), (9, 6), (30, 16), (19, 16), (8, 16), (10, 13), (32, 10), (13, 6), (15, 12), (6, 9), (7, 8), (21, 7)]",228,0,228
242,"(15, 4)","(16, 4)",West,"[((15, 3), 'South', 1)]","['(15, 4)', '(19, 5)', '(13, 12)', '(13, 12)', '(3, 10)', '(19, 12)', '(19, 11)', '(26, 2)', '(31, 4)', '(29, 6)', '(29, 10)', '(33, 16)']","['(15, 3)', '(19, 5)', '(13, 12)', '(13, 12)', '(3, 10)', '(19, 12)', '(19, 11)', '(26, 2)', '(31, 4)', '(29, 6)', '(29, 10)', '(33, 16)']","[(12, 4), (34, 1), (21, 16), (4, 9), (34, 10), (27, 4), (27, 13), (17, 12), (30, 9), (8, 9), (10, 6), (32, 12), (13, 8), (1, 15), (26, 14), (6, 11), (15, 14), (21, 9), (34, 3), (34, 12), (27, 6), (5, 3), (17, 14), (8, 11), (19, 11), (11, 7), (11, 16), (32, 14), (1, 8), (16, 6), (7, 3), (26, 16), (15, 16), (6, 13), (18, 12), (34, 14), (22, 12), (27, 8), (14, 8), (5, 5), (30, 4), (8, 4), (19, 4), (28, 16), (30, 13), (17, 16), (5, 14), (33, 6), (32, 16), (24, 12), (26, 9), (25, 11), (1, 10), (16, 8), (6, 6), (21, 4), (31, 8), (34, 7), (22, 5), (27, 1), (34, 16), (12, 13), (14, 10), (17, 9), (30, 6), (19, 6), (5, 16), (9, 14), (33, 8), (1, 3), (13, 5), (24, 5), (1, 12), (26, 11), (13, 14), (16, 10), (31, 1), (18, 16), (7, 16), (31, 10), (20, 10), (22, 7), (3, 3), (22, 16), (14, 12), (4, 11), (11, 4), (33, 1), (9, 16), (33, 10), (1, 5), (24, 7), (15, 4), (24, 16), (13, 16), (25, 15), (1, 14), (16, 12), (31, 3), (34, 2), (31, 12), (34, 11), (22, 9), (20, 12), (12, 8), (3, 5), (17, 4), (14, 14), (4, 13), (32, 4), (8, 13), (33, 12), (24, 9), (1, 7), (10, 10), (15, 6), (1, 16), (16, 14), (34, 4), (31, 14), (12, 10), (3, 7), (14, 16), (3, 16), (32, 6), (8, 6), (33, 14), (24, 11), (1, 9), (10, 12), (18, 4), (29, 1), (16, 16), (6, 8), (20, 7), (34, 6), (31, 16), (20, 16), (23, 12), (12, 12), (4, 8), (27, 3), (27, 12), (30, 8), (8, 8), (13, 4), (33, 16), (1, 11), (10, 14), (6, 10), (20, 9), (23, 5), (12, 14), (14, 11), (4, 10), (27, 5), (32, 1), (30, 1), (27, 14), (17, 13), (30, 10), (8, 10), (1, 4), (11, 6), (2, 3), (24, 6), (10, 16), (1, 13), (25, 14), (6, 3), (6, 12), (20, 11), (23, 7), (4, 3), (23, 16), (12, 16), (4, 12), (27, 7), (17, 6), (30, 3), (8, 3), (27, 16), (30, 12), (8, 12), (19, 12), (11, 8), (2, 5), (16, 4), (25, 16), (15, 8), (6, 5), (31, 4), (20, 4), (29, 16), (6, 14), (21, 12), (23, 9), (14, 6), (4, 5), (4, 14), (34, 15), (27, 9), (17, 8), (30, 5), (33, 4), (9, 4), (19, 5), (30, 14), (8, 14), (10, 11), (11, 10), (25, 9), (32, 8), (2, 7), (2, 16), (15, 10), (31, 6), (7, 6), (18, 6), (21, 5), (6, 16), (12, 11), (4, 7), (34, 8), (27, 2), (28, 1), (4, 16), (27, 11), (17, 10), (19, 7), (10, 4), (9, 6), (30, 16), (19, 16), (8, 16), (10, 13), (32, 10), (13, 6), (15, 12), (6, 9), (7, 8), (21, 7)]",229,0,229
243,"(15, 3)","(15, 4)",South,"[((15, 2), 'South', 1)]","['(15, 3)', '(19, 5)', '(13, 12)', '(13, 12)', '(3, 10)', '(19, 12)', '(19, 11)', '(26, 2)', '(31, 4)', '(29, 6)', '(29, 10)', '(33, 16)']","['(15, 2)', '(19, 5)', '(13, 12)', '(13, 12)', '(3, 10)', '(19, 12)', '(19, 11)', '(26, 2)', '(31, 4)', '(29, 6)', '(29, 10)', '(33, 16)']","[(12, 4), (34, 1), (21, 16), (4, 9), (34, 10), (27, 4), (27, 13), (17, 12), (30, 9), (8, 9), (10, 6), (32, 12), (13, 8), (1, 15), (26, 14), (6, 11), (15, 14), (21, 9), (34, 3), (34, 12), (27, 6), (5, 3), (17, 14), (8, 11), (19, 11), (11, 7), (11, 16), (32, 14), (1, 8), (16, 6), (7, 3), (26, 16), (15, 16), (6, 13), (18, 12), (34, 14), (22, 12), (27, 8), (14, 8), (5, 5), (30, 4), (8, 4), (19, 4), (28, 16), (30, 13), (17, 16), (5, 14), (33, 6), (32, 16), (24, 12), (26, 9), (25, 11), (1, 10), (16, 8), (6, 6), (21, 4), (31, 8), (34, 7), (22, 5), (27, 1), (34, 16), (12, 13), (14, 10), (17, 9), (30, 6), (19, 6), (5, 16), (9, 14), (33, 8), (1, 3), (13, 5), (24, 5), (1, 12), (26, 11), (13, 14), (16, 10), (31, 1), (18, 16), (7, 16), (31, 10), (20, 10), (22, 7), (3, 3), (22, 16), (14, 12), (4, 11), (11, 4), (33, 1), (9, 16), (33, 10), (1, 5), (24, 7), (15, 4), (24, 16), (13, 16), (25, 15), (1, 14), (16, 12), (31, 3), (34, 2), (31, 12), (34, 11), (22, 9), (20, 12), (12, 8), (3, 5), (17, 4), (14, 14), (4, 13), (32, 4), (8, 13), (33, 12), (24, 9), (1, 7), (10, 10), (15, 6), (1, 16), (16, 14), (34, 4), (31, 14), (12, 10), (3, 7), (14, 16), (3, 16), (32, 6), (8, 6), (33, 14), (24, 11), (1, 9), (10, 12), (18, 4), (29, 1), (16, 16), (6, 8), (20, 7), (34, 6), (31, 16), (20, 16), (23, 12), (12, 12), (4, 8), (27, 3), (27, 12), (30, 8), (8, 8), (13, 4), (33, 16), (1, 11), (10, 14), (6, 10), (20, 9), (23, 5), (12, 14), (14, 11), (4, 10), (27, 5), (32, 1), (30, 1), (27, 14), (17, 13), (30, 10), (8, 10), (1, 4), (11, 6), (2, 3), (24, 6), (10, 16), (1, 13), (25, 14), (6, 3), (6, 12), (20, 11), (23, 7), (4, 3), (23, 16), (12, 16), (4, 12), (27, 7), (17, 6), (30, 3), (8, 3), (27, 16), (30, 12), (8, 12), (19, 12), (11, 8), (2, 5), (16, 4), (25, 16), (15, 8), (6, 5), (31, 4), (20, 4), (29, 16), (6, 14), (21, 12), (23, 9), (14, 6), (4, 5), (4, 14), (34, 15), (27, 9), (17, 8), (30, 5), (33, 4), (9, 4), (19, 5), (30, 14), (8, 14), (10, 11), (11, 10), (25, 9), (32, 8), (2, 7), (2, 16), (15, 10), (31, 6), (7, 6), (18, 6), (21, 5), (6, 16), (12, 11), (4, 7), (34, 8), (27, 2), (28, 1), (4, 16), (27, 11), (17, 10), (19, 7), (10, 4), (9, 6), (30, 16), (19, 16), (8, 16), (10, 13), (32, 10), (13, 6), (15, 3), (15, 12), (6, 9), (7, 8), (21, 7)]",230,0,230
244,"(15, 2)","(15, 3)",South,"[((16, 2), 'East', 1), ((14, 2), 'West', 1)]","['(15, 2)', '(19, 5)', '(13, 12)', '(13, 12)', '(3, 10)', '(19, 12)', '(19, 11)', '(26, 2)', '(31, 4)', '(29, 6)', '(29, 10)', '(33, 16)']","['(16, 2)', '(14, 2)', '(19, 5)', '(13, 12)', '(13, 12)', '(3, 10)', '(19, 12)', '(19, 11)', '(26, 2)', '(31, 4)', '(29, 6)', '(29, 10)', '(33, 16)']","[(12, 4), (34, 1), (21, 16), (4, 9), (34, 10), (27, 4), (27, 13), (17, 12), (30, 9), (8, 9), (10, 6), (32, 12), (13, 8), (1, 15), (26, 14), (6, 11), (15, 14), (21, 9), (34, 3), (34, 12), (27, 6), (5, 3), (17, 14), (8, 11), (19, 11), (11, 7), (11, 16), (32, 14), (1, 8), (16, 6), (7, 3), (26, 16), (15, 16), (6, 13), (18, 12), (34, 14), (22, 12), (27, 8), (14, 8), (5, 5), (30, 4), (8, 4), (19, 4), (28, 16), (30, 13), (17, 16), (5, 14), (33, 6), (32, 16), (24, 12), (26, 9), (25, 11), (1, 10), (16, 8), (6, 6), (21, 4), (31, 8), (34, 7), (22, 5), (27, 1), (34, 16), (12, 13), (14, 10), (17, 9), (30, 6), (19, 6), (5, 16), (9, 14), (33, 8), (1, 3), (13, 5), (24, 5), (15, 2), (1, 12), (26, 11), (13, 14), (16, 10), (31, 1), (18, 16), (7, 16), (31, 10), (20, 10), (22, 7), (3, 3), (22, 16), (14, 12), (4, 11), (11, 4), (33, 1), (9, 16), (33, 10), (1, 5), (24, 7), (15, 4), (24, 16), (13, 16), (25, 15), (1, 14), (16, 12), (31, 3), (34, 2), (31, 12), (34, 11), (22, 9), (20, 12), (12, 8), (3, 5), (17, 4), (14, 14), (4, 13), (32, 4), (8, 13), (33, 12), (24, 9), (1, 7), (10, 10), (15, 6), (1, 16), (16, 14), (34, 4), (31, 14), (12, 10), (3, 7), (14, 16), (3, 16), (32, 6), (8, 6), (33, 14), (24, 11), (1, 9), (10, 12), (18, 4), (29, 1), (16, 16), (6, 8), (20, 7), (34, 6), (31, 16), (20, 16), (23, 12), (12, 12), (4, 8), (27, 3), (27, 12), (30, 8), (8, 8), (13, 4), (33, 16), (1, 11), (10, 14), (6, 10), (20, 9), (23, 5), (12, 14), (14, 11), (4, 10), (27, 5), (32, 1), (30, 1), (27, 14), (17, 13), (30, 10), (8, 10), (1, 4), (11, 6), (2, 3), (24, 6), (10, 16), (1, 13), (25, 14), (6, 3), (6, 12), (20, 11), (23, 7), (4, 3), (23, 16), (12, 16), (4, 12), (27, 7), (17, 6), (30, 3), (8, 3), (27, 16), (30, 12), (8, 12), (19, 12), (11, 8), (2, 5), (16, 4), (25, 16), (15, 8), (6, 5), (31, 4), (20, 4), (29, 16), (6, 14), (21, 12), (23, 9), (14, 6), (4, 5), (4, 14), (34, 15), (27, 9), (17, 8), (30, 5), (33, 4), (9, 4), (19, 5), (30, 14), (8, 14), (10, 11), (11, 10), (25, 9), (32, 8), (2, 7), (2, 16), (15, 10), (31, 6), (7, 6), (18, 6), (21, 5), (6, 16), (12, 11), (4, 7), (34, 8), (27, 2), (28, 1), (4, 16), (27, 11), (17, 10), (19, 7), (10, 4), (9, 6), (30, 16), (19, 16), (8, 16), (10, 13), (32, 10), (13, 6), (15, 3), (15, 12), (6, 9), (7, 8), (21, 7)]",231,0,231
245,"(16, 2)","(15, 2)",East,"[((17, 2), 'East', 1)]","['(16, 2)', '(14, 2)', '(19, 5)', '(13, 12)', '(13, 12)', '(3, 10)', '(19, 12)', '(19, 11)', '(26, 2)', '(31, 4)', '(29, 6)', '(29, 10)', '(33, 16)']","['(17, 2)', '(14, 2)', '(19, 5)', '(13, 12)', '(13, 12)', '(3, 10)', '(19, 12)', '(19, 11)', '(26, 2)', '(31, 4)', '(29, 6)', '(29, 10)', '(33, 16)']","[(12, 4), (34, 1), (21, 16), (4, 9), (34, 10), (27, 4), (27, 13), (17, 12), (30, 9), (8, 9), (10, 6), (32, 12), (13, 8), (1, 15), (26, 14), (6, 11), (15, 14), (21, 9), (34, 3), (34, 12), (27, 6), (5, 3), (17, 14), (8, 11), (19, 11), (11, 7), (11, 16), (32, 14), (1, 8), (16, 6), (7, 3), (26, 16), (15, 16), (6, 13), (18, 12), (34, 14), (22, 12), (27, 8), (14, 8), (5, 5), (30, 4), (8, 4), (19, 4), (28, 16), (30, 13), (17, 16), (5, 14), (33, 6), (32, 16), (24, 12), (26, 9), (25, 11), (1, 10), (16, 8), (6, 6), (21, 4), (31, 8), (34, 7), (22, 5), (27, 1), (34, 16), (12, 13), (14, 10), (17, 9), (30, 6), (19, 6), (5, 16), (9, 14), (33, 8), (1, 3), (13, 5), (24, 5), (15, 2), (1, 12), (26, 11), (13, 14), (16, 10), (31, 1), (18, 16), (7, 16), (31, 10), (20, 10), (22, 7), (3, 3), (22, 16), (14, 12), (4, 11), (11, 4), (33, 1), (9, 16), (33, 10), (1, 5), (24, 7), (15, 4), (24, 16), (13, 16), (25, 15), (1, 14), (16, 12), (31, 3), (34, 2), (31, 12), (34, 11), (22, 9), (20, 12), (12, 8), (3, 5), (17, 4), (14, 14), (4, 13), (32, 4), (8, 13), (33, 12), (24, 9), (1, 7), (10, 10), (15, 6), (1, 16), (16, 14), (34, 4), (31, 14), (12, 10), (3, 7), (14, 16), (3, 16), (32, 6), (8, 6), (33, 14), (24, 11), (1, 9), (10, 12), (18, 4), (29, 1), (16, 16), (6, 8), (20, 7), (34, 6), (31, 16), (20, 16), (23, 12), (12, 12), (4, 8), (27, 3), (27, 12), (30, 8), (8, 8), (13, 4), (33, 16), (1, 11), (10, 14), (6, 10), (20, 9), (23, 5), (12, 14), (14, 11), (4, 10), (27, 5), (32, 1), (30, 1), (27, 14), (17, 13), (30, 10), (8, 10), (1, 4), (11, 6), (2, 3), (24, 6), (10, 16), (1, 13), (16, 2), (25, 14), (6, 3), (6, 12), (20, 11), (23, 7), (4, 3), (23, 16), (12, 16), (4, 12), (27, 7), (17, 6), (30, 3), (8, 3), (27, 16), (30, 12), (8, 12), (19, 12), (11, 8), (2, 5), (16, 4), (25, 16), (15, 8), (6, 5), (31, 4), (20, 4), (29, 16), (6, 14), (21, 12), (23, 9), (14, 6), (4, 5), (4, 14), (34, 15), (27, 9), (17, 8), (30, 5), (33, 4), (9, 4), (19, 5), (30, 14), (8, 14), (10, 11), (11, 10), (25, 9), (32, 8), (2, 7), (2, 16), (15, 10), (31, 6), (7, 6), (18, 6), (21, 5), (6, 16), (12, 11), (4, 7), (34, 8), (27, 2), (28, 1), (4, 16), (27, 11), (17, 10), (19, 7), (10, 4), (9, 6), (30, 16), (19, 16), (8, 16), (10, 13), (32, 10), (13, 6), (15, 3), (15, 12), (6, 9), (7, 8), (21, 7)]",232,0,232
246,"(17, 2)","(16, 2)",East,"[((18, 2), 'East', 1)]","['(17, 2)', '(14, 2)', '(19, 5)', '(13, 12)', '(13, 12)', '(3, 10)', '(19, 12)', '(19, 11)', '(26, 2)', '(31, 4)', '(29, 6)', '(29, 10)', '(33, 16)']","['(18, 2)', '(14, 2)', '(19, 5)', '(13, 12)', '(13, 12)', '(3, 10)', '(19, 12)', '(19, 11)', '(26, 2)', '(31, 4)', '(29, 6)', '(29, 10)', '(33, 16)']","[(12, 4), (34, 1), (21, 16), (4, 9), (34, 10), (27, 4), (27, 13), (17, 12), (30, 9), (8, 9), (10, 6), (32, 12), (13, 8), (1, 15), (26, 14), (6, 11), (15, 14), (21, 9), (34, 3), (34, 12), (27, 6), (5, 3), (17, 14), (8, 11), (19, 11), (11, 7), (11, 16), (32, 14), (1, 8), (16, 6), (7, 3), (26, 16), (15, 16), (6, 13), (18, 12), (34, 14), (22, 12), (27, 8), (14, 8), (5, 5), (30, 4), (8, 4), (19, 4), (28, 16), (30, 13), (17, 16), (5, 14), (33, 6), (32, 16), (24, 12), (26, 9), (25, 11), (1, 10), (16, 8), (6, 6), (21, 4), (31, 8), (34, 7), (22, 5), (27, 1), (34, 16), (12, 13), (14, 10), (17, 9), (30, 6), (19, 6), (5, 16), (9, 14), (33, 8), (1, 3), (13, 5), (24, 5), (15, 2), (1, 12), (26, 11), (13, 14), (16, 10), (31, 1), (18, 16), (7, 16), (31, 10), (20, 10), (22, 7), (3, 3), (17, 2), (22, 16), (14, 12), (4, 11), (11, 4), (33, 1), (9, 16), (33, 10), (1, 5), (24, 7), (15, 4), (24, 16), (13, 16), (25, 15), (1, 14), (16, 12), (31, 3), (34, 2), (31, 12), (34, 11), (22, 9), (20, 12), (12, 8), (3, 5), (17, 4), (14, 14), (4, 13), (32, 4), (8, 13), (33, 12), (24, 9), (1, 7), (10, 10), (15, 6), (1, 16), (16, 14), (34, 4), (31, 14), (12, 10), (3, 7), (14, 16), (3, 16), (32, 6), (8, 6), (33, 14), (24, 11), (1, 9), (10, 12), (18, 4), (29, 1), (16, 16), (6, 8), (20, 7), (34, 6), (31, 16), (20, 16), (23, 12), (12, 12), (4, 8), (27, 3), (27, 12), (30, 8), (8, 8), (13, 4), (33, 16), (1, 11), (10, 14), (6, 10), (20, 9), (23, 5), (12, 14), (14, 11), (4, 10), (27, 5), (32, 1), (30, 1), (27, 14), (17, 13), (30, 10), (8, 10), (1, 4), (11, 6), (2, 3), (24, 6), (10, 16), (1, 13), (16, 2), (25, 14), (6, 3), (6, 12), (20, 11), (23, 7), (4, 3), (23, 16), (12, 16), (4, 12), (27, 7), (17, 6), (30, 3), (8, 3), (27, 16), (30, 12), (8, 12), (19, 12), (11, 8), (2, 5), (16, 4), (25, 16), (15, 8), (6, 5), (31, 4), (20, 4), (29, 16), (6, 14), (21, 12), (23, 9), (14, 6), (4, 5), (4, 14), (34, 15), (27, 9), (17, 8), (30, 5), (33, 4), (9, 4), (19, 5), (30, 14), (8, 14), (10, 11), (11, 10), (25, 9), (32, 8), (2, 7), (2, 16), (15, 10), (31, 6), (7, 6), (18, 6), (21, 5), (6, 16), (12, 11), (4, 7), (34, 8), (27, 2), (28, 1), (4, 16), (27, 11), (17, 10), (19, 7), (10, 4), (9, 6), (30, 16), (19, 16), (8, 16), (10, 13), (32, 10), (13, 6), (15, 3), (15, 12), (6, 9), (7, 8), (21, 7)]",233,0,233
247,"(18, 2)","(17, 2)",East,"[((19, 2), 'East', 1)]","['(18, 2)', '(14, 2)', '(19, 5)', '(13, 12)', '(13, 12)', '(3, 10)', '(19, 12)', '(19, 11)', '(26, 2)', '(31, 4)', '(29, 6)', '(29, 10)', '(33, 16)']","['(19, 2)', '(14, 2)', '(19, 5)', '(13, 12)', '(13, 12)', '(3, 10)', '(19, 12)', '(19, 11)', '(26, 2)', '(31, 4)', '(29, 6)', '(29, 10)', '(33, 16)']","[(12, 4), (34, 1), (21, 16), (4, 9), (34, 10), (27, 4), (27, 13), (17, 12), (30, 9), (8, 9), (10, 6), (32, 12), (13, 8), (1, 15), (26, 14), (6, 11), (15, 14), (21, 9), (34, 3), (34, 12), (27, 6), (5, 3), (17, 14), (8, 11), (19, 11), (11, 7), (11, 16), (32, 14), (1, 8), (16, 6), (7, 3), (26, 16), (15, 16), (6, 13), (18, 12), (34, 14), (22, 12), (27, 8), (14, 8), (5, 5), (30, 4), (8, 4), (19, 4), (28, 16), (30, 13), (17, 16), (5, 14), (33, 6), (32, 16), (24, 12), (26, 9), (25, 11), (1, 10), (16, 8), (6, 6), (21, 4), (31, 8), (34, 7), (22, 5), (27, 1), (34, 16), (12, 13), (14, 10), (17, 9), (30, 6), (19, 6), (5, 16), (9, 14), (33, 8), (1, 3), (13, 5), (24, 5), (15, 2), (1, 12), (26, 11), (13, 14), (16, 10), (31, 1), (18, 16), (7, 16), (31, 10), (20, 10), (22, 7), (3, 3), (17, 2), (22, 16), (14, 12), (4, 11), (11, 4), (33, 1), (9, 16), (33, 10), (1, 5), (24, 7), (15, 4), (24, 16), (13, 16), (25, 15), (1, 14), (16, 12), (31, 3), (34, 2), (31, 12), (34, 11), (22, 9), (20, 12), (12, 8), (3, 5), (17, 4), (14, 14), (4, 13), (32, 4), (8, 13), (33, 12), (24, 9), (1, 7), (10, 10), (15, 6), (18, 2), (1, 16), (16, 14), (34, 4), (31, 14), (12, 10), (3, 7), (14, 16), (3, 16), (32, 6), (8, 6), (33, 14), (24, 11), (1, 9), (10, 12), (18, 4), (29, 1), (16, 16), (6, 8), (20, 7), (34, 6), (31, 16), (20, 16), (23, 12), (12, 12), (4, 8), (27, 3), (27, 12), (30, 8), (8, 8), (13, 4), (33, 16), (1, 11), (10, 14), (6, 10), (20, 9), (23, 5), (12, 14), (14, 11), (4, 10), (27, 5), (32, 1), (30, 1), (27, 14), (17, 13), (30, 10), (8, 10), (1, 4), (11, 6), (2, 3), (24, 6), (10, 16), (1, 13), (16, 2), (25, 14), (6, 3), (6, 12), (20, 11), (23, 7), (4, 3), (23, 16), (12, 16), (4, 12), (27, 7), (17, 6), (30, 3), (8, 3), (27, 16), (30, 12), (8, 12), (19, 12), (11, 8), (2, 5), (16, 4), (25, 16), (15, 8), (6, 5), (31, 4), (20, 4), (29, 16), (6, 14), (21, 12), (23, 9), (14, 6), (4, 5), (4, 14), (34, 15), (27, 9), (17, 8), (30, 5), (33, 4), (9, 4), (19, 5), (30, 14), (8, 14), (10, 11), (11, 10), (25, 9), (32, 8), (2, 7), (2, 16), (15, 10), (31, 6), (7, 6), (18, 6), (21, 5), (6, 16), (12, 11), (4, 7), (34, 8), (27, 2), (28, 1), (4, 16), (27, 11), (17, 10), (19, 7), (10, 4), (9, 6), (30, 16), (19, 16), (8, 16), (10, 13), (32, 10), (13, 6), (15, 3), (15, 12), (6, 9), (7, 8), (21, 7)]",234,0,234
248,"(19, 2)","(18, 2)",East,"[((20, 2), 'East', 1)]","['(19, 2)', '(14, 2)', '(19, 5)', '(13, 12)', '(13, 12)', '(3, 10)', '(19, 12)', '(19, 11)', '(26, 2)', '(31, 4)', '(29, 6)', '(29, 10)', '(33, 16)']","['(20, 2)', '(14, 2)', '(19, 5)', '(13, 12)', '(13, 12)', '(3, 10)', '(19, 12)', '(19, 11)', '(26, 2)', '(31, 4)', '(29, 6)', '(29, 10)', '(33, 16)']","[(12, 4), (34, 1), (21, 16), (4, 9), (34, 10), (27, 4), (27, 13), (17, 12), (30, 9), (8, 9), (10, 6), (32, 12), (13, 8), (1, 15), (26, 14), (6, 11), (15, 14), (21, 9), (34, 3), (34, 12), (27, 6), (5, 3), (19, 2), (17, 14), (8, 11), (19, 11), (11, 7), (11, 16), (32, 14), (1, 8), (16, 6), (7, 3), (26, 16), (15, 16), (6, 13), (18, 12), (34, 14), (22, 12), (27, 8), (14, 8), (5, 5), (30, 4), (8, 4), (19, 4), (28, 16), (30, 13), (17, 16), (5, 14), (33, 6), (32, 16), (24, 12), (26, 9), (25, 11), (1, 10), (16, 8), (6, 6), (21, 4), (31, 8), (34, 7), (22, 5), (27, 1), (34, 16), (12, 13), (14, 10), (17, 9), (30, 6), (19, 6), (5, 16), (9, 14), (33, 8), (1, 3), (13, 5), (24, 5), (15, 2), (1, 12), (26, 11), (13, 14), (16, 10), (31, 1), (18, 16), (7, 16), (31, 10), (20, 10), (22, 7), (3, 3), (17, 2), (22, 16), (14, 12), (4, 11), (11, 4), (33, 1), (9, 16), (33, 10), (1, 5), (24, 7), (15, 4), (24, 16), (13, 16), (25, 15), (1, 14), (16, 12), (31, 3), (34, 2), (31, 12), (34, 11), (22, 9), (20, 12), (12, 8), (3, 5), (17, 4), (14, 14), (4, 13), (32, 4), (8, 13), (33, 12), (24, 9), (1, 7), (10, 10), (15, 6), (18, 2), (1, 16), (16, 14), (34, 4), (31, 14), (12, 10), (3, 7), (14, 16), (3, 16), (32, 6), (8, 6), (33, 14), (24, 11), (1, 9), (10, 12), (18, 4), (29, 1), (16, 16), (6, 8), (20, 7), (34, 6), (31, 16), (20, 16), (23, 12), (12, 12), (4, 8), (27, 3), (27, 12), (30, 8), (8, 8), (13, 4), (33, 16), (1, 11), (10, 14), (6, 10), (20, 9), (23, 5), (12, 14), (14, 11), (4, 10), (27, 5), (32, 1), (30, 1), (27, 14), (17, 13), (30, 10), (8, 10), (1, 4), (11, 6), (2, 3), (24, 6), (10, 16), (1, 13), (16, 2), (25, 14), (6, 3), (6, 12), (20, 11), (23, 7), (4, 3), (23, 16), (12, 16), (4, 12), (27, 7), (17, 6), (30, 3), (8, 3), (27, 16), (30, 12), (8, 12), (19, 12), (11, 8), (2, 5), (16, 4), (25, 16), (15, 8), (6, 5), (31, 4), (20, 4), (29, 16), (6, 14), (21, 12), (23, 9), (14, 6), (4, 5), (4, 14), (34, 15), (27, 9), (17, 8), (30, 5), (33, 4), (9, 4), (19, 5), (30, 14), (8, 14), (10, 11), (11, 10), (25, 9), (32, 8), (2, 7), (2, 16), (15, 10), (31, 6), (7, 6), (18, 6), (21, 5), (6, 16), (12, 11), (4, 7), (34, 8), (27, 2), (28, 1), (4, 16), (27, 11), (17, 10), (19, 7), (10, 4), (9, 6), (30, 16), (19, 16), (8, 16), (10, 13), (32, 10), (13, 6), (15, 3), (15, 12), (6, 9), (7, 8), (21, 7)]",235,0,235
249,"(20, 2)","(19, 2)",East,"[((21, 2), 'East', 1)]","['(20, 2)', '(14, 2)', '(19, 5)', '(13, 12)', '(13, 12)', '(3, 10)', '(19, 12)', '(19, 11)', '(26, 2)', '(31, 4)', '(29, 6)', '(29, 10)', '(33, 16)']","['(21, 2)', '(14, 2)', '(19, 5)', '(13, 12)', '(13, 12)', '(3, 10)', '(19, 12)', '(19, 11)', '(26, 2)', '(31, 4)', '(29, 6)', '(29, 10)', '(33, 16)']","[(12, 4), (34, 1), (21, 16), (4, 9), (34, 10), (27, 4), (27, 13), (17, 12), (30, 9), (8, 9), (10, 6), (32, 12), (13, 8), (1, 15), (26, 14), (6, 11), (15, 14), (21, 9), (34, 3), (34, 12), (27, 6), (5, 3), (19, 2), (17, 14), (8, 11), (19, 11), (11, 7), (11, 16), (32, 14), (1, 8), (16, 6), (7, 3), (26, 16), (15, 16), (6, 13), (18, 12), (34, 14), (22, 12), (27, 8), (14, 8), (5, 5), (30, 4), (8, 4), (19, 4), (28, 16), (30, 13), (17, 16), (5, 14), (33, 6), (32, 16), (24, 12), (26, 9), (25, 11), (1, 10), (16, 8), (6, 6), (21, 4), (31, 8), (34, 7), (22, 5), (27, 1), (34, 16), (12, 13), (14, 10), (17, 9), (30, 6), (19, 6), (5, 16), (9, 14), (33, 8), (1, 3), (13, 5), (24, 5), (15, 2), (1, 12), (26, 11), (13, 14), (16, 10), (31, 1), (18, 16), (7, 16), (31, 10), (20, 10), (22, 7), (3, 3), (17, 2), (22, 16), (14, 12), (4, 11), (11, 4), (33, 1), (9, 16), (33, 10), (1, 5), (24, 7), (15, 4), (24, 16), (13, 16), (25, 15), (1, 14), (16, 12), (31, 3), (34, 2), (31, 12), (34, 11), (22, 9), (20, 12), (12, 8), (3, 5), (17, 4), (14, 14), (4, 13), (32, 4), (8, 13), (33, 12), (24, 9), (1, 7), (10, 10), (15, 6), (18, 2), (1, 16), (16, 14), (34, 4), (31, 14), (12, 10), (3, 7), (14, 16), (3, 16), (32, 6), (8, 6), (33, 14), (24, 11), (1, 9), (10, 12), (18, 4), (29, 1), (16, 16), (6, 8), (20, 7), (34, 6), (31, 16), (20, 16), (23, 12), (12, 12), (4, 8), (27, 3), (27, 12), (30, 8), (8, 8), (13, 4), (33, 16), (1, 11), (10, 14), (6, 10), (20, 9), (23, 5), (12, 14), (14, 11), (4, 10), (27, 5), (32, 1), (30, 1), (27, 14), (17, 13), (30, 10), (8, 10), (1, 4), (11, 6), (2, 3), (24, 6), (10, 16), (1, 13), (16, 2), (25, 14), (6, 3), (20, 2), (6, 12), (20, 11), (23, 7), (4, 3), (23, 16), (12, 16), (4, 12), (27, 7), (17, 6), (30, 3), (8, 3), (27, 16), (30, 12), (8, 12), (19, 12), (11, 8), (2, 5), (16, 4), (25, 16), (15, 8), (6, 5), (31, 4), (20, 4), (29, 16), (6, 14), (21, 12), (23, 9), (14, 6), (4, 5), (4, 14), (34, 15), (27, 9), (17, 8), (30, 5), (33, 4), (9, 4), (19, 5), (30, 14), (8, 14), (10, 11), (11, 10), (25, 9), (32, 8), (2, 7), (2, 16), (15, 10), (31, 6), (7, 6), (18, 6), (21, 5), (6, 16), (12, 11), (4, 7), (34, 8), (27, 2), (28, 1), (4, 16), (27, 11), (17, 10), (19, 7), (10, 4), (9, 6), (30, 16), (19, 16), (8, 16), (10, 13), (32, 10), (13, 6), (15, 3), (15, 12), (6, 9), (7, 8), (21, 7)]",236,0,236
250,"(21, 2)","(20, 2)",East,"[((22, 2), 'East', 1)]","['(21, 2)', '(14, 2)', '(19, 5)', '(13, 12)', '(13, 12)', '(3, 10)', '(19, 12)', '(19, 11)', '(26, 2)', '(31, 4)', '(29, 6)', '(29, 10)', '(33, 16)']","['(22, 2)', '(14, 2)', '(19, 5)', '(13, 12)', '(13, 12)', '(3, 10)', '(19, 12)', '(19, 11)', '(26, 2)', '(31, 4)', '(29, 6)', '(29, 10)', '(33, 16)']","[(12, 4), (34, 1), (21, 16), (4, 9), (34, 10), (27, 4), (27, 13), (17, 12), (30, 9), (8, 9), (10, 6), (32, 12), (13, 8), (1, 15), (26, 14), (6, 11), (15, 14), (21, 9), (34, 3), (34, 12), (27, 6), (5, 3), (19, 2), (17, 14), (8, 11), (19, 11), (11, 7), (11, 16), (32, 14), (1, 8), (16, 6), (7, 3), (21, 2), (26, 16), (15, 16), (6, 13), (18, 12), (34, 14), (22, 12), (27, 8), (14, 8), (5, 5), (30, 4), (8, 4), (19, 4), (28, 16), (30, 13), (17, 16), (5, 14), (33, 6), (32, 16), (24, 12), (26, 9), (25, 11), (1, 10), (16, 8), (6, 6), (21, 4), (31, 8), (34, 7), (22, 5), (27, 1), (34, 16), (12, 13), (14, 10), (17, 9), (30, 6), (19, 6), (5, 16), (9, 14), (33, 8), (1, 3), (13, 5), (24, 5), (15, 2), (1, 12), (26, 11), (13, 14), (16, 10), (31, 1), (18, 16), (7, 16), (31, 10), (20, 10), (22, 7), (3, 3), (17, 2), (22, 16), (14, 12), (4, 11), (11, 4), (33, 1), (9, 16), (33, 10), (1, 5), (24, 7), (15, 4), (24, 16), (13, 16), (25, 15), (1, 14), (16, 12), (31, 3), (34, 2), (31, 12), (34, 11), (22, 9), (20, 12), (12, 8), (3, 5), (17, 4), (14, 14), (4, 13), (32, 4), (8, 13), (33, 12), (24, 9), (1, 7), (10, 10), (15, 6), (18, 2), (1, 16), (16, 14), (34, 4), (31, 14), (12, 10), (3, 7), (14, 16), (3, 16), (32, 6), (8, 6), (33, 14), (24, 11), (1, 9), (10, 12), (18, 4), (29, 1), (16, 16), (6, 8), (20, 7), (34, 6), (31, 16), (20, 16), (23, 12), (12, 12), (4, 8), (27, 3), (27, 12), (30, 8), (8, 8), (13, 4), (33, 16), (1, 11), (10, 14), (6, 10), (20, 9), (23, 5), (12, 14), (14, 11), (4, 10), (27, 5), (32, 1), (30, 1), (27, 14), (17, 13), (30, 10), (8, 10), (1, 4), (11, 6), (2, 3), (24, 6), (10, 16), (1, 13), (16, 2), (25, 14), (6, 3), (20, 2), (6, 12), (20, 11), (23, 7), (4, 3), (23, 16), (12, 16), (4, 12), (27, 7), (17, 6), (30, 3), (8, 3), (27, 16), (30, 12), (8, 12), (19, 12), (11, 8), (2, 5), (16, 4), (25, 16), (15, 8), (6, 5), (31, 4), (20, 4), (29, 16), (6, 14), (21, 12), (23, 9), (14, 6), (4, 5), (4, 14), (34, 15), (27, 9), (17, 8), (30, 5), (33, 4), (9, 4), (19, 5), (30, 14), (8, 14), (10, 11), (11, 10), (25, 9), (32, 8), (2, 7), (2, 16), (15, 10), (31, 6), (7, 6), (18, 6), (21, 5), (6, 16), (12, 11), (4, 7), (34, 8), (27, 2), (28, 1), (4, 16), (27, 11), (17, 10), (19, 7), (10, 4), (9, 6), (30, 16), (19, 16), (8, 16), (10, 13), (32, 10), (13, 6), (15, 3), (15, 12), (6, 9), (7, 8), (21, 7)]",237,0,237
251,"(22, 2)","(21, 2)",East,"[((23, 2), 'East', 1)]","['(22, 2)', '(14, 2)', '(19, 5)', '(13, 12)', '(13, 12)', '(3, 10)', '(19, 12)', '(19, 11)', '(26, 2)', '(31, 4)', '(29, 6)', '(29, 10)', '(33, 16)']","['(23, 2)', '(14, 2)', '(19, 5)', '(13, 12)', '(13, 12)', '(3, 10)', '(19, 12)', '(19, 11)', '(26, 2)', '(31, 4)', '(29, 6)', '(29, 10)', '(33, 16)']","[(12, 4), (34, 1), (21, 16), (4, 9), (34, 10), (27, 4), (27, 13), (17, 12), (30, 9), (8, 9), (10, 6), (32, 12), (13, 8), (1, 15), (26, 14), (6, 11), (15, 14), (21, 9), (34, 3), (34, 12), (27, 6), (5, 3), (19, 2), (17, 14), (8, 11), (19, 11), (11, 7), (11, 16), (32, 14), (1, 8), (16, 6), (7, 3), (21, 2), (26, 16), (15, 16), (6, 13), (18, 12), (34, 14), (22, 12), (27, 8), (14, 8), (5, 5), (30, 4), (8, 4), (19, 4), (28, 16), (30, 13), (17, 16), (5, 14), (33, 6), (32, 16), (24, 12), (26, 9), (25, 11), (1, 10), (16, 8), (6, 6), (21, 4), (31, 8), (34, 7), (22, 5), (27, 1), (34, 16), (12, 13), (14, 10), (17, 9), (30, 6), (19, 6), (5, 16), (9, 14), (33, 8), (1, 3), (13, 5), (24, 5), (15, 2), (1, 12), (26, 11), (13, 14), (16, 10), (31, 1), (18, 16), (7, 16), (31, 10), (20, 10), (22, 7), (3, 3), (17, 2), (22, 16), (14, 12), (4, 11), (11, 4), (33, 1), (9, 16), (33, 10), (1, 5), (24, 7), (15, 4), (24, 16), (13, 16), (25, 15), (1, 14), (16, 12), (31, 3), (34, 2), (31, 12), (34, 11), (22, 9), (20, 12), (12, 8), (3, 5), (17, 4), (14, 14), (4, 13), (32, 4), (8, 13), (33, 12), (24, 9), (1, 7), (10, 10), (15, 6), (18, 2), (1, 16), (16, 14), (34, 4), (22, 2), (31, 14), (12, 10), (3, 7), (14, 16), (3, 16), (32, 6), (8, 6), (33, 14), (24, 11), (1, 9), (10, 12), (18, 4), (29, 1), (16, 16), (6, 8), (20, 7), (34, 6), (31, 16), (20, 16), (23, 12), (12, 12), (4, 8), (27, 3), (27, 12), (30, 8), (8, 8), (13, 4), (33, 16), (1, 11), (10, 14), (6, 10), (20, 9), (23, 5), (12, 14), (14, 11), (4, 10), (27, 5), (32, 1), (30, 1), (27, 14), (17, 13), (30, 10), (8, 10), (1, 4), (11, 6), (2, 3), (24, 6), (10, 16), (1, 13), (16, 2), (25, 14), (6, 3), (20, 2), (6, 12), (20, 11), (23, 7), (4, 3), (23, 16), (12, 16), (4, 12), (27, 7), (17, 6), (30, 3), (8, 3), (27, 16), (30, 12), (8, 12), (19, 12), (11, 8), (2, 5), (16, 4), (25, 16), (15, 8), (6, 5), (31, 4), (20, 4), (29, 16), (6, 14), (21, 12), (23, 9), (14, 6), (4, 5), (4, 14), (34, 15), (27, 9), (17, 8), (30, 5), (33, 4), (9, 4), (19, 5), (30, 14), (8, 14), (10, 11), (11, 10), (25, 9), (32, 8), (2, 7), (2, 16), (15, 10), (31, 6), (7, 6), (18, 6), (21, 5), (6, 16), (12, 11), (4, 7), (34, 8), (27, 2), (28, 1), (4, 16), (27, 11), (17, 10), (19, 7), (10, 4), (9, 6), (30, 16), (19, 16), (8, 16), (10, 13), (32, 10), (13, 6), (15, 3), (15, 12), (6, 9), (7, 8), (21, 7)]",238,0,238
252,"(23, 2)","(22, 2)",East,"[((24, 2), 'East', 1)]","['(23, 2)', '(14, 2)', '(19, 5)', '(13, 12)', '(13, 12)', '(3, 10)', '(19, 12)', '(19, 11)', '(26, 2)', '(31, 4)', '(29, 6)', '(29, 10)', '(33, 16)']","['(24, 2)', '(14, 2)', '(19, 5)', '(13, 12)', '(13, 12)', '(3, 10)', '(19, 12)', '(19, 11)', '(26, 2)', '(31, 4)', '(29, 6)', '(29, 10)', '(33, 16)']","[(12, 4), (34, 1), (21, 16), (4, 9), (34, 10), (27, 4), (27, 13), (17, 12), (30, 9), (8, 9), (10, 6), (32, 12), (13, 8), (1, 15), (26, 14), (6, 11), (15, 14), (21, 9), (34, 3), (34, 12), (27, 6), (5, 3), (19, 2), (17, 14), (8, 11), (19, 11), (11, 7), (11, 16), (32, 14), (1, 8), (16, 6), (7, 3), (21, 2), (26, 16), (15, 16), (6, 13), (18, 12), (34, 14), (22, 12), (27, 8), (14, 8), (5, 5), (30, 4), (8, 4), (19, 4), (28, 16), (30, 13), (17, 16), (5, 14), (33, 6), (32, 16), (24, 12), (26, 9), (25, 11), (1, 10), (16, 8), (6, 6), (21, 4), (31, 8), (34, 7), (22, 5), (27, 1), (34, 16), (12, 13), (14, 10), (17, 9), (30, 6), (19, 6), (5, 16), (9, 14), (33, 8), (1, 3), (13, 5), (24, 5), (15, 2), (1, 12), (26, 11), (13, 14), (16, 10), (31, 1), (18, 16), (7, 16), (31, 10), (20, 10), (22, 7), (3, 3), (17, 2), (22, 16), (14, 12), (4, 11), (11, 4), (33, 1), (9, 16), (33, 10), (1, 5), (24, 7), (15, 4), (24, 16), (13, 16), (25, 15), (1, 14), (16, 12), (31, 3), (34, 2), (31, 12), (34, 11), (22, 9), (20, 12), (12, 8), (3, 5), (17, 4), (14, 14), (4, 13), (32, 4), (8, 13), (33, 12), (24, 9), (1, 7), (10, 10), (15, 6), (18, 2), (1, 16), (16, 14), (34, 4), (22, 2), (31, 14), (12, 10), (3, 7), (14, 16), (3, 16), (32, 6), (8, 6), (33, 14), (24, 11), (1, 9), (10, 12), (18, 4), (29, 1), (16, 16), (6, 8), (20, 7), (34, 6), (31, 16), (20, 16), (23, 12), (12, 12), (4, 8), (27, 3), (27, 12), (30, 8), (8, 8), (13, 4), (33, 16), (1, 11), (10, 14), (6, 10), (20, 9), (23, 5), (12, 14), (14, 11), (4, 10), (27, 5), (32, 1), (30, 1), (27, 14), (17, 13), (30, 10), (8, 10), (1, 4), (11, 6), (2, 3), (24, 6), (10, 16), (1, 13), (16, 2), (25, 14), (6, 3), (20, 2), (6, 12), (20, 11), (23, 7), (4, 3), (23, 16), (12, 16), (4, 12), (27, 7), (17, 6), (30, 3), (8, 3), (27, 16), (30, 12), (8, 12), (19, 12), (11, 8), (2, 5), (16, 4), (25, 16), (15, 8), (6, 5), (31, 4), (20, 4), (29, 16), (6, 14), (21, 12), (23, 9), (14, 6), (4, 5), (4, 14), (34, 15), (27, 9), (17, 8), (30, 5), (33, 4), (9, 4), (19, 5), (30, 14), (8, 14), (10, 11), (11, 10), (25, 9), (32, 8), (2, 7), (2, 16), (15, 10), (31, 6), (7, 6), (18, 6), (21, 5), (6, 16), (23, 2), (12, 11), (4, 7), (34, 8), (27, 2), (28, 1), (4, 16), (27, 11), (17, 10), (19, 7), (10, 4), (9, 6), (30, 16), (19, 16), (8, 16), (10, 13), (32, 10), (13, 6), (15, 3), (15, 12), (6, 9), (7, 8), (21, 7)]",239,0,239
253,"(24, 2)","(23, 2)",East,"[((25, 2), 'East', 1)]","['(24, 2)', '(14, 2)', '(19, 5)', '(13, 12)', '(13, 12)', '(3, 10)', '(19, 12)', '(19, 11)', '(26, 2)', '(31, 4)', '(29, 6)', '(29, 10)', '(33, 16)']","['(25, 2)', '(14, 2)', '(19, 5)', '(13, 12)', '(13, 12)', '(3, 10)', '(19, 12)', '(19, 11)', '(26, 2)', '(31, 4)', '(29, 6)', '(29, 10)', '(33, 16)']","[(12, 4), (34, 1), (21, 16), (4, 9), (34, 10), (27, 4), (27, 13), (17, 12), (30, 9), (8, 9), (10, 6), (32, 12), (13, 8), (1, 15), (26, 14), (6, 11), (15, 14), (21, 9), (34, 3), (34, 12), (27, 6), (5, 3), (19, 2), (17, 14), (8, 11), (19, 11), (11, 7), (11, 16), (32, 14), (1, 8), (16, 6), (7, 3), (21, 2), (26, 16), (15, 16), (6, 13), (18, 12), (34, 14), (22, 12), (27, 8), (14, 8), (5, 5), (30, 4), (8, 4), (19, 4), (28, 16), (30, 13), (17, 16), (5, 14), (33, 6), (32, 16), (24, 12), (26, 9), (25, 11), (1, 10), (16, 8), (6, 6), (21, 4), (31, 8), (34, 7), (22, 5), (27, 1), (34, 16), (12, 13), (14, 10), (17, 9), (30, 6), (19, 6), (5, 16), (9, 14), (33, 8), (1, 3), (13, 5), (24, 5), (15, 2), (1, 12), (26, 11), (13, 14), (16, 10), (31, 1), (18, 16), (7, 16), (31, 10), (20, 10), (22, 7), (3, 3), (17, 2), (22, 16), (14, 12), (4, 11), (11, 4), (33, 1), (9, 16), (33, 10), (1, 5), (24, 7), (15, 4), (24, 16), (13, 16), (25, 15), (1, 14), (16, 12), (31, 3), (34, 2), (31, 12), (34, 11), (22, 9), (20, 12), (12, 8), (3, 5), (17, 4), (14, 14), (4, 13), (32, 4), (8, 13), (33, 12), (24, 9), (1, 7), (10, 10), (15, 6), (18, 2), (1, 16), (16, 14), (34, 4), (22, 2), (31, 14), (12, 10), (3, 7), (14, 16), (3, 16), (32, 6), (8, 6), (24, 2), (33, 14), (24, 11), (1, 9), (10, 12), (18, 4), (29, 1), (16, 16), (6, 8), (20, 7), (34, 6), (31, 16), (20, 16), (23, 12), (12, 12), (4, 8), (27, 3), (27, 12), (30, 8), (8, 8), (13, 4), (33, 16), (1, 11), (10, 14), (6, 10), (20, 9), (23, 5), (12, 14), (14, 11), (4, 10), (27, 5), (32, 1), (30, 1), (27, 14), (17, 13), (30, 10), (8, 10), (1, 4), (11, 6), (2, 3), (24, 6), (10, 16), (1, 13), (16, 2), (25, 14), (6, 3), (20, 2), (6, 12), (20, 11), (23, 7), (4, 3), (23, 16), (12, 16), (4, 12), (27, 7), (17, 6), (30, 3), (8, 3), (27, 16), (30, 12), (8, 12), (19, 12), (11, 8), (2, 5), (16, 4), (25, 16), (15, 8), (6, 5), (31, 4), (20, 4), (29, 16), (6, 14), (21, 12), (23, 9), (14, 6), (4, 5), (4, 14), (34, 15), (27, 9), (17, 8), (30, 5), (33, 4), (9, 4), (19, 5), (30, 14), (8, 14), (10, 11), (11, 10), (25, 9), (32, 8), (2, 7), (2, 16), (15, 10), (31, 6), (7, 6), (18, 6), (21, 5), (6, 16), (23, 2), (12, 11), (4, 7), (34, 8), (27, 2), (28, 1), (4, 16), (27, 11), (17, 10), (19, 7), (10, 4), (9, 6), (30, 16), (19, 16), (8, 16), (10, 13), (32, 10), (13, 6), (15, 3), (15, 12), (6, 9), (7, 8), (21, 7)]",240,0,240
254,"(25, 2)","(24, 2)",East,"[((26, 2), 'East', 1)]","['(25, 2)', '(14, 2)', '(19, 5)', '(13, 12)', '(13, 12)', '(3, 10)', '(19, 12)', '(19, 11)', '(26, 2)', '(31, 4)', '(29, 6)', '(29, 10)', '(33, 16)']","['(26, 2)', '(14, 2)', '(19, 5)', '(13, 12)', '(13, 12)', '(3, 10)', '(19, 12)', '(19, 11)', '(26, 2)', '(31, 4)', '(29, 6)', '(29, 10)', '(33, 16)']","[(12, 4), (34, 1), (21, 16), (4, 9), (34, 10), (27, 4), (27, 13), (17, 12), (30, 9), (8, 9), (10, 6), (32, 12), (13, 8), (1, 15), (26, 14), (6, 11), (15, 14), (21, 9), (34, 3), (34, 12), (27, 6), (5, 3), (19, 2), (17, 14), (8, 11), (19, 11), (11, 7), (11, 16), (32, 14), (1, 8), (16, 6), (7, 3), (21, 2), (26, 16), (15, 16), (6, 13), (18, 12), (34, 14), (22, 12), (27, 8), (14, 8), (5, 5), (30, 4), (8, 4), (19, 4), (28, 16), (30, 13), (17, 16), (5, 14), (33, 6), (32, 16), (24, 12), (26, 9), (25, 11), (1, 10), (16, 8), (6, 6), (21, 4), (31, 8), (34, 7), (22, 5), (27, 1), (34, 16), (12, 13), (14, 10), (17, 9), (30, 6), (19, 6), (5, 16), (9, 14), (33, 8), (1, 3), (13, 5), (24, 5), (15, 2), (1, 12), (26, 11), (13, 14), (16, 10), (31, 1), (18, 16), (7, 16), (31, 10), (20, 10), (22, 7), (3, 3), (17, 2), (22, 16), (14, 12), (4, 11), (11, 4), (33, 1), (9, 16), (33, 10), (1, 5), (24, 7), (15, 4), (24, 16), (13, 16), (25, 15), (1, 14), (16, 12), (31, 3), (34, 2), (31, 12), (34, 11), (22, 9), (20, 12), (12, 8), (3, 5), (17, 4), (14, 14), (4, 13), (32, 4), (8, 13), (33, 12), (24, 9), (1, 7), (10, 10), (15, 6), (18, 2), (1, 16), (16, 14), (34, 4), (22, 2), (31, 14), (12, 10), (3, 7), (14, 16), (3, 16), (32, 6), (8, 6), (24, 2), (33, 14), (24, 11), (1, 9), (10, 12), (18, 4), (29, 1), (16, 16), (6, 8), (20, 7), (34, 6), (31, 16), (20, 16), (23, 12), (12, 12), (4, 8), (27, 3), (27, 12), (30, 8), (8, 8), (13, 4), (33, 16), (1, 11), (10, 14), (6, 10), (20, 9), (23, 5), (12, 14), (14, 11), (4, 10), (27, 5), (32, 1), (30, 1), (27, 14), (17, 13), (30, 10), (8, 10), (1, 4), (11, 6), (2, 3), (24, 6), (10, 16), (1, 13), (16, 2), (25, 14), (6, 3), (20, 2), (6, 12), (20, 11), (23, 7), (4, 3), (23, 16), (12, 16), (4, 12), (27, 7), (17, 6), (30, 3), (8, 3), (27, 16), (30, 12), (8, 12), (19, 12), (11, 8), (2, 5), (16, 4), (25, 16), (15, 8), (6, 5), (31, 4), (20, 4), (29, 16), (6, 14), (21, 12), (23, 9), (14, 6), (4, 5), (4, 14), (34, 15), (27, 9), (17, 8), (30, 5), (33, 4), (9, 4), (19, 5), (30, 14), (8, 14), (10, 11), (11, 10), (25, 9), (32, 8), (2, 7), (2, 16), (15, 10), (31, 6), (7, 6), (18, 6), (21, 5), (6, 16), (23, 2), (12, 11), (4, 7), (34, 8), (27, 2), (28, 1), (4, 16), (27, 11), (17, 10), (19, 7), (10, 4), (9, 6), (25, 2), (30, 16), (19, 16), (8, 16), (10, 13), (32, 10), (13, 6), (15, 3), (15, 12), (6, 9), (7, 8), (21, 7)]",241,0,241
255,"(26, 2)","(25, 2)",East,[],"['(26, 2)', '(14, 2)', '(19, 5)', '(13, 12)', '(13, 12)', '(3, 10)', '(19, 12)', '(19, 11)', '(26, 2)', '(31, 4)', '(29, 6)', '(29, 10)', '(33, 16)']","['(14, 2)', '(19, 5)', '(13, 12)', '(13, 12)', '(3, 10)', '(19, 12)', '(19, 11)', '(26, 2)', '(31, 4)', '(29, 6)', '(29, 10)', '(33, 16)']","[(12, 4), (34, 1), (21, 16), (4, 9), (34, 10), (27, 4), (27, 13), (17, 12), (30, 9), (8, 9), (10, 6), (32, 12), (13, 8), (1, 15), (26, 14), (6, 11), (15, 14), (21, 9), (34, 3), (34, 12), (27, 6), (5, 3), (19, 2), (17, 14), (8, 11), (19, 11), (11, 7), (11, 16), (32, 14), (1, 8), (16, 6), (7, 3), (21, 2), (26, 16), (15, 16), (6, 13), (18, 12), (34, 14), (22, 12), (27, 8), (14, 8), (5, 5), (30, 4), (8, 4), (19, 4), (28, 16), (30, 13), (17, 16), (5, 14), (33, 6), (32, 16), (24, 12), (26, 9), (25, 11), (1, 10), (16, 8), (6, 6), (21, 4), (31, 8), (34, 7), (22, 5), (27, 1), (34, 16), (12, 13), (14, 10), (17, 9), (30, 6), (19, 6), (5, 16), (9, 14), (33, 8), (1, 3), (13, 5), (24, 5), (15, 2), (26, 2), (1, 12), (26, 11), (13, 14), (16, 10), (31, 1), (18, 16), (7, 16), (31, 10), (20, 10), (22, 7), (3, 3), (17, 2), (22, 16), (14, 12), (4, 11), (11, 4), (33, 1), (9, 16), (33, 10), (1, 5), (24, 7), (15, 4), (24, 16), (13, 16), (25, 15), (1, 14), (16, 12), (31, 3), (34, 2), (31, 12), (34, 11), (22, 9), (20, 12), (12, 8), (3, 5), (17, 4), (14, 14), (4, 13), (32, 4), (8, 13), (33, 12), (24, 9), (1, 7), (10, 10), (15, 6), (18, 2), (1, 16), (16, 14), (34, 4), (22, 2), (31, 14), (12, 10), (3, 7), (14, 16), (3, 16), (32, 6), (8, 6), (24, 2), (33, 14), (24, 11), (1, 9), (10, 12), (18, 4), (29, 1), (16, 16), (6, 8), (20, 7), (34, 6), (31, 16), (20, 16), (23, 12), (12, 12), (4, 8), (27, 3), (27, 12), (30, 8), (8, 8), (13, 4), (33, 16), (1, 11), (10, 14), (6, 10), (20, 9), (23, 5), (12, 14), (14, 11), (4, 10), (27, 5), (32, 1), (30, 1), (27, 14), (17, 13), (30, 10), (8, 10), (1, 4), (11, 6), (2, 3), (24, 6), (10, 16), (1, 13), (16, 2), (25, 14), (6, 3), (20, 2), (6, 12), (20, 11), (23, 7), (4, 3), (23, 16), (12, 16), (4, 12), (27, 7), (17, 6), (30, 3), (8, 3), (27, 16), (30, 12), (8, 12), (19, 12), (11, 8), (2, 5), (16, 4), (25, 16), (15, 8), (6, 5), (31, 4), (20, 4), (29, 16), (6, 14), (21, 12), (23, 9), (14, 6), (4, 5), (4, 14), (34, 15), (27, 9), (17, 8), (30, 5), (33, 4), (9, 4), (19, 5), (30, 14), (8, 14), (10, 11), (11, 10), (25, 9), (32, 8), (2, 7), (2, 16), (15, 10), (31, 6), (7, 6), (18, 6), (21, 5), (6, 16), (23, 2), (12, 11), (4, 7), (34, 8), (27, 2), (28, 1), (4, 16), (27, 11), (17, 10), (19, 7), (10, 4), (9, 6), (25, 2), (30, 16), (19, 16), (8, 16), (10, 13), (32, 10), (13, 6), (15, 3), (15, 12), (6, 9), (7, 8), (21, 7)]",242,0,242
256,"(14, 2)","(15, 2)",West,"[((13, 2), 'West', 1)]","['(14, 2)', '(19, 5)', '(13, 12)', '(13, 12)', '(3, 10)', '(19, 12)', '(19, 11)', '(26, 2)', '(31, 4)', '(29, 6)', '(29, 10)', '(33, 16)']","['(13, 2)', '(19, 5)', '(13, 12)', '(13, 12)', '(3, 10)', '(19, 12)', '(19, 11)', '(26, 2)', '(31, 4)', '(29, 6)', '(29, 10)', '(33, 16)']","[(12, 4), (34, 1), (21, 16), (4, 9), (34, 10), (27, 4), (27, 13), (17, 12), (30, 9), (8, 9), (10, 6), (32, 12), (13, 8), (1, 15), (26, 14), (6, 11), (15, 14), (21, 9), (34, 3), (34, 12), (27, 6), (5, 3), (19, 2), (17, 14), (8, 11), (19, 11), (11, 7), (11, 16), (32, 14), (1, 8), (16, 6), (7, 3), (21, 2), (26, 16), (15, 16), (6, 13), (18, 12), (34, 14), (22, 12), (27, 8), (14, 8), (5, 5), (30, 4), (8, 4), (19, 4), (28, 16), (30, 13), (17, 16), (5, 14), (33, 6), (32, 16), (24, 12), (26, 9), (25, 11), (1, 10), (16, 8), (6, 6), (21, 4), (31, 8), (34, 7), (22, 5), (27, 1), (34, 16), (12, 13), (14, 10), (17, 9), (30, 6), (19, 6), (5, 16), (9, 14), (33, 8), (1, 3), (13, 5), (24, 5), (15, 2), (26, 2), (1, 12), (26, 11), (13, 14), (16, 10), (31, 1), (18, 16), (7, 16), (31, 10), (20, 10), (22, 7), (3, 3), (17, 2), (22, 16), (14, 12), (4, 11), (11, 4), (33, 1), (9, 16), (33, 10), (1, 5), (24, 7), (15, 4), (24, 16), (13, 16), (25, 15), (1, 14), (16, 12), (31, 3), (34, 2), (31, 12), (34, 11), (22, 9), (20, 12), (12, 8), (3, 5), (17, 4), (14, 14), (4, 13), (32, 4), (8, 13), (33, 12), (24, 9), (1, 7), (10, 10), (15, 6), (18, 2), (1, 16), (16, 14), (34, 4), (22, 2), (31, 14), (12, 10), (3, 7), (14, 16), (3, 16), (32, 6), (8, 6), (24, 2), (33, 14), (24, 11), (1, 9), (10, 12), (18, 4), (29, 1), (16, 16), (6, 8), (20, 7), (34, 6), (31, 16), (20, 16), (23, 12), (12, 12), (4, 8), (27, 3), (27, 12), (30, 8), (8, 8), (13, 4), (33, 16), (1, 11), (10, 14), (6, 10), (20, 9), (23, 5), (14, 2), (12, 14), (14, 11), (4, 10), (27, 5), (32, 1), (30, 1), (27, 14), (17, 13), (30, 10), (8, 10), (1, 4), (11, 6), (2, 3), (24, 6), (10, 16), (1, 13), (16, 2), (25, 14), (6, 3), (20, 2), (6, 12), (20, 11), (23, 7), (4, 3), (23, 16), (12, 16), (4, 12), (27, 7), (17, 6), (30, 3), (8, 3), (27, 16), (30, 12), (8, 12), (19, 12), (11, 8), (2, 5), (16, 4), (25, 16), (15, 8), (6, 5), (31, 4), (20, 4), (29, 16), (6, 14), (21, 12), (23, 9), (14, 6), (4, 5), (4, 14), (34, 15), (27, 9), (17, 8), (30, 5), (33, 4), (9, 4), (19, 5), (30, 14), (8, 14), (10, 11), (11, 10), (25, 9), (32, 8), (2, 7), (2, 16), (15, 10), (31, 6), (7, 6), (18, 6), (21, 5), (6, 16), (23, 2), (12, 11), (4, 7), (34, 8), (27, 2), (28, 1), (4, 16), (27, 11), (17, 10), (19, 7), (10, 4), (9, 6), (25, 2), (30, 16), (19, 16), (8, 16), (10, 13), (32, 10), (13, 6), (15, 3), (15, 12), (6, 9), (7, 8), (21, 7)]",232,0,232
257,"(13, 2)","(14, 2)",West,"[((12, 2), 'West', 1)]","['(13, 2)', '(19, 5)', '(13, 12)', '(13, 12)', '(3, 10)', '(19, 12)', '(19, 11)', '(26, 2)', '(31, 4)', '(29, 6)', '(29, 10)', '(33, 16)']","['(12, 2)', '(19, 5)', '(13, 12)', '(13, 12)', '(3, 10)', '(19, 12)', '(19, 11)', '(26, 2)', '(31, 4)', '(29, 6)', '(29, 10)', '(33, 16)']","[(12, 4), (34, 1), (21, 16), (4, 9), (34, 10), (27, 4), (27, 13), (17, 12), (30, 9), (8, 9), (10, 6), (32, 12), (13, 8), (1, 15), (26, 14), (6, 11), (15, 14), (21, 9), (34, 3), (34, 12), (27, 6), (5, 3), (19, 2), (17, 14), (8, 11), (19, 11), (11, 7), (11, 16), (32, 14), (1, 8), (16, 6), (7, 3), (21, 2), (26, 16), (15, 16), (6, 13), (18, 12), (34, 14), (22, 12), (27, 8), (14, 8), (5, 5), (30, 4), (8, 4), (19, 4), (28, 16), (30, 13), (17, 16), (5, 14), (33, 6), (32, 16), (24, 12), (26, 9), (25, 11), (1, 10), (16, 8), (6, 6), (21, 4), (31, 8), (34, 7), (22, 5), (27, 1), (34, 16), (12, 13), (14, 10), (17, 9), (30, 6), (19, 6), (5, 16), (9, 14), (33, 8), (1, 3), (13, 5), (24, 5), (15, 2), (26, 2), (1, 12), (26, 11), (13, 14), (16, 10), (31, 1), (18, 16), (7, 16), (31, 10), (20, 10), (22, 7), (3, 3), (17, 2), (22, 16), (14, 12), (4, 11), (11, 4), (33, 1), (9, 16), (33, 10), (1, 5), (24, 7), (15, 4), (24, 16), (13, 16), (25, 15), (1, 14), (16, 12), (31, 3), (34, 2), (31, 12), (34, 11), (22, 9), (20, 12), (12, 8), (3, 5), (17, 4), (14, 14), (4, 13), (32, 4), (8, 13), (33, 12), (24, 9), (1, 7), (10, 10), (15, 6), (18, 2), (1, 16), (16, 14), (34, 4), (22, 2), (31, 14), (12, 10), (3, 7), (14, 16), (3, 16), (32, 6), (8, 6), (24, 2), (13, 2), (33, 14), (24, 11), (1, 9), (10, 12), (18, 4), (29, 1), (16, 16), (6, 8), (20, 7), (34, 6), (31, 16), (20, 16), (23, 12), (12, 12), (4, 8), (27, 3), (27, 12), (30, 8), (8, 8), (13, 4), (33, 16), (1, 11), (10, 14), (6, 10), (20, 9), (23, 5), (14, 2), (12, 14), (14, 11), (4, 10), (27, 5), (32, 1), (30, 1), (27, 14), (17, 13), (30, 10), (8, 10), (1, 4), (11, 6), (2, 3), (24, 6), (10, 16), (1, 13), (16, 2), (25, 14), (6, 3), (20, 2), (6, 12), (20, 11), (23, 7), (4, 3), (23, 16), (12, 16), (4, 12), (27, 7), (17, 6), (30, 3), (8, 3), (27, 16), (30, 12), (8, 12), (19, 12), (11, 8), (2, 5), (16, 4), (25, 16), (15, 8), (6, 5), (31, 4), (20, 4), (29, 16), (6, 14), (21, 12), (23, 9), (14, 6), (4, 5), (4, 14), (34, 15), (27, 9), (17, 8), (30, 5), (33, 4), (9, 4), (19, 5), (30, 14), (8, 14), (10, 11), (11, 10), (25, 9), (32, 8), (2, 7), (2, 16), (15, 10), (31, 6), (7, 6), (18, 6), (21, 5), (6, 16), (23, 2), (12, 11), (4, 7), (34, 8), (27, 2), (28, 1), (4, 16), (27, 11), (17, 10), (19, 7), (10, 4), (9, 6), (25, 2), (30, 16), (19, 16), (8, 16), (10, 13), (32, 10), (13, 6), (15, 3), (15, 12), (6, 9), (7, 8), (21, 7)]",233,0,233
258,"(12, 2)","(13, 2)",West,"[((11, 2), 'West', 1)]","['(12, 2)', '(19, 5)', '(13, 12)', '(13, 12)', '(3, 10)', '(19, 12)', '(19, 11)', '(26, 2)', '(31, 4)', '(29, 6)', '(29, 10)', '(33, 16)']","['(11, 2)', '(19, 5)', '(13, 12)', '(13, 12)', '(3, 10)', '(19, 12)', '(19, 11)', '(26, 2)', '(31, 4)', '(29, 6)', '(29, 10)', '(33, 16)']","[(12, 4), (34, 1), (21, 16), (4, 9), (34, 10), (27, 4), (27, 13), (17, 12), (30, 9), (8, 9), (10, 6), (32, 12), (13, 8), (1, 15), (26, 14), (6, 11), (15, 14), (21, 9), (34, 3), (34, 12), (27, 6), (5, 3), (19, 2), (17, 14), (8, 11), (19, 11), (11, 7), (11, 16), (32, 14), (1, 8), (16, 6), (7, 3), (21, 2), (26, 16), (15, 16), (6, 13), (18, 12), (34, 14), (22, 12), (27, 8), (14, 8), (5, 5), (30, 4), (8, 4), (19, 4), (28, 16), (30, 13), (17, 16), (5, 14), (33, 6), (32, 16), (24, 12), (26, 9), (25, 11), (1, 10), (16, 8), (6, 6), (21, 4), (31, 8), (34, 7), (22, 5), (27, 1), (34, 16), (12, 13), (14, 10), (17, 9), (30, 6), (19, 6), (5, 16), (9, 14), (33, 8), (1, 3), (13, 5), (24, 5), (15, 2), (26, 2), (1, 12), (26, 11), (13, 14), (16, 10), (31, 1), (18, 16), (7, 16), (31, 10), (20, 10), (22, 7), (3, 3), (17, 2), (22, 16), (14, 12), (4, 11), (11, 4), (33, 1), (9, 16), (33, 10), (1, 5), (24, 7), (15, 4), (24, 16), (13, 16), (25, 15), (1, 14), (16, 12), (31, 3), (34, 2), (31, 12), (34, 11), (22, 9), (20, 12), (12, 8), (3, 5), (17, 4), (14, 14), (4, 13), (32, 4), (8, 13), (33, 12), (24, 9), (1, 7), (10, 10), (15, 6), (18, 2), (1, 16), (16, 14), (34, 4), (22, 2), (31, 14), (12, 10), (3, 7), (14, 16), (3, 16), (32, 6), (8, 6), (24, 2), (13, 2), (33, 14), (24, 11), (1, 9), (10, 12), (18, 4), (29, 1), (16, 16), (6, 8), (20, 7), (34, 6), (31, 16), (20, 16), (23, 12), (12, 12), (4, 8), (27, 3), (27, 12), (30, 8), (8, 8), (13, 4), (33, 16), (1, 11), (10, 14), (6, 10), (20, 9), (23, 5), (14, 2), (12, 14), (14, 11), (4, 10), (27, 5), (32, 1), (30, 1), (27, 14), (17, 13), (30, 10), (8, 10), (1, 4), (11, 6), (2, 3), (24, 6), (10, 16), (1, 13), (16, 2), (25, 14), (6, 3), (20, 2), (6, 12), (20, 11), (23, 7), (4, 3), (23, 16), (12, 16), (4, 12), (27, 7), (17, 6), (30, 3), (8, 3), (27, 16), (30, 12), (8, 12), (19, 12), (11, 8), (2, 5), (16, 4), (25, 16), (15, 8), (6, 5), (31, 4), (20, 4), (29, 16), (6, 14), (21, 12), (23, 9), (14, 6), (4, 5), (4, 14), (34, 15), (27, 9), (17, 8), (30, 5), (33, 4), (9, 4), (19, 5), (30, 14), (8, 14), (10, 11), (11, 10), (25, 9), (32, 8), (2, 7), (2, 16), (15, 10), (31, 6), (7, 6), (18, 6), (21, 5), (6, 16), (23, 2), (12, 2), (12, 11), (4, 7), (34, 8), (27, 2), (28, 1), (4, 16), (27, 11), (17, 10), (19, 7), (10, 4), (9, 6), (25, 2), (30, 16), (19, 16), (8, 16), (10, 13), (32, 10), (13, 6), (15, 3), (15, 12), (6, 9), (7, 8), (21, 7)]",234,0,234
259,"(11, 2)","(12, 2)",West,"[((10, 2), 'West', 1)]","['(11, 2)', '(19, 5)', '(13, 12)', '(13, 12)', '(3, 10)', '(19, 12)', '(19, 11)', '(26, 2)', '(31, 4)', '(29, 6)', '(29, 10)', '(33, 16)']","['(10, 2)', '(19, 5)', '(13, 12)', '(13, 12)', '(3, 10)', '(19, 12)', '(19, 11)', '(26, 2)', '(31, 4)', '(29, 6)', '(29, 10)', '(33, 16)']","[(12, 4), (34, 1), (21, 16), (4, 9), (34, 10), (27, 4), (27, 13), (17, 12), (30, 9), (8, 9), (10, 6), (32, 12), (13, 8), (1, 15), (26, 14), (6, 11), (15, 14), (21, 9), (34, 3), (34, 12), (27, 6), (5, 3), (19, 2), (17, 14), (8, 11), (19, 11), (11, 7), (11, 16), (32, 14), (1, 8), (16, 6), (7, 3), (21, 2), (26, 16), (15, 16), (6, 13), (18, 12), (34, 14), (22, 12), (27, 8), (14, 8), (5, 5), (30, 4), (8, 4), (19, 4), (28, 16), (30, 13), (17, 16), (5, 14), (33, 6), (32, 16), (24, 12), (26, 9), (25, 11), (1, 10), (16, 8), (6, 6), (21, 4), (31, 8), (34, 7), (22, 5), (27, 1), (34, 16), (12, 13), (14, 10), (17, 9), (30, 6), (19, 6), (11, 2), (5, 16), (9, 14), (33, 8), (1, 3), (13, 5), (24, 5), (15, 2), (26, 2), (1, 12), (26, 11), (13, 14), (16, 10), (31, 1), (18, 16), (7, 16), (31, 10), (20, 10), (22, 7), (3, 3), (17, 2), (22, 16), (14, 12), (4, 11), (11, 4), (33, 1), (9, 16), (33, 10), (1, 5), (24, 7), (15, 4), (24, 16), (13, 16), (25, 15), (1, 14), (16, 12), (31, 3), (34, 2), (31, 12), (34, 11), (22, 9), (20, 12), (12, 8), (3, 5), (17, 4), (14, 14), (4, 13), (32, 4), (8, 13), (33, 12), (24, 9), (1, 7), (10, 10), (15, 6), (18, 2), (1, 16), (16, 14), (34, 4), (22, 2), (31, 14), (12, 10), (3, 7), (14, 16), (3, 16), (32, 6), (8, 6), (24, 2), (13, 2), (33, 14), (24, 11), (1, 9), (10, 12), (18, 4), (29, 1), (16, 16), (6, 8), (20, 7), (34, 6), (31, 16), (20, 16), (23, 12), (12, 12), (4, 8), (27, 3), (27, 12), (30, 8), (8, 8), (13, 4), (33, 16), (1, 11), (10, 14), (6, 10), (20, 9), (23, 5), (14, 2), (12, 14), (14, 11), (4, 10), (27, 5), (32, 1), (30, 1), (27, 14), (17, 13), (30, 10), (8, 10), (1, 4), (11, 6), (2, 3), (24, 6), (10, 16), (1, 13), (16, 2), (25, 14), (6, 3), (20, 2), (6, 12), (20, 11), (23, 7), (4, 3), (23, 16), (12, 16), (4, 12), (27, 7), (17, 6), (30, 3), (8, 3), (27, 16), (30, 12), (8, 12), (19, 12), (11, 8), (2, 5), (16, 4), (25, 16), (15, 8), (6, 5), (31, 4), (20, 4), (29, 16), (6, 14), (21, 12), (23, 9), (14, 6), (4, 5), (4, 14), (34, 15), (27, 9), (17, 8), (30, 5), (33, 4), (9, 4), (19, 5), (30, 14), (8, 14), (10, 11), (11, 10), (25, 9), (32, 8), (2, 7), (2, 16), (15, 10), (31, 6), (7, 6), (18, 6), (21, 5), (6, 16), (23, 2), (12, 2), (12, 11), (4, 7), (34, 8), (27, 2), (28, 1), (4, 16), (27, 11), (17, 10), (19, 7), (10, 4), (9, 6), (25, 2), (30, 16), (19, 16), (8, 16), (10, 13), (32, 10), (13, 6), (15, 3), (15, 12), (6, 9), (7, 8), (21, 7)]",235,0,235
260,"(10, 2)","(11, 2)",West,"[((10, 1), 'South', 1)]","['(10, 2)', '(19, 5)', '(13, 12)', '(13, 12)', '(3, 10)', '(19, 12)', '(19, 11)', '(26, 2)', '(31, 4)', '(29, 6)', '(29, 10)', '(33, 16)']","['(10, 1)', '(19, 5)', '(13, 12)', '(13, 12)', '(3, 10)', '(19, 12)', '(19, 11)', '(26, 2)', '(31, 4)', '(29, 6)', '(29, 10)', '(33, 16)']","[(12, 4), (34, 1), (21, 16), (4, 9), (34, 10), (27, 4), (27, 13), (17, 12), (30, 9), (8, 9), (10, 6), (32, 12), (13, 8), (1, 15), (26, 14), (6, 11), (15, 14), (21, 9), (34, 3), (34, 12), (27, 6), (5, 3), (19, 2), (17, 14), (8, 11), (19, 11), (11, 7), (11, 16), (32, 14), (1, 8), (16, 6), (7, 3), (21, 2), (26, 16), (15, 16), (6, 13), (18, 12), (34, 14), (22, 12), (27, 8), (14, 8), (5, 5), (30, 4), (8, 4), (19, 4), (28, 16), (30, 13), (17, 16), (5, 14), (33, 6), (32, 16), (24, 12), (26, 9), (25, 11), (1, 10), (16, 8), (6, 6), (21, 4), (31, 8), (34, 7), (22, 5), (27, 1), (34, 16), (12, 13), (14, 10), (17, 9), (30, 6), (19, 6), (11, 2), (5, 16), (9, 14), (33, 8), (1, 3), (13, 5), (24, 5), (15, 2), (26, 2), (1, 12), (26, 11), (13, 14), (16, 10), (31, 1), (18, 16), (7, 16), (31, 10), (20, 10), (22, 7), (3, 3), (17, 2), (22, 16), (14, 12), (4, 11), (11, 4), (33, 1), (9, 16), (33, 10), (1, 5), (24, 7), (15, 4), (24, 16), (13, 16), (25, 15), (1, 14), (16, 12), (31, 3), (34, 2), (31, 12), (34, 11), (22, 9), (20, 12), (12, 8), (3, 5), (17, 4), (14, 14), (4, 13), (32, 4), (8, 13), (33, 12), (24, 9), (1, 7), (10, 10), (15, 6), (18, 2), (1, 16), (16, 14), (34, 4), (22, 2), (31, 14), (12, 10), (3, 7), (14, 16), (3, 16), (32, 6), (8, 6), (24, 2), (13, 2), (33, 14), (24, 11), (1, 9), (10, 12), (18, 4), (29, 1), (16, 16), (6, 8), (20, 7), (34, 6), (31, 16), (20, 16), (23, 12), (12, 12), (4, 8), (27, 3), (27, 12), (30, 8), (8, 8), (13, 4), (33, 16), (1, 11), (10, 14), (6, 10), (20, 9), (23, 5), (14, 2), (12, 14), (14, 11), (4, 10), (27, 5), (32, 1), (30, 1), (27, 14), (17, 13), (30, 10), (8, 10), (1, 4), (11, 6), (2, 3), (24, 6), (10, 16), (1, 13), (16, 2), (25, 14), (6, 3), (20, 2), (6, 12), (20, 11), (23, 7), (4, 3), (23, 16), (12, 16), (4, 12), (27, 7), (17, 6), (30, 3), (8, 3), (27, 16), (30, 12), (8, 12), (19, 12), (11, 8), (2, 5), (16, 4), (25, 16), (15, 8), (6, 5), (31, 4), (20, 4), (29, 16), (6, 14), (21, 12), (23, 9), (14, 6), (4, 5), (4, 14), (34, 15), (27, 9), (17, 8), (30, 5), (33, 4), (9, 4), (19, 5), (10, 2), (30, 14), (8, 14), (10, 11), (11, 10), (25, 9), (32, 8), (2, 7), (2, 16), (15, 10), (31, 6), (7, 6), (18, 6), (21, 5), (6, 16), (23, 2), (12, 2), (12, 11), (4, 7), (34, 8), (27, 2), (28, 1), (4, 16), (27, 11), (17, 10), (19, 7), (10, 4), (9, 6), (25, 2), (30, 16), (19, 16), (8, 16), (10, 13), (32, 10), (13, 6), (15, 3), (15, 12), (6, 9), (7, 8), (21, 7)]",236,0,236
261,"(10, 1)","(10, 2)",South,"[((9, 1), 'West', 1)]","['(10, 1)', '(19, 5)', '(13, 12)', '(13, 12)', '(3, 10)', '(19, 12)', '(19, 11)', '(26, 2)', '(31, 4)', '(29, 6)', '(29, 10)', '(33, 16)']","['(9, 1)', '(19, 5)', '(13, 12)', '(13, 12)', '(3, 10)', '(19, 12)', '(19, 11)', '(26, 2)', '(31, 4)', '(29, 6)', '(29, 10)', '(33, 16)']","[(12, 4), (34, 1), (21, 16), (4, 9), (34, 10), (27, 4), (27, 13), (17, 12), (30, 9), (8, 9), (10, 6), (32, 12), (13, 8), (1, 15), (26, 14), (6, 11), (15, 14), (21, 9), (34, 3), (34, 12), (27, 6), (5, 3), (19, 2), (17, 14), (8, 11), (19, 11), (11, 7), (11, 16), (32, 14), (1, 8), (16, 6), (7, 3), (21, 2), (26, 16), (15, 16), (6, 13), (18, 12), (34, 14), (22, 12), (27, 8), (14, 8), (5, 5), (30, 4), (8, 4), (19, 4), (28, 16), (30, 13), (17, 16), (5, 14), (33, 6), (32, 16), (24, 12), (26, 9), (25, 11), (1, 10), (16, 8), (6, 6), (21, 4), (31, 8), (34, 7), (22, 5), (27, 1), (34, 16), (12, 13), (14, 10), (17, 9), (30, 6), (19, 6), (11, 2), (5, 16), (9, 14), (33, 8), (1, 3), (13, 5), (24, 5), (15, 2), (26, 2), (1, 12), (26, 11), (13, 14), (16, 10), (31, 1), (18, 16), (7, 16), (31, 10), (20, 10), (22, 7), (3, 3), (17, 2), (22, 16), (14, 12), (4, 11), (11, 4), (33, 1), (9, 16), (33, 10), (1, 5), (24, 7), (15, 4), (24, 16), (13, 16), (25, 15), (1, 14), (16, 12), (31, 3), (34, 2), (31, 12), (34, 11), (22, 9), (20, 12), (12, 8), (3, 5), (17, 4), (14, 14), (4, 13), (32, 4), (10, 1), (8, 13), (33, 12), (24, 9), (1, 7), (10, 10), (15, 6), (18, 2), (1, 16), (16, 14), (34, 4), (22, 2), (31, 14), (12, 10), (3, 7), (14, 16), (3, 16), (32, 6), (8, 6), (24, 2), (13, 2), (33, 14), (24, 11), (1, 9), (10, 12), (18, 4), (29, 1), (16, 16), (6, 8), (20, 7), (34, 6), (31, 16), (20, 16), (23, 12), (12, 12), (4, 8), (27, 3), (27, 12), (30, 8), (8, 8), (13, 4), (33, 16), (1, 11), (10, 14), (6, 10), (20, 9), (23, 5), (14, 2), (12, 14), (14, 11), (4, 10), (27, 5), (32, 1), (30, 1), (27, 14), (17, 13), (30, 10), (8, 10), (1, 4), (11, 6), (2, 3), (24, 6), (10, 16), (1, 13), (16, 2), (25, 14), (6, 3), (20, 2), (6, 12), (20, 11), (23, 7), (4, 3), (23, 16), (12, 16), (4, 12), (27, 7), (17, 6), (30, 3), (8, 3), (27, 16), (30, 12), (8, 12), (19, 12), (11, 8), (2, 5), (16, 4), (25, 16), (15, 8), (6, 5), (31, 4), (20, 4), (29, 16), (6, 14), (21, 12), (23, 9), (14, 6), (4, 5), (4, 14), (34, 15), (27, 9), (17, 8), (30, 5), (33, 4), (9, 4), (19, 5), (10, 2), (30, 14), (8, 14), (10, 11), (11, 10), (25, 9), (32, 8), (2, 7), (2, 16), (15, 10), (31, 6), (7, 6), (18, 6), (21, 5), (6, 16), (23, 2), (12, 2), (12, 11), (4, 7), (34, 8), (27, 2), (28, 1), (4, 16), (27, 11), (17, 10), (19, 7), (10, 4), (9, 6), (25, 2), (30, 16), (19, 16), (8, 16), (10, 13), (32, 10), (13, 6), (15, 3), (15, 12), (6, 9), (7, 8), (21, 7)]",237,0,237
262,"(9, 1)","(10, 1)",West,"[((8, 1), 'West', 1)]","['(9, 1)', '(19, 5)', '(13, 12)', '(13, 12)', '(3, 10)', '(19, 12)', '(19, 11)', '(26, 2)', '(31, 4)', '(29, 6)', '(29, 10)', '(33, 16)']","['(8, 1)', '(19, 5)', '(13, 12)', '(13, 12)', '(3, 10)', '(19, 12)', '(19, 11)', '(26, 2)', '(31, 4)', '(29, 6)', '(29, 10)', '(33, 16)']","[(12, 4), (34, 1), (21, 16), (4, 9), (34, 10), (27, 4), (27, 13), (17, 12), (30, 9), (8, 9), (10, 6), (32, 12), (13, 8), (1, 15), (26, 14), (6, 11), (15, 14), (21, 9), (34, 3), (34, 12), (27, 6), (5, 3), (19, 2), (9, 1), (17, 14), (8, 11), (19, 11), (11, 7), (11, 16), (32, 14), (1, 8), (16, 6), (7, 3), (21, 2), (26, 16), (15, 16), (6, 13), (18, 12), (34, 14), (22, 12), (27, 8), (14, 8), (5, 5), (30, 4), (8, 4), (19, 4), (28, 16), (30, 13), (17, 16), (5, 14), (33, 6), (32, 16), (24, 12), (26, 9), (25, 11), (1, 10), (16, 8), (6, 6), (21, 4), (31, 8), (34, 7), (22, 5), (27, 1), (34, 16), (12, 13), (14, 10), (17, 9), (30, 6), (19, 6), (11, 2), (5, 16), (9, 14), (33, 8), (1, 3), (13, 5), (24, 5), (15, 2), (26, 2), (1, 12), (26, 11), (13, 14), (16, 10), (31, 1), (18, 16), (7, 16), (31, 10), (20, 10), (22, 7), (3, 3), (17, 2), (22, 16), (14, 12), (4, 11), (11, 4), (33, 1), (9, 16), (33, 10), (1, 5), (24, 7), (15, 4), (24, 16), (13, 16), (25, 15), (1, 14), (16, 12), (31, 3), (34, 2), (31, 12), (34, 11), (22, 9), (20, 12), (12, 8), (3, 5), (17, 4), (14, 14), (4, 13), (32, 4), (10, 1), (8, 13), (33, 12), (24, 9), (1, 7), (10, 10), (15, 6), (18, 2), (1, 16), (16, 14), (34, 4), (22, 2), (31, 14), (12, 10), (3, 7), (14, 16), (3, 16), (32, 6), (8, 6), (24, 2), (13, 2), (33, 14), (24, 11), (1, 9), (10, 12), (18, 4), (29, 1), (16, 16), (6, 8), (20, 7), (34, 6), (31, 16), (20, 16), (23, 12), (12, 12), (4, 8), (27, 3), (27, 12), (30, 8), (8, 8), (13, 4), (33, 16), (1, 11), (10, 14), (6, 10), (20, 9), (23, 5), (14, 2), (12, 14), (14, 11), (4, 10), (27, 5), (32, 1), (30, 1), (27, 14), (17, 13), (30, 10), (8, 10), (1, 4), (11, 6), (2, 3), (24, 6), (10, 16), (1, 13), (16, 2), (25, 14), (6, 3), (20, 2), (6, 12), (20, 11), (23, 7), (4, 3), (23, 16), (12, 16), (4, 12), (27, 7), (17, 6), (30, 3), (8, 3), (27, 16), (30, 12), (8, 12), (19, 12), (11, 8), (2, 5), (16, 4), (25, 16), (15, 8), (6, 5), (31, 4), (20, 4), (29, 16), (6, 14), (21, 12), (23, 9), (14, 6), (4, 5), (4, 14), (34, 15), (27, 9), (17, 8), (30, 5), (33, 4), (9, 4), (19, 5), (10, 2), (30, 14), (8, 14), (10, 11), (11, 10), (25, 9), (32, 8), (2, 7), (2, 16), (15, 10), (31, 6), (7, 6), (18, 6), (21, 5), (6, 16), (23, 2), (12, 2), (12, 11), (4, 7), (34, 8), (27, 2), (28, 1), (4, 16), (27, 11), (17, 10), (19, 7), (10, 4), (9, 6), (25, 2), (30, 16), (19, 16), (8, 16), (10, 13), (32, 10), (13, 6), (15, 3), (15, 12), (6, 9), (7, 8), (21, 7)]",238,0,238
263,"(8, 1)","(9, 1)",West,"[((7, 1), 'West', 1)]","['(8, 1)', '(19, 5)', '(13, 12)', '(13, 12)', '(3, 10)', '(19, 12)', '(19, 11)', '(26, 2)', '(31, 4)', '(29, 6)', '(29, 10)', '(33, 16)']","['(7, 1)', '(19, 5)', '(13, 12)', '(13, 12)', '(3, 10)', '(19, 12)', '(19, 11)', '(26, 2)', '(31, 4)', '(29, 6)', '(29, 10)', '(33, 16)']","[(12, 4), (34, 1), (21, 16), (4, 9), (34, 10), (27, 4), (27, 13), (17, 12), (30, 9), (8, 9), (10, 6), (32, 12), (13, 8), (1, 15), (26, 14), (6, 11), (15, 14), (21, 9), (34, 3), (34, 12), (27, 6), (5, 3), (19, 2), (9, 1), (17, 14), (8, 11), (19, 11), (11, 7), (11, 16), (32, 14), (1, 8), (16, 6), (7, 3), (21, 2), (26, 16), (15, 16), (6, 13), (18, 12), (34, 14), (22, 12), (27, 8), (14, 8), (5, 5), (30, 4), (8, 4), (19, 4), (28, 16), (30, 13), (17, 16), (5, 14), (33, 6), (32, 16), (24, 12), (26, 9), (25, 11), (1, 10), (16, 8), (6, 6), (21, 4), (31, 8), (34, 7), (22, 5), (27, 1), (34, 16), (12, 13), (14, 10), (17, 9), (30, 6), (19, 6), (11, 2), (5, 16), (9, 14), (33, 8), (1, 3), (13, 5), (24, 5), (15, 2), (26, 2), (1, 12), (26, 11), (13, 14), (16, 10), (31, 1), (18, 16), (7, 16), (31, 10), (20, 10), (22, 7), (3, 3), (17, 2), (22, 16), (14, 12), (4, 11), (11, 4), (33, 1), (9, 16), (33, 10), (1, 5), (24, 7), (15, 4), (24, 16), (13, 16), (25, 15), (1, 14), (16, 12), (31, 3), (34, 2), (31, 12), (34, 11), (22, 9), (20, 12), (12, 8), (3, 5), (17, 4), (14, 14), (4, 13), (32, 4), (10, 1), (8, 13), (33, 12), (24, 9), (1, 7), (10, 10), (15, 6), (18, 2), (1, 16), (16, 14), (34, 4), (22, 2), (31, 14), (12, 10), (3, 7), (14, 16), (3, 16), (32, 6), (8, 6), (24, 2), (13, 2), (33, 14), (24, 11), (1, 9), (10, 12), (18, 4), (29, 1), (16, 16), (6, 8), (20, 7), (34, 6), (31, 16), (20, 16), (23, 12), (12, 12), (4, 8), (27, 3), (27, 12), (30, 8), (8, 8), (13, 4), (33, 16), (1, 11), (10, 14), (6, 10), (20, 9), (23, 5), (14, 2), (12, 14), (14, 11), (4, 10), (27, 5), (32, 1), (30, 1), (8, 1), (27, 14), (17, 13), (30, 10), (8, 10), (1, 4), (11, 6), (2, 3), (24, 6), (10, 16), (1, 13), (16, 2), (25, 14), (6, 3), (20, 2), (6, 12), (20, 11), (23, 7), (4, 3), (23, 16), (12, 16), (4, 12), (27, 7), (17, 6), (30, 3), (8, 3), (27, 16), (30, 12), (8, 12), (19, 12), (11, 8), (2, 5), (16, 4), (25, 16), (15, 8), (6, 5), (31, 4), (20, 4), (29, 16), (6, 14), (21, 12), (23, 9), (14, 6), (4, 5), (4, 14), (34, 15), (27, 9), (17, 8), (30, 5), (33, 4), (9, 4), (19, 5), (10, 2), (30, 14), (8, 14), (10, 11), (11, 10), (25, 9), (32, 8), (2, 7), (2, 16), (15, 10), (31, 6), (7, 6), (18, 6), (21, 5), (6, 16), (23, 2), (12, 2), (12, 11), (4, 7), (34, 8), (27, 2), (28, 1), (4, 16), (27, 11), (17, 10), (19, 7), (10, 4), (9, 6), (25, 2), (30, 16), (19, 16), (8, 16), (10, 13), (32, 10), (13, 6), (15, 3), (15, 12), (6, 9), (7, 8), (21, 7)]",239,0,239
264,"(7, 1)","(8, 1)",West,"[((6, 1), 'West', 1)]","['(7, 1)', '(19, 5)', '(13, 12)', '(13, 12)', '(3, 10)', '(19, 12)', '(19, 11)', '(26, 2)', '(31, 4)', '(29, 6)', '(29, 10)', '(33, 16)']","['(6, 1)', '(19, 5)', '(13, 12)', '(13, 12)', '(3, 10)', '(19, 12)', '(19, 11)', '(26, 2)', '(31, 4)', '(29, 6)', '(29, 10)', '(33, 16)']","[(12, 4), (34, 1), (21, 16), (4, 9), (34, 10), (27, 4), (27, 13), (17, 12), (30, 9), (8, 9), (10, 6), (32, 12), (13, 8), (7, 1), (1, 15), (26, 14), (6, 11), (15, 14), (21, 9), (34, 3), (34, 12), (27, 6), (5, 3), (19, 2), (9, 1), (17, 14), (8, 11), (19, 11), (11, 7), (11, 16), (32, 14), (1, 8), (16, 6), (7, 3), (21, 2), (26, 16), (15, 16), (6, 13), (18, 12), (34, 14), (22, 12), (27, 8), (14, 8), (5, 5), (30, 4), (8, 4), (19, 4), (28, 16), (30, 13), (17, 16), (5, 14), (33, 6), (32, 16), (24, 12), (26, 9), (25, 11), (1, 10), (16, 8), (6, 6), (21, 4), (31, 8), (34, 7), (22, 5), (27, 1), (34, 16), (12, 13), (14, 10), (17, 9), (30, 6), (19, 6), (11, 2), (5, 16), (9, 14), (33, 8), (1, 3), (13, 5), (24, 5), (15, 2), (26, 2), (1, 12), (26, 11), (13, 14), (16, 10), (31, 1), (18, 16), (7, 16), (31, 10), (20, 10), (22, 7), (3, 3), (17, 2), (22, 16), (14, 12), (4, 11), (11, 4), (33, 1), (9, 16), (33, 10), (1, 5), (24, 7), (15, 4), (24, 16), (13, 16), (25, 15), (1, 14), (16, 12), (31, 3), (34, 2), (31, 12), (34, 11), (22, 9), (20, 12), (12, 8), (3, 5), (17, 4), (14, 14), (4, 13), (32, 4), (10, 1), (8, 13), (33, 12), (24, 9), (1, 7), (10, 10), (15, 6), (18, 2), (1, 16), (16, 14), (34, 4), (22, 2), (31, 14), (12, 10), (3, 7), (14, 16), (3, 16), (32, 6), (8, 6), (24, 2), (13, 2), (33, 14), (24, 11), (1, 9), (10, 12), (18, 4), (29, 1), (16, 16), (6, 8), (20, 7), (34, 6), (31, 16), (20, 16), (23, 12), (12, 12), (4, 8), (27, 3), (27, 12), (30, 8), (8, 8), (13, 4), (33, 16), (1, 11), (10, 14), (6, 10), (20, 9), (23, 5), (14, 2), (12, 14), (14, 11), (4, 10), (27, 5), (32, 1), (30, 1), (8, 1), (27, 14), (17, 13), (30, 10), (8, 10), (1, 4), (11, 6), (2, 3), (24, 6), (10, 16), (1, 13), (16, 2), (25, 14), (6, 3), (20, 2), (6, 12), (20, 11), (23, 7), (4, 3), (23, 16), (12, 16), (4, 12), (27, 7), (17, 6), (30, 3), (8, 3), (27, 16), (30, 12), (8, 12), (19, 12), (11, 8), (2, 5), (16, 4), (25, 16), (15, 8), (6, 5), (31, 4), (20, 4), (29, 16), (6, 14), (21, 12), (23, 9), (14, 6), (4, 5), (4, 14), (34, 15), (27, 9), (17, 8), (30, 5), (33, 4), (9, 4), (19, 5), (10, 2), (30, 14), (8, 14), (10, 11), (11, 10), (25, 9), (32, 8), (2, 7), (2, 16), (15, 10), (31, 6), (7, 6), (18, 6), (21, 5), (6, 16), (23, 2), (12, 2), (12, 11), (4, 7), (34, 8), (27, 2), (28, 1), (4, 16), (27, 11), (17, 10), (19, 7), (10, 4), (9, 6), (25, 2), (30, 16), (19, 16), (8, 16), (10, 13), (32, 10), (13, 6), (15, 3), (15, 12), (6, 9), (7, 8), (21, 7)]",240,0,240
265,"(6, 1)","(7, 1)",West,"[((5, 1), 'West', 1)]","['(6, 1)', '(19, 5)', '(13, 12)', '(13, 12)', '(3, 10)', '(19, 12)', '(19, 11)', '(26, 2)', '(31, 4)', '(29, 6)', '(29, 10)', '(33, 16)']","['(5, 1)', '(19, 5)', '(13, 12)', '(13, 12)', '(3, 10)', '(19, 12)', '(19, 11)', '(26, 2)', '(31, 4)', '(29, 6)', '(29, 10)', '(33, 16)']","[(12, 4), (34, 1), (21, 16), (4, 9), (34, 10), (27, 4), (27, 13), (17, 12), (30, 9), (8, 9), (10, 6), (32, 12), (13, 8), (7, 1), (1, 15), (26, 14), (6, 11), (15, 14), (21, 9), (34, 3), (34, 12), (27, 6), (5, 3), (19, 2), (9, 1), (17, 14), (8, 11), (19, 11), (11, 7), (11, 16), (32, 14), (1, 8), (16, 6), (7, 3), (21, 2), (26, 16), (15, 16), (6, 13), (18, 12), (34, 14), (22, 12), (27, 8), (14, 8), (5, 5), (30, 4), (8, 4), (19, 4), (28, 16), (30, 13), (17, 16), (5, 14), (33, 6), (32, 16), (24, 12), (26, 9), (25, 11), (1, 10), (16, 8), (6, 6), (21, 4), (31, 8), (34, 7), (22, 5), (27, 1), (34, 16), (12, 13), (14, 10), (17, 9), (30, 6), (19, 6), (11, 2), (5, 16), (9, 14), (33, 8), (1, 3), (13, 5), (24, 5), (15, 2), (26, 2), (1, 12), (26, 11), (13, 14), (16, 10), (31, 1), (18, 16), (7, 16), (31, 10), (20, 10), (22, 7), (3, 3), (17, 2), (22, 16), (14, 12), (4, 11), (11, 4), (33, 1), (9, 16), (33, 10), (1, 5), (24, 7), (15, 4), (6, 1), (24, 16), (13, 16), (25, 15), (1, 14), (16, 12), (31, 3), (34, 2), (31, 12), (34, 11), (22, 9), (20, 12), (12, 8), (3, 5), (17, 4), (14, 14), (4, 13), (32, 4), (10, 1), (8, 13), (33, 12), (24, 9), (1, 7), (10, 10), (15, 6), (18, 2), (1, 16), (16, 14), (34, 4), (22, 2), (31, 14), (12, 10), (3, 7), (14, 16), (3, 16), (32, 6), (8, 6), (24, 2), (13, 2), (33, 14), (24, 11), (1, 9), (10, 12), (18, 4), (29, 1), (16, 16), (6, 8), (20, 7), (34, 6), (31, 16), (20, 16), (23, 12), (12, 12), (4, 8), (27, 3), (27, 12), (30, 8), (8, 8), (13, 4), (33, 16), (1, 11), (10, 14), (6, 10), (20, 9), (23, 5), (14, 2), (12, 14), (14, 11), (4, 10), (27, 5), (32, 1), (30, 1), (8, 1), (27, 14), (17, 13), (30, 10), (8, 10), (1, 4), (11, 6), (2, 3), (24, 6), (10, 16), (1, 13), (16, 2), (25, 14), (6, 3), (20, 2), (6, 12), (20, 11), (23, 7), (4, 3), (23, 16), (12, 16), (4, 12), (27, 7), (17, 6), (30, 3), (8, 3), (27, 16), (30, 12), (8, 12), (19, 12), (11, 8), (2, 5), (16, 4), (25, 16), (15, 8), (6, 5), (31, 4), (20, 4), (29, 16), (6, 14), (21, 12), (23, 9), (14, 6), (4, 5), (4, 14), (34, 15), (27, 9), (17, 8), (30, 5), (33, 4), (9, 4), (19, 5), (10, 2), (30, 14), (8, 14), (10, 11), (11, 10), (25, 9), (32, 8), (2, 7), (2, 16), (15, 10), (31, 6), (7, 6), (18, 6), (21, 5), (6, 16), (23, 2), (12, 2), (12, 11), (4, 7), (34, 8), (27, 2), (28, 1), (4, 16), (27, 11), (17, 10), (19, 7), (10, 4), (9, 6), (25, 2), (30, 16), (19, 16), (8, 16), (10, 13), (32, 10), (13, 6), (15, 3), (15, 12), (6, 9), (7, 8), (21, 7)]",241,0,241
266,"(5, 1)","(6, 1)",West,"[((4, 1), 'West', 1)]","['(5, 1)', '(19, 5)', '(13, 12)', '(13, 12)', '(3, 10)', '(19, 12)', '(19, 11)', '(26, 2)', '(31, 4)', '(29, 6)', '(29, 10)', '(33, 16)']","['(4, 1)', '(19, 5)', '(13, 12)', '(13, 12)', '(3, 10)', '(19, 12)', '(19, 11)', '(26, 2)', '(31, 4)', '(29, 6)', '(29, 10)', '(33, 16)']","[(12, 4), (34, 1), (21, 16), (4, 9), (34, 10), (27, 4), (5, 1), (27, 13), (17, 12), (30, 9), (8, 9), (10, 6), (32, 12), (13, 8), (7, 1), (1, 15), (26, 14), (6, 11), (15, 14), (21, 9), (34, 3), (34, 12), (27, 6), (5, 3), (19, 2), (9, 1), (17, 14), (8, 11), (19, 11), (11, 7), (11, 16), (32, 14), (1, 8), (16, 6), (7, 3), (21, 2), (26, 16), (15, 16), (6, 13), (18, 12), (34, 14), (22, 12), (27, 8), (14, 8), (5, 5), (30, 4), (8, 4), (19, 4), (28, 16), (30, 13), (17, 16), (5, 14), (33, 6), (32, 16), (24, 12), (26, 9), (25, 11), (1, 10), (16, 8), (6, 6), (21, 4), (31, 8), (34, 7), (22, 5), (27, 1), (34, 16), (12, 13), (14, 10), (17, 9), (30, 6), (19, 6), (11, 2), (5, 16), (9, 14), (33, 8), (1, 3), (13, 5), (24, 5), (15, 2), (26, 2), (1, 12), (26, 11), (13, 14), (16, 10), (31, 1), (18, 16), (7, 16), (31, 10), (20, 10), (22, 7), (3, 3), (17, 2), (22, 16), (14, 12), (4, 11), (11, 4), (33, 1), (9, 16), (33, 10), (1, 5), (24, 7), (15, 4), (6, 1), (24, 16), (13, 16), (25, 15), (1, 14), (16, 12), (31, 3), (34, 2), (31, 12), (34, 11), (22, 9), (20, 12), (12, 8), (3, 5), (17, 4), (14, 14), (4, 13), (32, 4), (10, 1), (8, 13), (33, 12), (24, 9), (1, 7), (10, 10), (15, 6), (18, 2), (1, 16), (16, 14), (34, 4), (22, 2), (31, 14), (12, 10), (3, 7), (14, 16), (3, 16), (32, 6), (8, 6), (24, 2), (13, 2), (33, 14), (24, 11), (1, 9), (10, 12), (18, 4), (29, 1), (16, 16), (6, 8), (20, 7), (34, 6), (31, 16), (20, 16), (23, 12), (12, 12), (4, 8), (27, 3), (27, 12), (30, 8), (8, 8), (13, 4), (33, 16), (1, 11), (10, 14), (6, 10), (20, 9), (23, 5), (14, 2), (12, 14), (14, 11), (4, 10), (27, 5), (32, 1), (30, 1), (8, 1), (27, 14), (17, 13), (30, 10), (8, 10), (1, 4), (11, 6), (2, 3), (24, 6), (10, 16), (1, 13), (16, 2), (25, 14), (6, 3), (20, 2), (6, 12), (20, 11), (23, 7), (4, 3), (23, 16), (12, 16), (4, 12), (27, 7), (17, 6), (30, 3), (8, 3), (27, 16), (30, 12), (8, 12), (19, 12), (11, 8), (2, 5), (16, 4), (25, 16), (15, 8), (6, 5), (31, 4), (20, 4), (29, 16), (6, 14), (21, 12), (23, 9), (14, 6), (4, 5), (4, 14), (34, 15), (27, 9), (17, 8), (30, 5), (33, 4), (9, 4), (19, 5), (10, 2), (30, 14), (8, 14), (10, 11), (11, 10), (25, 9), (32, 8), (2, 7), (2, 16), (15, 10), (31, 6), (7, 6), (18, 6), (21, 5), (6, 16), (23, 2), (12, 2), (12, 11), (4, 7), (34, 8), (27, 2), (28, 1), (4, 16), (27, 11), (17, 10), (19, 7), (10, 4), (9, 6), (25, 2), (30, 16), (19, 16), (8, 16), (10, 13), (32, 10), (13, 6), (15, 3), (15, 12), (6, 9), (7, 8), (21, 7)]",242,0,242
267,"(4, 1)","(5, 1)",West,"[((3, 1), 'West', 1)]","['(4, 1)', '(19, 5)', '(13, 12)', '(13, 12)', '(3, 10)', '(19, 12)', '(19, 11)', '(26, 2)', '(31, 4)', '(29, 6)', '(29, 10)', '(33, 16)']","['(3, 1)', '(19, 5)', '(13, 12)', '(13, 12)', '(3, 10)', '(19, 12)', '(19, 11)', '(26, 2)', '(31, 4)', '(29, 6)', '(29, 10)', '(33, 16)']","[(12, 4), (34, 1), (21, 16), (4, 9), (34, 10), (27, 4), (5, 1), (27, 13), (17, 12), (30, 9), (8, 9), (10, 6), (32, 12), (13, 8), (7, 1), (1, 15), (26, 14), (6, 11), (15, 14), (21, 9), (34, 3), (34, 12), (27, 6), (5, 3), (19, 2), (9, 1), (17, 14), (8, 11), (19, 11), (11, 7), (11, 16), (32, 14), (1, 8), (16, 6), (7, 3), (21, 2), (26, 16), (15, 16), (6, 13), (18, 12), (34, 14), (22, 12), (27, 8), (14, 8), (5, 5), (30, 4), (8, 4), (19, 4), (28, 16), (30, 13), (17, 16), (5, 14), (33, 6), (32, 16), (24, 12), (26, 9), (25, 11), (1, 10), (16, 8), (6, 6), (21, 4), (31, 8), (34, 7), (22, 5), (27, 1), (34, 16), (12, 13), (14, 10), (17, 9), (30, 6), (19, 6), (11, 2), (5, 16), (9, 14), (33, 8), (1, 3), (13, 5), (24, 5), (15, 2), (26, 2), (1, 12), (26, 11), (13, 14), (16, 10), (31, 1), (18, 16), (7, 16), (31, 10), (20, 10), (22, 7), (3, 3), (17, 2), (22, 16), (14, 12), (4, 11), (11, 4), (33, 1), (9, 16), (33, 10), (1, 5), (24, 7), (15, 4), (6, 1), (24, 16), (13, 16), (25, 15), (1, 14), (16, 12), (31, 3), (34, 2), (31, 12), (34, 11), (22, 9), (20, 12), (12, 8), (3, 5), (17, 4), (14, 14), (4, 13), (32, 4), (10, 1), (8, 13), (33, 12), (24, 9), (1, 7), (10, 10), (15, 6), (18, 2), (1, 16), (16, 14), (34, 4), (22, 2), (31, 14), (12, 10), (3, 7), (14, 16), (3, 16), (32, 6), (8, 6), (24, 2), (13, 2), (33, 14), (24, 11), (1, 9), (10, 12), (18, 4), (29, 1), (16, 16), (6, 8), (20, 7), (34, 6), (31, 16), (20, 16), (23, 12), (12, 12), (4, 8), (27, 3), (27, 12), (30, 8), (8, 8), (13, 4), (33, 16), (1, 11), (10, 14), (6, 10), (20, 9), (23, 5), (14, 2), (4, 1), (12, 14), (14, 11), (4, 10), (27, 5), (32, 1), (30, 1), (8, 1), (27, 14), (17, 13), (30, 10), (8, 10), (1, 4), (11, 6), (2, 3), (24, 6), (10, 16), (1, 13), (16, 2), (25, 14), (6, 3), (20, 2), (6, 12), (20, 11), (23, 7), (4, 3), (23, 16), (12, 16), (4, 12), (27, 7), (17, 6), (30, 3), (8, 3), (27, 16), (30, 12), (8, 12), (19, 12), (11, 8), (2, 5), (16, 4), (25, 16), (15, 8), (6, 5), (31, 4), (20, 4), (29, 16), (6, 14), (21, 12), (23, 9), (14, 6), (4, 5), (4, 14), (34, 15), (27, 9), (17, 8), (30, 5), (33, 4), (9, 4), (19, 5), (10, 2), (30, 14), (8, 14), (10, 11), (11, 10), (25, 9), (32, 8), (2, 7), (2, 16), (15, 10), (31, 6), (7, 6), (18, 6), (21, 5), (6, 16), (23, 2), (12, 2), (12, 11), (4, 7), (34, 8), (27, 2), (28, 1), (4, 16), (27, 11), (17, 10), (19, 7), (10, 4), (9, 6), (25, 2), (30, 16), (19, 16), (8, 16), (10, 13), (32, 10), (13, 6), (15, 3), (15, 12), (6, 9), (7, 8), (21, 7)]",243,0,243
268,"(3, 1)","(4, 1)",West,"[((2, 1), 'West', 1)]","['(3, 1)', '(19, 5)', '(13, 12)', '(13, 12)', '(3, 10)', '(19, 12)', '(19, 11)', '(26, 2)', '(31, 4)', '(29, 6)', '(29, 10)', '(33, 16)']","['(2, 1)', '(19, 5)', '(13, 12)', '(13, 12)', '(3, 10)', '(19, 12)', '(19, 11)', '(26, 2)', '(31, 4)', '(29, 6)', '(29, 10)', '(33, 16)']","[(12, 4), (34, 1), (21, 16), (4, 9), (34, 10), (27, 4), (5, 1), (27, 13), (17, 12), (30, 9), (8, 9), (10, 6), (32, 12), (13, 8), (7, 1), (1, 15), (26, 14), (6, 11), (15, 14), (21, 9), (34, 3), (34, 12), (27, 6), (5, 3), (19, 2), (9, 1), (17, 14), (8, 11), (19, 11), (11, 7), (11, 16), (32, 14), (1, 8), (16, 6), (7, 3), (21, 2), (26, 16), (15, 16), (6, 13), (18, 12), (34, 14), (22, 12), (27, 8), (14, 8), (5, 5), (30, 4), (8, 4), (19, 4), (28, 16), (30, 13), (17, 16), (5, 14), (33, 6), (32, 16), (24, 12), (26, 9), (25, 11), (1, 10), (16, 8), (6, 6), (21, 4), (31, 8), (34, 7), (22, 5), (27, 1), (3, 1), (34, 16), (12, 13), (14, 10), (17, 9), (30, 6), (19, 6), (11, 2), (5, 16), (9, 14), (33, 8), (1, 3), (13, 5), (24, 5), (15, 2), (26, 2), (1, 12), (26, 11), (13, 14), (16, 10), (31, 1), (18, 16), (7, 16), (31, 10), (20, 10), (22, 7), (3, 3), (17, 2), (22, 16), (14, 12), (4, 11), (11, 4), (33, 1), (9, 16), (33, 10), (1, 5), (24, 7), (15, 4), (6, 1), (24, 16), (13, 16), (25, 15), (1, 14), (16, 12), (31, 3), (34, 2), (31, 12), (34, 11), (22, 9), (20, 12), (12, 8), (3, 5), (17, 4), (14, 14), (4, 13), (32, 4), (10, 1), (8, 13), (33, 12), (24, 9), (1, 7), (10, 10), (15, 6), (18, 2), (1, 16), (16, 14), (34, 4), (22, 2), (31, 14), (12, 10), (3, 7), (14, 16), (3, 16), (32, 6), (8, 6), (24, 2), (13, 2), (33, 14), (24, 11), (1, 9), (10, 12), (18, 4), (29, 1), (16, 16), (6, 8), (20, 7), (34, 6), (31, 16), (20, 16), (23, 12), (12, 12), (4, 8), (27, 3), (27, 12), (30, 8), (8, 8), (13, 4), (33, 16), (1, 11), (10, 14), (6, 10), (20, 9), (23, 5), (14, 2), (4, 1), (12, 14), (14, 11), (4, 10), (27, 5), (32, 1), (30, 1), (8, 1), (27, 14), (17, 13), (30, 10), (8, 10), (1, 4), (11, 6), (2, 3), (24, 6), (10, 16), (1, 13), (16, 2), (25, 14), (6, 3), (20, 2), (6, 12), (20, 11), (23, 7), (4, 3), (23, 16), (12, 16), (4, 12), (27, 7), (17, 6), (30, 3), (8, 3), (27, 16), (30, 12), (8, 12), (19, 12), (11, 8), (2, 5), (16, 4), (25, 16), (15, 8), (6, 5), (31, 4), (20, 4), (29, 16), (6, 14), (21, 12), (23, 9), (14, 6), (4, 5), (4, 14), (34, 15), (27, 9), (17, 8), (30, 5), (33, 4), (9, 4), (19, 5), (10, 2), (30, 14), (8, 14), (10, 11), (11, 10), (25, 9), (32, 8), (2, 7), (2, 16), (15, 10), (31, 6), (7, 6), (18, 6), (21, 5), (6, 16), (23, 2), (12, 2), (12, 11), (4, 7), (34, 8), (27, 2), (28, 1), (4, 16), (27, 11), (17, 10), (19, 7), (10, 4), (9, 6), (25, 2), (30, 16), (19, 16), (8, 16), (10, 13), (32, 10), (13, 6), (15, 3), (15, 12), (6, 9), (7, 8), (21, 7)]",244,0,244
269,"(2, 1)","(3, 1)",West,"[((1, 1), 'West', 1)]","['(2, 1)', '(19, 5)', '(13, 12)', '(13, 12)', '(3, 10)', '(19, 12)', '(19, 11)', '(26, 2)', '(31, 4)', '(29, 6)', '(29, 10)', '(33, 16)']","['(1, 1)', '(19, 5)', '(13, 12)', '(13, 12)', '(3, 10)', '(19, 12)', '(19, 11)', '(26, 2)', '(31, 4)', '(29, 6)', '(29, 10)', '(33, 16)']","[(12, 4), (34, 1), (21, 16), (4, 9), (34, 10), (27, 4), (5, 1), (27, 13), (17, 12), (30, 9), (8, 9), (10, 6), (32, 12), (13, 8), (7, 1), (1, 15), (26, 14), (6, 11), (15, 14), (21, 9), (34, 3), (34, 12), (27, 6), (5, 3), (19, 2), (9, 1), (17, 14), (8, 11), (19, 11), (11, 7), (11, 16), (32, 14), (1, 8), (16, 6), (7, 3), (21, 2), (26, 16), (15, 16), (6, 13), (18, 12), (34, 14), (22, 12), (27, 8), (14, 8), (5, 5), (30, 4), (8, 4), (19, 4), (28, 16), (30, 13), (17, 16), (5, 14), (33, 6), (32, 16), (24, 12), (26, 9), (25, 11), (1, 10), (16, 8), (6, 6), (21, 4), (31, 8), (34, 7), (22, 5), (27, 1), (3, 1), (34, 16), (12, 13), (14, 10), (17, 9), (30, 6), (19, 6), (11, 2), (5, 16), (9, 14), (33, 8), (1, 3), (13, 5), (24, 5), (15, 2), (26, 2), (1, 12), (26, 11), (13, 14), (16, 10), (31, 1), (18, 16), (7, 16), (31, 10), (20, 10), (22, 7), (3, 3), (17, 2), (22, 16), (14, 12), (4, 11), (11, 4), (33, 1), (9, 16), (33, 10), (1, 5), (24, 7), (15, 4), (6, 1), (24, 16), (13, 16), (25, 15), (1, 14), (16, 12), (31, 3), (34, 2), (31, 12), (34, 11), (22, 9), (20, 12), (12, 8), (3, 5), (17, 4), (14, 14), (4, 13), (32, 4), (10, 1), (8, 13), (33, 12), (24, 9), (1, 7), (10, 10), (15, 6), (18, 2), (1, 16), (16, 14), (34, 4), (22, 2), (31, 14), (12, 10), (3, 7), (14, 16), (3, 16), (32, 6), (8, 6), (24, 2), (13, 2), (33, 14), (24, 11), (1, 9), (10, 12), (18, 4), (29, 1), (16, 16), (6, 8), (20, 7), (34, 6), (31, 16), (20, 16), (23, 12), (12, 12), (4, 8), (27, 3), (27, 12), (30, 8), (8, 8), (13, 4), (2, 1), (33, 16), (1, 11), (10, 14), (6, 10), (20, 9), (23, 5), (14, 2), (4, 1), (12, 14), (14, 11), (4, 10), (27, 5), (32, 1), (30, 1), (8, 1), (27, 14), (17, 13), (30, 10), (8, 10), (1, 4), (11, 6), (2, 3), (24, 6), (10, 16), (1, 13), (16, 2), (25, 14), (6, 3), (20, 2), (6, 12), (20, 11), (23, 7), (4, 3), (23, 16), (12, 16), (4, 12), (27, 7), (17, 6), (30, 3), (8, 3), (27, 16), (30, 12), (8, 12), (19, 12), (11, 8), (2, 5), (16, 4), (25, 16), (15, 8), (6, 5), (31, 4), (20, 4), (29, 16), (6, 14), (21, 12), (23, 9), (14, 6), (4, 5), (4, 14), (34, 15), (27, 9), (17, 8), (30, 5), (33, 4), (9, 4), (19, 5), (10, 2), (30, 14), (8, 14), (10, 11), (11, 10), (25, 9), (32, 8), (2, 7), (2, 16), (15, 10), (31, 6), (7, 6), (18, 6), (21, 5), (6, 16), (23, 2), (12, 2), (12, 11), (4, 7), (34, 8), (27, 2), (28, 1), (4, 16), (27, 11), (17, 10), (19, 7), (10, 4), (9, 6), (25, 2), (30, 16), (19, 16), (8, 16), (10, 13), (32, 10), (13, 6), (15, 3), (15, 12), (6, 9), (7, 8), (21, 7)]",245,0,245
270,"(1, 1)","(2, 1)",West,[],"['(1, 1)', '(19, 5)', '(13, 12)', '(13, 12)', '(3, 10)', '(19, 12)', '(19, 11)', '(26, 2)', '(31, 4)', '(29, 6)', '(29, 10)', '(33, 16)']","['(19, 5)', '(13, 12)', '(13, 12)', '(3, 10)', '(19, 12)', '(19, 11)', '(26, 2)', '(31, 4)', '(29, 6)', '(29, 10)', '(33, 16)']","[(12, 4), (34, 1), (21, 16), (4, 9), (34, 10), (27, 4), (5, 1), (27, 13), (17, 12), (30, 9), (8, 9), (10, 6), (32, 12), (13, 8), (7, 1), (1, 15), (26, 14), (6, 11), (15, 14), (21, 9), (34, 3), (34, 12), (27, 6), (5, 3), (19, 2), (9, 1), (17, 14), (8, 11), (19, 11), (11, 7), (11, 16), (32, 14), (1, 8), (16, 6), (7, 3), (21, 2), (26, 16), (15, 16), (6, 13), (18, 12), (34, 14), (22, 12), (27, 8), (14, 8), (5, 5), (30, 4), (8, 4), (19, 4), (28, 16), (30, 13), (17, 16), (5, 14), (33, 6), (32, 16), (24, 12), (26, 9), (25, 11), (1, 10), (16, 8), (6, 6), (21, 4), (31, 8), (34, 7), (22, 5), (27, 1), (3, 1), (34, 16), (12, 13), (14, 10), (17, 9), (30, 6), (19, 6), (11, 2), (5, 16), (9, 14), (33, 8), (1, 3), (13, 5), (24, 5), (15, 2), (26, 2), (1, 12), (26, 11), (13, 14), (16, 10), (31, 1), (18, 16), (7, 16), (31, 10), (20, 10), (22, 7), (3, 3), (17, 2), (22, 16), (14, 12), (4, 11), (11, 4), (33, 1), (9, 16), (33, 10), (1, 5), (24, 7), (15, 4), (6, 1), (24, 16), (13, 16), (25, 15), (1, 14), (16, 12), (31, 3), (34, 2), (31, 12), (34, 11), (22, 9), (20, 12), (12, 8), (3, 5), (17, 4), (14, 14), (4, 13), (32, 4), (10, 1), (8, 13), (33, 12), (24, 9), (1, 7), (10, 10), (15, 6), (18, 2), (1, 16), (16, 14), (34, 4), (22, 2), (31, 14), (12, 10), (3, 7), (14, 16), (3, 16), (32, 6), (8, 6), (24, 2), (13, 2), (33, 14), (24, 11), (1, 9), (10, 12), (18, 4), (29, 1), (16, 16), (6, 8), (20, 7), (34, 6), (31, 16), (20, 16), (23, 12), (12, 12), (4, 8), (27, 3), (27, 12), (30, 8), (8, 8), (13, 4), (2, 1), (33, 16), (1, 11), (10, 14), (6, 10), (20, 9), (23, 5), (14, 2), (4, 1), (12, 14), (14, 11), (4, 10), (27, 5), (32, 1), (30, 1), (8, 1), (27, 14), (17, 13), (30, 10), (8, 10), (1, 4), (11, 6), (2, 3), (24, 6), (10, 16), (1, 13), (16, 2), (25, 14), (6, 3), (20, 2), (6, 12), (20, 11), (23, 7), (4, 3), (23, 16), (12, 16), (4, 12), (27, 7), (17, 6), (30, 3), (8, 3), (27, 16), (30, 12), (8, 12), (19, 12), (11, 8), (2, 5), (16, 4), (25, 16), (15, 8), (6, 5), (31, 4), (20, 4), (29, 16), (6, 14), (21, 12), (23, 9), (14, 6), (4, 5), (4, 14), (34, 15), (27, 9), (17, 8), (30, 5), (33, 4), (9, 4), (19, 5), (10, 2), (30, 14), (8, 14), (10, 11), (11, 10), (25, 9), (32, 8), (2, 7), (2, 16), (15, 10), (31, 6), (7, 6), (18, 6), (21, 5), (6, 16), (23, 2), (12, 2), (12, 11), (4, 7), (34, 8), (27, 2), (28, 1), (4, 16), (27, 11), (17, 10), (19, 7), (10, 4), (9, 6), (1, 1), (25, 2), (30, 16), (19, 16), (8, 16), (10, 13), (32, 10), (13, 6), (15, 3), (15, 12), (6, 9), (7, 8), (21, 7)]",246,0,246
