iteration,expanded_state,parent,action,generated_successors,frontier_before,frontier_after,explored,g,h,f
1,"(1, 15)",None,None,"[((1, 14), 'South', 1), ((2, 15), 'East', 1)]","['(1, 15)']","['(1, 14)', '(2, 15)']","[(1, 15)]",0,0,0
2,"(1, 14)","(1, 15)",South,"[((1, 13), 'South', 1), ((2, 14), 'East', 1)]","['(1, 14)', '(2, 15)']","['(2, 15)', '(1, 13)', '(2, 14)']","[(1, 14), (1, 15)]",1,0,1
3,"(2, 15)","(1, 15)",East,"[((3, 15), 'East', 1)]","['(2, 15)', '(1, 13)', '(2, 14)']","['(1, 13)', '(2, 14)', '(3, 15)']","[(2, 15), (1, 14), (1, 15)]",1,0,1
4,"(1, 13)","(1, 14)",South,"[((1, 12), 'South', 1), ((2, 13), 'East', 1)]","['(1, 13)', '(2, 14)', '(3, 15)']","['(2, 14)', '(3, 15)', '(1, 12)', '(2, 13)']","[(2, 15), (1, 13), (1, 14), (1, 15)]",2,0,2
5,"(2, 14)","(1, 14)",East,"[((3, 14), 'East', 1)]","['(2, 14)', '(3, 15)', '(1, 12)', '(2, 13)']","['(3, 15)', '(2, 13)', '(1, 12)', '(3, 14)']","[(2, 14), (1, 15), (1, 14), (1, 13), (2, 15)]",2,0,2
6,"(3, 15)","(2, 15)",East,"[((4, 15), 'East', 1)]","['(3, 15)', '(2, 13)', '(1, 12)', '(3, 14)']","['(1, 12)', '(2, 13)', '(3, 14)', '(4, 15)']","[(2, 14), (1, 15), (1, 14), (1, 13), (2, 15), (3, 15)]",2,0,2
7,"(1, 12)","(1, 13)",South,"[((2, 12), 'East', 1)]","['(1, 12)', '(2, 13)', '(3, 14)', '(4, 15)']","['(2, 13)', '(4, 15)', '(3, 14)', '(2, 12)']","[(2, 14), (1, 12), (1, 15), (1, 14), (1, 13), (2, 15), (3, 15)]",3,0,3
8,"(2, 13)","(1, 13)",East,"[((3, 13), 'East', 1)]","['(2, 13)', '(4, 15)', '(3, 14)', '(2, 12)']","['(3, 14)', '(4, 15)', '(2, 12)', '(3, 13)']","[(2, 14), (1, 12), (1, 15), (1, 14), (2, 13), (1, 13), (2, 15), (3, 15)]",3,0,3
9,"(3, 14)","(2, 14)",East,[],"['(3, 14)', '(4, 15)', '(2, 12)', '(3, 13)']","['(4, 15)', '(3, 13)', '(2, 12)']","[(2, 14), (1, 12), (3, 14), (1, 15), (1, 14), (2, 13), (1, 13), (2, 15), (3, 15)]",3,0,3
10,"(4, 15)","(3, 15)",East,"[((5, 15), 'East', 1)]","['(4, 15)', '(3, 13)', '(2, 12)']","['(2, 12)', '(3, 13)', '(5, 15)']","[(2, 14), (1, 12), (3, 14), (1, 15), (1, 14), (2, 13), (4, 15), (1, 13), (2, 15), (3, 15)]",3,0,3
11,"(2, 12)","(1, 12)",East,"[((3, 12), 'East', 1)]","['(2, 12)', '(3, 13)', '(5, 15)']","['(3, 13)', '(5, 15)', '(3, 12)']","[(2, 14), (1, 12), (3, 14), (1, 15), (1, 14), (2, 13), (4, 15), (1, 13), (2, 12), (2, 15), (3, 15)]",4,0,4
12,"(3, 13)","(2, 13)",East,"[((4, 13), 'East', 1)]","['(3, 13)', '(5, 15)', '(3, 12)']","['(5, 15)', '(3, 12)', '(4, 13)']","[(2, 14), (1, 12), (3, 14), (1, 15), (1, 14), (2, 13), (4, 15), (3, 13), (1, 13), (2, 12), (2, 15), (3, 15)]",4,0,4
13,"(5, 15)","(4, 15)",East,"[((5, 14), 'South', 1), ((6, 15), 'East', 1)]","['(5, 15)', '(3, 12)', '(4, 13)']","['(3, 12)', '(4, 13)', '(5, 14)', '(6, 15)']","[(2, 14), (1, 12), (5, 15), (3, 14), (1, 15), (1, 14), (2, 13), (4, 15), (3, 13), (1, 13), (2, 12), (2, 15), (3, 15)]",4,0,4
14,"(3, 12)","(2, 12)",East,"[((3, 11), 'South', 1)]","['(3, 12)', '(4, 13)', '(5, 14)', '(6, 15)']","['(4, 13)', '(6, 15)', '(5, 14)', '(3, 11)']","[(2, 14), (1, 12), (5, 15), (3, 14), (1, 15), (1, 14), (2, 13), (4, 15), (3, 13), (1, 13), (2, 12), (3, 12), (2, 15), (3, 15)]",5,0,5
15,"(4, 13)","(3, 13)",East,"[((5, 13), 'East', 1)]","['(4, 13)', '(6, 15)', '(5, 14)', '(3, 11)']","['(5, 14)', '(6, 15)', '(3, 11)', '(5, 13)']","[(2, 14), (1, 12), (5, 15), (3, 14), (1, 15), (4, 13), (1, 14), (2, 13), (4, 15), (3, 13), (1, 13), (2, 12), (3, 12), (2, 15), (3, 15)]",5,0,5
16,"(5, 14)","(5, 15)",South,"[((6, 14), 'East', 1)]","['(5, 14)', '(6, 15)', '(3, 11)', '(5, 13)']","['(6, 15)', '(5, 13)', '(3, 11)', '(6, 14)']","[(2, 14), (1, 12), (5, 15), (3, 14), (1, 15), (4, 13), (5, 14), (1, 14), (2, 13), (4, 15), (3, 13), (1, 13), (2, 12), (3, 12), (2, 15), (3, 15)]",5,0,5
17,"(6, 15)","(5, 15)",East,"[((7, 15), 'East', 1)]","['(6, 15)', '(5, 13)', '(3, 11)', '(6, 14)']","['(3, 11)', '(5, 13)', '(6, 14)', '(7, 15)']","[(2, 14), (1, 12), (5, 15), (3, 14), (6, 15), (1, 15), (4, 13), (5, 14), (1, 14), (2, 13), (4, 15), (3, 13), (1, 13), (2, 12), (3, 12), (2, 15), (3, 15)]",5,0,5
18,"(3, 11)","(3, 12)",South,"[((3, 10), 'South', 1)]","['(3, 11)', '(5, 13)', '(6, 14)', '(7, 15)']","['(5, 13)', '(7, 15)', '(6, 14)', '(3, 10)']","[(2, 14), (1, 12), (5, 15), (3, 14), (6, 15), (1, 15), (4, 13), (5, 14), (1, 14), (2, 13), (4, 15), (3, 13), (1, 13), (2, 12), (3, 12), (2, 15), (3, 15), (3, 11)]",6,0,6
19,"(5, 13)","(4, 13)",East,"[((5, 12), 'South', 1), ((6, 13), 'East', 1)]","['(5, 13)', '(7, 15)', '(6, 14)', '(3, 10)']","['(6, 14)', '(7, 15)', '(3, 10)', '(5, 12)', '(6, 13)']","[(6, 15), (5, 13), (4, 15), (3, 13), (2, 14), (1, 12), (1, 15), (3, 12), (3, 15), (5, 15), (1, 14), (2, 13), (3, 11), (3, 14), (4, 13), (5, 14), (1, 13), (2, 12), (2, 15)]",6,0,6
20,"(6, 14)","(5, 14)",East,"[((7, 14), 'East', 1)]","['(6, 14)', '(7, 15)', '(3, 10)', '(5, 12)', '(6, 13)']","['(7, 15)', '(5, 12)', '(3, 10)', '(6, 13)', '(7, 14)']","[(6, 15), (5, 13), (4, 15), (3, 13), (2, 14), (1, 12), (1, 15), (6, 14), (3, 12), (3, 15), (5, 15), (1, 14), (2, 13), (3, 11), (3, 14), (4, 13), (5, 14), (1, 13), (2, 12), (2, 15)]",6,0,6
21,"(7, 15)","(6, 15)",East,"[((8, 15), 'East', 1)]","['(7, 15)', '(5, 12)', '(3, 10)', '(6, 13)', '(7, 14)']","['(3, 10)', '(5, 12)', '(7, 14)', '(6, 13)', '(8, 15)']","[(6, 15), (5, 13), (4, 15), (3, 13), (2, 14), (1, 12), (1, 15), (6, 14), (3, 12), (3, 15), (5, 15), (1, 14), (2, 13), (7, 15), (3, 11), (3, 14), (4, 13), (5, 14), (1, 13), (2, 12), (2, 15)]",6,0,6
22,"(3, 10)","(3, 11)",South,"[((3, 9), 'South', 1), ((2, 10), 'West', 1)]","['(3, 10)', '(5, 12)', '(7, 14)', '(6, 13)', '(8, 15)']","['(5, 12)', '(6, 13)', '(7, 14)', '(8, 15)', '(3, 9)', '(2, 10)']","[(6, 15), (3, 10), (5, 13), (4, 15), (3, 13), (2, 14), (1, 12), (1, 15), (6, 14), (3, 12), (3, 15), (5, 15), (1, 14), (2, 13), (7, 15), (3, 11), (3, 14), (4, 13), (5, 14), (1, 13), (2, 12), (2, 15)]",7,0,7
23,"(5, 12)","(5, 13)",South,"[((6, 12), 'East', 1)]","['(5, 12)', '(6, 13)', '(7, 14)', '(8, 15)', '(3, 9)', '(2, 10)']","['(6, 13)', '(8, 15)', '(7, 14)', '(2, 10)', '(3, 9)', '(6, 12)']","[(6, 15), (3, 10), (5, 13), (4, 15), (3, 13), (2, 14), (1, 12), (1, 15), (6, 14), (3, 12), (3, 15), (5, 12), (5, 15), (1, 14), (2, 13), (7, 15), (3, 11), (3, 14), (4, 13), (5, 14), (1, 13), (2, 12), (2, 15)]",7,0,7
24,"(6, 13)","(5, 13)",East,"[((7, 13), 'East', 1)]","['(6, 13)', '(8, 15)', '(7, 14)', '(2, 10)', '(3, 9)', '(6, 12)']","['(7, 14)', '(8, 15)', '(6, 12)', '(2, 10)', '(3, 9)', '(7, 13)']","[(6, 15), (3, 10), (5, 13), (4, 15), (3, 13), (2, 14), (1, 12), (1, 15), (6, 14), (3, 12), (3, 15), (5, 12), (5, 15), (1, 14), (2, 13), (6, 13), (7, 15), (3, 11), (3, 14), (4, 13), (5, 14), (1, 13), (2, 12), (2, 15)]",7,0,7
25,"(7, 14)","(6, 14)",East,[],"['(7, 14)', '(8, 15)', '(6, 12)', '(2, 10)', '(3, 9)', '(7, 13)']","['(8, 15)', '(3, 9)', '(6, 12)', '(2, 10)', '(7, 13)']","[(6, 15), (3, 10), (5, 13), (4, 15), (3, 13), (2, 14), (1, 12), (1, 15), (6, 14), (3, 12), (3, 15), (5, 12), (5, 15), (1, 14), (2, 13), (6, 13), (7, 15), (3, 11), (3, 14), (4, 13), (5, 14), (1, 13), (2, 12), (2, 15), (7, 14)]",7,0,7
26,"(8, 15)","(7, 15)",East,"[((9, 15), 'East', 1)]","['(8, 15)', '(3, 9)', '(6, 12)', '(2, 10)', '(7, 13)']","['(3, 9)', '(2, 10)', '(6, 12)', '(7, 13)', '(9, 15)']","[(6, 15), (3, 10), (5, 13), (4, 15), (3, 13), (8, 15), (2, 14), (1, 12), (1, 15), (6, 14), (3, 12), (3, 15), (5, 12), (5, 15), (1, 14), (2, 13), (6, 13), (7, 15), (3, 11), (3, 14), (4, 13), (5, 14), (1, 13), (2, 12), (2, 15), (7, 14)]",7,0,7
27,"(3, 9)","(3, 10)",South,"[((3, 8), 'South', 1), ((4, 9), 'East', 1), ((2, 9), 'West', 1)]","['(3, 9)', '(2, 10)', '(6, 12)', '(7, 13)', '(9, 15)']","['(2, 10)', '(7, 13)', '(6, 12)', '(9, 15)', '(3, 8)', '(4, 9)', '(2, 9)']","[(6, 15), (3, 10), (5, 13), (4, 15), (3, 13), (8, 15), (2, 14), (1, 12), (1, 15), (6, 14), (3, 9), (3, 12), (3, 15), (5, 12), (5, 15), (1, 14), (2, 13), (6, 13), (7, 15), (3, 11), (3, 14), (4, 13), (5, 14), (1, 13), (2, 12), (2, 15), (7, 14)]",8,0,8
28,"(2, 10)","(3, 10)",West,"[((1, 10), 'West', 1)]","['(2, 10)', '(7, 13)', '(6, 12)', '(9, 15)', '(3, 8)', '(4, 9)', '(2, 9)']","['(6, 12)', '(7, 13)', '(4, 9)', '(9, 15)', '(3, 8)', '(2, 9)', '(1, 10)']","[(6, 15), (3, 10), (5, 13), (4, 15), (3, 13), (8, 15), (2, 14), (1, 12), (1, 15), (6, 14), (3, 9), (3, 12), (3, 15), (5, 12), (5, 15), (2, 10), (1, 14), (2, 13), (6, 13), (7, 15), (3, 11), (3, 14), (4, 13), (5, 14), (1, 13), (2, 12), (2, 15), (7, 14)]",8,0,8
29,"(6, 12)","(5, 12)",East,"[((6, 11), 'South', 1), ((7, 12), 'East', 1)]","['(6, 12)', '(7, 13)', '(4, 9)', '(9, 15)', '(3, 8)', '(2, 9)', '(1, 10)']","['(7, 13)', '(9, 15)', '(4, 9)', '(1, 10)', '(3, 8)', '(2, 9)', '(6, 11)', '(7, 12)']","[(6, 12), (6, 15), (3, 10), (5, 13), (4, 15), (3, 13), (8, 15), (2, 14), (1, 12), (1, 15), (6, 14), (3, 9), (3, 12), (3, 15), (5, 12), (5, 15), (2, 10), (1, 14), (2, 13), (6, 13), (7, 15), (3, 11), (3, 14), (4, 13), (5, 14), (1, 13), (2, 12), (2, 15), (7, 14)]",8,0,8
30,"(7, 13)","(6, 13)",East,"[((8, 13), 'East', 1)]","['(7, 13)', '(9, 15)', '(4, 9)', '(1, 10)', '(3, 8)', '(2, 9)', '(6, 11)', '(7, 12)']","['(9, 15)', '(3, 8)', '(4, 9)', '(1, 10)', '(7, 12)', '(2, 9)', '(6, 11)', '(8, 13)']","[(6, 12), (6, 15), (3, 10), (5, 13), (4, 15), (3, 13), (8, 15), (2, 14), (1, 12), (1, 15), (6, 14), (7, 13), (3, 9), (3, 12), (3, 15), (5, 12), (5, 15), (2, 10), (1, 14), (2, 13), (6, 13), (7, 15), (3, 11), (3, 14), (4, 13), (5, 14), (1, 13), (2, 12), (2, 15), (7, 14)]",8,0,8
31,"(9, 15)","(8, 15)",East,"[((9, 14), 'South', 1), ((10, 15), 'East', 1)]","['(9, 15)', '(3, 8)', '(4, 9)', '(1, 10)', '(7, 12)', '(2, 9)', '(6, 11)', '(8, 13)']","['(3, 8)', '(1, 10)', '(4, 9)', '(8, 13)', '(7, 12)', '(2, 9)', '(6, 11)', '(9, 14)', '(10, 15)']","[(6, 12), (6, 15), (3, 10), (5, 13), (4, 15), (3, 13), (8, 15), (2, 14), (1, 12), (1, 15), (6, 14), (7, 13), (3, 9), (3, 12), (3, 15), (5, 12), (5, 15), (2, 10), (1, 14), (2, 13), (6, 13), (7, 15), (3, 11), (3, 14), (4, 13), (5, 14), (9, 15), (1, 13), (2, 12), (2, 15), (7, 14)]",8,0,8
32,"(3, 8)","(3, 9)",South,"[((3, 7), 'South', 1), ((2, 8), 'West', 1)]","['(3, 8)', '(1, 10)', '(4, 9)', '(8, 13)', '(7, 12)', '(2, 9)', '(6, 11)', '(9, 14)', '(10, 15)']","['(4, 9)', '(1, 10)', '(2, 9)', '(8, 13)', '(7, 12)', '(10, 15)', '(6, 11)', '(9, 14)', '(3, 7)', '(2, 8)']","[(6, 12), (6, 15), (3, 10), (5, 13), (4, 15), (3, 13), (8, 15), (2, 14), (1, 12), (1, 15), (6, 14), (7, 13), (3, 9), (3, 12), (3, 15), (5, 12), (5, 15), (2, 10), (1, 14), (2, 13), (6, 13), (7, 15), (3, 11), (3, 8), (3, 14), (4, 13), (5, 14), (9, 15), (1, 13), (2, 12), (2, 15), (7, 14)]",9,0,9
33,"(4, 9)","(3, 9)",East,"[((5, 9), 'East', 1)]","['(4, 9)', '(1, 10)', '(2, 9)', '(8, 13)', '(7, 12)', '(10, 15)', '(6, 11)', '(9, 14)', '(3, 7)', '(2, 8)']","['(2, 9)', '(1, 10)', '(6, 11)', '(8, 13)', '(7, 12)', '(10, 15)', '(2, 8)', '(9, 14)', '(3, 7)', '(5, 9)']","[(6, 12), (6, 15), (4, 9), (3, 10), (5, 13), (4, 15), (3, 13), (8, 15), (2, 14), (1, 12), (1, 15), (6, 14), (7, 13), (3, 9), (3, 12), (3, 15), (5, 12), (5, 15), (2, 10), (1, 14), (2, 13), (6, 13), (7, 15), (3, 11), (3, 8), (3, 14), (4, 13), (5, 14), (9, 15), (1, 13), (2, 12), (2, 15), (7, 14)]",9,0,9
34,"(2, 9)","(3, 9)",West,"[((1, 9), 'West', 1)]","['(2, 9)', '(1, 10)', '(6, 11)', '(8, 13)', '(7, 12)', '(10, 15)', '(2, 8)', '(9, 14)', '(3, 7)', '(5, 9)']","['(1, 10)', '(7, 12)', '(6, 11)', '(8, 13)', '(5, 9)', '(10, 15)', '(2, 8)', '(9, 14)', '(3, 7)', '(1, 9)']","[(6, 12), (6, 15), (4, 9), (3, 10), (5, 13), (4, 15), (3, 13), (8, 15), (2, 14), (1, 12), (1, 15), (6, 14), (7, 13), (3, 9), (3, 12), (3, 15), (5, 12), (5, 15), (2, 10), (1, 14), (2, 13), (6, 13), (7, 15), (3, 11), (3, 8), (3, 14), (4, 13), (5, 14), (9, 15), (2, 9), (1, 13), (2, 12), (2, 15), (7, 14)]",9,0,9
35,"(1, 10)","(2, 10)",West,[],"['(1, 10)', '(7, 12)', '(6, 11)', '(8, 13)', '(5, 9)', '(10, 15)', '(2, 8)', '(9, 14)', '(3, 7)', '(1, 9)']","['(6, 11)', '(7, 12)', '(10, 15)', '(8, 13)', '(5, 9)', '(1, 9)', '(2, 8)', '(9, 14)', '(3, 7)']","[(6, 12), (6, 15), (4, 9), (3, 10), (5, 13), (4, 15), (3, 13), (8, 15), (2, 14), (1, 12), (1, 15), (6, 14), (7, 13), (3, 9), (3, 12), (3, 15), (5, 12), (5, 15), (2, 10), (1, 14), (2, 13), (6, 13), (7, 15), (3, 11), (3, 8), (3, 14), (4, 13), (5, 14), (9, 15), (2, 9), (1, 13), (2, 12), (1, 10), (2, 15), (7, 14)]",9,0,9
36,"(6, 11)","(6, 12)",South,"[((6, 10), 'South', 1)]","['(6, 11)', '(7, 12)', '(10, 15)', '(8, 13)', '(5, 9)', '(1, 9)', '(2, 8)', '(9, 14)', '(3, 7)']","['(7, 12)', '(8, 13)', '(10, 15)', '(9, 14)', '(5, 9)', '(1, 9)', '(2, 8)', '(3, 7)', '(6, 10)']","[(6, 12), (6, 15), (4, 9), (3, 10), (5, 13), (4, 15), (3, 13), (8, 15), (2, 14), (1, 12), (1, 15), (6, 11), (6, 14), (7, 13), (3, 9), (3, 12), (3, 15), (5, 12), (5, 15), (2, 10), (1, 14), (2, 13), (6, 13), (7, 15), (3, 11), (3, 8), (3, 14), (4, 13), (5, 14), (9, 15), (2, 9), (1, 13), (2, 12), (1, 10), (2, 15), (7, 14)]",9,0,9
37,"(7, 12)","(6, 12)",East,[],"['(7, 12)', '(8, 13)', '(10, 15)', '(9, 14)', '(5, 9)', '(1, 9)', '(2, 8)', '(3, 7)', '(6, 10)']","['(8, 13)', '(9, 14)', '(10, 15)', '(3, 7)', '(5, 9)', '(1, 9)', '(2, 8)', '(6, 10)']","[(6, 12), (6, 15), (4, 9), (3, 10), (5, 13), (4, 15), (3, 13), (8, 15), (2, 14), (1, 12), (1, 15), (6, 11), (6, 14), (7, 13), (3, 9), (3, 12), (3, 15), (5, 12), (5, 15), (2, 10), (1, 14), (2, 13), (6, 13), (7, 12), (7, 15), (3, 11), (3, 8), (3, 14), (4, 13), (5, 14), (9, 15), (2, 9), (1, 13), (2, 12), (1, 10), (2, 15), (7, 14)]",9,0,9
38,"(8, 13)","(7, 13)",East,"[((9, 13), 'East', 1)]","['(8, 13)', '(9, 14)', '(10, 15)', '(3, 7)', '(5, 9)', '(1, 9)', '(2, 8)', '(6, 10)']","['(9, 14)', '(3, 7)', '(10, 15)', '(6, 10)', '(5, 9)', '(1, 9)', '(2, 8)', '(9, 13)']","[(6, 12), (6, 15), (4, 9), (3, 10), (5, 13), (4, 15), (3, 13), (8, 15), (2, 14), (1, 12), (1, 15), (6, 11), (6, 14), (7, 13), (3, 9), (3, 12), (3, 15), (5, 12), (5, 15), (2, 10), (1, 14), (2, 13), (6, 13), (7, 12), (7, 15), (3, 11), (3, 8), (3, 14), (4, 13), (5, 14), (9, 15), (8, 13), (2, 9), (1, 13), (2, 12), (1, 10), (2, 15), (7, 14)]",9,0,9
39,"(9, 14)","(9, 15)",South,"[((10, 14), 'East', 1)]","['(9, 14)', '(3, 7)', '(10, 15)', '(6, 10)', '(5, 9)', '(1, 9)', '(2, 8)', '(9, 13)']","['(10, 15)', '(3, 7)', '(2, 8)', '(6, 10)', '(5, 9)', '(1, 9)', '(9, 13)', '(10, 14)']","[(6, 12), (6, 15), (4, 9), (3, 10), (5, 13), (4, 15), (3, 13), (9, 14), (8, 15), (2, 14), (1, 12), (1, 15), (6, 11), (6, 14), (7, 13), (3, 9), (3, 12), (3, 15), (5, 12), (5, 15), (2, 10), (1, 14), (2, 13), (6, 13), (7, 12), (7, 15), (3, 11), (3, 8), (3, 14), (4, 13), (5, 14), (9, 15), (8, 13), (2, 9), (1, 13), (2, 12), (1, 10), (2, 15), (7, 14)]",9,0,9
40,"(10, 15)","(9, 15)",East,"[((11, 15), 'East', 1)]","['(10, 15)', '(3, 7)', '(2, 8)', '(6, 10)', '(5, 9)', '(1, 9)', '(9, 13)', '(10, 14)']","['(3, 7)', '(5, 9)', '(2, 8)', '(6, 10)', '(10, 14)', '(1, 9)', '(9, 13)', '(11, 15)']","[(6, 12), (6, 15), (4, 9), (3, 10), (5, 13), (4, 15), (3, 13), (9, 14), (8, 15), (2, 14), (1, 12), (10, 15), (1, 15), (6, 11), (6, 14), (7, 13), (3, 9), (3, 12), (3, 15), (5, 12), (5, 15), (2, 10), (1, 14), (2, 13), (6, 13), (7, 12), (7, 15), (3, 11), (3, 8), (3, 14), (4, 13), (5, 14), (9, 15), (8, 13), (2, 9), (1, 13), (2, 12), (1, 10), (2, 15), (7, 14)]",9,0,9
41,"(3, 7)","(3, 8)",South,"[((3, 6), 'South', 1), ((4, 7), 'East', 1), ((2, 7), 'West', 1)]","['(3, 7)', '(5, 9)', '(2, 8)', '(6, 10)', '(10, 14)', '(1, 9)', '(9, 13)', '(11, 15)']","['(2, 8)', '(5, 9)', '(1, 9)', '(6, 10)', '(10, 14)', '(11, 15)', '(9, 13)', '(3, 6)', '(4, 7)', '(2, 7)']","[(6, 12), (6, 15), (4, 9), (3, 7), (3, 10), (5, 13), (4, 15), (3, 13), (9, 14), (8, 15), (2, 14), (1, 12), (10, 15), (1, 15), (6, 11), (6, 14), (7, 13), (3, 9), (3, 12), (3, 15), (5, 12), (5, 15), (2, 10), (1, 14), (2, 13), (6, 13), (7, 12), (7, 15), (3, 11), (3, 8), (3, 14), (4, 13), (5, 14), (9, 15), (8, 13), (2, 9), (1, 13), (2, 12), (1, 10), (2, 15), (7, 14)]",10,0,10
42,"(2, 8)","(3, 8)",West,"[((1, 8), 'West', 1)]","['(2, 8)', '(5, 9)', '(1, 9)', '(6, 10)', '(10, 14)', '(11, 15)', '(9, 13)', '(3, 6)', '(4, 7)', '(2, 7)']","['(5, 9)', '(6, 10)', '(1, 9)', '(3, 6)', '(10, 14)', '(11, 15)', '(9, 13)', '(2, 7)', '(4, 7)', '(1, 8)']","[(6, 12), (6, 15), (4, 9), (3, 7), (3, 10), (5, 13), (4, 15), (3, 13), (9, 14), (8, 15), (2, 8), (2, 14), (1, 12), (10, 15), (1, 15), (6, 11), (6, 14), (7, 13), (3, 9), (3, 12), (3, 15), (5, 12), (5, 15), (2, 10), (1, 14), (2, 13), (6, 13), (7, 12), (7, 15), (3, 11), (3, 8), (3, 14), (4, 13), (5, 14), (9, 15), (8, 13), (2, 9), (1, 13), (2, 12), (1, 10), (2, 15), (7, 14)]",10,0,10
43,"(5, 9)","(4, 9)",East,"[((5, 10), 'North', 1), ((5, 8), 'South', 1), ((6, 9), 'East', 1)]","['(5, 9)', '(6, 10)', '(1, 9)', '(3, 6)', '(10, 14)', '(11, 15)', '(9, 13)', '(2, 7)', '(4, 7)', '(1, 8)']","['(1, 9)', '(6, 10)', '(9, 13)', '(3, 6)', '(10, 14)', '(11, 15)', '(1, 8)', '(2, 7)', '(4, 7)', '(5, 10)', '(5, 8)', '(6, 9)']","[(6, 12), (6, 15), (4, 9), (3, 7), (3, 10), (5, 13), (4, 15), (3, 13), (9, 14), (8, 15), (2, 8), (2, 14), (1, 12), (10, 15), (1, 15), (6, 11), (6, 14), (7, 13), (3, 9), (3, 12), (5, 9), (3, 15), (5, 12), (5, 15), (2, 10), (1, 14), (2, 13), (6, 13), (7, 12), (7, 15), (3, 11), (3, 8), (3, 14), (4, 13), (5, 14), (9, 15), (8, 13), (2, 9), (1, 13), (2, 12), (1, 10), (2, 15), (7, 14)]",10,0,10
44,"(1, 9)","(2, 9)",West,[],"['(1, 9)', '(6, 10)', '(9, 13)', '(3, 6)', '(10, 14)', '(11, 15)', '(1, 8)', '(2, 7)', '(4, 7)', '(5, 10)', '(5, 8)', '(6, 9)']","['(6, 10)', '(10, 14)', '(9, 13)', '(3, 6)', '(5, 10)', '(11, 15)', '(1, 8)', '(2, 7)', '(4, 7)', '(6, 9)', '(5, 8)']","[(6, 12), (6, 15), (4, 9), (3, 7), (3, 10), (5, 13), (4, 15), (3, 13), (9, 14), (8, 15), (1, 9), (2, 8), (2, 14), (1, 12), (10, 15), (1, 15), (6, 11), (6, 14), (7, 13), (3, 9), (3, 12), (5, 9), (3, 15), (5, 12), (5, 15), (2, 10), (1, 14), (2, 13), (6, 13), (7, 12), (7, 15), (3, 11), (3, 8), (3, 14), (4, 13), (5, 14), (9, 15), (8, 13), (2, 9), (1, 13), (2, 12), (1, 10), (2, 15), (7, 14)]",10,0,10
45,"(6, 10)","(6, 11)",South,"[((7, 10), 'East', 1)]","['(6, 10)', '(10, 14)', '(9, 13)', '(3, 6)', '(5, 10)', '(11, 15)', '(1, 8)', '(2, 7)', '(4, 7)', '(6, 9)', '(5, 8)']","['(9, 13)', '(10, 14)', '(11, 15)', '(3, 6)', '(5, 10)', '(5, 8)', '(1, 8)', '(2, 7)', '(4, 7)', '(6, 9)', '(7, 10)']","[(6, 12), (6, 15), (4, 9), (3, 7), (3, 10), (5, 13), (4, 15), (3, 13), (9, 14), (8, 15), (1, 9), (2, 8), (2, 14), (1, 12), (10, 15), (1, 15), (6, 11), (6, 14), (7, 13), (3, 9), (3, 12), (5, 9), (3, 15), (5, 12), (5, 15), (2, 10), (1, 14), (2, 13), (6, 13), (7, 12), (6, 10), (7, 15), (3, 11), (3, 8), (3, 14), (4, 13), (5, 14), (9, 15), (8, 13), (2, 9), (1, 13), (2, 12), (1, 10), (2, 15), (7, 14)]",10,0,10
46,"(9, 13)","(8, 13)",East,"[((9, 12), 'South', 1), ((10, 13), 'East', 1)]","['(9, 13)', '(10, 14)', '(11, 15)', '(3, 6)', '(5, 10)', '(5, 8)', '(1, 8)', '(2, 7)', '(4, 7)', '(6, 9)', '(7, 10)']","['(10, 14)', '(3, 6)', '(11, 15)', '(4, 7)', '(5, 10)', '(5, 8)', '(1, 8)', '(2, 7)', '(7, 10)', '(6, 9)', '(9, 12)', '(10, 13)']","[(6, 12), (6, 15), (4, 9), (3, 7), (3, 10), (5, 13), (4, 15), (3, 13), (9, 14), (8, 15), (1, 9), (2, 8), (2, 14), (1, 12), (10, 15), (1, 15), (6, 11), (6, 14), (7, 13), (3, 9), (3, 12), (5, 9), (3, 15), (5, 12), (5, 15), (9, 13), (2, 10), (1, 14), (2, 13), (6, 13), (7, 12), (6, 10), (7, 15), (3, 11), (3, 8), (3, 14), (4, 13), (5, 14), (9, 15), (8, 13), (2, 9), (1, 13), (2, 12), (1, 10), (2, 15), (7, 14)]",10,0,10
47,"(10, 14)","(9, 14)",East,"[((11, 14), 'East', 1)]","['(10, 14)', '(3, 6)', '(11, 15)', '(4, 7)', '(5, 10)', '(5, 8)', '(1, 8)', '(2, 7)', '(7, 10)', '(6, 9)', '(9, 12)', '(10, 13)']","['(11, 15)', '(3, 6)', '(1, 8)', '(4, 7)', '(5, 10)', '(5, 8)', '(10, 13)', '(2, 7)', '(7, 10)', '(6, 9)', '(9, 12)', '(11, 14)']","[(6, 12), (6, 15), (4, 9), (3, 7), (3, 10), (5, 13), (4, 15), (3, 13), (9, 14), (8, 15), (1, 9), (2, 8), (2, 14), (1, 12), (10, 15), (1, 15), (6, 11), (6, 14), (7, 13), (3, 9), (3, 12), (5, 9), (3, 15), (5, 12), (5, 15), (9, 13), (10, 14), (2, 10), (1, 14), (2, 13), (6, 13), (7, 12), (6, 10), (7, 15), (3, 11), (3, 8), (3, 14), (4, 13), (5, 14), (9, 15), (8, 13), (2, 9), (1, 13), (2, 12), (1, 10), (2, 15), (7, 14)]",10,0,10
48,"(11, 15)","(10, 15)",East,"[((12, 15), 'East', 1)]","['(11, 15)', '(3, 6)', '(1, 8)', '(4, 7)', '(5, 10)', '(5, 8)', '(10, 13)', '(2, 7)', '(7, 10)', '(6, 9)', '(9, 12)', '(11, 14)']","['(3, 6)', '(4, 7)', '(1, 8)', '(2, 7)', '(5, 10)', '(5, 8)', '(10, 13)', '(11, 14)', '(7, 10)', '(6, 9)', '(9, 12)', '(12, 15)']","[(6, 12), (6, 15), (4, 9), (3, 7), (3, 10), (5, 13), (4, 15), (3, 13), (9, 14), (8, 15), (1, 9), (2, 8), (2, 14), (1, 12), (10, 15), (1, 15), (6, 11), (6, 14), (7, 13), (3, 9), (3, 12), (5, 9), (3, 15), (5, 12), (5, 15), (9, 13), (10, 14), (2, 10), (1, 14), (2, 13), (6, 13), (7, 12), (6, 10), (7, 15), (3, 11), (3, 8), (3, 14), (4, 13), (5, 14), (9, 15), (8, 13), (2, 9), (1, 13), (11, 15), (2, 12), (1, 10), (2, 15), (7, 14)]",10,0,10
49,"(3, 6)","(3, 7)",South,"[((3, 5), 'South', 1)]","['(3, 6)', '(4, 7)', '(1, 8)', '(2, 7)', '(5, 10)', '(5, 8)', '(10, 13)', '(11, 14)', '(7, 10)', '(6, 9)', '(9, 12)', '(12, 15)']","['(4, 7)', '(2, 7)', '(1, 8)', '(7, 10)', '(5, 10)', '(5, 8)', '(10, 13)', '(11, 14)', '(12, 15)', '(6, 9)', '(9, 12)', '(3, 5)']","[(6, 12), (6, 15), (4, 9), (3, 7), (3, 10), (5, 13), (4, 15), (3, 13), (9, 14), (8, 15), (1, 9), (2, 8), (2, 14), (1, 12), (10, 15), (1, 15), (6, 11), (6, 14), (7, 13), (3, 9), (3, 6), (3, 12), (5, 9), (3, 15), (5, 12), (5, 15), (9, 13), (10, 14), (2, 10), (1, 14), (2, 13), (6, 13), (7, 12), (6, 10), (7, 15), (3, 11), (3, 8), (3, 14), (4, 13), (5, 14), (9, 15), (8, 13), (2, 9), (1, 13), (11, 15), (2, 12), (1, 10), (2, 15), (7, 14)]",11,0,11
50,"(4, 7)","(3, 7)",East,"[((5, 7), 'East', 1)]","['(4, 7)', '(2, 7)', '(1, 8)', '(7, 10)', '(5, 10)', '(5, 8)', '(10, 13)', '(11, 14)', '(12, 15)', '(6, 9)', '(9, 12)', '(3, 5)']","['(2, 7)', '(5, 10)', '(1, 8)', '(7, 10)', '(6, 9)', '(5, 8)', '(10, 13)', '(11, 14)', '(12, 15)', '(3, 5)', '(9, 12)', '(5, 7)']","[(6, 12), (6, 15), (4, 9), (3, 7), (3, 10), (5, 13), (4, 15), (3, 13), (9, 14), (8, 15), (1, 9), (2, 8), (2, 14), (1, 12), (10, 15), (1, 15), (6, 11), (6, 14), (7, 13), (3, 9), (3, 6), (3, 12), (5, 9), (3, 15), (5, 12), (5, 15), (9, 13), (10, 14), (2, 10), (1, 14), (2, 13), (6, 13), (7, 12), (6, 10), (7, 15), (4, 7), (3, 11), (3, 8), (3, 14), (4, 13), (5, 14), (9, 15), (8, 13), (2, 9), (1, 13), (11, 15), (2, 12), (1, 10), (2, 15), (7, 14)]",11,0,11
51,"(2, 7)","(3, 7)",West,"[((1, 7), 'West', 1)]","['(2, 7)', '(5, 10)', '(1, 8)', '(7, 10)', '(6, 9)', '(5, 8)', '(10, 13)', '(11, 14)', '(12, 15)', '(3, 5)', '(9, 12)', '(5, 7)']","['(1, 8)', '(5, 10)', '(5, 8)', '(7, 10)', '(6, 9)', '(5, 7)', '(10, 13)', '(11, 14)', '(12, 15)', '(3, 5)', '(9, 12)', '(1, 7)']","[(6, 12), (6, 15), (4, 9), (3, 7), (3, 10), (5, 13), (4, 15), (3, 13), (9, 14), (8, 15), (1, 9), (2, 8), (2, 14), (1, 12), (10, 15), (1, 15), (6, 11), (6, 14), (7, 13), (3, 9), (3, 6), (3, 12), (5, 9), (3, 15), (5, 12), (5, 15), (9, 13), (2, 7), (10, 14), (2, 10), (1, 14), (2, 13), (6, 13), (7, 12), (6, 10), (7, 15), (4, 7), (3, 11), (3, 8), (3, 14), (4, 13), (5, 14), (9, 15), (8, 13), (2, 9), (1, 13), (11, 15), (2, 12), (1, 10), (2, 15), (7, 14)]",11,0,11
52,"(1, 8)","(2, 8)",West,[],"['(1, 8)', '(5, 10)', '(5, 8)', '(7, 10)', '(6, 9)', '(5, 7)', '(10, 13)', '(11, 14)', '(12, 15)', '(3, 5)', '(9, 12)', '(1, 7)']","['(5, 10)', '(6, 9)', '(5, 8)', '(7, 10)', '(9, 12)', '(5, 7)', '(10, 13)', '(11, 14)', '(12, 15)', '(3, 5)', '(1, 7)']","[(6, 12), (6, 15), (4, 9), (3, 7), (3, 10), (5, 13), (4, 15), (3, 13), (9, 14), (8, 15), (1, 9), (2, 8), (2, 14), (1, 12), (10, 15), (1, 15), (6, 11), (6, 14), (7, 13), (3, 9), (3, 6), (3, 12), (5, 9), (3, 15), (5, 12), (5, 15), (9, 13), (2, 7), (10, 14), (2, 10), (1, 8), (1, 14), (2, 13), (6, 13), (7, 12), (6, 10), (7, 15), (4, 7), (3, 11), (3, 8), (3, 14), (4, 13), (5, 14), (9, 15), (8, 13), (2, 9), (1, 13), (11, 15), (2, 12), (1, 10), (2, 15), (7, 14)]",11,0,11
53,"(5, 10)","(5, 9)",North,[],"['(5, 10)', '(6, 9)', '(5, 8)', '(7, 10)', '(9, 12)', '(5, 7)', '(10, 13)', '(11, 14)', '(12, 15)', '(3, 5)', '(1, 7)']","['(5, 8)', '(6, 9)', '(10, 13)', '(7, 10)', '(9, 12)', '(5, 7)', '(1, 7)', '(11, 14)', '(12, 15)', '(3, 5)']","[(6, 12), (6, 15), (4, 9), (3, 7), (3, 10), (5, 13), (4, 15), (3, 13), (5, 10), (9, 14), (8, 15), (1, 9), (2, 8), (2, 14), (1, 12), (10, 15), (1, 15), (6, 11), (6, 14), (7, 13), (3, 9), (3, 6), (3, 12), (5, 9), (3, 15), (5, 12), (5, 15), (9, 13), (2, 7), (10, 14), (2, 10), (1, 8), (1, 14), (2, 13), (6, 13), (7, 12), (6, 10), (7, 15), (4, 7), (3, 11), (3, 8), (3, 14), (4, 13), (5, 14), (9, 15), (8, 13), (2, 9), (1, 13), (11, 15), (2, 12), (1, 10), (2, 15), (7, 14)]",11,0,11
54,"(5, 8)","(5, 9)",South,"[((6, 8), 'East', 1)]","['(5, 8)', '(6, 9)', '(10, 13)', '(7, 10)', '(9, 12)', '(5, 7)', '(1, 7)', '(11, 14)', '(12, 15)', '(3, 5)']","['(6, 9)', '(7, 10)', '(10, 13)', '(11, 14)', '(9, 12)', '(5, 7)', '(1, 7)', '(3, 5)', '(12, 15)', '(6, 8)']","[(6, 12), (6, 15), (4, 9), (3, 7), (3, 10), (5, 13), (4, 15), (3, 13), (5, 10), (9, 14), (8, 15), (1, 9), (2, 8), (2, 14), (1, 12), (10, 15), (1, 15), (6, 11), (6, 14), (7, 13), (3, 9), (3, 6), (3, 12), (5, 9), (3, 15), (5, 12), (5, 15), (9, 13), (2, 7), (10, 14), (2, 10), (1, 8), (1, 14), (2, 13), (6, 13), (7, 12), (6, 10), (7, 15), (4, 7), (3, 11), (3, 8), (3, 14), (4, 13), (5, 8), (5, 14), (9, 15), (8, 13), (2, 9), (1, 13), (11, 15), (2, 12), (1, 10), (2, 15), (7, 14)]",11,0,11
55,"(6, 9)","(5, 9)",East,"[((7, 9), 'East', 1)]","['(6, 9)', '(7, 10)', '(10, 13)', '(11, 14)', '(9, 12)', '(5, 7)', '(1, 7)', '(3, 5)', '(12, 15)', '(6, 8)']","['(7, 10)', '(9, 12)', '(10, 13)', '(11, 14)', '(6, 8)', '(5, 7)', '(1, 7)', '(3, 5)', '(12, 15)', '(7, 9)']","[(6, 12), (6, 15), (4, 9), (3, 7), (3, 10), (5, 13), (4, 15), (3, 13), (5, 10), (9, 14), (8, 15), (1, 9), (2, 8), (2, 14), (1, 12), (10, 15), (1, 15), (6, 11), (6, 14), (7, 13), (3, 9), (3, 6), (3, 12), (5, 9), (3, 15), (5, 12), (5, 15), (9, 13), (2, 7), (10, 14), (2, 10), (1, 8), (1, 14), (2, 13), (6, 13), (7, 12), (6, 10), (7, 15), (4, 7), (3, 11), (3, 8), (3, 14), (4, 13), (5, 8), (5, 14), (9, 15), (8, 13), (2, 9), (1, 13), (11, 15), (2, 12), (1, 10), (2, 15), (6, 9), (7, 14)]",11,0,11
56,"(7, 10)","(6, 10)",East,[],"['(7, 10)', '(9, 12)', '(10, 13)', '(11, 14)', '(6, 8)', '(5, 7)', '(1, 7)', '(3, 5)', '(12, 15)', '(7, 9)']","['(9, 12)', '(11, 14)', '(10, 13)', '(12, 15)', '(6, 8)', '(5, 7)', '(1, 7)', '(3, 5)', '(7, 9)']","[(6, 12), (6, 15), (4, 9), (3, 7), (3, 10), (5, 13), (4, 15), (3, 13), (5, 10), (9, 14), (8, 15), (1, 9), (2, 8), (2, 14), (1, 12), (10, 15), (1, 15), (6, 11), (7, 10), (6, 14), (7, 13), (3, 9), (3, 6), (3, 12), (5, 9), (3, 15), (5, 12), (5, 15), (9, 13), (2, 7), (10, 14), (2, 10), (1, 8), (1, 14), (2, 13), (6, 13), (7, 12), (6, 10), (7, 15), (4, 7), (3, 11), (3, 8), (3, 14), (4, 13), (5, 8), (5, 14), (9, 15), (8, 13), (2, 9), (1, 13), (11, 15), (2, 12), (1, 10), (2, 15), (6, 9), (7, 14)]",11,0,11
57,"(9, 12)","(9, 13)",South,"[((9, 11), 'South', 1), ((10, 12), 'East', 1)]","['(9, 12)', '(11, 14)', '(10, 13)', '(12, 15)', '(6, 8)', '(5, 7)', '(1, 7)', '(3, 5)', '(7, 9)']","['(10, 13)', '(11, 14)', '(5, 7)', '(12, 15)', '(6, 8)', '(7, 9)', '(1, 7)', '(3, 5)', '(9, 11)', '(10, 12)']","[(6, 12), (6, 15), (4, 9), (3, 7), (3, 10), (5, 13), (4, 15), (3, 13), (5, 10), (9, 14), (8, 15), (1, 9), (2, 8), (2, 14), (1, 12), (10, 15), (1, 15), (6, 11), (7, 10), (6, 14), (7, 13), (3, 9), (3, 6), (3, 12), (5, 9), (3, 15), (5, 12), (5, 15), (9, 13), (2, 7), (10, 14), (2, 10), (1, 8), (1, 14), (2, 13), (6, 13), (7, 12), (6, 10), (7, 15), (4, 7), (3, 11), (3, 8), (3, 14), (4, 13), (5, 8), (5, 14), (9, 12), (9, 15), (8, 13), (2, 9), (1, 13), (11, 15), (2, 12), (1, 10), (2, 15), (6, 9), (7, 14)]",11,0,11
58,"(10, 13)","(9, 13)",East,"[((11, 13), 'East', 1)]","['(10, 13)', '(11, 14)', '(5, 7)', '(12, 15)', '(6, 8)', '(7, 9)', '(1, 7)', '(3, 5)', '(9, 11)', '(10, 12)']","['(11, 14)', '(12, 15)', '(5, 7)', '(3, 5)', '(6, 8)', '(7, 9)', '(1, 7)', '(10, 12)', '(9, 11)', '(11, 13)']","[(6, 12), (6, 15), (4, 9), (3, 7), (3, 10), (5, 13), (4, 15), (3, 13), (5, 10), (9, 14), (8, 15), (1, 9), (2, 8), (2, 14), (1, 12), (10, 15), (1, 15), (6, 11), (7, 10), (6, 14), (7, 13), (3, 9), (3, 6), (3, 12), (5, 9), (3, 15), (5, 12), (5, 15), (9, 13), (2, 7), (10, 14), (2, 10), (1, 8), (1, 14), (2, 13), (6, 13), (7, 12), (6, 10), (7, 15), (4, 7), (3, 11), (3, 8), (3, 14), (4, 13), (5, 8), (5, 14), (9, 12), (10, 13), (9, 15), (8, 13), (2, 9), (1, 13), (11, 15), (2, 12), (1, 10), (2, 15), (6, 9), (7, 14)]",11,0,11
59,"(11, 14)","(10, 14)",East,[],"['(11, 14)', '(12, 15)', '(5, 7)', '(3, 5)', '(6, 8)', '(7, 9)', '(1, 7)', '(10, 12)', '(9, 11)', '(11, 13)']","['(12, 15)', '(3, 5)', '(5, 7)', '(9, 11)', '(6, 8)', '(7, 9)', '(1, 7)', '(10, 12)', '(11, 13)']","[(6, 12), (6, 15), (4, 9), (3, 7), (3, 10), (5, 13), (4, 15), (3, 13), (5, 10), (9, 14), (8, 15), (11, 14), (1, 9), (2, 8), (2, 14), (1, 12), (10, 15), (1, 15), (6, 11), (7, 10), (6, 14), (7, 13), (3, 9), (3, 6), (3, 12), (5, 9), (3, 15), (5, 12), (5, 15), (9, 13), (2, 7), (10, 14), (2, 10), (1, 8), (1, 14), (2, 13), (6, 13), (7, 12), (6, 10), (7, 15), (4, 7), (3, 11), (3, 8), (3, 14), (4, 13), (5, 8), (5, 14), (9, 12), (10, 13), (9, 15), (8, 13), (2, 9), (1, 13), (11, 15), (2, 12), (1, 10), (2, 15), (6, 9), (7, 14)]",11,0,11
60,"(12, 15)","(11, 15)",East,"[((13, 15), 'East', 1)]","['(12, 15)', '(3, 5)', '(5, 7)', '(9, 11)', '(6, 8)', '(7, 9)', '(1, 7)', '(10, 12)', '(11, 13)']","['(3, 5)', '(6, 8)', '(5, 7)', '(9, 11)', '(11, 13)', '(7, 9)', '(1, 7)', '(10, 12)', '(13, 15)']","[(6, 12), (6, 15), (4, 9), (3, 7), (3, 10), (5, 13), (4, 15), (3, 13), (5, 10), (9, 14), (8, 15), (11, 14), (1, 9), (2, 8), (2, 14), (1, 12), (10, 15), (1, 15), (6, 11), (7, 10), (6, 14), (7, 13), (3, 9), (3, 6), (3, 12), (5, 9), (12, 15), (3, 15), (5, 12), (5, 15), (9, 13), (2, 7), (10, 14), (2, 10), (1, 8), (1, 14), (2, 13), (6, 13), (7, 12), (6, 10), (7, 15), (4, 7), (3, 11), (3, 8), (3, 14), (4, 13), (5, 8), (5, 14), (9, 12), (10, 13), (9, 15), (8, 13), (2, 9), (1, 13), (11, 15), (2, 12), (1, 10), (2, 15), (6, 9), (7, 14)]",11,0,11
61,"(3, 5)","(3, 6)",South,"[((3, 4), 'South', 1), ((4, 5), 'East', 1), ((2, 5), 'West', 1)]","['(3, 5)', '(6, 8)', '(5, 7)', '(9, 11)', '(11, 13)', '(7, 9)', '(1, 7)', '(10, 12)', '(13, 15)']","['(5, 7)', '(6, 8)', '(1, 7)', '(9, 11)', '(11, 13)', '(7, 9)', '(13, 15)', '(10, 12)', '(3, 4)', '(4, 5)', '(2, 5)']","[(6, 12), (6, 15), (4, 9), (3, 7), (3, 10), (5, 13), (4, 15), (3, 13), (5, 10), (9, 14), (8, 15), (11, 14), (1, 9), (2, 8), (2, 14), (1, 12), (10, 15), (1, 15), (6, 11), (7, 10), (6, 14), (7, 13), (3, 9), (3, 6), (3, 12), (5, 9), (12, 15), (3, 15), (5, 12), (5, 15), (9, 13), (2, 7), (10, 14), (2, 10), (1, 8), (1, 14), (2, 13), (6, 13), (7, 12), (6, 10), (7, 15), (4, 7), (3, 5), (3, 11), (3, 8), (3, 14), (4, 13), (5, 8), (5, 14), (9, 12), (10, 13), (9, 15), (8, 13), (2, 9), (1, 13), (11, 15), (2, 12), (1, 10), (2, 15), (6, 9), (7, 14)]",12,0,12
62,"(5, 7)","(4, 7)",East,"[((6, 7), 'East', 1)]","['(5, 7)', '(6, 8)', '(1, 7)', '(9, 11)', '(11, 13)', '(7, 9)', '(13, 15)', '(10, 12)', '(3, 4)', '(4, 5)', '(2, 5)']","['(1, 7)', '(6, 8)', '(7, 9)', '(9, 11)', '(11, 13)', '(2, 5)', '(13, 15)', '(10, 12)', '(3, 4)', '(4, 5)', '(6, 7)']","[(6, 12), (6, 15), (4, 9), (3, 7), (3, 10), (5, 7), (5, 13), (4, 15), (3, 13), (5, 10), (9, 14), (8, 15), (11, 14), (1, 9), (2, 8), (2, 14), (1, 12), (10, 15), (1, 15), (6, 11), (7, 10), (6, 14), (7, 13), (3, 9), (3, 6), (3, 12), (5, 9), (12, 15), (3, 15), (5, 12), (5, 15), (9, 13), (2, 7), (10, 14), (2, 10), (1, 8), (1, 14), (2, 13), (6, 13), (7, 12), (6, 10), (7, 15), (4, 7), (3, 5), (3, 11), (3, 8), (3, 14), (4, 13), (5, 8), (5, 14), (9, 12), (10, 13), (9, 15), (8, 13), (2, 9), (1, 13), (11, 15), (2, 12), (1, 10), (2, 15), (6, 9), (7, 14)]",12,0,12
63,"(1, 7)","(2, 7)",West,[],"['(1, 7)', '(6, 8)', '(7, 9)', '(9, 11)', '(11, 13)', '(2, 5)', '(13, 15)', '(10, 12)', '(3, 4)', '(4, 5)', '(6, 7)']","['(6, 8)', '(9, 11)', '(7, 9)', '(10, 12)', '(11, 13)', '(2, 5)', '(13, 15)', '(6, 7)', '(3, 4)', '(4, 5)']","[(6, 12), (6, 15), (4, 9), (3, 7), (3, 10), (5, 7), (5, 13), (4, 15), (3, 13), (5, 10), (9, 14), (8, 15), (11, 14), (1, 9), (2, 8), (2, 14), (1, 12), (10, 15), (1, 15), (6, 11), (7, 10), (6, 14), (7, 13), (3, 9), (3, 6), (3, 12), (5, 9), (12, 15), (3, 15), (5, 12), (5, 15), (9, 13), (2, 7), (10, 14), (2, 10), (1, 8), (1, 14), (2, 13), (6, 13), (7, 12), (6, 10), (7, 15), (4, 7), (3, 5), (3, 11), (3, 8), (3, 14), (4, 13), (5, 8), (5, 14), (9, 12), (10, 13), (9, 15), (8, 13), (2, 9), (1, 7), (1, 13), (11, 15), (2, 12), (1, 10), (2, 15), (6, 9), (7, 14)]",12,0,12
64,"(6, 8)","(5, 8)",East,"[((7, 8), 'East', 1)]","['(6, 8)', '(9, 11)', '(7, 9)', '(10, 12)', '(11, 13)', '(2, 5)', '(13, 15)', '(6, 7)', '(3, 4)', '(4, 5)']","['(7, 9)', '(9, 11)', '(13, 15)', '(10, 12)', '(11, 13)', '(2, 5)', '(4, 5)', '(6, 7)', '(3, 4)', '(7, 8)']","[(6, 12), (6, 15), (4, 9), (3, 7), (3, 10), (5, 7), (5, 13), (4, 15), (3, 13), (5, 10), (9, 14), (8, 15), (11, 14), (1, 9), (2, 8), (2, 14), (1, 12), (10, 15), (1, 15), (6, 11), (7, 10), (6, 8), (6, 14), (7, 13), (3, 9), (3, 6), (3, 12), (5, 9), (12, 15), (3, 15), (5, 12), (5, 15), (9, 13), (2, 7), (10, 14), (2, 10), (1, 8), (1, 14), (2, 13), (6, 13), (7, 12), (6, 10), (7, 15), (4, 7), (3, 5), (3, 11), (3, 8), (3, 14), (4, 13), (5, 8), (5, 14), (9, 12), (10, 13), (9, 15), (8, 13), (2, 9), (1, 7), (1, 13), (11, 15), (2, 12), (1, 10), (2, 15), (6, 9), (7, 14)]",12,0,12
65,"(7, 9)","(6, 9)",East,"[((8, 9), 'East', 1)]","['(7, 9)', '(9, 11)', '(13, 15)', '(10, 12)', '(11, 13)', '(2, 5)', '(4, 5)', '(6, 7)', '(3, 4)', '(7, 8)']","['(9, 11)', '(10, 12)', '(13, 15)', '(3, 4)', '(11, 13)', '(2, 5)', '(4, 5)', '(6, 7)', '(7, 8)', '(8, 9)']","[(6, 12), (6, 15), (4, 9), (3, 7), (3, 10), (5, 7), (5, 13), (4, 15), (3, 13), (5, 10), (9, 14), (8, 15), (11, 14), (1, 9), (2, 8), (2, 14), (1, 12), (10, 15), (1, 15), (6, 11), (7, 10), (6, 8), (6, 14), (7, 13), (3, 9), (3, 6), (3, 12), (5, 9), (12, 15), (3, 15), (5, 12), (5, 15), (9, 13), (2, 7), (10, 14), (2, 10), (1, 8), (1, 14), (2, 13), (7, 9), (6, 13), (7, 12), (6, 10), (7, 15), (4, 7), (3, 5), (3, 11), (3, 8), (3, 14), (4, 13), (5, 8), (5, 14), (9, 12), (10, 13), (9, 15), (8, 13), (2, 9), (1, 7), (1, 13), (11, 15), (2, 12), (1, 10), (2, 15), (6, 9), (7, 14)]",12,0,12
66,"(9, 11)","(9, 12)",South,"[((9, 10), 'South', 1)]","['(9, 11)', '(10, 12)', '(13, 15)', '(3, 4)', '(11, 13)', '(2, 5)', '(4, 5)', '(6, 7)', '(7, 8)', '(8, 9)']","['(10, 12)', '(11, 13)', '(13, 15)', '(3, 4)', '(8, 9)', '(2, 5)', '(4, 5)', '(6, 7)', '(7, 8)', '(9, 10)']","[(6, 12), (6, 15), (4, 9), (3, 7), (3, 10), (5, 7), (5, 13), (4, 15), (3, 13), (5, 10), (9, 14), (9, 11), (8, 15), (11, 14), (1, 9), (2, 8), (2, 14), (1, 12), (10, 15), (1, 15), (6, 11), (7, 10), (6, 8), (6, 14), (7, 13), (3, 9), (3, 6), (3, 12), (5, 9), (12, 15), (3, 15), (5, 12), (5, 15), (9, 13), (2, 7), (10, 14), (2, 10), (1, 8), (1, 14), (2, 13), (7, 9), (6, 13), (7, 12), (6, 10), (7, 15), (4, 7), (3, 5), (3, 11), (3, 8), (3, 14), (4, 13), (5, 8), (5, 14), (9, 12), (10, 13), (9, 15), (8, 13), (2, 9), (1, 7), (1, 13), (11, 15), (2, 12), (1, 10), (2, 15), (6, 9), (7, 14)]",12,0,12
67,"(10, 12)","(9, 12)",East,"[((11, 12), 'East', 1)]","['(10, 12)', '(11, 13)', '(13, 15)', '(3, 4)', '(8, 9)', '(2, 5)', '(4, 5)', '(6, 7)', '(7, 8)', '(9, 10)']","['(11, 13)', '(3, 4)', '(13, 15)', '(6, 7)', '(8, 9)', '(2, 5)', '(4, 5)', '(9, 10)', '(7, 8)', '(11, 12)']","[(6, 12), (6, 15), (4, 9), (3, 7), (3, 10), (5, 7), (5, 13), (4, 15), (3, 13), (5, 10), (9, 14), (9, 11), (8, 15), (11, 14), (1, 9), (10, 12), (2, 8), (2, 14), (1, 12), (10, 15), (1, 15), (6, 11), (7, 10), (6, 8), (6, 14), (7, 13), (3, 9), (3, 6), (3, 12), (5, 9), (12, 15), (3, 15), (5, 12), (5, 15), (9, 13), (2, 7), (10, 14), (2, 10), (1, 8), (1, 14), (2, 13), (7, 9), (6, 13), (7, 12), (6, 10), (7, 15), (4, 7), (3, 5), (3, 11), (3, 8), (3, 14), (4, 13), (5, 8), (5, 14), (9, 12), (10, 13), (9, 15), (8, 13), (2, 9), (1, 7), (1, 13), (11, 15), (2, 12), (1, 10), (2, 15), (6, 9), (7, 14)]",12,0,12
68,"(11, 13)","(10, 13)",East,"[((12, 13), 'East', 1)]","['(11, 13)', '(3, 4)', '(13, 15)', '(6, 7)', '(8, 9)', '(2, 5)', '(4, 5)', '(9, 10)', '(7, 8)', '(11, 12)']","['(13, 15)', '(3, 4)', '(4, 5)', '(6, 7)', '(8, 9)', '(2, 5)', '(11, 12)', '(9, 10)', '(7, 8)', '(12, 13)']","[(6, 12), (6, 15), (4, 9), (3, 7), (3, 10), (5, 7), (5, 13), (4, 15), (3, 13), (5, 10), (9, 14), (9, 11), (8, 15), (11, 14), (1, 9), (10, 12), (2, 8), (2, 14), (1, 12), (10, 15), (1, 15), (6, 11), (7, 10), (6, 8), (6, 14), (7, 13), (3, 9), (3, 6), (3, 12), (5, 9), (12, 15), (3, 15), (5, 12), (5, 15), (9, 13), (2, 7), (10, 14), (11, 13), (2, 10), (1, 8), (1, 14), (2, 13), (7, 9), (6, 13), (7, 12), (6, 10), (7, 15), (4, 7), (3, 5), (3, 11), (3, 8), (3, 14), (4, 13), (5, 8), (5, 14), (9, 12), (10, 13), (9, 15), (8, 13), (2, 9), (1, 7), (1, 13), (11, 15), (2, 12), (1, 10), (2, 15), (6, 9), (7, 14)]",12,0,12
69,"(13, 15)","(12, 15)",East,"[((13, 14), 'South', 1), ((14, 15), 'East', 1)]","['(13, 15)', '(3, 4)', '(4, 5)', '(6, 7)', '(8, 9)', '(2, 5)', '(11, 12)', '(9, 10)', '(7, 8)', '(12, 13)']","['(3, 4)', '(6, 7)', '(4, 5)', '(7, 8)', '(8, 9)', '(2, 5)', '(11, 12)', '(9, 10)', '(12, 13)', '(13, 14)', '(14, 15)']","[(6, 12), (6, 15), (4, 9), (3, 7), (3, 10), (5, 7), (5, 13), (4, 15), (3, 13), (5, 10), (9, 14), (9, 11), (8, 15), (11, 14), (1, 9), (10, 12), (2, 8), (2, 14), (1, 12), (10, 15), (1, 15), (6, 11), (7, 10), (6, 8), (6, 14), (7, 13), (3, 9), (3, 6), (3, 12), (5, 9), (12, 15), (3, 15), (5, 12), (5, 15), (9, 13), (2, 7), (10, 14), (11, 13), (2, 10), (1, 8), (1, 14), (2, 13), (7, 9), (6, 13), (7, 12), (6, 10), (7, 15), (4, 7), (3, 5), (3, 11), (3, 8), (3, 14), (4, 13), (5, 8), (5, 14), (9, 12), (10, 13), (9, 15), (8, 13), (2, 9), (1, 7), (1, 13), (11, 15), (2, 12), (1, 10), (2, 15), (13, 15), (6, 9), (7, 14)]",12,0,12
70,"(3, 4)","(3, 5)",South,"[((3, 3), 'South', 1), ((2, 4), 'West', 1)]","['(3, 4)', '(6, 7)', '(4, 5)', '(7, 8)', '(8, 9)', '(2, 5)', '(11, 12)', '(9, 10)', '(12, 13)', '(13, 14)', '(14, 15)']","['(4, 5)', '(6, 7)', '(2, 5)', '(7, 8)', '(8, 9)', '(14, 15)', '(11, 12)', '(9, 10)', '(12, 13)', '(13, 14)', '(3, 3)', '(2, 4)']","[(6, 12), (6, 15), (3, 4), (4, 9), (3, 7), (3, 10), (5, 7), (5, 13), (4, 15), (3, 13), (5, 10), (9, 14), (9, 11), (8, 15), (11, 14), (1, 9), (10, 12), (2, 8), (2, 14), (1, 12), (10, 15), (1, 15), (6, 11), (7, 10), (6, 8), (6, 14), (7, 13), (3, 9), (3, 6), (3, 12), (5, 9), (12, 15), (3, 15), (5, 12), (5, 15), (9, 13), (2, 7), (10, 14), (11, 13), (2, 10), (1, 8), (1, 14), (2, 13), (7, 9), (6, 13), (7, 12), (6, 10), (7, 15), (4, 7), (3, 5), (3, 11), (3, 8), (3, 14), (4, 13), (5, 8), (5, 14), (9, 12), (10, 13), (9, 15), (8, 13), (2, 9), (1, 7), (1, 13), (11, 15), (2, 12), (1, 10), (2, 15), (13, 15), (6, 9), (7, 14)]",13,0,13
71,"(4, 5)","(3, 5)",East,"[((5, 5), 'East', 1)]","['(4, 5)', '(6, 7)', '(2, 5)', '(7, 8)', '(8, 9)', '(14, 15)', '(11, 12)', '(9, 10)', '(12, 13)', '(13, 14)', '(3, 3)', '(2, 4)']","['(2, 5)', '(6, 7)', '(11, 12)', '(7, 8)', '(8, 9)', '(14, 15)', '(2, 4)', '(9, 10)', '(12, 13)', '(13, 14)', '(3, 3)', '(5, 5)']","[(6, 12), (6, 15), (3, 4), (4, 9), (3, 7), (3, 10), (5, 7), (5, 13), (4, 15), (3, 13), (5, 10), (9, 14), (9, 11), (8, 15), (11, 14), (1, 9), (10, 12), (2, 8), (2, 14), (1, 12), (10, 15), (1, 15), (6, 11), (7, 10), (6, 8), (6, 14), (7, 13), (4, 5), (3, 9), (3, 6), (3, 12), (5, 9), (12, 15), (3, 15), (5, 12), (5, 15), (9, 13), (2, 7), (10, 14), (11, 13), (2, 10), (1, 8), (1, 14), (2, 13), (7, 9), (6, 13), (7, 12), (6, 10), (7, 15), (4, 7), (3, 5), (3, 11), (3, 8), (3, 14), (4, 13), (5, 8), (5, 14), (9, 12), (10, 13), (9, 15), (8, 13), (2, 9), (1, 7), (1, 13), (11, 15), (2, 12), (1, 10), (2, 15), (13, 15), (6, 9), (7, 14)]",13,0,13
72,"(2, 5)","(3, 5)",West,"[((1, 5), 'West', 1)]","['(2, 5)', '(6, 7)', '(11, 12)', '(7, 8)', '(8, 9)', '(14, 15)', '(2, 4)', '(9, 10)', '(12, 13)', '(13, 14)', '(3, 3)', '(5, 5)']","['(6, 7)', '(7, 8)', '(11, 12)', '(9, 10)', '(8, 9)', '(14, 15)', '(2, 4)', '(5, 5)', '(12, 13)', '(13, 14)', '(3, 3)', '(1, 5)']","[(6, 12), (6, 15), (3, 4), (4, 9), (3, 7), (3, 10), (5, 7), (5, 13), (4, 15), (3, 13), (5, 10), (9, 14), (9, 11), (8, 15), (11, 14), (1, 9), (10, 12), (2, 8), (2, 14), (1, 12), (10, 15), (2, 5), (1, 15), (6, 11), (7, 10), (6, 8), (6, 14), (7, 13), (4, 5), (3, 9), (3, 6), (3, 12), (5, 9), (12, 15), (3, 15), (5, 12), (5, 15), (9, 13), (2, 7), (10, 14), (11, 13), (2, 10), (1, 8), (1, 14), (2, 13), (7, 9), (6, 13), (7, 12), (6, 10), (7, 15), (4, 7), (3, 5), (3, 11), (3, 8), (3, 14), (4, 13), (5, 8), (5, 14), (9, 12), (10, 13), (9, 15), (8, 13), (2, 9), (1, 7), (1, 13), (11, 15), (2, 12), (1, 10), (2, 15), (13, 15), (6, 9), (7, 14)]",13,0,13
73,"(6, 7)","(5, 7)",East,"[((6, 6), 'South', 1), ((7, 7), 'East', 1)]","['(6, 7)', '(7, 8)', '(11, 12)', '(9, 10)', '(8, 9)', '(14, 15)', '(2, 4)', '(5, 5)', '(12, 13)', '(13, 14)', '(3, 3)', '(1, 5)']","['(7, 8)', '(8, 9)', '(11, 12)', '(9, 10)', '(13, 14)', '(14, 15)', '(2, 4)', '(5, 5)', '(12, 13)', '(1, 5)', '(3, 3)', '(6, 6)', '(7, 7)']","[(6, 12), (6, 15), (3, 4), (4, 9), (3, 7), (3, 10), (5, 7), (5, 13), (4, 15), (3, 13), (5, 10), (9, 14), (9, 11), (8, 15), (11, 14), (1, 9), (10, 12), (2, 8), (2, 14), (1, 12), (10, 15), (2, 5), (1, 15), (6, 11), (7, 10), (6, 8), (6, 14), (7, 13), (4, 5), (3, 9), (3, 6), (3, 12), (5, 9), (12, 15), (3, 15), (5, 12), (5, 15), (9, 13), (2, 7), (10, 14), (11, 13), (2, 10), (1, 8), (1, 14), (2, 13), (7, 9), (6, 7), (6, 13), (7, 12), (6, 10), (7, 15), (4, 7), (3, 5), (3, 11), (3, 8), (3, 14), (4, 13), (5, 8), (5, 14), (9, 12), (10, 13), (9, 15), (8, 13), (2, 9), (1, 7), (1, 13), (11, 15), (2, 12), (1, 10), (2, 15), (13, 15), (6, 9), (7, 14)]",13,0,13
74,"(7, 8)","(6, 8)",East,[],"['(7, 8)', '(8, 9)', '(11, 12)', '(9, 10)', '(13, 14)', '(14, 15)', '(2, 4)', '(5, 5)', '(12, 13)', '(1, 5)', '(3, 3)', '(6, 6)', '(7, 7)']","['(8, 9)', '(9, 10)', '(11, 12)', '(12, 13)', '(13, 14)', '(14, 15)', '(2, 4)', '(5, 5)', '(7, 7)', '(1, 5)', '(3, 3)', '(6, 6)']","[(6, 12), (6, 15), (3, 4), (4, 9), (3, 7), (3, 10), (5, 7), (5, 13), (4, 15), (3, 13), (5, 10), (9, 14), (9, 11), (8, 15), (11, 14), (1, 9), (10, 12), (2, 8), (2, 14), (1, 12), (10, 15), (2, 5), (1, 15), (6, 11), (7, 10), (6, 8), (6, 14), (7, 13), (4, 5), (3, 9), (3, 6), (3, 12), (5, 9), (12, 15), (3, 15), (5, 12), (5, 15), (9, 13), (2, 7), (10, 14), (11, 13), (2, 10), (1, 8), (1, 14), (2, 13), (7, 9), (6, 7), (6, 13), (7, 12), (6, 10), (7, 15), (4, 7), (3, 5), (3, 11), (3, 8), (3, 14), (4, 13), (5, 8), (5, 14), (9, 12), (10, 13), (9, 15), (8, 13), (2, 9), (1, 7), (1, 13), (11, 15), (2, 12), (1, 10), (2, 15), (13, 15), (6, 9), (7, 8), (7, 14)]",13,0,13
75,"(8, 9)","(7, 9)",East,"[((9, 9), 'East', 1)]","['(8, 9)', '(9, 10)', '(11, 12)', '(12, 13)', '(13, 14)', '(14, 15)', '(2, 4)', '(5, 5)', '(7, 7)', '(1, 5)', '(3, 3)', '(6, 6)']","['(9, 10)', '(12, 13)', '(11, 12)', '(5, 5)', '(13, 14)', '(14, 15)', '(2, 4)', '(6, 6)', '(7, 7)', '(1, 5)', '(3, 3)', '(9, 9)']","[(6, 12), (6, 15), (3, 4), (4, 9), (3, 7), (3, 10), (5, 7), (5, 13), (4, 15), (3, 13), (5, 10), (8, 9), (9, 14), (9, 11), (8, 15), (11, 14), (1, 9), (10, 12), (2, 8), (2, 14), (1, 12), (10, 15), (2, 5), (1, 15), (6, 11), (7, 10), (6, 8), (6, 14), (7, 13), (4, 5), (3, 9), (3, 6), (3, 12), (5, 9), (12, 15), (3, 15), (5, 12), (5, 15), (9, 13), (2, 7), (10, 14), (11, 13), (2, 10), (1, 8), (1, 14), (2, 13), (7, 9), (6, 7), (6, 13), (7, 12), (6, 10), (7, 15), (4, 7), (3, 5), (3, 11), (3, 8), (3, 14), (4, 13), (5, 8), (5, 14), (9, 12), (10, 13), (9, 15), (8, 13), (2, 9), (1, 7), (1, 13), (11, 15), (2, 12), (1, 10), (2, 15), (13, 15), (6, 9), (7, 8), (7, 14)]",13,0,13
76,"(9, 10)","(9, 11)",South,"[((10, 10), 'East', 1)]","['(9, 10)', '(12, 13)', '(11, 12)', '(5, 5)', '(13, 14)', '(14, 15)', '(2, 4)', '(6, 6)', '(7, 7)', '(1, 5)', '(3, 3)', '(9, 9)']","['(11, 12)', '(12, 13)', '(14, 15)', '(5, 5)', '(13, 14)', '(9, 9)', '(2, 4)', '(6, 6)', '(7, 7)', '(1, 5)', '(3, 3)', '(10, 10)']","[(6, 12), (6, 15), (3, 4), (4, 9), (3, 7), (3, 10), (5, 7), (5, 13), (4, 15), (3, 13), (5, 10), (8, 9), (9, 14), (9, 11), (8, 15), (11, 14), (1, 9), (10, 12), (2, 8), (2, 14), (1, 12), (10, 15), (2, 5), (1, 15), (6, 11), (7, 10), (6, 8), (6, 14), (7, 13), (4, 5), (3, 9), (3, 6), (3, 12), (5, 9), (12, 15), (3, 15), (5, 12), (9, 10), (5, 15), (9, 13), (2, 7), (10, 14), (11, 13), (2, 10), (1, 8), (1, 14), (2, 13), (7, 9), (6, 7), (6, 13), (7, 12), (6, 10), (7, 15), (4, 7), (3, 5), (3, 11), (3, 8), (3, 14), (4, 13), (5, 8), (5, 14), (9, 12), (10, 13), (9, 15), (8, 13), (2, 9), (1, 7), (1, 13), (11, 15), (2, 12), (1, 10), (2, 15), (13, 15), (6, 9), (7, 8), (7, 14)]",13,0,13
77,"(11, 12)","(10, 12)",East,[],"['(11, 12)', '(12, 13)', '(14, 15)', '(5, 5)', '(13, 14)', '(9, 9)', '(2, 4)', '(6, 6)', '(7, 7)', '(1, 5)', '(3, 3)', '(10, 10)']","['(12, 13)', '(13, 14)', '(14, 15)', '(5, 5)', '(3, 3)', '(9, 9)', '(2, 4)', '(6, 6)', '(7, 7)', '(1, 5)', '(10, 10)']","[(4, 9), (3, 13), (5, 10), (8, 9), (11, 14), (1, 15), (6, 11), (7, 10), (3, 6), (3, 15), (5, 12), (9, 10), (1, 8), (6, 13), (7, 12), (3, 8), (5, 14), (9, 12), (1, 10), (7, 14), (3, 10), (5, 7), (9, 14), (10, 15), (1, 12), (12, 15), (3, 12), (5, 9), (1, 14), (2, 13), (7, 9), (3, 5), (3, 14), (4, 13), (8, 13), (1, 7), (2, 15), (6, 15), (3, 7), (5, 13), (4, 15), (8, 15), (10, 12), (1, 9), (2, 8), (6, 8), (3, 9), (10, 14), (11, 13), (2, 10), (6, 10), (3, 11), (1, 13), (11, 15), (2, 12), (6, 12), (3, 4), (9, 11), (2, 5), (2, 14), (6, 14), (7, 13), (4, 5), (5, 15), (9, 13), (2, 7), (6, 7), (7, 15), (4, 7), (5, 8), (10, 13), (9, 15), (11, 12), (2, 9), (13, 15), (6, 9), (7, 8)]",13,0,13
78,"(12, 13)","(11, 13)",East,"[((13, 13), 'East', 1)]","['(12, 13)', '(13, 14)', '(14, 15)', '(5, 5)', '(3, 3)', '(9, 9)', '(2, 4)', '(6, 6)', '(7, 7)', '(1, 5)', '(10, 10)']","['(13, 14)', '(3, 3)', '(14, 15)', '(5, 5)', '(1, 5)', '(9, 9)', '(2, 4)', '(6, 6)', '(7, 7)', '(10, 10)', '(13, 13)']","[(4, 9), (3, 13), (5, 10), (8, 9), (11, 14), (1, 15), (6, 11), (7, 10), (3, 6), (3, 15), (5, 12), (9, 10), (1, 8), (6, 13), (7, 12), (3, 8), (5, 14), (9, 12), (1, 10), (7, 14), (12, 13), (3, 10), (5, 7), (9, 14), (10, 15), (1, 12), (12, 15), (3, 12), (5, 9), (1, 14), (2, 13), (7, 9), (3, 5), (3, 14), (4, 13), (8, 13), (1, 7), (2, 15), (6, 15), (3, 7), (5, 13), (4, 15), (8, 15), (10, 12), (1, 9), (2, 8), (6, 8), (3, 9), (10, 14), (11, 13), (2, 10), (6, 10), (3, 11), (1, 13), (11, 15), (2, 12), (6, 12), (3, 4), (9, 11), (2, 5), (2, 14), (6, 14), (7, 13), (4, 5), (5, 15), (9, 13), (2, 7), (6, 7), (7, 15), (4, 7), (5, 8), (10, 13), (9, 15), (11, 12), (2, 9), (13, 15), (6, 9), (7, 8)]",13,0,13
79,"(13, 14)","(13, 15)",South,"[((14, 14), 'East', 1)]","['(13, 14)', '(3, 3)', '(14, 15)', '(5, 5)', '(1, 5)', '(9, 9)', '(2, 4)', '(6, 6)', '(7, 7)', '(10, 10)', '(13, 13)']","['(14, 15)', '(3, 3)', '(2, 4)', '(5, 5)', '(1, 5)', '(9, 9)', '(13, 13)', '(6, 6)', '(7, 7)', '(10, 10)', '(14, 14)']","[(4, 9), (3, 13), (5, 10), (8, 9), (11, 14), (1, 15), (6, 11), (7, 10), (3, 6), (3, 15), (5, 12), (9, 10), (1, 8), (6, 13), (7, 12), (3, 8), (5, 14), (9, 12), (1, 10), (7, 14), (12, 13), (3, 10), (5, 7), (9, 14), (10, 15), (1, 12), (13, 14), (12, 15), (3, 12), (5, 9), (1, 14), (2, 13), (7, 9), (3, 5), (3, 14), (4, 13), (8, 13), (1, 7), (2, 15), (6, 15), (3, 7), (5, 13), (4, 15), (8, 15), (10, 12), (1, 9), (2, 8), (6, 8), (3, 9), (10, 14), (11, 13), (2, 10), (6, 10), (3, 11), (1, 13), (11, 15), (2, 12), (6, 12), (3, 4), (9, 11), (2, 5), (2, 14), (6, 14), (7, 13), (4, 5), (5, 15), (9, 13), (2, 7), (6, 7), (7, 15), (4, 7), (5, 8), (10, 13), (9, 15), (11, 12), (2, 9), (13, 15), (6, 9), (7, 8)]",13,0,13
80,"(14, 15)","(13, 15)",East,"[((15, 15), 'East', 1)]","['(14, 15)', '(3, 3)', '(2, 4)', '(5, 5)', '(1, 5)', '(9, 9)', '(13, 13)', '(6, 6)', '(7, 7)', '(10, 10)', '(14, 14)']","['(3, 3)', '(5, 5)', '(2, 4)', '(6, 6)', '(1, 5)', '(9, 9)', '(13, 13)', '(14, 14)', '(7, 7)', '(10, 10)', '(15, 15)']","[(4, 9), (3, 13), (5, 10), (8, 9), (11, 14), (1, 15), (6, 11), (7, 10), (3, 6), (3, 15), (5, 12), (14, 15), (9, 10), (1, 8), (6, 13), (7, 12), (3, 8), (5, 14), (9, 12), (1, 10), (7, 14), (12, 13), (3, 10), (5, 7), (9, 14), (10, 15), (1, 12), (13, 14), (12, 15), (3, 12), (5, 9), (1, 14), (2, 13), (7, 9), (3, 5), (3, 14), (4, 13), (8, 13), (1, 7), (2, 15), (6, 15), (3, 7), (5, 13), (4, 15), (8, 15), (10, 12), (1, 9), (2, 8), (6, 8), (3, 9), (10, 14), (11, 13), (2, 10), (6, 10), (3, 11), (1, 13), (11, 15), (2, 12), (6, 12), (3, 4), (9, 11), (2, 5), (2, 14), (6, 14), (7, 13), (4, 5), (5, 15), (9, 13), (2, 7), (6, 7), (7, 15), (4, 7), (5, 8), (10, 13), (9, 15), (11, 12), (2, 9), (13, 15), (6, 9), (7, 8)]",13,0,13
81,"(3, 3)","(3, 4)",South,"[((3, 2), 'South', 1), ((4, 3), 'East', 1), ((2, 3), 'West', 1)]","['(3, 3)', '(5, 5)', '(2, 4)', '(6, 6)', '(1, 5)', '(9, 9)', '(13, 13)', '(14, 14)', '(7, 7)', '(10, 10)', '(15, 15)']","['(2, 4)', '(5, 5)', '(9, 9)', '(6, 6)', '(1, 5)', '(15, 15)', '(13, 13)', '(14, 14)', '(7, 7)', '(10, 10)', '(3, 2)', '(4, 3)', '(2, 3)']","[(4, 9), (3, 13), (5, 10), (8, 9), (11, 14), (1, 15), (6, 11), (7, 10), (3, 6), (3, 15), (5, 12), (14, 15), (9, 10), (1, 8), (6, 13), (7, 12), (3, 8), (5, 14), (9, 12), (1, 10), (7, 14), (12, 13), (3, 10), (5, 7), (9, 14), (10, 15), (1, 12), (13, 14), (3, 3), (12, 15), (3, 12), (5, 9), (1, 14), (2, 13), (7, 9), (3, 5), (3, 14), (4, 13), (8, 13), (1, 7), (2, 15), (6, 15), (3, 7), (5, 13), (4, 15), (8, 15), (10, 12), (1, 9), (2, 8), (6, 8), (3, 9), (10, 14), (11, 13), (2, 10), (6, 10), (3, 11), (1, 13), (11, 15), (2, 12), (6, 12), (3, 4), (9, 11), (2, 5), (2, 14), (6, 14), (7, 13), (4, 5), (5, 15), (9, 13), (2, 7), (6, 7), (7, 15), (4, 7), (5, 8), (10, 13), (9, 15), (11, 12), (2, 9), (13, 15), (6, 9), (7, 8)]",14,0,14
82,"(2, 4)","(3, 4)",West,"[((1, 4), 'West', 1)]","['(2, 4)', '(5, 5)', '(9, 9)', '(6, 6)', '(1, 5)', '(15, 15)', '(13, 13)', '(14, 14)', '(7, 7)', '(10, 10)', '(3, 2)', '(4, 3)', '(2, 3)']","['(5, 5)', '(1, 5)', '(9, 9)', '(6, 6)', '(10, 10)', '(15, 15)', '(13, 13)', '(14, 14)', '(7, 7)', '(2, 3)', '(3, 2)', '(4, 3)', '(1, 4)']","[(4, 9), (3, 13), (5, 10), (8, 9), (11, 14), (1, 15), (6, 11), (7, 10), (3, 6), (3, 15), (5, 12), (14, 15), (9, 10), (2, 4), (1, 8), (6, 13), (7, 12), (3, 8), (5, 14), (9, 12), (1, 10), (7, 14), (12, 13), (3, 10), (5, 7), (9, 14), (10, 15), (1, 12), (13, 14), (3, 3), (12, 15), (3, 12), (5, 9), (1, 14), (2, 13), (7, 9), (3, 5), (3, 14), (4, 13), (8, 13), (1, 7), (2, 15), (6, 15), (3, 7), (5, 13), (4, 15), (8, 15), (10, 12), (1, 9), (2, 8), (6, 8), (3, 9), (10, 14), (11, 13), (2, 10), (6, 10), (3, 11), (1, 13), (11, 15), (2, 12), (6, 12), (3, 4), (9, 11), (2, 5), (2, 14), (6, 14), (7, 13), (4, 5), (5, 15), (9, 13), (2, 7), (6, 7), (7, 15), (4, 7), (5, 8), (10, 13), (9, 15), (11, 12), (2, 9), (13, 15), (6, 9), (7, 8)]",14,0,14
83,"(5, 5)","(4, 5)",East,"[((5, 4), 'South', 1), ((6, 5), 'East', 1)]","['(5, 5)', '(1, 5)', '(9, 9)', '(6, 6)', '(10, 10)', '(15, 15)', '(13, 13)', '(14, 14)', '(7, 7)', '(2, 3)', '(3, 2)', '(4, 3)', '(1, 4)']","['(1, 5)', '(6, 6)', '(9, 9)', '(7, 7)', '(10, 10)', '(15, 15)', '(13, 13)', '(14, 14)', '(1, 4)', '(2, 3)', '(3, 2)', '(4, 3)', '(5, 4)', '(6, 5)']","[(4, 9), (3, 13), (5, 10), (8, 9), (11, 14), (1, 15), (6, 11), (7, 10), (3, 6), (3, 15), (5, 12), (14, 15), (9, 10), (2, 4), (1, 8), (6, 13), (7, 12), (3, 8), (5, 5), (5, 14), (9, 12), (1, 10), (7, 14), (12, 13), (3, 10), (5, 7), (9, 14), (10, 15), (1, 12), (13, 14), (3, 3), (12, 15), (3, 12), (5, 9), (1, 14), (2, 13), (7, 9), (3, 5), (3, 14), (4, 13), (8, 13), (1, 7), (2, 15), (6, 15), (3, 7), (5, 13), (4, 15), (8, 15), (10, 12), (1, 9), (2, 8), (6, 8), (3, 9), (10, 14), (11, 13), (2, 10), (6, 10), (3, 11), (1, 13), (11, 15), (2, 12), (6, 12), (3, 4), (9, 11), (2, 5), (2, 14), (6, 14), (7, 13), (4, 5), (5, 15), (9, 13), (2, 7), (6, 7), (7, 15), (4, 7), (5, 8), (10, 13), (9, 15), (11, 12), (2, 9), (13, 15), (6, 9), (7, 8)]",14,0,14
84,"(1, 5)","(2, 5)",West,[],"['(1, 5)', '(6, 6)', '(9, 9)', '(7, 7)', '(10, 10)', '(15, 15)', '(13, 13)', '(14, 14)', '(1, 4)', '(2, 3)', '(3, 2)', '(4, 3)', '(5, 4)', '(6, 5)']","['(6, 6)', '(7, 7)', '(9, 9)', '(14, 14)', '(10, 10)', '(15, 15)', '(13, 13)', '(6, 5)', '(1, 4)', '(2, 3)', '(3, 2)', '(4, 3)', '(5, 4)']","[(4, 9), (3, 13), (5, 10), (8, 9), (11, 14), (1, 15), (6, 11), (7, 10), (3, 6), (3, 15), (5, 12), (14, 15), (9, 10), (2, 4), (1, 8), (6, 13), (7, 12), (3, 8), (5, 5), (5, 14), (9, 12), (1, 10), (7, 14), (12, 13), (3, 10), (5, 7), (9, 14), (10, 15), (1, 12), (13, 14), (3, 3), (12, 15), (3, 12), (5, 9), (1, 5), (1, 14), (2, 13), (7, 9), (3, 5), (3, 14), (4, 13), (8, 13), (1, 7), (2, 15), (6, 15), (3, 7), (5, 13), (4, 15), (8, 15), (10, 12), (1, 9), (2, 8), (6, 8), (3, 9), (10, 14), (11, 13), (2, 10), (6, 10), (3, 11), (1, 13), (11, 15), (2, 12), (6, 12), (3, 4), (9, 11), (2, 5), (2, 14), (6, 14), (7, 13), (4, 5), (5, 15), (9, 13), (2, 7), (6, 7), (7, 15), (4, 7), (5, 8), (10, 13), (9, 15), (11, 12), (2, 9), (13, 15), (6, 9), (7, 8)]",14,0,14
85,"(6, 6)","(6, 7)",South,[],"['(6, 6)', '(7, 7)', '(9, 9)', '(14, 14)', '(10, 10)', '(15, 15)', '(13, 13)', '(6, 5)', '(1, 4)', '(2, 3)', '(3, 2)', '(4, 3)', '(5, 4)']","['(7, 7)', '(10, 10)', '(9, 9)', '(14, 14)', '(3, 2)', '(15, 15)', '(13, 13)', '(6, 5)', '(1, 4)', '(2, 3)', '(5, 4)', '(4, 3)']","[(4, 9), (3, 13), (5, 10), (8, 9), (11, 14), (1, 15), (6, 11), (7, 10), (3, 6), (3, 15), (5, 12), (14, 15), (9, 10), (2, 4), (1, 8), (6, 13), (7, 12), (3, 8), (5, 5), (5, 14), (9, 12), (1, 10), (6, 6), (7, 14), (12, 13), (3, 10), (5, 7), (9, 14), (10, 15), (1, 12), (13, 14), (3, 3), (12, 15), (3, 12), (5, 9), (1, 5), (1, 14), (2, 13), (7, 9), (3, 5), (3, 14), (4, 13), (8, 13), (1, 7), (2, 15), (6, 15), (3, 7), (5, 13), (4, 15), (8, 15), (10, 12), (1, 9), (2, 8), (6, 8), (3, 9), (10, 14), (11, 13), (2, 10), (6, 10), (3, 11), (1, 13), (11, 15), (2, 12), (6, 12), (3, 4), (9, 11), (2, 5), (2, 14), (6, 14), (7, 13), (4, 5), (5, 15), (9, 13), (2, 7), (6, 7), (7, 15), (4, 7), (5, 8), (10, 13), (9, 15), (11, 12), (2, 9), (13, 15), (6, 9), (7, 8)]",14,0,14
86,"(7, 7)","(6, 7)",East,"[((8, 7), 'East', 1)]","['(7, 7)', '(10, 10)', '(9, 9)', '(14, 14)', '(3, 2)', '(15, 15)', '(13, 13)', '(6, 5)', '(1, 4)', '(2, 3)', '(5, 4)', '(4, 3)']","['(9, 9)', '(10, 10)', '(13, 13)', '(14, 14)', '(3, 2)', '(15, 15)', '(4, 3)', '(6, 5)', '(1, 4)', '(2, 3)', '(5, 4)', '(8, 7)']","[(4, 9), (3, 13), (5, 10), (8, 9), (11, 14), (1, 15), (6, 11), (7, 10), (3, 6), (3, 15), (5, 12), (14, 15), (9, 10), (2, 4), (1, 8), (6, 13), (7, 12), (3, 8), (5, 5), (5, 14), (9, 12), (1, 10), (6, 6), (7, 14), (12, 13), (3, 10), (5, 7), (9, 14), (10, 15), (1, 12), (13, 14), (7, 7), (3, 3), (12, 15), (3, 12), (5, 9), (1, 5), (1, 14), (2, 13), (7, 9), (3, 5), (3, 14), (4, 13), (8, 13), (1, 7), (2, 15), (6, 15), (3, 7), (5, 13), (4, 15), (8, 15), (10, 12), (1, 9), (2, 8), (6, 8), (3, 9), (10, 14), (11, 13), (2, 10), (6, 10), (3, 11), (1, 13), (11, 15), (2, 12), (6, 12), (3, 4), (9, 11), (2, 5), (2, 14), (6, 14), (7, 13), (4, 5), (5, 15), (9, 13), (2, 7), (6, 7), (7, 15), (4, 7), (5, 8), (10, 13), (9, 15), (11, 12), (2, 9), (13, 15), (6, 9), (7, 8)]",14,0,14
87,"(9, 9)","(8, 9)",East,"[((9, 8), 'South', 1), ((10, 9), 'East', 1)]","['(9, 9)', '(10, 10)', '(13, 13)', '(14, 14)', '(3, 2)', '(15, 15)', '(4, 3)', '(6, 5)', '(1, 4)', '(2, 3)', '(5, 4)', '(8, 7)']","['(10, 10)', '(14, 14)', '(13, 13)', '(1, 4)', '(3, 2)', '(15, 15)', '(4, 3)', '(6, 5)', '(8, 7)', '(2, 3)', '(5, 4)', '(9, 8)', '(10, 9)']","[(4, 9), (3, 13), (5, 10), (8, 9), (11, 14), (1, 15), (6, 11), (7, 10), (3, 6), (3, 15), (5, 12), (14, 15), (9, 10), (2, 4), (1, 8), (6, 13), (7, 12), (3, 8), (5, 5), (5, 14), (9, 12), (1, 10), (6, 6), (7, 14), (12, 13), (3, 10), (5, 7), (9, 14), (10, 15), (1, 12), (13, 14), (7, 7), (3, 3), (12, 15), (3, 12), (5, 9), (1, 5), (1, 14), (2, 13), (7, 9), (3, 5), (3, 14), (4, 13), (9, 9), (8, 13), (1, 7), (2, 15), (6, 15), (3, 7), (5, 13), (4, 15), (8, 15), (10, 12), (1, 9), (2, 8), (6, 8), (3, 9), (10, 14), (11, 13), (2, 10), (6, 10), (3, 11), (1, 13), (11, 15), (2, 12), (6, 12), (3, 4), (9, 11), (2, 5), (2, 14), (6, 14), (7, 13), (4, 5), (5, 15), (9, 13), (2, 7), (6, 7), (7, 15), (4, 7), (5, 8), (10, 13), (9, 15), (11, 12), (2, 9), (13, 15), (6, 9), (7, 8)]",14,0,14
88,"(10, 10)","(9, 10)",East,"[((11, 10), 'East', 1)]","['(10, 10)', '(14, 14)', '(13, 13)', '(1, 4)', '(3, 2)', '(15, 15)', '(4, 3)', '(6, 5)', '(8, 7)', '(2, 3)', '(5, 4)', '(9, 8)', '(10, 9)']","['(13, 13)', '(14, 14)', '(15, 15)', '(1, 4)', '(3, 2)', '(9, 8)', '(4, 3)', '(6, 5)', '(8, 7)', '(2, 3)', '(5, 4)', '(10, 9)', '(11, 10)']","[(4, 9), (3, 13), (5, 10), (8, 9), (11, 14), (1, 15), (6, 11), (7, 10), (3, 6), (3, 15), (5, 12), (14, 15), (9, 10), (2, 4), (1, 8), (6, 13), (7, 12), (3, 8), (5, 5), (5, 14), (9, 12), (1, 10), (6, 6), (7, 14), (12, 13), (3, 10), (5, 7), (9, 14), (10, 15), (1, 12), (13, 14), (7, 7), (3, 3), (12, 15), (3, 12), (5, 9), (1, 5), (1, 14), (2, 13), (7, 9), (3, 5), (3, 14), (4, 13), (9, 9), (8, 13), (10, 10), (1, 7), (2, 15), (6, 15), (3, 7), (5, 13), (4, 15), (8, 15), (10, 12), (1, 9), (2, 8), (6, 8), (3, 9), (10, 14), (11, 13), (2, 10), (6, 10), (3, 11), (1, 13), (11, 15), (2, 12), (6, 12), (3, 4), (9, 11), (2, 5), (2, 14), (6, 14), (7, 13), (4, 5), (5, 15), (9, 13), (2, 7), (6, 7), (7, 15), (4, 7), (5, 8), (10, 13), (9, 15), (11, 12), (2, 9), (13, 15), (6, 9), (7, 8)]",14,0,14
89,"(13, 13)","(12, 13)",East,"[((13, 12), 'South', 1), ((14, 13), 'East', 1)]","['(13, 13)', '(14, 14)', '(15, 15)', '(1, 4)', '(3, 2)', '(9, 8)', '(4, 3)', '(6, 5)', '(8, 7)', '(2, 3)', '(5, 4)', '(10, 9)', '(11, 10)']","['(14, 14)', '(3, 2)', '(15, 15)', '(1, 4)', '(2, 3)', '(9, 8)', '(4, 3)', '(6, 5)', '(8, 7)', '(11, 10)', '(5, 4)', '(10, 9)', '(13, 12)', '(14, 13)']","[(4, 9), (3, 13), (5, 10), (8, 9), (11, 14), (1, 15), (6, 11), (7, 10), (3, 6), (3, 15), (5, 12), (14, 15), (9, 10), (2, 4), (1, 8), (6, 13), (7, 12), (3, 8), (5, 5), (5, 14), (9, 12), (1, 10), (6, 6), (7, 14), (12, 13), (3, 10), (5, 7), (9, 14), (10, 15), (1, 12), (13, 14), (7, 7), (3, 3), (12, 15), (3, 12), (5, 9), (1, 5), (1, 14), (2, 13), (7, 9), (3, 5), (3, 14), (4, 13), (9, 9), (8, 13), (10, 10), (1, 7), (2, 15), (6, 15), (3, 7), (5, 13), (4, 15), (8, 15), (10, 12), (1, 9), (2, 8), (6, 8), (3, 9), (10, 14), (11, 13), (2, 10), (6, 10), (3, 11), (1, 13), (11, 15), (2, 12), (6, 12), (3, 4), (9, 11), (2, 5), (2, 14), (6, 14), (7, 13), (4, 5), (5, 15), (9, 13), (2, 7), (13, 13), (6, 7), (7, 15), (4, 7), (5, 8), (10, 13), (9, 15), (11, 12), (2, 9), (13, 15), (6, 9), (7, 8)]",14,0,14
90,"(14, 14)","(13, 14)",East,"[((15, 14), 'East', 1)]","['(14, 14)', '(3, 2)', '(15, 15)', '(1, 4)', '(2, 3)', '(9, 8)', '(4, 3)', '(6, 5)', '(8, 7)', '(11, 10)', '(5, 4)', '(10, 9)', '(13, 12)', '(14, 13)']","['(15, 15)', '(3, 2)', '(4, 3)', '(1, 4)', '(2, 3)', '(9, 8)', '(14, 13)', '(6, 5)', '(8, 7)', '(11, 10)', '(5, 4)', '(10, 9)', '(13, 12)', '(15, 14)']","[(4, 9), (3, 13), (5, 10), (8, 9), (11, 14), (1, 15), (6, 11), (7, 10), (3, 6), (3, 15), (5, 12), (14, 15), (9, 10), (2, 4), (1, 8), (6, 13), (7, 12), (3, 8), (5, 5), (5, 14), (9, 12), (1, 10), (6, 6), (7, 14), (12, 13), (3, 10), (5, 7), (9, 14), (10, 15), (1, 12), (13, 14), (7, 7), (3, 3), (12, 15), (3, 12), (5, 9), (1, 5), (1, 14), (2, 13), (7, 9), (3, 5), (3, 14), (14, 14), (4, 13), (9, 9), (8, 13), (10, 10), (1, 7), (2, 15), (6, 15), (3, 7), (5, 13), (4, 15), (8, 15), (10, 12), (1, 9), (2, 8), (6, 8), (3, 9), (10, 14), (11, 13), (2, 10), (6, 10), (3, 11), (1, 13), (11, 15), (2, 12), (6, 12), (3, 4), (9, 11), (2, 5), (2, 14), (6, 14), (7, 13), (4, 5), (5, 15), (9, 13), (2, 7), (13, 13), (6, 7), (7, 15), (4, 7), (5, 8), (10, 13), (9, 15), (11, 12), (2, 9), (13, 15), (6, 9), (7, 8)]",14,0,14
91,"(15, 15)","(14, 15)",East,"[((16, 15), 'East', 1)]","['(15, 15)', '(3, 2)', '(4, 3)', '(1, 4)', '(2, 3)', '(9, 8)', '(14, 13)', '(6, 5)', '(8, 7)', '(11, 10)', '(5, 4)', '(10, 9)', '(13, 12)', '(15, 14)']","['(3, 2)', '(2, 3)', '(4, 3)', '(1, 4)', '(5, 4)', '(9, 8)', '(14, 13)', '(6, 5)', '(8, 7)', '(11, 10)', '(15, 14)', '(10, 9)', '(13, 12)', '(16, 15)']","[(4, 9), (3, 13), (5, 10), (8, 9), (11, 14), (1, 15), (6, 11), (7, 10), (3, 6), (3, 15), (5, 12), (14, 15), (9, 10), (2, 4), (1, 8), (6, 13), (7, 12), (3, 8), (5, 5), (5, 14), (9, 12), (1, 10), (6, 6), (7, 14), (12, 13), (3, 10), (5, 7), (9, 14), (10, 15), (1, 12), (13, 14), (7, 7), (3, 3), (12, 15), (3, 12), (5, 9), (1, 5), (1, 14), (2, 13), (7, 9), (3, 5), (3, 14), (14, 14), (4, 13), (9, 9), (8, 13), (10, 10), (1, 7), (2, 15), (6, 15), (3, 7), (5, 13), (4, 15), (8, 15), (10, 12), (1, 9), (2, 8), (6, 8), (3, 9), (10, 14), (11, 13), (2, 10), (6, 10), (3, 11), (1, 13), (11, 15), (2, 12), (15, 15), (6, 12), (3, 4), (9, 11), (2, 5), (2, 14), (6, 14), (7, 13), (4, 5), (5, 15), (9, 13), (2, 7), (13, 13), (6, 7), (7, 15), (4, 7), (5, 8), (10, 13), (9, 15), (11, 12), (2, 9), (13, 15), (6, 9), (7, 8)]",14,0,14
92,"(3, 2)","(3, 3)",South,"[((3, 1), 'South', 1), ((2, 2), 'West', 1)]","['(3, 2)', '(2, 3)', '(4, 3)', '(1, 4)', '(5, 4)', '(9, 8)', '(14, 13)', '(6, 5)', '(8, 7)', '(11, 10)', '(15, 14)', '(10, 9)', '(13, 12)', '(16, 15)']","['(4, 3)', '(2, 3)', '(9, 8)', '(1, 4)', '(5, 4)', '(10, 9)', '(14, 13)', '(6, 5)', '(8, 7)', '(11, 10)', '(15, 14)', '(16, 15)', '(13, 12)', '(3, 1)', '(2, 2)']","[(4, 9), (3, 13), (5, 10), (8, 9), (11, 14), (1, 15), (6, 11), (7, 10), (3, 6), (3, 15), (5, 12), (14, 15), (9, 10), (2, 4), (1, 8), (6, 13), (7, 12), (3, 8), (5, 5), (5, 14), (9, 12), (1, 10), (6, 6), (7, 14), (12, 13), (3, 10), (5, 7), (9, 14), (10, 15), (1, 12), (13, 14), (7, 7), (3, 3), (12, 15), (3, 12), (5, 9), (1, 5), (1, 14), (2, 13), (7, 9), (3, 5), (3, 14), (14, 14), (4, 13), (9, 9), (8, 13), (10, 10), (1, 7), (2, 15), (6, 15), (3, 7), (5, 13), (4, 15), (8, 15), (10, 12), (1, 9), (2, 8), (6, 8), (3, 9), (10, 14), (11, 13), (2, 10), (6, 10), (3, 2), (3, 11), (1, 13), (11, 15), (2, 12), (15, 15), (6, 12), (3, 4), (9, 11), (2, 5), (2, 14), (6, 14), (7, 13), (4, 5), (5, 15), (9, 13), (2, 7), (13, 13), (6, 7), (7, 15), (4, 7), (5, 8), (10, 13), (9, 15), (11, 12), (2, 9), (13, 15), (6, 9), (7, 8)]",15,0,15
93,"(4, 3)","(3, 3)",East,"[((5, 3), 'East', 1)]","['(4, 3)', '(2, 3)', '(9, 8)', '(1, 4)', '(5, 4)', '(10, 9)', '(14, 13)', '(6, 5)', '(8, 7)', '(11, 10)', '(15, 14)', '(16, 15)', '(13, 12)', '(3, 1)', '(2, 2)']","['(2, 3)', '(1, 4)', '(9, 8)', '(6, 5)', '(5, 4)', '(10, 9)', '(14, 13)', '(2, 2)', '(8, 7)', '(11, 10)', '(15, 14)', '(16, 15)', '(13, 12)', '(3, 1)', '(5, 3)']","[(4, 9), (3, 13), (5, 10), (8, 9), (11, 14), (1, 15), (6, 11), (7, 10), (3, 6), (3, 15), (5, 12), (14, 15), (9, 10), (2, 4), (1, 8), (6, 13), (7, 12), (3, 8), (5, 5), (5, 14), (9, 12), (1, 10), (6, 6), (7, 14), (12, 13), (3, 10), (5, 7), (9, 14), (10, 15), (1, 12), (13, 14), (7, 7), (3, 3), (12, 15), (3, 12), (5, 9), (1, 5), (1, 14), (2, 13), (7, 9), (3, 5), (3, 14), (14, 14), (4, 13), (9, 9), (8, 13), (10, 10), (1, 7), (2, 15), (6, 15), (3, 7), (5, 13), (4, 15), (8, 15), (10, 12), (1, 9), (2, 8), (6, 8), (3, 9), (10, 14), (11, 13), (2, 10), (6, 10), (3, 2), (3, 11), (1, 13), (11, 15), (2, 12), (15, 15), (6, 12), (3, 4), (4, 3), (9, 11), (2, 5), (2, 14), (6, 14), (7, 13), (4, 5), (5, 15), (9, 13), (2, 7), (13, 13), (6, 7), (7, 15), (4, 7), (5, 8), (10, 13), (9, 15), (11, 12), (2, 9), (13, 15), (6, 9), (7, 8)]",15,0,15
94,"(2, 3)","(3, 3)",West,"[((1, 3), 'West', 1)]","['(2, 3)', '(1, 4)', '(9, 8)', '(6, 5)', '(5, 4)', '(10, 9)', '(14, 13)', '(2, 2)', '(8, 7)', '(11, 10)', '(15, 14)', '(16, 15)', '(13, 12)', '(3, 1)', '(5, 3)']","['(1, 4)', '(5, 4)', '(9, 8)', '(6, 5)', '(11, 10)', '(10, 9)', '(14, 13)', '(2, 2)', '(8, 7)', '(5, 3)', '(15, 14)', '(16, 15)', '(13, 12)', '(3, 1)', '(1, 3)']","[(4, 9), (3, 13), (5, 10), (8, 9), (11, 14), (1, 15), (6, 11), (7, 10), (3, 6), (3, 15), (5, 12), (14, 15), (9, 10), (2, 4), (1, 8), (6, 13), (7, 12), (3, 8), (5, 5), (5, 14), (9, 12), (1, 10), (6, 6), (7, 14), (12, 13), (3, 10), (5, 7), (9, 14), (10, 15), (1, 12), (13, 14), (7, 7), (3, 3), (12, 15), (3, 12), (5, 9), (1, 5), (1, 14), (2, 13), (7, 9), (3, 5), (3, 14), (14, 14), (4, 13), (9, 9), (8, 13), (10, 10), (1, 7), (2, 15), (6, 15), (3, 7), (5, 13), (4, 15), (8, 15), (10, 12), (1, 9), (2, 8), (6, 8), (3, 9), (10, 14), (11, 13), (2, 10), (6, 10), (3, 2), (3, 11), (2, 3), (1, 13), (11, 15), (2, 12), (15, 15), (6, 12), (3, 4), (4, 3), (9, 11), (2, 5), (2, 14), (6, 14), (7, 13), (4, 5), (5, 15), (9, 13), (2, 7), (13, 13), (6, 7), (7, 15), (4, 7), (5, 8), (10, 13), (9, 15), (11, 12), (2, 9), (13, 15), (6, 9), (7, 8)]",15,0,15
95,"(1, 4)","(2, 4)",West,[],"['(1, 4)', '(5, 4)', '(9, 8)', '(6, 5)', '(11, 10)', '(10, 9)', '(14, 13)', '(2, 2)', '(8, 7)', '(5, 3)', '(15, 14)', '(16, 15)', '(13, 12)', '(3, 1)', '(1, 3)']","['(5, 4)', '(6, 5)', '(9, 8)', '(8, 7)', '(11, 10)', '(10, 9)', '(14, 13)', '(2, 2)', '(1, 3)', '(5, 3)', '(15, 14)', '(16, 15)', '(13, 12)', '(3, 1)']","[(4, 9), (3, 13), (5, 10), (8, 9), (11, 14), (1, 15), (6, 11), (7, 10), (3, 6), (3, 15), (5, 12), (14, 15), (9, 10), (2, 4), (1, 8), (6, 13), (7, 12), (3, 8), (5, 5), (5, 14), (9, 12), (1, 10), (6, 6), (7, 14), (12, 13), (3, 10), (5, 7), (9, 14), (10, 15), (1, 12), (13, 14), (7, 7), (3, 3), (12, 15), (3, 12), (5, 9), (1, 5), (1, 14), (2, 13), (7, 9), (3, 5), (3, 14), (14, 14), (4, 13), (9, 9), (8, 13), (10, 10), (1, 7), (2, 15), (6, 15), (3, 7), (5, 13), (4, 15), (8, 15), (10, 12), (1, 9), (2, 8), (6, 8), (3, 9), (10, 14), (11, 13), (2, 10), (6, 10), (3, 2), (3, 11), (1, 4), (2, 3), (1, 13), (11, 15), (2, 12), (15, 15), (6, 12), (3, 4), (4, 3), (9, 11), (2, 5), (2, 14), (6, 14), (7, 13), (4, 5), (5, 15), (9, 13), (2, 7), (13, 13), (6, 7), (7, 15), (4, 7), (5, 8), (10, 13), (9, 15), (11, 12), (2, 9), (13, 15), (6, 9), (7, 8)]",15,0,15
96,"(5, 4)","(5, 5)",South,"[((6, 4), 'East', 1)]","['(5, 4)', '(6, 5)', '(9, 8)', '(8, 7)', '(11, 10)', '(10, 9)', '(14, 13)', '(2, 2)', '(1, 3)', '(5, 3)', '(15, 14)', '(16, 15)', '(13, 12)', '(3, 1)']","['(6, 5)', '(8, 7)', '(9, 8)', '(3, 1)', '(11, 10)', '(10, 9)', '(14, 13)', '(2, 2)', '(1, 3)', '(5, 3)', '(15, 14)', '(16, 15)', '(13, 12)', '(6, 4)']","[(4, 9), (3, 13), (5, 10), (8, 9), (11, 14), (1, 15), (6, 11), (7, 10), (3, 6), (3, 15), (5, 12), (14, 15), (9, 10), (2, 4), (1, 8), (6, 13), (7, 12), (3, 8), (5, 5), (5, 14), (9, 12), (1, 10), (6, 6), (7, 14), (12, 13), (3, 10), (5, 7), (9, 14), (10, 15), (1, 12), (13, 14), (7, 7), (3, 3), (12, 15), (3, 12), (5, 9), (1, 5), (1, 14), (2, 13), (7, 9), (3, 5), (3, 14), (14, 14), (4, 13), (9, 9), (8, 13), (10, 10), (1, 7), (2, 15), (6, 15), (3, 7), (5, 4), (5, 13), (4, 15), (8, 15), (10, 12), (1, 9), (2, 8), (6, 8), (3, 9), (10, 14), (11, 13), (2, 10), (6, 10), (3, 2), (3, 11), (1, 4), (2, 3), (1, 13), (11, 15), (2, 12), (15, 15), (6, 12), (3, 4), (4, 3), (9, 11), (2, 5), (2, 14), (6, 14), (7, 13), (4, 5), (5, 15), (9, 13), (2, 7), (13, 13), (6, 7), (7, 15), (4, 7), (5, 8), (10, 13), (9, 15), (11, 12), (2, 9), (13, 15), (6, 9), (7, 8)]",15,0,15
97,"(6, 5)","(5, 5)",East,"[((7, 5), 'East', 1)]","['(6, 5)', '(8, 7)', '(9, 8)', '(3, 1)', '(11, 10)', '(10, 9)', '(14, 13)', '(2, 2)', '(1, 3)', '(5, 3)', '(15, 14)', '(16, 15)', '(13, 12)', '(6, 4)']","['(8, 7)', '(11, 10)', '(9, 8)', '(3, 1)', '(15, 14)', '(10, 9)', '(14, 13)', '(2, 2)', '(1, 3)', '(5, 3)', '(6, 4)', '(16, 15)', '(13, 12)', '(7, 5)']","[(4, 9), (3, 13), (5, 10), (8, 9), (11, 14), (1, 15), (6, 11), (7, 10), (3, 6), (3, 15), (5, 12), (14, 15), (9, 10), (2, 4), (1, 8), (6, 13), (7, 12), (3, 8), (5, 5), (5, 14), (9, 12), (1, 10), (6, 6), (7, 14), (12, 13), (3, 10), (5, 7), (9, 14), (10, 15), (1, 12), (13, 14), (7, 7), (3, 3), (12, 15), (3, 12), (5, 9), (1, 5), (1, 14), (2, 13), (7, 9), (3, 5), (3, 14), (14, 14), (4, 13), (9, 9), (8, 13), (10, 10), (1, 7), (2, 15), (6, 15), (3, 7), (5, 4), (5, 13), (4, 15), (8, 15), (10, 12), (1, 9), (2, 8), (6, 8), (3, 9), (10, 14), (11, 13), (2, 10), (6, 10), (3, 2), (3, 11), (1, 4), (2, 3), (1, 13), (11, 15), (2, 12), (15, 15), (6, 12), (3, 4), (4, 3), (9, 11), (2, 5), (2, 14), (6, 5), (6, 14), (7, 13), (4, 5), (5, 15), (9, 13), (2, 7), (13, 13), (6, 7), (7, 15), (4, 7), (5, 8), (10, 13), (9, 15), (11, 12), (2, 9), (13, 15), (6, 9), (7, 8)]",15,0,15
98,"(8, 7)","(7, 7)",East,"[((9, 7), 'East', 1)]","['(8, 7)', '(11, 10)', '(9, 8)', '(3, 1)', '(15, 14)', '(10, 9)', '(14, 13)', '(2, 2)', '(1, 3)', '(5, 3)', '(6, 4)', '(16, 15)', '(13, 12)', '(7, 5)']","['(9, 8)', '(11, 10)', '(10, 9)', '(3, 1)', '(15, 14)', '(13, 12)', '(14, 13)', '(2, 2)', '(1, 3)', '(5, 3)', '(6, 4)', '(16, 15)', '(7, 5)', '(9, 7)']","[(4, 9), (3, 13), (5, 10), (8, 9), (11, 14), (1, 15), (6, 11), (7, 10), (3, 6), (3, 15), (5, 12), (14, 15), (9, 10), (2, 4), (1, 8), (6, 13), (7, 12), (3, 8), (5, 5), (5, 14), (9, 12), (1, 10), (6, 6), (7, 14), (12, 13), (3, 10), (5, 7), (9, 14), (10, 15), (1, 12), (13, 14), (7, 7), (3, 3), (12, 15), (3, 12), (5, 9), (1, 5), (1, 14), (2, 13), (7, 9), (3, 5), (3, 14), (14, 14), (4, 13), (9, 9), (8, 13), (10, 10), (1, 7), (2, 15), (6, 15), (3, 7), (5, 4), (5, 13), (4, 15), (8, 15), (10, 12), (1, 9), (2, 8), (6, 8), (3, 9), (10, 14), (11, 13), (2, 10), (6, 10), (3, 2), (3, 11), (1, 4), (2, 3), (1, 13), (11, 15), (2, 12), (15, 15), (6, 12), (3, 4), (4, 3), (9, 11), (2, 5), (2, 14), (6, 5), (6, 14), (7, 13), (4, 5), (5, 15), (9, 13), (2, 7), (13, 13), (6, 7), (7, 15), (4, 7), (5, 8), (8, 7), (10, 13), (9, 15), (11, 12), (2, 9), (13, 15), (6, 9), (7, 8)]",15,0,15
99,"(9, 8)","(9, 9)",South,"[((10, 8), 'East', 1)]","['(9, 8)', '(11, 10)', '(10, 9)', '(3, 1)', '(15, 14)', '(13, 12)', '(14, 13)', '(2, 2)', '(1, 3)', '(5, 3)', '(6, 4)', '(16, 15)', '(7, 5)', '(9, 7)']","['(10, 9)', '(11, 10)', '(13, 12)', '(3, 1)', '(15, 14)', '(16, 15)', '(14, 13)', '(2, 2)', '(1, 3)', '(5, 3)', '(6, 4)', '(9, 7)', '(7, 5)', '(10, 8)']","[(4, 9), (3, 13), (5, 10), (8, 9), (9, 8), (11, 14), (1, 15), (6, 11), (7, 10), (3, 6), (3, 15), (5, 12), (14, 15), (9, 10), (2, 4), (1, 8), (6, 13), (7, 12), (3, 8), (5, 5), (5, 14), (9, 12), (1, 10), (6, 6), (7, 14), (12, 13), (3, 10), (5, 7), (9, 14), (10, 15), (1, 12), (13, 14), (7, 7), (3, 3), (12, 15), (3, 12), (5, 9), (1, 5), (1, 14), (2, 13), (7, 9), (3, 5), (3, 14), (14, 14), (4, 13), (9, 9), (8, 13), (10, 10), (1, 7), (2, 15), (6, 15), (3, 7), (5, 4), (5, 13), (4, 15), (8, 15), (10, 12), (1, 9), (2, 8), (6, 8), (3, 9), (10, 14), (11, 13), (2, 10), (6, 10), (3, 2), (3, 11), (1, 4), (2, 3), (1, 13), (11, 15), (2, 12), (15, 15), (6, 12), (3, 4), (4, 3), (9, 11), (2, 5), (2, 14), (6, 5), (6, 14), (7, 13), (4, 5), (5, 15), (9, 13), (2, 7), (13, 13), (6, 7), (7, 15), (4, 7), (5, 8), (8, 7), (10, 13), (9, 15), (11, 12), (2, 9), (13, 15), (6, 9), (7, 8)]",15,0,15
100,"(10, 9)","(9, 9)",East,"[((11, 9), 'East', 1)]","['(10, 9)', '(11, 10)', '(13, 12)', '(3, 1)', '(15, 14)', '(16, 15)', '(14, 13)', '(2, 2)', '(1, 3)', '(5, 3)', '(6, 4)', '(9, 7)', '(7, 5)', '(10, 8)']","['(11, 10)', '(15, 14)', '(13, 12)', '(3, 1)', '(5, 3)', '(16, 15)', '(14, 13)', '(2, 2)', '(1, 3)', '(10, 8)', '(6, 4)', '(9, 7)', '(7, 5)', '(11, 9)']","[(4, 9), (3, 13), (5, 10), (8, 9), (9, 8), (11, 14), (1, 15), (6, 11), (7, 10), (3, 6), (3, 15), (5, 12), (14, 15), (9, 10), (2, 4), (1, 8), (6, 13), (7, 12), (3, 8), (5, 5), (5, 14), (9, 12), (1, 10), (6, 6), (7, 14), (12, 13), (3, 10), (5, 7), (9, 14), (10, 15), (1, 12), (13, 14), (7, 7), (3, 3), (12, 15), (3, 12), (5, 9), (1, 5), (1, 14), (2, 13), (7, 9), (3, 5), (3, 14), (14, 14), (4, 13), (9, 9), (8, 13), (10, 10), (1, 7), (2, 15), (6, 15), (3, 7), (5, 4), (5, 13), (4, 15), (8, 15), (10, 12), (1, 9), (2, 8), (6, 8), (3, 9), (10, 14), (11, 13), (2, 10), (6, 10), (3, 2), (3, 11), (1, 4), (2, 3), (1, 13), (11, 15), (2, 12), (15, 15), (6, 12), (3, 4), (4, 3), (10, 9), (9, 11), (2, 5), (2, 14), (6, 5), (6, 14), (7, 13), (4, 5), (5, 15), (9, 13), (2, 7), (13, 13), (6, 7), (7, 15), (4, 7), (5, 8), (8, 7), (10, 13), (9, 15), (11, 12), (2, 9), (13, 15), (6, 9), (7, 8)]",15,0,15
101,"(11, 10)","(10, 10)",East,[],"['(11, 10)', '(15, 14)', '(13, 12)', '(3, 1)', '(5, 3)', '(16, 15)', '(14, 13)', '(2, 2)', '(1, 3)', '(10, 8)', '(6, 4)', '(9, 7)', '(7, 5)', '(11, 9)']","['(13, 12)', '(15, 14)', '(14, 13)', '(3, 1)', '(5, 3)', '(16, 15)', '(11, 9)', '(2, 2)', '(1, 3)', '(10, 8)', '(6, 4)', '(9, 7)', '(7, 5)']","[(4, 9), (3, 13), (5, 10), (8, 9), (9, 8), (11, 14), (1, 15), (6, 11), (7, 10), (3, 6), (3, 15), (5, 12), (14, 15), (9, 10), (2, 4), (1, 8), (6, 13), (7, 12), (3, 8), (5, 5), (5, 14), (9, 12), (1, 10), (6, 6), (7, 14), (12, 13), (3, 10), (5, 7), (9, 14), (10, 15), (1, 12), (13, 14), (7, 7), (3, 3), (12, 15), (3, 12), (5, 9), (1, 5), (1, 14), (2, 13), (7, 9), (3, 5), (3, 14), (14, 14), (4, 13), (9, 9), (8, 13), (10, 10), (1, 7), (2, 15), (6, 15), (3, 7), (5, 4), (5, 13), (4, 15), (8, 15), (10, 12), (1, 9), (2, 8), (6, 8), (3, 9), (10, 14), (11, 13), (2, 10), (6, 10), (3, 2), (3, 11), (1, 4), (2, 3), (1, 13), (11, 15), (2, 12), (15, 15), (6, 12), (3, 4), (4, 3), (10, 9), (9, 11), (2, 5), (2, 14), (6, 5), (6, 14), (7, 13), (4, 5), (5, 15), (9, 13), (11, 10), (2, 7), (13, 13), (6, 7), (7, 15), (4, 7), (5, 8), (8, 7), (10, 13), (9, 15), (11, 12), (2, 9), (13, 15), (6, 9), (7, 8)]",15,0,15
102,"(13, 12)","(13, 13)",South,"[((14, 12), 'East', 1)]","['(13, 12)', '(15, 14)', '(14, 13)', '(3, 1)', '(5, 3)', '(16, 15)', '(11, 9)', '(2, 2)', '(1, 3)', '(10, 8)', '(6, 4)', '(9, 7)', '(7, 5)']","['(14, 13)', '(15, 14)', '(16, 15)', '(3, 1)', '(5, 3)', '(7, 5)', '(11, 9)', '(2, 2)', '(1, 3)', '(10, 8)', '(6, 4)', '(9, 7)', '(14, 12)']","[(4, 9), (3, 13), (5, 10), (8, 9), (9, 8), (11, 14), (1, 15), (6, 11), (7, 10), (3, 6), (3, 15), (5, 12), (14, 15), (9, 10), (2, 4), (1, 8), (6, 13), (7, 12), (3, 8), (5, 5), (5, 14), (9, 12), (1, 10), (13, 12), (6, 6), (7, 14), (12, 13), (3, 10), (5, 7), (9, 14), (10, 15), (1, 12), (13, 14), (7, 7), (3, 3), (12, 15), (3, 12), (5, 9), (1, 5), (1, 14), (2, 13), (7, 9), (3, 5), (3, 14), (14, 14), (4, 13), (9, 9), (8, 13), (10, 10), (1, 7), (2, 15), (6, 15), (3, 7), (5, 4), (5, 13), (4, 15), (8, 15), (10, 12), (1, 9), (2, 8), (6, 8), (3, 9), (10, 14), (11, 13), (2, 10), (6, 10), (3, 2), (3, 11), (1, 4), (2, 3), (1, 13), (11, 15), (2, 12), (15, 15), (6, 12), (3, 4), (4, 3), (10, 9), (9, 11), (2, 5), (2, 14), (6, 5), (6, 14), (7, 13), (4, 5), (5, 15), (9, 13), (11, 10), (2, 7), (13, 13), (6, 7), (7, 15), (4, 7), (5, 8), (8, 7), (10, 13), (9, 15), (11, 12), (2, 9), (13, 15), (6, 9), (7, 8)]",15,0,15
103,"(14, 13)","(13, 13)",East,[],"['(14, 13)', '(15, 14)', '(16, 15)', '(3, 1)', '(5, 3)', '(7, 5)', '(11, 9)', '(2, 2)', '(1, 3)', '(10, 8)', '(6, 4)', '(9, 7)', '(14, 12)']","['(15, 14)', '(3, 1)', '(16, 15)', '(2, 2)', '(5, 3)', '(7, 5)', '(11, 9)', '(14, 12)', '(1, 3)', '(10, 8)', '(6, 4)', '(9, 7)']","[(4, 9), (3, 13), (5, 10), (8, 9), (14, 13), (9, 8), (11, 14), (1, 15), (6, 11), (7, 10), (3, 6), (3, 15), (5, 12), (14, 15), (9, 10), (2, 4), (1, 8), (6, 13), (7, 12), (3, 8), (5, 5), (5, 14), (9, 12), (1, 10), (13, 12), (6, 6), (7, 14), (12, 13), (3, 10), (5, 7), (9, 14), (10, 15), (1, 12), (13, 14), (7, 7), (3, 3), (12, 15), (3, 12), (5, 9), (1, 5), (1, 14), (2, 13), (7, 9), (3, 5), (3, 14), (14, 14), (4, 13), (9, 9), (8, 13), (10, 10), (1, 7), (2, 15), (6, 15), (3, 7), (5, 4), (5, 13), (4, 15), (8, 15), (10, 12), (1, 9), (2, 8), (6, 8), (3, 9), (10, 14), (11, 13), (2, 10), (6, 10), (3, 2), (3, 11), (1, 4), (2, 3), (1, 13), (11, 15), (2, 12), (15, 15), (6, 12), (3, 4), (4, 3), (10, 9), (9, 11), (2, 5), (2, 14), (6, 5), (6, 14), (7, 13), (4, 5), (5, 15), (9, 13), (11, 10), (2, 7), (13, 13), (6, 7), (7, 15), (4, 7), (5, 8), (8, 7), (10, 13), (9, 15), (11, 12), (2, 9), (13, 15), (6, 9), (7, 8)]",15,0,15
104,"(15, 14)","(14, 14)",East,[],"['(15, 14)', '(3, 1)', '(16, 15)', '(2, 2)', '(5, 3)', '(7, 5)', '(11, 9)', '(14, 12)', '(1, 3)', '(10, 8)', '(6, 4)', '(9, 7)']","['(16, 15)', '(3, 1)', '(7, 5)', '(2, 2)', '(5, 3)', '(9, 7)', '(11, 9)', '(14, 12)', '(1, 3)', '(10, 8)', '(6, 4)']","[(4, 9), (3, 13), (5, 10), (8, 9), (14, 13), (9, 8), (11, 14), (1, 15), (15, 14), (6, 11), (7, 10), (3, 6), (3, 15), (5, 12), (14, 15), (9, 10), (2, 4), (1, 8), (6, 13), (7, 12), (3, 8), (5, 5), (5, 14), (9, 12), (1, 10), (13, 12), (6, 6), (7, 14), (12, 13), (3, 10), (5, 7), (9, 14), (10, 15), (1, 12), (13, 14), (7, 7), (3, 3), (12, 15), (3, 12), (5, 9), (1, 5), (1, 14), (2, 13), (7, 9), (3, 5), (3, 14), (14, 14), (4, 13), (9, 9), (8, 13), (10, 10), (1, 7), (2, 15), (6, 15), (3, 7), (5, 4), (5, 13), (4, 15), (8, 15), (10, 12), (1, 9), (2, 8), (6, 8), (3, 9), (10, 14), (11, 13), (2, 10), (6, 10), (3, 2), (3, 11), (1, 4), (2, 3), (1, 13), (11, 15), (2, 12), (15, 15), (6, 12), (3, 4), (4, 3), (10, 9), (9, 11), (2, 5), (2, 14), (6, 5), (6, 14), (7, 13), (4, 5), (5, 15), (9, 13), (11, 10), (2, 7), (13, 13), (6, 7), (7, 15), (4, 7), (5, 8), (8, 7), (10, 13), (9, 15), (11, 12), (2, 9), (13, 15), (6, 9), (7, 8)]",15,0,15
105,"(16, 15)","(15, 15)",East,"[((17, 15), 'East', 1)]","['(16, 15)', '(3, 1)', '(7, 5)', '(2, 2)', '(5, 3)', '(9, 7)', '(11, 9)', '(14, 12)', '(1, 3)', '(10, 8)', '(6, 4)']","['(3, 1)', '(2, 2)', '(7, 5)', '(1, 3)', '(5, 3)', '(9, 7)', '(11, 9)', '(14, 12)', '(6, 4)', '(10, 8)', '(17, 15)']","[(4, 9), (3, 13), (5, 10), (8, 9), (14, 13), (9, 8), (11, 14), (1, 15), (15, 14), (6, 11), (7, 10), (3, 6), (3, 15), (5, 12), (14, 15), (9, 10), (2, 4), (1, 8), (6, 13), (16, 15), (7, 12), (3, 8), (5, 5), (5, 14), (9, 12), (1, 10), (13, 12), (6, 6), (7, 14), (12, 13), (3, 10), (5, 7), (9, 14), (10, 15), (1, 12), (13, 14), (7, 7), (3, 3), (12, 15), (3, 12), (5, 9), (1, 5), (1, 14), (2, 13), (7, 9), (3, 5), (3, 14), (14, 14), (4, 13), (9, 9), (8, 13), (10, 10), (1, 7), (2, 15), (6, 15), (3, 7), (5, 4), (5, 13), (4, 15), (8, 15), (10, 12), (1, 9), (2, 8), (6, 8), (3, 9), (10, 14), (11, 13), (2, 10), (6, 10), (3, 2), (3, 11), (1, 4), (2, 3), (1, 13), (11, 15), (2, 12), (15, 15), (6, 12), (3, 4), (4, 3), (10, 9), (9, 11), (2, 5), (2, 14), (6, 5), (6, 14), (7, 13), (4, 5), (5, 15), (9, 13), (11, 10), (2, 7), (13, 13), (6, 7), (7, 15), (4, 7), (5, 8), (8, 7), (10, 13), (9, 15), (11, 12), (2, 9), (13, 15), (6, 9), (7, 8)]",15,0,15
106,"(3, 1)","(3, 2)",South,[],"['(3, 1)', '(2, 2)', '(7, 5)', '(1, 3)', '(5, 3)', '(9, 7)', '(11, 9)', '(14, 12)', '(6, 4)', '(10, 8)', '(17, 15)']","['(2, 2)', '(5, 3)', '(7, 5)', '(1, 3)', '(10, 8)', '(9, 7)', '(11, 9)', '(14, 12)', '(6, 4)', '(17, 15)']","[(4, 9), (3, 13), (5, 10), (8, 9), (14, 13), (9, 8), (11, 14), (1, 15), (15, 14), (6, 11), (7, 10), (3, 6), (3, 15), (5, 12), (14, 15), (9, 10), (2, 4), (1, 8), (6, 13), (16, 15), (7, 12), (3, 8), (5, 5), (5, 14), (9, 12), (1, 10), (13, 12), (6, 6), (7, 14), (3, 1), (12, 13), (3, 10), (5, 7), (9, 14), (10, 15), (1, 12), (13, 14), (7, 7), (3, 3), (12, 15), (3, 12), (5, 9), (1, 5), (1, 14), (2, 13), (7, 9), (3, 5), (3, 14), (14, 14), (4, 13), (9, 9), (8, 13), (10, 10), (1, 7), (2, 15), (6, 15), (3, 7), (5, 4), (5, 13), (4, 15), (8, 15), (10, 12), (1, 9), (2, 8), (6, 8), (3, 9), (10, 14), (11, 13), (2, 10), (6, 10), (3, 2), (3, 11), (1, 4), (2, 3), (1, 13), (11, 15), (2, 12), (15, 15), (6, 12), (3, 4), (4, 3), (10, 9), (9, 11), (2, 5), (2, 14), (6, 5), (6, 14), (7, 13), (4, 5), (5, 15), (9, 13), (11, 10), (2, 7), (13, 13), (6, 7), (7, 15), (4, 7), (5, 8), (8, 7), (10, 13), (9, 15), (11, 12), (2, 9), (13, 15), (6, 9), (7, 8)]",16,0,16
107,"(2, 2)","(3, 2)",West,"[((1, 2), 'West', 1)]","['(2, 2)', '(5, 3)', '(7, 5)', '(1, 3)', '(10, 8)', '(9, 7)', '(11, 9)', '(14, 12)', '(6, 4)', '(17, 15)']","['(5, 3)', '(1, 3)', '(7, 5)', '(6, 4)', '(10, 8)', '(9, 7)', '(11, 9)', '(14, 12)', '(17, 15)', '(1, 2)']","[(4, 9), (3, 13), (5, 10), (8, 9), (14, 13), (9, 8), (2, 2), (11, 14), (1, 15), (15, 14), (6, 11), (7, 10), (3, 6), (3, 15), (5, 12), (14, 15), (9, 10), (2, 4), (1, 8), (6, 13), (16, 15), (7, 12), (3, 8), (5, 5), (5, 14), (9, 12), (1, 10), (13, 12), (6, 6), (7, 14), (3, 1), (12, 13), (3, 10), (5, 7), (9, 14), (10, 15), (1, 12), (13, 14), (7, 7), (3, 3), (12, 15), (3, 12), (5, 9), (1, 5), (1, 14), (2, 13), (7, 9), (3, 5), (3, 14), (14, 14), (4, 13), (9, 9), (8, 13), (10, 10), (1, 7), (2, 15), (6, 15), (3, 7), (5, 4), (5, 13), (4, 15), (8, 15), (10, 12), (1, 9), (2, 8), (6, 8), (3, 9), (10, 14), (11, 13), (2, 10), (6, 10), (3, 2), (3, 11), (1, 4), (2, 3), (1, 13), (11, 15), (2, 12), (15, 15), (6, 12), (3, 4), (4, 3), (10, 9), (9, 11), (2, 5), (2, 14), (6, 5), (6, 14), (7, 13), (4, 5), (5, 15), (9, 13), (11, 10), (2, 7), (13, 13), (6, 7), (7, 15), (4, 7), (5, 8), (8, 7), (10, 13), (9, 15), (11, 12), (2, 9), (13, 15), (6, 9), (7, 8)]",16,0,16
108,"(5, 3)","(4, 3)",East,"[((5, 2), 'South', 1), ((6, 3), 'East', 1)]","['(5, 3)', '(1, 3)', '(7, 5)', '(6, 4)', '(10, 8)', '(9, 7)', '(11, 9)', '(14, 12)', '(17, 15)', '(1, 2)']","['(1, 3)', '(6, 4)', '(7, 5)', '(14, 12)', '(10, 8)', '(9, 7)', '(11, 9)', '(1, 2)', '(17, 15)', '(5, 2)', '(6, 3)']","[(4, 9), (3, 13), (5, 10), (8, 9), (14, 13), (9, 8), (2, 2), (11, 14), (1, 15), (15, 14), (6, 11), (7, 10), (3, 6), (5, 3), (3, 15), (5, 12), (14, 15), (9, 10), (2, 4), (1, 8), (6, 13), (16, 15), (7, 12), (3, 8), (5, 5), (5, 14), (9, 12), (1, 10), (13, 12), (6, 6), (7, 14), (3, 1), (12, 13), (3, 10), (5, 7), (9, 14), (10, 15), (1, 12), (13, 14), (7, 7), (3, 3), (12, 15), (3, 12), (5, 9), (1, 5), (1, 14), (2, 13), (7, 9), (3, 5), (3, 14), (14, 14), (4, 13), (9, 9), (8, 13), (10, 10), (1, 7), (2, 15), (6, 15), (3, 7), (5, 4), (5, 13), (4, 15), (8, 15), (10, 12), (1, 9), (2, 8), (6, 8), (3, 9), (10, 14), (11, 13), (2, 10), (6, 10), (3, 2), (3, 11), (1, 4), (2, 3), (1, 13), (11, 15), (2, 12), (15, 15), (6, 12), (3, 4), (4, 3), (10, 9), (9, 11), (2, 5), (2, 14), (6, 5), (6, 14), (7, 13), (4, 5), (5, 15), (9, 13), (11, 10), (2, 7), (13, 13), (6, 7), (7, 15), (4, 7), (5, 8), (8, 7), (10, 13), (9, 15), (11, 12), (2, 9), (13, 15), (6, 9), (7, 8)]",16,0,16
109,"(1, 3)","(2, 3)",West,[],"['(1, 3)', '(6, 4)', '(7, 5)', '(14, 12)', '(10, 8)', '(9, 7)', '(11, 9)', '(1, 2)', '(17, 15)', '(5, 2)', '(6, 3)']","['(6, 4)', '(10, 8)', '(7, 5)', '(14, 12)', '(5, 2)', '(9, 7)', '(11, 9)', '(1, 2)', '(17, 15)', '(6, 3)']","[(4, 9), (3, 13), (5, 10), (8, 9), (14, 13), (9, 8), (2, 2), (11, 14), (1, 15), (15, 14), (6, 11), (7, 10), (3, 6), (5, 3), (3, 15), (5, 12), (14, 15), (9, 10), (2, 4), (1, 8), (6, 13), (16, 15), (7, 12), (3, 8), (5, 5), (5, 14), (9, 12), (1, 10), (13, 12), (6, 6), (7, 14), (3, 1), (12, 13), (3, 10), (5, 7), (9, 14), (1, 3), (10, 15), (1, 12), (13, 14), (7, 7), (3, 3), (12, 15), (3, 12), (5, 9), (1, 5), (1, 14), (2, 13), (7, 9), (3, 5), (3, 14), (14, 14), (4, 13), (9, 9), (8, 13), (10, 10), (1, 7), (2, 15), (6, 15), (3, 7), (5, 4), (5, 13), (4, 15), (8, 15), (10, 12), (1, 9), (2, 8), (6, 8), (3, 9), (10, 14), (11, 13), (2, 10), (6, 10), (3, 2), (3, 11), (1, 4), (2, 3), (1, 13), (11, 15), (2, 12), (15, 15), (6, 12), (3, 4), (4, 3), (10, 9), (9, 11), (2, 5), (2, 14), (6, 5), (6, 14), (7, 13), (4, 5), (5, 15), (9, 13), (11, 10), (2, 7), (13, 13), (6, 7), (7, 15), (4, 7), (5, 8), (8, 7), (10, 13), (9, 15), (11, 12), (2, 9), (13, 15), (6, 9), (7, 8)]",16,0,16
110,"(6, 4)","(5, 4)",East,"[((7, 4), 'East', 1)]","['(6, 4)', '(10, 8)', '(7, 5)', '(14, 12)', '(5, 2)', '(9, 7)', '(11, 9)', '(1, 2)', '(17, 15)', '(6, 3)']","['(7, 5)', '(10, 8)', '(9, 7)', '(14, 12)', '(5, 2)', '(6, 3)', '(11, 9)', '(1, 2)', '(17, 15)', '(7, 4)']","[(4, 9), (3, 13), (5, 10), (8, 9), (14, 13), (9, 8), (2, 2), (11, 14), (1, 15), (15, 14), (6, 11), (7, 10), (3, 6), (5, 3), (3, 15), (5, 12), (14, 15), (9, 10), (2, 4), (1, 8), (6, 4), (6, 13), (16, 15), (7, 12), (3, 8), (5, 5), (5, 14), (9, 12), (1, 10), (13, 12), (6, 6), (7, 14), (3, 1), (12, 13), (3, 10), (5, 7), (9, 14), (1, 3), (10, 15), (1, 12), (13, 14), (7, 7), (3, 3), (12, 15), (3, 12), (5, 9), (1, 5), (1, 14), (2, 13), (7, 9), (3, 5), (3, 14), (14, 14), (4, 13), (9, 9), (8, 13), (10, 10), (1, 7), (2, 15), (6, 15), (3, 7), (5, 4), (5, 13), (4, 15), (8, 15), (10, 12), (1, 9), (2, 8), (6, 8), (3, 9), (10, 14), (11, 13), (2, 10), (6, 10), (3, 2), (3, 11), (1, 4), (2, 3), (1, 13), (11, 15), (2, 12), (15, 15), (6, 12), (3, 4), (4, 3), (10, 9), (9, 11), (2, 5), (2, 14), (6, 5), (6, 14), (7, 13), (4, 5), (5, 15), (9, 13), (11, 10), (2, 7), (13, 13), (6, 7), (7, 15), (4, 7), (5, 8), (8, 7), (10, 13), (9, 15), (11, 12), (2, 9), (13, 15), (6, 9), (7, 8)]",16,0,16
111,"(7, 5)","(6, 5)",East,"[((8, 5), 'East', 1)]","['(7, 5)', '(10, 8)', '(9, 7)', '(14, 12)', '(5, 2)', '(6, 3)', '(11, 9)', '(1, 2)', '(17, 15)', '(7, 4)']","['(9, 7)', '(10, 8)', '(11, 9)', '(14, 12)', '(5, 2)', '(6, 3)', '(7, 4)', '(1, 2)', '(17, 15)', '(8, 5)']","[(4, 9), (3, 13), (5, 10), (8, 9), (14, 13), (9, 8), (2, 2), (11, 14), (1, 15), (15, 14), (6, 11), (7, 10), (3, 6), (5, 3), (3, 15), (5, 12), (14, 15), (9, 10), (2, 4), (1, 8), (6, 4), (6, 13), (16, 15), (7, 12), (3, 8), (5, 5), (5, 14), (9, 12), (1, 10), (13, 12), (6, 6), (7, 5), (7, 14), (3, 1), (12, 13), (3, 10), (5, 7), (9, 14), (1, 3), (10, 15), (1, 12), (13, 14), (7, 7), (3, 3), (12, 15), (3, 12), (5, 9), (1, 5), (1, 14), (2, 13), (7, 9), (3, 5), (3, 14), (14, 14), (4, 13), (9, 9), (8, 13), (10, 10), (1, 7), (2, 15), (6, 15), (3, 7), (5, 4), (5, 13), (4, 15), (8, 15), (10, 12), (1, 9), (2, 8), (6, 8), (3, 9), (10, 14), (11, 13), (2, 10), (6, 10), (3, 2), (3, 11), (1, 4), (2, 3), (1, 13), (11, 15), (2, 12), (15, 15), (6, 12), (3, 4), (4, 3), (10, 9), (9, 11), (2, 5), (2, 14), (6, 5), (6, 14), (7, 13), (4, 5), (5, 15), (9, 13), (11, 10), (2, 7), (13, 13), (6, 7), (7, 15), (4, 7), (5, 8), (8, 7), (10, 13), (9, 15), (11, 12), (2, 9), (13, 15), (6, 9), (7, 8)]",16,0,16
112,"(9, 7)","(8, 7)",East,"[((9, 6), 'South', 1), ((10, 7), 'East', 1)]","['(9, 7)', '(10, 8)', '(11, 9)', '(14, 12)', '(5, 2)', '(6, 3)', '(7, 4)', '(1, 2)', '(17, 15)', '(8, 5)']","['(10, 8)', '(14, 12)', '(11, 9)', '(17, 15)', '(5, 2)', '(6, 3)', '(7, 4)', '(1, 2)', '(8, 5)', '(9, 6)', '(10, 7)']","[(4, 9), (3, 13), (5, 10), (8, 9), (14, 13), (9, 8), (2, 2), (11, 14), (1, 15), (15, 14), (6, 11), (7, 10), (3, 6), (5, 3), (3, 15), (5, 12), (14, 15), (9, 10), (2, 4), (1, 8), (6, 4), (6, 13), (16, 15), (7, 12), (3, 8), (5, 5), (5, 14), (9, 12), (1, 10), (13, 12), (6, 6), (7, 5), (7, 14), (3, 1), (12, 13), (3, 10), (5, 7), (9, 14), (1, 3), (10, 15), (1, 12), (13, 14), (7, 7), (3, 3), (12, 15), (3, 12), (5, 9), (9, 7), (1, 5), (1, 14), (2, 13), (7, 9), (3, 5), (3, 14), (14, 14), (4, 13), (9, 9), (8, 13), (10, 10), (1, 7), (2, 15), (6, 15), (3, 7), (5, 4), (5, 13), (4, 15), (8, 15), (10, 12), (1, 9), (2, 8), (6, 8), (3, 9), (10, 14), (11, 13), (2, 10), (6, 10), (3, 2), (3, 11), (1, 4), (2, 3), (1, 13), (11, 15), (2, 12), (15, 15), (6, 12), (3, 4), (4, 3), (10, 9), (9, 11), (2, 5), (2, 14), (6, 5), (6, 14), (7, 13), (4, 5), (5, 15), (9, 13), (11, 10), (2, 7), (13, 13), (6, 7), (7, 15), (4, 7), (5, 8), (8, 7), (10, 13), (9, 15), (11, 12), (2, 9), (13, 15), (6, 9), (7, 8)]",16,0,16
113,"(10, 8)","(9, 8)",East,"[((11, 8), 'East', 1)]","['(10, 8)', '(14, 12)', '(11, 9)', '(17, 15)', '(5, 2)', '(6, 3)', '(7, 4)', '(1, 2)', '(8, 5)', '(9, 6)', '(10, 7)']","['(11, 9)', '(14, 12)', '(6, 3)', '(17, 15)', '(5, 2)', '(10, 7)', '(7, 4)', '(1, 2)', '(8, 5)', '(9, 6)', '(11, 8)']","[(4, 9), (3, 13), (5, 10), (8, 9), (14, 13), (9, 8), (2, 2), (11, 14), (1, 15), (15, 14), (6, 11), (7, 10), (3, 6), (5, 3), (3, 15), (5, 12), (14, 15), (9, 10), (2, 4), (1, 8), (6, 4), (6, 13), (16, 15), (7, 12), (3, 8), (5, 5), (5, 14), (9, 12), (1, 10), (13, 12), (6, 6), (7, 5), (7, 14), (3, 1), (12, 13), (3, 10), (5, 7), (9, 14), (1, 3), (10, 15), (1, 12), (13, 14), (7, 7), (3, 3), (12, 15), (3, 12), (5, 9), (9, 7), (10, 8), (1, 5), (1, 14), (2, 13), (7, 9), (3, 5), (3, 14), (14, 14), (4, 13), (9, 9), (8, 13), (10, 10), (1, 7), (2, 15), (6, 15), (3, 7), (5, 4), (5, 13), (4, 15), (8, 15), (10, 12), (1, 9), (2, 8), (6, 8), (3, 9), (10, 14), (11, 13), (2, 10), (6, 10), (3, 2), (3, 11), (1, 4), (2, 3), (1, 13), (11, 15), (2, 12), (15, 15), (6, 12), (3, 4), (4, 3), (10, 9), (9, 11), (2, 5), (2, 14), (6, 5), (6, 14), (7, 13), (4, 5), (5, 15), (9, 13), (11, 10), (2, 7), (13, 13), (6, 7), (7, 15), (4, 7), (5, 8), (8, 7), (10, 13), (9, 15), (11, 12), (2, 9), (13, 15), (6, 9), (7, 8)]",16,0,16
114,"(11, 9)","(10, 9)",East,"[((12, 9), 'East', 1)]","['(11, 9)', '(14, 12)', '(6, 3)', '(17, 15)', '(5, 2)', '(10, 7)', '(7, 4)', '(1, 2)', '(8, 5)', '(9, 6)', '(11, 8)']","['(14, 12)', '(17, 15)', '(6, 3)', '(1, 2)', '(5, 2)', '(10, 7)', '(7, 4)', '(11, 8)', '(8, 5)', '(9, 6)', '(12, 9)']","[(4, 9), (3, 13), (5, 10), (8, 9), (14, 13), (9, 8), (2, 2), (11, 14), (1, 15), (15, 14), (6, 11), (7, 10), (3, 6), (5, 3), (3, 15), (5, 12), (14, 15), (9, 10), (2, 4), (1, 8), (6, 4), (6, 13), (16, 15), (7, 12), (3, 8), (5, 5), (5, 14), (9, 12), (11, 9), (1, 10), (13, 12), (6, 6), (7, 5), (7, 14), (3, 1), (12, 13), (3, 10), (5, 7), (9, 14), (1, 3), (10, 15), (1, 12), (13, 14), (7, 7), (3, 3), (12, 15), (3, 12), (5, 9), (9, 7), (10, 8), (1, 5), (1, 14), (2, 13), (7, 9), (3, 5), (3, 14), (14, 14), (4, 13), (9, 9), (8, 13), (10, 10), (1, 7), (2, 15), (6, 15), (3, 7), (5, 4), (5, 13), (4, 15), (8, 15), (10, 12), (1, 9), (2, 8), (6, 8), (3, 9), (10, 14), (11, 13), (2, 10), (6, 10), (3, 2), (3, 11), (1, 4), (2, 3), (1, 13), (11, 15), (2, 12), (15, 15), (6, 12), (3, 4), (4, 3), (10, 9), (9, 11), (2, 5), (2, 14), (6, 5), (6, 14), (7, 13), (4, 5), (5, 15), (9, 13), (11, 10), (2, 7), (13, 13), (6, 7), (7, 15), (4, 7), (5, 8), (8, 7), (10, 13), (9, 15), (11, 12), (2, 9), (13, 15), (6, 9), (7, 8)]",16,0,16
115,"(14, 12)","(13, 12)",East,[],"['(14, 12)', '(17, 15)', '(6, 3)', '(1, 2)', '(5, 2)', '(10, 7)', '(7, 4)', '(11, 8)', '(8, 5)', '(9, 6)', '(12, 9)']","['(17, 15)', '(1, 2)', '(6, 3)', '(8, 5)', '(5, 2)', '(10, 7)', '(7, 4)', '(11, 8)', '(12, 9)', '(9, 6)']","[(4, 9), (3, 13), (5, 10), (8, 9), (14, 13), (9, 8), (2, 2), (11, 14), (1, 15), (15, 14), (6, 11), (7, 10), (3, 6), (5, 3), (3, 15), (5, 12), (14, 15), (9, 10), (2, 4), (1, 8), (6, 4), (6, 13), (16, 15), (7, 12), (3, 8), (5, 5), (5, 14), (9, 12), (11, 9), (1, 10), (13, 12), (6, 6), (7, 5), (7, 14), (3, 1), (12, 13), (3, 10), (5, 7), (9, 14), (1, 3), (10, 15), (1, 12), (13, 14), (7, 7), (3, 3), (12, 15), (3, 12), (5, 9), (14, 12), (9, 7), (10, 8), (1, 5), (1, 14), (2, 13), (7, 9), (3, 5), (3, 14), (14, 14), (4, 13), (9, 9), (8, 13), (10, 10), (1, 7), (2, 15), (6, 15), (3, 7), (5, 4), (5, 13), (4, 15), (8, 15), (10, 12), (1, 9), (2, 8), (6, 8), (3, 9), (10, 14), (11, 13), (2, 10), (6, 10), (3, 2), (3, 11), (1, 4), (2, 3), (1, 13), (11, 15), (2, 12), (15, 15), (6, 12), (3, 4), (4, 3), (10, 9), (9, 11), (2, 5), (2, 14), (6, 5), (6, 14), (7, 13), (4, 5), (5, 15), (9, 13), (11, 10), (2, 7), (13, 13), (6, 7), (7, 15), (4, 7), (5, 8), (8, 7), (10, 13), (9, 15), (11, 12), (2, 9), (13, 15), (6, 9), (7, 8)]",16,0,16
116,"(17, 15)","(16, 15)",East,"[((17, 14), 'South', 1), ((18, 15), 'East', 1)]","['(17, 15)', '(1, 2)', '(6, 3)', '(8, 5)', '(5, 2)', '(10, 7)', '(7, 4)', '(11, 8)', '(12, 9)', '(9, 6)']","['(1, 2)', '(5, 2)', '(6, 3)', '(8, 5)', '(9, 6)', '(10, 7)', '(7, 4)', '(11, 8)', '(12, 9)', '(17, 14)', '(18, 15)']","[(4, 9), (3, 13), (5, 10), (8, 9), (14, 13), (9, 8), (2, 2), (11, 14), (1, 15), (15, 14), (6, 11), (7, 10), (3, 6), (5, 3), (3, 15), (5, 12), (14, 15), (9, 10), (2, 4), (1, 8), (6, 4), (6, 13), (16, 15), (7, 12), (3, 8), (5, 5), (5, 14), (9, 12), (11, 9), (1, 10), (13, 12), (6, 6), (7, 5), (7, 14), (3, 1), (12, 13), (3, 10), (5, 7), (9, 14), (1, 3), (10, 15), (1, 12), (13, 14), (7, 7), (3, 3), (12, 15), (3, 12), (5, 9), (14, 12), (9, 7), (10, 8), (1, 5), (1, 14), (2, 13), (7, 9), (3, 5), (3, 14), (14, 14), (4, 13), (9, 9), (8, 13), (10, 10), (1, 7), (2, 15), (6, 15), (3, 7), (5, 4), (5, 13), (4, 15), (8, 15), (10, 12), (1, 9), (2, 8), (6, 8), (3, 9), (10, 14), (11, 13), (2, 10), (6, 10), (3, 2), (3, 11), (1, 4), (2, 3), (1, 13), (11, 15), (2, 12), (15, 15), (6, 12), (3, 4), (4, 3), (17, 15), (10, 9), (9, 11), (2, 5), (2, 14), (6, 5), (6, 14), (7, 13), (4, 5), (5, 15), (9, 13), (11, 10), (2, 7), (13, 13), (6, 7), (7, 15), (4, 7), (5, 8), (8, 7), (10, 13), (9, 15), (11, 12), (2, 9), (13, 15), (6, 9), (7, 8)]",16,0,16
117,"(1, 2)","(2, 2)",West,[],"['(1, 2)', '(5, 2)', '(6, 3)', '(8, 5)', '(9, 6)', '(10, 7)', '(7, 4)', '(11, 8)', '(12, 9)', '(17, 14)', '(18, 15)']","['(5, 2)', '(8, 5)', '(6, 3)', '(11, 8)', '(9, 6)', '(10, 7)', '(7, 4)', '(18, 15)', '(12, 9)', '(17, 14)']","[(4, 9), (3, 13), (5, 10), (8, 9), (14, 13), (9, 8), (2, 2), (11, 14), (1, 15), (15, 14), (6, 11), (7, 10), (3, 6), (5, 3), (3, 15), (5, 12), (14, 15), (9, 10), (2, 4), (1, 8), (6, 4), (6, 13), (16, 15), (7, 12), (3, 8), (5, 5), (5, 14), (9, 12), (11, 9), (1, 10), (13, 12), (6, 6), (7, 5), (7, 14), (3, 1), (12, 13), (3, 10), (5, 7), (9, 14), (1, 3), (10, 15), (1, 12), (13, 14), (7, 7), (3, 3), (12, 15), (3, 12), (5, 9), (14, 12), (9, 7), (10, 8), (1, 5), (1, 14), (2, 13), (7, 9), (3, 5), (3, 14), (14, 14), (4, 13), (9, 9), (8, 13), (10, 10), (1, 7), (2, 15), (6, 15), (3, 7), (5, 4), (5, 13), (4, 15), (8, 15), (10, 12), (1, 9), (2, 8), (6, 8), (3, 9), (1, 2), (10, 14), (11, 13), (2, 10), (6, 10), (3, 2), (3, 11), (1, 4), (2, 3), (1, 13), (11, 15), (2, 12), (15, 15), (6, 12), (3, 4), (4, 3), (17, 15), (10, 9), (9, 11), (2, 5), (2, 14), (6, 5), (6, 14), (7, 13), (4, 5), (5, 15), (9, 13), (11, 10), (2, 7), (13, 13), (6, 7), (7, 15), (4, 7), (5, 8), (8, 7), (10, 13), (9, 15), (11, 12), (2, 9), (13, 15), (6, 9), (7, 8)]",17,0,17
118,"(5, 2)","(5, 3)",South,"[((6, 2), 'East', 1)]","['(5, 2)', '(8, 5)', '(6, 3)', '(11, 8)', '(9, 6)', '(10, 7)', '(7, 4)', '(18, 15)', '(12, 9)', '(17, 14)']","['(6, 3)', '(8, 5)', '(7, 4)', '(11, 8)', '(9, 6)', '(10, 7)', '(17, 14)', '(18, 15)', '(12, 9)', '(6, 2)']","[(4, 9), (3, 13), (5, 10), (8, 9), (14, 13), (9, 8), (2, 2), (11, 14), (1, 15), (15, 14), (6, 11), (7, 10), (3, 6), (5, 3), (3, 15), (5, 12), (14, 15), (9, 10), (2, 4), (1, 8), (6, 4), (6, 13), (16, 15), (7, 12), (3, 8), (5, 5), (5, 14), (9, 12), (11, 9), (1, 10), (13, 12), (6, 6), (7, 5), (7, 14), (3, 1), (12, 13), (3, 10), (5, 7), (9, 14), (1, 3), (10, 15), (1, 12), (13, 14), (7, 7), (3, 3), (12, 15), (3, 12), (5, 9), (14, 12), (9, 7), (10, 8), (1, 5), (1, 14), (2, 13), (7, 9), (3, 5), (5, 2), (3, 14), (14, 14), (4, 13), (9, 9), (8, 13), (10, 10), (1, 7), (2, 15), (6, 15), (3, 7), (5, 4), (5, 13), (4, 15), (8, 15), (10, 12), (1, 9), (2, 8), (6, 8), (3, 9), (1, 2), (10, 14), (11, 13), (2, 10), (6, 10), (3, 2), (3, 11), (1, 4), (2, 3), (1, 13), (11, 15), (2, 12), (15, 15), (6, 12), (3, 4), (4, 3), (17, 15), (10, 9), (9, 11), (2, 5), (2, 14), (6, 5), (6, 14), (7, 13), (4, 5), (5, 15), (9, 13), (11, 10), (2, 7), (13, 13), (6, 7), (7, 15), (4, 7), (5, 8), (8, 7), (10, 13), (9, 15), (11, 12), (2, 9), (13, 15), (6, 9), (7, 8)]",17,0,17
119,"(6, 3)","(5, 3)",East,"[((7, 3), 'East', 1)]","['(6, 3)', '(8, 5)', '(7, 4)', '(11, 8)', '(9, 6)', '(10, 7)', '(17, 14)', '(18, 15)', '(12, 9)', '(6, 2)']","['(7, 4)', '(8, 5)', '(10, 7)', '(11, 8)', '(9, 6)', '(6, 2)', '(17, 14)', '(18, 15)', '(12, 9)', '(7, 3)']","[(4, 9), (3, 13), (5, 10), (8, 9), (14, 13), (9, 8), (2, 2), (11, 14), (1, 15), (15, 14), (6, 11), (7, 10), (3, 6), (5, 3), (3, 15), (5, 12), (14, 15), (9, 10), (2, 4), (1, 8), (6, 4), (6, 13), (16, 15), (7, 12), (3, 8), (5, 5), (5, 14), (9, 12), (11, 9), (1, 10), (13, 12), (6, 6), (7, 5), (7, 14), (3, 1), (12, 13), (3, 10), (5, 7), (9, 14), (1, 3), (10, 15), (1, 12), (13, 14), (7, 7), (3, 3), (12, 15), (3, 12), (5, 9), (14, 12), (9, 7), (10, 8), (1, 5), (1, 14), (2, 13), (7, 9), (3, 5), (5, 2), (3, 14), (14, 14), (4, 13), (9, 9), (8, 13), (10, 10), (1, 7), (2, 15), (6, 15), (3, 7), (5, 4), (5, 13), (4, 15), (8, 15), (10, 12), (1, 9), (2, 8), (6, 8), (3, 9), (1, 2), (10, 14), (11, 13), (2, 10), (6, 10), (3, 2), (3, 11), (1, 4), (2, 3), (1, 13), (11, 15), (2, 12), (6, 3), (15, 15), (6, 12), (3, 4), (4, 3), (17, 15), (10, 9), (9, 11), (2, 5), (2, 14), (6, 5), (6, 14), (7, 13), (4, 5), (5, 15), (9, 13), (11, 10), (2, 7), (13, 13), (6, 7), (7, 15), (4, 7), (5, 8), (8, 7), (10, 13), (9, 15), (11, 12), (2, 9), (13, 15), (6, 9), (7, 8)]",17,0,17
120,"(7, 4)","(6, 4)",East,[],"['(7, 4)', '(8, 5)', '(10, 7)', '(11, 8)', '(9, 6)', '(6, 2)', '(17, 14)', '(18, 15)', '(12, 9)', '(7, 3)']","['(8, 5)', '(9, 6)', '(10, 7)', '(11, 8)', '(7, 3)', '(6, 2)', '(17, 14)', '(18, 15)', '(12, 9)']","[(4, 9), (3, 13), (5, 10), (8, 9), (14, 13), (9, 8), (2, 2), (11, 14), (1, 15), (15, 14), (6, 11), (7, 10), (3, 6), (5, 3), (3, 15), (5, 12), (14, 15), (9, 10), (2, 4), (1, 8), (6, 4), (6, 13), (16, 15), (7, 12), (3, 8), (5, 5), (5, 14), (9, 12), (11, 9), (1, 10), (13, 12), (6, 6), (7, 5), (7, 14), (3, 1), (12, 13), (3, 10), (5, 7), (9, 14), (1, 3), (10, 15), (1, 12), (13, 14), (7, 7), (3, 3), (12, 15), (3, 12), (5, 9), (14, 12), (9, 7), (10, 8), (1, 5), (1, 14), (2, 13), (7, 9), (3, 5), (5, 2), (3, 14), (14, 14), (4, 13), (9, 9), (8, 13), (10, 10), (1, 7), (2, 15), (6, 15), (3, 7), (5, 4), (5, 13), (4, 15), (8, 15), (10, 12), (1, 9), (2, 8), (7, 4), (6, 8), (3, 9), (1, 2), (10, 14), (11, 13), (2, 10), (6, 10), (3, 2), (3, 11), (1, 4), (2, 3), (1, 13), (11, 15), (2, 12), (6, 3), (15, 15), (6, 12), (3, 4), (4, 3), (17, 15), (10, 9), (9, 11), (2, 5), (2, 14), (6, 5), (6, 14), (7, 13), (4, 5), (5, 15), (9, 13), (11, 10), (2, 7), (13, 13), (6, 7), (7, 15), (4, 7), (5, 8), (8, 7), (10, 13), (9, 15), (11, 12), (2, 9), (13, 15), (6, 9), (7, 8)]",17,0,17
121,"(8, 5)","(7, 5)",East,"[((9, 5), 'East', 1)]","['(8, 5)', '(9, 6)', '(10, 7)', '(11, 8)', '(7, 3)', '(6, 2)', '(17, 14)', '(18, 15)', '(12, 9)']","['(9, 6)', '(11, 8)', '(10, 7)', '(12, 9)', '(7, 3)', '(6, 2)', '(17, 14)', '(18, 15)', '(9, 5)']","[(4, 9), (3, 13), (5, 10), (8, 9), (14, 13), (9, 8), (2, 2), (11, 14), (1, 15), (15, 14), (6, 11), (7, 10), (3, 6), (5, 3), (3, 15), (5, 12), (14, 15), (9, 10), (2, 4), (1, 8), (6, 4), (6, 13), (16, 15), (7, 12), (3, 8), (5, 5), (5, 14), (9, 12), (11, 9), (1, 10), (13, 12), (6, 6), (7, 5), (7, 14), (3, 1), (12, 13), (3, 10), (5, 7), (9, 14), (1, 3), (10, 15), (1, 12), (13, 14), (7, 7), (3, 3), (12, 15), (3, 12), (5, 9), (14, 12), (9, 7), (10, 8), (1, 5), (1, 14), (2, 13), (7, 9), (3, 5), (5, 2), (3, 14), (14, 14), (4, 13), (9, 9), (8, 13), (10, 10), (1, 7), (2, 15), (6, 15), (3, 7), (5, 4), (5, 13), (4, 15), (8, 15), (10, 12), (1, 9), (2, 8), (7, 4), (6, 8), (3, 9), (1, 2), (10, 14), (11, 13), (2, 10), (6, 10), (3, 2), (3, 11), (1, 4), (2, 3), (1, 13), (11, 15), (2, 12), (6, 3), (15, 15), (6, 12), (3, 4), (4, 3), (17, 15), (10, 9), (9, 11), (2, 5), (2, 14), (6, 5), (6, 14), (7, 13), (4, 5), (8, 5), (5, 15), (9, 13), (11, 10), (2, 7), (13, 13), (6, 7), (7, 15), (4, 7), (5, 8), (8, 7), (10, 13), (9, 15), (11, 12), (2, 9), (13, 15), (6, 9), (7, 8)]",17,0,17
122,"(9, 6)","(9, 7)",South,[],"['(9, 6)', '(11, 8)', '(10, 7)', '(12, 9)', '(7, 3)', '(6, 2)', '(17, 14)', '(18, 15)', '(9, 5)']","['(10, 7)', '(11, 8)', '(17, 14)', '(12, 9)', '(7, 3)', '(6, 2)', '(9, 5)', '(18, 15)']","[(4, 9), (3, 13), (5, 10), (8, 9), (14, 13), (9, 8), (2, 2), (11, 14), (1, 15), (15, 14), (6, 11), (7, 10), (3, 6), (5, 3), (3, 15), (5, 12), (14, 15), (9, 10), (2, 4), (1, 8), (6, 4), (6, 13), (16, 15), (7, 12), (3, 8), (5, 5), (5, 14), (9, 12), (11, 9), (1, 10), (13, 12), (6, 6), (7, 5), (7, 14), (3, 1), (12, 13), (3, 10), (5, 7), (9, 14), (1, 3), (10, 15), (1, 12), (13, 14), (7, 7), (3, 3), (12, 15), (3, 12), (5, 9), (14, 12), (9, 7), (10, 8), (1, 5), (1, 14), (2, 13), (7, 9), (3, 5), (5, 2), (3, 14), (14, 14), (4, 13), (9, 9), (8, 13), (10, 10), (1, 7), (2, 15), (6, 15), (3, 7), (5, 4), (5, 13), (4, 15), (8, 15), (10, 12), (1, 9), (2, 8), (7, 4), (6, 8), (3, 9), (1, 2), (10, 14), (11, 13), (2, 10), (6, 10), (3, 2), (3, 11), (1, 4), (2, 3), (1, 13), (11, 15), (2, 12), (6, 3), (15, 15), (6, 12), (3, 4), (4, 3), (17, 15), (10, 9), (9, 11), (2, 5), (2, 14), (6, 5), (6, 14), (7, 13), (4, 5), (8, 5), (5, 15), (9, 13), (11, 10), (2, 7), (13, 13), (6, 7), (7, 15), (4, 7), (5, 8), (8, 7), (9, 6), (10, 13), (9, 15), (11, 12), (2, 9), (13, 15), (6, 9), (7, 8)]",17,0,17
123,"(10, 7)","(9, 7)",East,"[((11, 7), 'East', 1)]","['(10, 7)', '(11, 8)', '(17, 14)', '(12, 9)', '(7, 3)', '(6, 2)', '(9, 5)', '(18, 15)']","['(11, 8)', '(12, 9)', '(17, 14)', '(18, 15)', '(7, 3)', '(6, 2)', '(9, 5)', '(11, 7)']","[(4, 9), (3, 13), (5, 10), (8, 9), (14, 13), (9, 8), (2, 2), (11, 14), (1, 15), (15, 14), (6, 11), (7, 10), (3, 6), (5, 3), (3, 15), (5, 12), (14, 15), (9, 10), (2, 4), (1, 8), (6, 4), (6, 13), (16, 15), (7, 12), (3, 8), (5, 5), (5, 14), (9, 12), (11, 9), (1, 10), (13, 12), (6, 6), (7, 5), (7, 14), (3, 1), (12, 13), (3, 10), (5, 7), (9, 14), (1, 3), (10, 15), (1, 12), (13, 14), (7, 7), (3, 3), (12, 15), (3, 12), (5, 9), (14, 12), (9, 7), (10, 8), (1, 5), (1, 14), (2, 13), (7, 9), (3, 5), (5, 2), (3, 14), (14, 14), (4, 13), (9, 9), (8, 13), (10, 10), (1, 7), (2, 15), (6, 15), (3, 7), (5, 4), (5, 13), (4, 15), (8, 15), (10, 12), (1, 9), (2, 8), (7, 4), (6, 8), (3, 9), (1, 2), (10, 14), (11, 13), (2, 10), (6, 10), (3, 2), (3, 11), (10, 7), (1, 4), (2, 3), (1, 13), (11, 15), (2, 12), (6, 3), (15, 15), (6, 12), (3, 4), (4, 3), (17, 15), (10, 9), (9, 11), (2, 5), (2, 14), (6, 5), (6, 14), (7, 13), (4, 5), (8, 5), (5, 15), (9, 13), (11, 10), (2, 7), (13, 13), (6, 7), (7, 15), (4, 7), (5, 8), (8, 7), (9, 6), (10, 13), (9, 15), (11, 12), (2, 9), (13, 15), (6, 9), (7, 8)]",17,0,17
124,"(11, 8)","(10, 8)",East,[],"['(11, 8)', '(12, 9)', '(17, 14)', '(18, 15)', '(7, 3)', '(6, 2)', '(9, 5)', '(11, 7)']","['(12, 9)', '(18, 15)', '(17, 14)', '(11, 7)', '(7, 3)', '(6, 2)', '(9, 5)']","[(4, 9), (3, 13), (5, 10), (8, 9), (14, 13), (9, 8), (2, 2), (11, 14), (1, 15), (15, 14), (6, 11), (7, 10), (3, 6), (5, 3), (3, 15), (5, 12), (14, 15), (9, 10), (2, 4), (1, 8), (6, 4), (6, 13), (16, 15), (7, 12), (3, 8), (5, 5), (5, 14), (9, 12), (11, 9), (1, 10), (13, 12), (6, 6), (7, 5), (7, 14), (3, 1), (12, 13), (3, 10), (5, 7), (9, 14), (1, 3), (10, 15), (1, 12), (13, 14), (7, 7), (3, 3), (12, 15), (3, 12), (5, 9), (14, 12), (9, 7), (10, 8), (1, 5), (1, 14), (2, 13), (7, 9), (3, 5), (5, 2), (3, 14), (14, 14), (4, 13), (9, 9), (8, 13), (10, 10), (1, 7), (2, 15), (6, 15), (3, 7), (5, 4), (5, 13), (4, 15), (8, 15), (10, 12), (1, 9), (2, 8), (7, 4), (6, 8), (3, 9), (1, 2), (10, 14), (11, 13), (2, 10), (6, 10), (3, 2), (3, 11), (10, 7), (1, 4), (2, 3), (1, 13), (11, 15), (2, 12), (6, 3), (15, 15), (6, 12), (3, 4), (4, 3), (17, 15), (10, 9), (9, 11), (11, 8), (2, 5), (2, 14), (6, 5), (6, 14), (7, 13), (4, 5), (8, 5), (5, 15), (9, 13), (11, 10), (2, 7), (13, 13), (6, 7), (7, 15), (4, 7), (5, 8), (8, 7), (9, 6), (10, 13), (9, 15), (11, 12), (2, 9), (13, 15), (6, 9), (7, 8)]",17,0,17
125,"(12, 9)","(11, 9)",East,"[((13, 9), 'East', 1)]","['(12, 9)', '(18, 15)', '(17, 14)', '(11, 7)', '(7, 3)', '(6, 2)', '(9, 5)']","['(17, 14)', '(18, 15)', '(6, 2)', '(11, 7)', '(7, 3)', '(9, 5)', '(13, 9)']","[(4, 9), (3, 13), (5, 10), (8, 9), (14, 13), (9, 8), (2, 2), (11, 14), (1, 15), (15, 14), (6, 11), (7, 10), (3, 6), (5, 3), (3, 15), (5, 12), (14, 15), (9, 10), (2, 4), (1, 8), (6, 4), (6, 13), (16, 15), (7, 12), (3, 8), (5, 5), (5, 14), (9, 12), (11, 9), (1, 10), (13, 12), (6, 6), (7, 5), (7, 14), (3, 1), (12, 13), (3, 10), (5, 7), (9, 14), (1, 3), (10, 15), (1, 12), (13, 14), (7, 7), (3, 3), (12, 15), (3, 12), (5, 9), (14, 12), (9, 7), (10, 8), (1, 5), (1, 14), (2, 13), (7, 9), (3, 5), (5, 2), (3, 14), (14, 14), (4, 13), (9, 9), (8, 13), (10, 10), (1, 7), (2, 15), (6, 15), (3, 7), (5, 4), (5, 13), (4, 15), (8, 15), (10, 12), (1, 9), (2, 8), (7, 4), (6, 8), (3, 9), (1, 2), (10, 14), (11, 13), (2, 10), (6, 10), (3, 2), (3, 11), (10, 7), (1, 4), (2, 3), (1, 13), (11, 15), (2, 12), (6, 3), (15, 15), (6, 12), (3, 4), (4, 3), (17, 15), (10, 9), (9, 11), (11, 8), (2, 5), (2, 14), (6, 5), (6, 14), (7, 13), (12, 9), (4, 5), (8, 5), (5, 15), (9, 13), (11, 10), (2, 7), (13, 13), (6, 7), (7, 15), (4, 7), (5, 8), (8, 7), (9, 6), (10, 13), (9, 15), (11, 12), (2, 9), (13, 15), (6, 9), (7, 8)]",17,0,17
126,"(17, 14)","(17, 15)",South,"[((17, 13), 'South', 1), ((18, 14), 'East', 1)]","['(17, 14)', '(18, 15)', '(6, 2)', '(11, 7)', '(7, 3)', '(9, 5)', '(13, 9)']","['(18, 15)', '(7, 3)', '(6, 2)', '(11, 7)', '(13, 9)', '(9, 5)', '(17, 13)', '(18, 14)']","[(4, 9), (3, 13), (5, 10), (8, 9), (14, 13), (9, 8), (2, 2), (11, 14), (1, 15), (15, 14), (6, 11), (7, 10), (3, 6), (5, 3), (3, 15), (5, 12), (14, 15), (17, 14), (9, 10), (2, 4), (1, 8), (6, 4), (6, 13), (16, 15), (7, 12), (3, 8), (5, 5), (5, 14), (9, 12), (11, 9), (1, 10), (13, 12), (6, 6), (7, 5), (7, 14), (3, 1), (12, 13), (3, 10), (5, 7), (9, 14), (1, 3), (10, 15), (1, 12), (13, 14), (7, 7), (3, 3), (12, 15), (3, 12), (5, 9), (14, 12), (9, 7), (10, 8), (1, 5), (1, 14), (2, 13), (7, 9), (3, 5), (5, 2), (3, 14), (14, 14), (4, 13), (9, 9), (8, 13), (10, 10), (1, 7), (2, 15), (6, 15), (3, 7), (5, 4), (5, 13), (4, 15), (8, 15), (10, 12), (1, 9), (2, 8), (7, 4), (6, 8), (3, 9), (1, 2), (10, 14), (11, 13), (2, 10), (6, 10), (3, 2), (3, 11), (10, 7), (1, 4), (2, 3), (1, 13), (11, 15), (2, 12), (6, 3), (15, 15), (6, 12), (3, 4), (4, 3), (17, 15), (10, 9), (9, 11), (11, 8), (2, 5), (2, 14), (6, 5), (6, 14), (7, 13), (12, 9), (4, 5), (8, 5), (5, 15), (9, 13), (11, 10), (2, 7), (13, 13), (6, 7), (7, 15), (4, 7), (5, 8), (8, 7), (9, 6), (10, 13), (9, 15), (11, 12), (2, 9), (13, 15), (6, 9), (7, 8)]",17,0,17
127,"(18, 15)","(17, 15)",East,"[((19, 15), 'East', 1)]","['(18, 15)', '(7, 3)', '(6, 2)', '(11, 7)', '(13, 9)', '(9, 5)', '(17, 13)', '(18, 14)']","['(6, 2)', '(7, 3)', '(9, 5)', '(11, 7)', '(13, 9)', '(18, 14)', '(17, 13)', '(19, 15)']","[(4, 9), (3, 13), (5, 10), (8, 9), (14, 13), (9, 8), (2, 2), (11, 14), (1, 15), (15, 14), (6, 11), (7, 10), (3, 6), (5, 3), (3, 15), (5, 12), (14, 15), (17, 14), (9, 10), (2, 4), (1, 8), (6, 4), (6, 13), (16, 15), (7, 12), (3, 8), (5, 5), (5, 14), (9, 12), (11, 9), (1, 10), (13, 12), (6, 6), (7, 5), (7, 14), (3, 1), (12, 13), (3, 10), (5, 7), (9, 14), (1, 3), (10, 15), (1, 12), (13, 14), (7, 7), (3, 3), (12, 15), (3, 12), (5, 9), (14, 12), (9, 7), (10, 8), (1, 5), (1, 14), (2, 13), (7, 9), (3, 5), (5, 2), (3, 14), (14, 14), (4, 13), (9, 9), (8, 13), (10, 10), (1, 7), (2, 15), (6, 15), (3, 7), (5, 4), (5, 13), (4, 15), (8, 15), (10, 12), (1, 9), (2, 8), (7, 4), (6, 8), (3, 9), (1, 2), (10, 14), (11, 13), (2, 10), (6, 10), (3, 2), (3, 11), (10, 7), (1, 4), (2, 3), (1, 13), (11, 15), (2, 12), (6, 3), (15, 15), (6, 12), (3, 4), (4, 3), (17, 15), (10, 9), (9, 11), (11, 8), (2, 5), (2, 14), (6, 5), (6, 14), (7, 13), (12, 9), (4, 5), (8, 5), (5, 15), (9, 13), (11, 10), (2, 7), (13, 13), (6, 7), (7, 15), (18, 15), (4, 7), (5, 8), (8, 7), (9, 6), (10, 13), (9, 15), (11, 12), (2, 9), (13, 15), (6, 9), (7, 8)]",17,0,17
128,"(6, 2)","(5, 2)",East,"[((6, 1), 'South', 1), ((7, 2), 'East', 1)]","['(6, 2)', '(7, 3)', '(9, 5)', '(11, 7)', '(13, 9)', '(18, 14)', '(17, 13)', '(19, 15)']","['(7, 3)', '(11, 7)', '(9, 5)', '(19, 15)', '(13, 9)', '(18, 14)', '(17, 13)', '(6, 1)', '(7, 2)']","[(4, 9), (3, 13), (5, 10), (8, 9), (14, 13), (9, 8), (2, 2), (11, 14), (6, 2), (1, 15), (15, 14), (6, 11), (7, 10), (3, 6), (5, 3), (3, 15), (5, 12), (14, 15), (17, 14), (9, 10), (2, 4), (1, 8), (6, 4), (6, 13), (16, 15), (7, 12), (3, 8), (5, 5), (5, 14), (9, 12), (11, 9), (1, 10), (13, 12), (6, 6), (7, 5), (7, 14), (3, 1), (12, 13), (3, 10), (5, 7), (9, 14), (1, 3), (10, 15), (1, 12), (13, 14), (7, 7), (3, 3), (12, 15), (3, 12), (5, 9), (14, 12), (9, 7), (10, 8), (1, 5), (1, 14), (2, 13), (7, 9), (3, 5), (5, 2), (3, 14), (14, 14), (4, 13), (9, 9), (8, 13), (10, 10), (1, 7), (2, 15), (6, 15), (3, 7), (5, 4), (5, 13), (4, 15), (8, 15), (10, 12), (1, 9), (2, 8), (7, 4), (6, 8), (3, 9), (1, 2), (10, 14), (11, 13), (2, 10), (6, 10), (3, 2), (3, 11), (10, 7), (1, 4), (2, 3), (1, 13), (11, 15), (2, 12), (6, 3), (15, 15), (6, 12), (3, 4), (4, 3), (17, 15), (10, 9), (9, 11), (11, 8), (2, 5), (2, 14), (6, 5), (6, 14), (7, 13), (12, 9), (4, 5), (8, 5), (5, 15), (9, 13), (11, 10), (2, 7), (13, 13), (6, 7), (7, 15), (18, 15), (4, 7), (5, 8), (8, 7), (9, 6), (10, 13), (9, 15), (11, 12), (2, 9), (13, 15), (6, 9), (7, 8)]",18,0,18
129,"(7, 3)","(6, 3)",East,"[((8, 3), 'East', 1)]","['(7, 3)', '(11, 7)', '(9, 5)', '(19, 15)', '(13, 9)', '(18, 14)', '(17, 13)', '(6, 1)', '(7, 2)']","['(9, 5)', '(11, 7)', '(17, 13)', '(19, 15)', '(13, 9)', '(18, 14)', '(7, 2)', '(6, 1)', '(8, 3)']","[(4, 9), (3, 13), (5, 10), (8, 9), (14, 13), (9, 8), (2, 2), (11, 14), (6, 2), (1, 15), (15, 14), (6, 11), (7, 10), (3, 6), (5, 3), (3, 15), (5, 12), (14, 15), (17, 14), (9, 10), (2, 4), (1, 8), (6, 4), (7, 3), (6, 13), (16, 15), (7, 12), (3, 8), (5, 5), (5, 14), (9, 12), (11, 9), (1, 10), (13, 12), (6, 6), (7, 5), (7, 14), (3, 1), (12, 13), (3, 10), (5, 7), (9, 14), (1, 3), (10, 15), (1, 12), (13, 14), (7, 7), (3, 3), (12, 15), (3, 12), (5, 9), (14, 12), (9, 7), (10, 8), (1, 5), (1, 14), (2, 13), (7, 9), (3, 5), (5, 2), (3, 14), (14, 14), (4, 13), (9, 9), (8, 13), (10, 10), (1, 7), (2, 15), (6, 15), (3, 7), (5, 4), (5, 13), (4, 15), (8, 15), (10, 12), (1, 9), (2, 8), (7, 4), (6, 8), (3, 9), (1, 2), (10, 14), (11, 13), (2, 10), (6, 10), (3, 2), (3, 11), (10, 7), (1, 4), (2, 3), (1, 13), (11, 15), (2, 12), (6, 3), (15, 15), (6, 12), (3, 4), (4, 3), (17, 15), (10, 9), (9, 11), (11, 8), (2, 5), (2, 14), (6, 5), (6, 14), (7, 13), (12, 9), (4, 5), (8, 5), (5, 15), (9, 13), (11, 10), (2, 7), (13, 13), (6, 7), (7, 15), (18, 15), (4, 7), (5, 8), (8, 7), (9, 6), (10, 13), (9, 15), (11, 12), (2, 9), (13, 15), (6, 9), (7, 8)]",18,0,18
130,"(9, 5)","(8, 5)",East,"[((9, 4), 'South', 1), ((10, 5), 'East', 1)]","['(9, 5)', '(11, 7)', '(17, 13)', '(19, 15)', '(13, 9)', '(18, 14)', '(7, 2)', '(6, 1)', '(8, 3)']","['(11, 7)', '(13, 9)', '(17, 13)', '(19, 15)', '(8, 3)', '(18, 14)', '(7, 2)', '(6, 1)', '(9, 4)', '(10, 5)']","[(4, 9), (3, 13), (5, 10), (8, 9), (14, 13), (9, 8), (2, 2), (11, 14), (6, 2), (1, 15), (15, 14), (6, 11), (7, 10), (3, 6), (5, 3), (3, 15), (5, 12), (14, 15), (17, 14), (9, 10), (2, 4), (1, 8), (6, 4), (7, 3), (6, 13), (16, 15), (7, 12), (3, 8), (5, 5), (5, 14), (9, 12), (11, 9), (1, 10), (13, 12), (6, 6), (7, 5), (7, 14), (3, 1), (12, 13), (3, 10), (5, 7), (9, 5), (9, 14), (1, 3), (10, 15), (1, 12), (13, 14), (7, 7), (3, 3), (12, 15), (3, 12), (5, 9), (14, 12), (9, 7), (10, 8), (1, 5), (1, 14), (2, 13), (7, 9), (3, 5), (5, 2), (3, 14), (14, 14), (4, 13), (9, 9), (8, 13), (10, 10), (1, 7), (2, 15), (6, 15), (3, 7), (5, 4), (5, 13), (4, 15), (8, 15), (10, 12), (1, 9), (2, 8), (7, 4), (6, 8), (3, 9), (1, 2), (10, 14), (11, 13), (2, 10), (6, 10), (3, 2), (3, 11), (10, 7), (1, 4), (2, 3), (1, 13), (11, 15), (2, 12), (6, 3), (15, 15), (6, 12), (3, 4), (4, 3), (17, 15), (10, 9), (9, 11), (11, 8), (2, 5), (2, 14), (6, 5), (6, 14), (7, 13), (12, 9), (4, 5), (8, 5), (5, 15), (9, 13), (11, 10), (2, 7), (13, 13), (6, 7), (7, 15), (18, 15), (4, 7), (5, 8), (8, 7), (9, 6), (10, 13), (9, 15), (11, 12), (2, 9), (13, 15), (6, 9), (7, 8)]",18,0,18
131,"(11, 7)","(10, 7)",East,"[((12, 7), 'East', 1)]","['(11, 7)', '(13, 9)', '(17, 13)', '(19, 15)', '(8, 3)', '(18, 14)', '(7, 2)', '(6, 1)', '(9, 4)', '(10, 5)']","['(13, 9)', '(19, 15)', '(17, 13)', '(6, 1)', '(8, 3)', '(18, 14)', '(7, 2)', '(10, 5)', '(9, 4)', '(12, 7)']","[(4, 9), (3, 13), (5, 10), (8, 9), (14, 13), (9, 8), (2, 2), (11, 14), (6, 2), (1, 15), (15, 14), (6, 11), (7, 10), (3, 6), (5, 3), (3, 15), (5, 12), (14, 15), (17, 14), (9, 10), (11, 7), (2, 4), (1, 8), (6, 4), (7, 3), (6, 13), (16, 15), (7, 12), (3, 8), (5, 5), (5, 14), (9, 12), (11, 9), (1, 10), (13, 12), (6, 6), (7, 5), (7, 14), (3, 1), (12, 13), (3, 10), (5, 7), (9, 5), (9, 14), (1, 3), (10, 15), (1, 12), (13, 14), (7, 7), (3, 3), (12, 15), (3, 12), (5, 9), (14, 12), (9, 7), (10, 8), (1, 5), (1, 14), (2, 13), (7, 9), (3, 5), (5, 2), (3, 14), (14, 14), (4, 13), (9, 9), (8, 13), (10, 10), (1, 7), (2, 15), (6, 15), (3, 7), (5, 4), (5, 13), (4, 15), (8, 15), (10, 12), (1, 9), (2, 8), (7, 4), (6, 8), (3, 9), (1, 2), (10, 14), (11, 13), (2, 10), (6, 10), (3, 2), (3, 11), (10, 7), (1, 4), (2, 3), (1, 13), (11, 15), (2, 12), (6, 3), (15, 15), (6, 12), (3, 4), (4, 3), (17, 15), (10, 9), (9, 11), (11, 8), (2, 5), (2, 14), (6, 5), (6, 14), (7, 13), (12, 9), (4, 5), (8, 5), (5, 15), (9, 13), (11, 10), (2, 7), (13, 13), (6, 7), (7, 15), (18, 15), (4, 7), (5, 8), (8, 7), (9, 6), (10, 13), (9, 15), (11, 12), (2, 9), (13, 15), (6, 9), (7, 8)]",18,0,18
132,"(13, 9)","(12, 9)",East,"[((13, 10), 'North', 1), ((13, 8), 'South', 1), ((14, 9), 'East', 1)]","['(13, 9)', '(19, 15)', '(17, 13)', '(6, 1)', '(8, 3)', '(18, 14)', '(7, 2)', '(10, 5)', '(9, 4)', '(12, 7)']","['(17, 13)', '(19, 15)', '(18, 14)', '(6, 1)', '(8, 3)', '(12, 7)', '(7, 2)', '(10, 5)', '(9, 4)', '(13, 10)', '(13, 8)', '(14, 9)']","[(4, 9), (3, 13), (5, 10), (8, 9), (14, 13), (9, 8), (2, 2), (11, 14), (6, 2), (1, 15), (15, 14), (6, 11), (7, 10), (3, 6), (5, 3), (3, 15), (5, 12), (14, 15), (17, 14), (9, 10), (11, 7), (2, 4), (1, 8), (6, 4), (7, 3), (6, 13), (16, 15), (7, 12), (3, 8), (5, 5), (5, 14), (9, 12), (11, 9), (1, 10), (13, 12), (6, 6), (7, 5), (7, 14), (3, 1), (12, 13), (3, 10), (5, 7), (9, 5), (9, 14), (1, 3), (10, 15), (1, 12), (13, 14), (7, 7), (3, 3), (12, 15), (3, 12), (5, 9), (14, 12), (9, 7), (10, 8), (1, 5), (1, 14), (2, 13), (7, 9), (3, 5), (5, 2), (3, 14), (14, 14), (4, 13), (9, 9), (8, 13), (10, 10), (1, 7), (13, 9), (2, 15), (6, 15), (3, 7), (5, 4), (5, 13), (4, 15), (8, 15), (10, 12), (1, 9), (2, 8), (7, 4), (6, 8), (3, 9), (1, 2), (10, 14), (11, 13), (2, 10), (6, 10), (3, 2), (3, 11), (10, 7), (1, 4), (2, 3), (1, 13), (11, 15), (2, 12), (6, 3), (15, 15), (6, 12), (3, 4), (4, 3), (17, 15), (10, 9), (9, 11), (11, 8), (2, 5), (2, 14), (6, 5), (6, 14), (7, 13), (12, 9), (4, 5), (8, 5), (5, 15), (9, 13), (11, 10), (2, 7), (13, 13), (6, 7), (7, 15), (18, 15), (4, 7), (5, 8), (8, 7), (9, 6), (10, 13), (9, 15), (11, 12), (2, 9), (13, 15), (6, 9), (7, 8)]",18,0,18
133,"(17, 13)","(17, 14)",South,"[((17, 12), 'South', 1), ((18, 13), 'East', 1), ((16, 13), 'West', 1)]","['(17, 13)', '(19, 15)', '(18, 14)', '(6, 1)', '(8, 3)', '(12, 7)', '(7, 2)', '(10, 5)', '(9, 4)', '(13, 10)', '(13, 8)', '(14, 9)']","['(18, 14)', '(19, 15)', '(7, 2)', '(6, 1)', '(8, 3)', '(12, 7)', '(14, 9)', '(10, 5)', '(9, 4)', '(13, 10)', '(13, 8)', '(17, 12)', '(18, 13)', '(16, 13)']","[(4, 9), (3, 13), (5, 10), (8, 9), (14, 13), (9, 8), (2, 2), (11, 14), (6, 2), (1, 15), (15, 14), (6, 11), (7, 10), (3, 6), (5, 3), (3, 15), (5, 12), (14, 15), (17, 14), (9, 10), (11, 7), (2, 4), (1, 8), (6, 4), (7, 3), (6, 13), (16, 15), (7, 12), (3, 8), (5, 5), (5, 14), (9, 12), (11, 9), (1, 10), (13, 12), (6, 6), (7, 5), (7, 14), (3, 1), (12, 13), (3, 10), (5, 7), (9, 5), (9, 14), (1, 3), (10, 15), (1, 12), (13, 14), (7, 7), (3, 3), (12, 15), (3, 12), (5, 9), (14, 12), (9, 7), (10, 8), (1, 5), (1, 14), (2, 13), (7, 9), (3, 5), (5, 2), (3, 14), (14, 14), (4, 13), (9, 9), (8, 13), (10, 10), (1, 7), (13, 9), (2, 15), (6, 15), (3, 7), (5, 4), (5, 13), (4, 15), (8, 15), (10, 12), (1, 9), (2, 8), (7, 4), (6, 8), (3, 9), (1, 2), (10, 14), (11, 13), (2, 10), (6, 10), (3, 2), (3, 11), (17, 13), (10, 7), (1, 4), (2, 3), (1, 13), (11, 15), (2, 12), (6, 3), (15, 15), (6, 12), (3, 4), (4, 3), (17, 15), (10, 9), (9, 11), (11, 8), (2, 5), (2, 14), (6, 5), (6, 14), (7, 13), (12, 9), (4, 5), (8, 5), (5, 15), (9, 13), (11, 10), (2, 7), (13, 13), (6, 7), (7, 15), (18, 15), (4, 7), (5, 8), (8, 7), (9, 6), (10, 13), (9, 15), (11, 12), (2, 9), (13, 15), (6, 9), (7, 8)]",18,0,18
134,"(18, 14)","(17, 14)",East,"[((19, 14), 'East', 1)]","['(18, 14)', '(19, 15)', '(7, 2)', '(6, 1)', '(8, 3)', '(12, 7)', '(14, 9)', '(10, 5)', '(9, 4)', '(13, 10)', '(13, 8)', '(17, 12)', '(18, 13)', '(16, 13)']","['(19, 15)', '(6, 1)', '(7, 2)', '(9, 4)', '(8, 3)', '(12, 7)', '(14, 9)', '(10, 5)', '(16, 13)', '(13, 10)', '(13, 8)', '(17, 12)', '(18, 13)', '(19, 14)']","[(4, 9), (3, 13), (5, 10), (8, 9), (14, 13), (9, 8), (2, 2), (11, 14), (6, 2), (1, 15), (15, 14), (6, 11), (7, 10), (3, 6), (5, 3), (3, 15), (5, 12), (14, 15), (17, 14), (9, 10), (11, 7), (2, 4), (1, 8), (6, 4), (7, 3), (6, 13), (16, 15), (7, 12), (3, 8), (5, 5), (5, 14), (9, 12), (11, 9), (1, 10), (13, 12), (6, 6), (7, 5), (7, 14), (18, 14), (3, 1), (12, 13), (3, 10), (5, 7), (9, 5), (9, 14), (1, 3), (10, 15), (1, 12), (13, 14), (7, 7), (3, 3), (12, 15), (3, 12), (5, 9), (14, 12), (9, 7), (10, 8), (1, 5), (1, 14), (2, 13), (7, 9), (3, 5), (5, 2), (3, 14), (14, 14), (4, 13), (9, 9), (8, 13), (10, 10), (1, 7), (13, 9), (2, 15), (6, 15), (3, 7), (5, 4), (5, 13), (4, 15), (8, 15), (10, 12), (1, 9), (2, 8), (7, 4), (6, 8), (3, 9), (1, 2), (10, 14), (11, 13), (2, 10), (6, 10), (3, 2), (3, 11), (17, 13), (10, 7), (1, 4), (2, 3), (1, 13), (11, 15), (2, 12), (6, 3), (15, 15), (6, 12), (3, 4), (4, 3), (17, 15), (10, 9), (9, 11), (11, 8), (2, 5), (2, 14), (6, 5), (6, 14), (7, 13), (12, 9), (4, 5), (8, 5), (5, 15), (9, 13), (11, 10), (2, 7), (13, 13), (6, 7), (7, 15), (18, 15), (4, 7), (5, 8), (8, 7), (9, 6), (10, 13), (9, 15), (11, 12), (2, 9), (13, 15), (6, 9), (7, 8)]",18,0,18
135,"(19, 15)","(18, 15)",East,"[((20, 15), 'East', 1)]","['(19, 15)', '(6, 1)', '(7, 2)', '(9, 4)', '(8, 3)', '(12, 7)', '(14, 9)', '(10, 5)', '(16, 13)', '(13, 10)', '(13, 8)', '(17, 12)', '(18, 13)', '(19, 14)']","['(6, 1)', '(8, 3)', '(7, 2)', '(9, 4)', '(13, 10)', '(12, 7)', '(14, 9)', '(10, 5)', '(16, 13)', '(19, 14)', '(13, 8)', '(17, 12)', '(18, 13)', '(20, 15)']","[(4, 9), (3, 13), (5, 10), (8, 9), (14, 13), (9, 8), (2, 2), (11, 14), (6, 2), (1, 15), (15, 14), (6, 11), (7, 10), (3, 6), (5, 3), (3, 15), (5, 12), (14, 15), (17, 14), (9, 10), (11, 7), (2, 4), (1, 8), (6, 4), (7, 3), (6, 13), (16, 15), (7, 12), (3, 8), (5, 5), (5, 14), (9, 12), (11, 9), (1, 10), (13, 12), (6, 6), (7, 5), (7, 14), (18, 14), (3, 1), (12, 13), (3, 10), (5, 7), (9, 5), (9, 14), (1, 3), (10, 15), (1, 12), (13, 14), (7, 7), (3, 3), (12, 15), (3, 12), (5, 9), (14, 12), (9, 7), (10, 8), (1, 5), (1, 14), (2, 13), (7, 9), (3, 5), (5, 2), (3, 14), (14, 14), (4, 13), (9, 9), (8, 13), (10, 10), (1, 7), (13, 9), (2, 15), (6, 15), (3, 7), (5, 4), (5, 13), (4, 15), (8, 15), (10, 12), (1, 9), (19, 15), (2, 8), (7, 4), (6, 8), (3, 9), (1, 2), (10, 14), (11, 13), (2, 10), (6, 10), (3, 2), (3, 11), (17, 13), (10, 7), (1, 4), (2, 3), (1, 13), (11, 15), (2, 12), (6, 3), (15, 15), (6, 12), (3, 4), (4, 3), (17, 15), (10, 9), (9, 11), (11, 8), (2, 5), (2, 14), (6, 5), (6, 14), (7, 13), (12, 9), (4, 5), (8, 5), (5, 15), (9, 13), (11, 10), (2, 7), (13, 13), (6, 7), (7, 15), (18, 15), (4, 7), (5, 8), (8, 7), (9, 6), (10, 13), (9, 15), (11, 12), (2, 9), (13, 15), (6, 9), (7, 8)]",18,0,18
136,"(6, 1)","(6, 2)",South,[],"['(6, 1)', '(8, 3)', '(7, 2)', '(9, 4)', '(13, 10)', '(12, 7)', '(14, 9)', '(10, 5)', '(16, 13)', '(19, 14)', '(13, 8)', '(17, 12)', '(18, 13)', '(20, 15)']","['(7, 2)', '(8, 3)', '(12, 7)', '(9, 4)', '(13, 10)', '(17, 12)', '(14, 9)', '(10, 5)', '(16, 13)', '(19, 14)', '(13, 8)', '(20, 15)', '(18, 13)']","[(4, 9), (3, 13), (5, 10), (8, 9), (14, 13), (9, 8), (2, 2), (11, 14), (6, 2), (1, 15), (15, 14), (6, 11), (7, 10), (3, 6), (5, 3), (3, 15), (5, 12), (14, 15), (17, 14), (9, 10), (11, 7), (2, 4), (1, 8), (6, 4), (7, 3), (6, 13), (16, 15), (7, 12), (3, 8), (5, 5), (5, 14), (9, 12), (11, 9), (1, 10), (13, 12), (6, 6), (7, 5), (7, 14), (18, 14), (3, 1), (12, 13), (3, 10), (5, 7), (9, 5), (9, 14), (1, 3), (10, 15), (1, 12), (13, 14), (7, 7), (3, 3), (12, 15), (3, 12), (5, 9), (14, 12), (9, 7), (10, 8), (1, 5), (6, 1), (1, 14), (2, 13), (7, 9), (3, 5), (5, 2), (3, 14), (14, 14), (4, 13), (9, 9), (8, 13), (10, 10), (1, 7), (13, 9), (2, 15), (6, 15), (3, 7), (5, 4), (5, 13), (4, 15), (8, 15), (10, 12), (1, 9), (19, 15), (2, 8), (7, 4), (6, 8), (3, 9), (1, 2), (10, 14), (11, 13), (2, 10), (6, 10), (3, 2), (3, 11), (17, 13), (10, 7), (1, 4), (2, 3), (1, 13), (11, 15), (2, 12), (6, 3), (15, 15), (6, 12), (3, 4), (4, 3), (17, 15), (10, 9), (9, 11), (11, 8), (2, 5), (2, 14), (6, 5), (6, 14), (7, 13), (12, 9), (4, 5), (8, 5), (5, 15), (9, 13), (11, 10), (2, 7), (13, 13), (6, 7), (7, 15), (18, 15), (4, 7), (5, 8), (8, 7), (9, 6), (10, 13), (9, 15), (11, 12), (2, 9), (13, 15), (6, 9), (7, 8)]",19,0,19
137,"(7, 2)","(6, 2)",East,[],"['(7, 2)', '(8, 3)', '(12, 7)', '(9, 4)', '(13, 10)', '(17, 12)', '(14, 9)', '(10, 5)', '(16, 13)', '(19, 14)', '(13, 8)', '(20, 15)', '(18, 13)']","['(8, 3)', '(9, 4)', '(12, 7)', '(10, 5)', '(13, 10)', '(17, 12)', '(14, 9)', '(18, 13)', '(16, 13)', '(19, 14)', '(13, 8)', '(20, 15)']","[(4, 9), (3, 13), (5, 10), (8, 9), (14, 13), (9, 8), (2, 2), (11, 14), (6, 2), (1, 15), (15, 14), (6, 11), (7, 10), (3, 6), (5, 3), (3, 15), (5, 12), (14, 15), (17, 14), (9, 10), (11, 7), (2, 4), (1, 8), (6, 4), (7, 3), (6, 13), (16, 15), (7, 12), (3, 8), (5, 5), (5, 14), (9, 12), (11, 9), (1, 10), (13, 12), (6, 6), (7, 5), (7, 14), (18, 14), (3, 1), (12, 13), (3, 10), (5, 7), (9, 5), (9, 14), (1, 3), (10, 15), (1, 12), (13, 14), (7, 7), (3, 3), (12, 15), (3, 12), (5, 9), (14, 12), (9, 7), (10, 8), (1, 5), (6, 1), (1, 14), (2, 13), (7, 9), (3, 5), (5, 2), (3, 14), (14, 14), (4, 13), (9, 9), (8, 13), (10, 10), (1, 7), (13, 9), (7, 2), (2, 15), (6, 15), (3, 7), (5, 4), (5, 13), (4, 15), (8, 15), (10, 12), (1, 9), (19, 15), (2, 8), (7, 4), (6, 8), (3, 9), (1, 2), (10, 14), (11, 13), (2, 10), (6, 10), (3, 2), (3, 11), (17, 13), (10, 7), (1, 4), (2, 3), (1, 13), (11, 15), (2, 12), (6, 3), (15, 15), (6, 12), (3, 4), (4, 3), (17, 15), (10, 9), (9, 11), (11, 8), (2, 5), (2, 14), (6, 5), (6, 14), (7, 13), (12, 9), (4, 5), (8, 5), (5, 15), (9, 13), (11, 10), (2, 7), (13, 13), (6, 7), (7, 15), (18, 15), (4, 7), (5, 8), (8, 7), (9, 6), (10, 13), (9, 15), (11, 12), (2, 9), (13, 15), (6, 9), (7, 8)]",19,0,19
138,"(8, 3)","(7, 3)",East,"[((9, 3), 'East', 1)]","['(8, 3)', '(9, 4)', '(12, 7)', '(10, 5)', '(13, 10)', '(17, 12)', '(14, 9)', '(18, 13)', '(16, 13)', '(19, 14)', '(13, 8)', '(20, 15)']","['(9, 4)', '(10, 5)', '(12, 7)', '(18, 13)', '(13, 10)', '(17, 12)', '(14, 9)', '(20, 15)', '(16, 13)', '(19, 14)', '(13, 8)', '(9, 3)']","[(4, 9), (3, 13), (5, 10), (8, 9), (14, 13), (9, 8), (2, 2), (11, 14), (6, 2), (1, 15), (15, 14), (6, 11), (7, 10), (3, 6), (5, 3), (3, 15), (5, 12), (14, 15), (17, 14), (9, 10), (11, 7), (2, 4), (1, 8), (6, 4), (7, 3), (6, 13), (16, 15), (7, 12), (3, 8), (5, 5), (5, 14), (9, 12), (11, 9), (1, 10), (13, 12), (6, 6), (7, 5), (7, 14), (18, 14), (3, 1), (12, 13), (3, 10), (5, 7), (9, 5), (9, 14), (1, 3), (10, 15), (1, 12), (13, 14), (7, 7), (3, 3), (12, 15), (3, 12), (5, 9), (14, 12), (9, 7), (10, 8), (1, 5), (6, 1), (1, 14), (2, 13), (7, 9), (3, 5), (5, 2), (3, 14), (14, 14), (4, 13), (9, 9), (8, 13), (10, 10), (1, 7), (13, 9), (7, 2), (2, 15), (6, 15), (3, 7), (5, 4), (5, 13), (4, 15), (8, 15), (10, 12), (1, 9), (19, 15), (2, 8), (7, 4), (6, 8), (3, 9), (1, 2), (10, 14), (11, 13), (2, 10), (6, 10), (3, 2), (3, 11), (17, 13), (10, 7), (1, 4), (2, 3), (1, 13), (11, 15), (2, 12), (6, 3), (15, 15), (6, 12), (3, 4), (4, 3), (8, 3), (17, 15), (10, 9), (9, 11), (11, 8), (2, 5), (2, 14), (6, 5), (6, 14), (7, 13), (12, 9), (4, 5), (8, 5), (5, 15), (9, 13), (11, 10), (2, 7), (13, 13), (6, 7), (7, 15), (18, 15), (4, 7), (5, 8), (8, 7), (9, 6), (10, 13), (9, 15), (11, 12), (2, 9), (13, 15), (6, 9), (7, 8)]",19,0,19
139,"(9, 4)","(9, 5)",South,"[((10, 4), 'East', 1)]","['(9, 4)', '(10, 5)', '(12, 7)', '(18, 13)', '(13, 10)', '(17, 12)', '(14, 9)', '(20, 15)', '(16, 13)', '(19, 14)', '(13, 8)', '(9, 3)']","['(10, 5)', '(13, 10)', '(12, 7)', '(18, 13)', '(13, 8)', '(17, 12)', '(14, 9)', '(20, 15)', '(16, 13)', '(19, 14)', '(9, 3)', '(10, 4)']","[(4, 9), (3, 13), (5, 10), (8, 9), (14, 13), (9, 8), (2, 2), (11, 14), (6, 2), (1, 15), (15, 14), (6, 11), (7, 10), (3, 6), (5, 3), (3, 15), (5, 12), (14, 15), (17, 14), (9, 10), (11, 7), (2, 4), (1, 8), (6, 4), (7, 3), (6, 13), (16, 15), (7, 12), (3, 8), (5, 5), (5, 14), (9, 12), (11, 9), (1, 10), (13, 12), (6, 6), (7, 5), (7, 14), (18, 14), (3, 1), (12, 13), (3, 10), (5, 7), (9, 5), (9, 14), (1, 3), (10, 15), (1, 12), (13, 14), (7, 7), (3, 3), (12, 15), (3, 12), (5, 9), (14, 12), (9, 7), (10, 8), (1, 5), (6, 1), (1, 14), (2, 13), (7, 9), (3, 5), (5, 2), (3, 14), (14, 14), (4, 13), (9, 9), (8, 13), (10, 10), (1, 7), (13, 9), (7, 2), (2, 15), (6, 15), (3, 7), (5, 4), (5, 13), (4, 15), (8, 15), (10, 12), (1, 9), (19, 15), (2, 8), (7, 4), (6, 8), (3, 9), (1, 2), (10, 14), (11, 13), (2, 10), (6, 10), (3, 2), (3, 11), (17, 13), (10, 7), (1, 4), (2, 3), (1, 13), (11, 15), (2, 12), (6, 3), (15, 15), (6, 12), (3, 4), (4, 3), (8, 3), (17, 15), (10, 9), (9, 11), (11, 8), (2, 5), (2, 14), (6, 5), (6, 14), (7, 13), (12, 9), (4, 5), (8, 5), (9, 4), (5, 15), (9, 13), (11, 10), (2, 7), (13, 13), (6, 7), (7, 15), (18, 15), (4, 7), (5, 8), (8, 7), (9, 6), (10, 13), (9, 15), (11, 12), (2, 9), (13, 15), (6, 9), (7, 8)]",19,0,19
140,"(10, 5)","(9, 5)",East,"[((11, 5), 'East', 1)]","['(10, 5)', '(13, 10)', '(12, 7)', '(18, 13)', '(13, 8)', '(17, 12)', '(14, 9)', '(20, 15)', '(16, 13)', '(19, 14)', '(9, 3)', '(10, 4)']","['(12, 7)', '(13, 10)', '(14, 9)', '(18, 13)', '(13, 8)', '(17, 12)', '(10, 4)', '(20, 15)', '(16, 13)', '(19, 14)', '(9, 3)', '(11, 5)']","[(4, 9), (3, 13), (5, 10), (8, 9), (14, 13), (9, 8), (2, 2), (11, 14), (6, 2), (1, 15), (15, 14), (6, 11), (7, 10), (3, 6), (5, 3), (3, 15), (5, 12), (14, 15), (17, 14), (9, 10), (11, 7), (2, 4), (1, 8), (6, 4), (7, 3), (6, 13), (16, 15), (7, 12), (3, 8), (5, 5), (5, 14), (9, 12), (11, 9), (1, 10), (13, 12), (6, 6), (7, 5), (7, 14), (18, 14), (3, 1), (12, 13), (3, 10), (5, 7), (9, 5), (9, 14), (1, 3), (10, 15), (1, 12), (13, 14), (7, 7), (3, 3), (12, 15), (3, 12), (5, 9), (14, 12), (9, 7), (10, 8), (1, 5), (6, 1), (1, 14), (2, 13), (7, 9), (3, 5), (5, 2), (3, 14), (14, 14), (4, 13), (9, 9), (8, 13), (10, 10), (1, 7), (13, 9), (7, 2), (2, 15), (6, 15), (3, 7), (5, 4), (5, 13), (4, 15), (8, 15), (10, 12), (1, 9), (19, 15), (2, 8), (7, 4), (6, 8), (3, 9), (10, 5), (1, 2), (10, 14), (11, 13), (2, 10), (6, 10), (3, 2), (3, 11), (17, 13), (10, 7), (1, 4), (2, 3), (1, 13), (11, 15), (2, 12), (6, 3), (15, 15), (6, 12), (3, 4), (4, 3), (8, 3), (17, 15), (10, 9), (9, 11), (11, 8), (2, 5), (2, 14), (6, 5), (6, 14), (7, 13), (12, 9), (4, 5), (8, 5), (9, 4), (5, 15), (9, 13), (11, 10), (2, 7), (13, 13), (6, 7), (7, 15), (18, 15), (4, 7), (5, 8), (8, 7), (9, 6), (10, 13), (9, 15), (11, 12), (2, 9), (13, 15), (6, 9), (7, 8)]",19,0,19
141,"(12, 7)","(11, 7)",East,"[((13, 7), 'East', 1)]","['(12, 7)', '(13, 10)', '(14, 9)', '(18, 13)', '(13, 8)', '(17, 12)', '(10, 4)', '(20, 15)', '(16, 13)', '(19, 14)', '(9, 3)', '(11, 5)']","['(13, 10)', '(13, 8)', '(14, 9)', '(18, 13)', '(19, 14)', '(17, 12)', '(10, 4)', '(20, 15)', '(16, 13)', '(11, 5)', '(9, 3)', '(13, 7)']","[(4, 9), (3, 13), (5, 10), (8, 9), (14, 13), (9, 8), (2, 2), (11, 14), (6, 2), (1, 15), (15, 14), (6, 11), (7, 10), (3, 6), (5, 3), (3, 15), (5, 12), (14, 15), (17, 14), (9, 10), (11, 7), (2, 4), (1, 8), (6, 4), (7, 3), (6, 13), (16, 15), (7, 12), (3, 8), (5, 5), (5, 14), (9, 12), (11, 9), (1, 10), (13, 12), (6, 6), (7, 5), (7, 14), (18, 14), (3, 1), (12, 13), (3, 10), (5, 7), (9, 5), (9, 14), (1, 3), (10, 15), (1, 12), (13, 14), (7, 7), (3, 3), (12, 15), (3, 12), (5, 9), (14, 12), (9, 7), (10, 8), (1, 5), (6, 1), (1, 14), (2, 13), (7, 9), (3, 5), (5, 2), (3, 14), (14, 14), (4, 13), (9, 9), (8, 13), (10, 10), (1, 7), (13, 9), (7, 2), (2, 15), (6, 15), (3, 7), (5, 4), (5, 13), (4, 15), (8, 15), (10, 12), (1, 9), (19, 15), (2, 8), (7, 4), (6, 8), (3, 9), (10, 5), (1, 2), (10, 14), (11, 13), (2, 10), (6, 10), (3, 2), (3, 11), (17, 13), (10, 7), (1, 4), (2, 3), (1, 13), (11, 15), (2, 12), (6, 3), (15, 15), (6, 12), (12, 7), (3, 4), (4, 3), (8, 3), (17, 15), (10, 9), (9, 11), (11, 8), (2, 5), (2, 14), (6, 5), (6, 14), (7, 13), (12, 9), (4, 5), (8, 5), (9, 4), (5, 15), (9, 13), (11, 10), (2, 7), (13, 13), (6, 7), (7, 15), (18, 15), (4, 7), (5, 8), (8, 7), (9, 6), (10, 13), (9, 15), (11, 12), (2, 9), (13, 15), (6, 9), (7, 8)]",19,0,19
142,"(13, 10)","(13, 9)",North,"[((14, 10), 'East', 1)]","['(13, 10)', '(13, 8)', '(14, 9)', '(18, 13)', '(19, 14)', '(17, 12)', '(10, 4)', '(20, 15)', '(16, 13)', '(11, 5)', '(9, 3)', '(13, 7)']","['(13, 8)', '(18, 13)', '(14, 9)', '(16, 13)', '(19, 14)', '(17, 12)', '(10, 4)', '(20, 15)', '(13, 7)', '(11, 5)', '(9, 3)', '(14, 10)']","[(4, 9), (3, 13), (5, 10), (8, 9), (14, 13), (9, 8), (2, 2), (11, 14), (6, 2), (1, 15), (15, 14), (6, 11), (7, 10), (3, 6), (5, 3), (3, 15), (5, 12), (14, 15), (17, 14), (9, 10), (11, 7), (2, 4), (1, 8), (13, 10), (6, 4), (7, 3), (6, 13), (16, 15), (7, 12), (3, 8), (5, 5), (5, 14), (9, 12), (11, 9), (1, 10), (13, 12), (6, 6), (7, 5), (7, 14), (18, 14), (3, 1), (12, 13), (3, 10), (5, 7), (9, 5), (9, 14), (1, 3), (10, 15), (1, 12), (13, 14), (7, 7), (3, 3), (12, 15), (3, 12), (5, 9), (14, 12), (9, 7), (10, 8), (1, 5), (6, 1), (1, 14), (2, 13), (7, 9), (3, 5), (5, 2), (3, 14), (14, 14), (4, 13), (9, 9), (8, 13), (10, 10), (1, 7), (13, 9), (7, 2), (2, 15), (6, 15), (3, 7), (5, 4), (5, 13), (4, 15), (8, 15), (10, 12), (1, 9), (19, 15), (2, 8), (7, 4), (6, 8), (3, 9), (10, 5), (1, 2), (10, 14), (11, 13), (2, 10), (6, 10), (3, 2), (3, 11), (17, 13), (10, 7), (1, 4), (2, 3), (1, 13), (11, 15), (2, 12), (6, 3), (15, 15), (6, 12), (12, 7), (3, 4), (4, 3), (8, 3), (17, 15), (10, 9), (9, 11), (11, 8), (2, 5), (2, 14), (6, 5), (6, 14), (7, 13), (12, 9), (4, 5), (8, 5), (9, 4), (5, 15), (9, 13), (11, 10), (2, 7), (13, 13), (6, 7), (7, 15), (18, 15), (4, 7), (5, 8), (8, 7), (9, 6), (10, 13), (9, 15), (11, 12), (2, 9), (13, 15), (6, 9), (7, 8)]",19,0,19
143,"(13, 8)","(13, 9)",South,"[((14, 8), 'East', 1)]","['(13, 8)', '(18, 13)', '(14, 9)', '(16, 13)', '(19, 14)', '(17, 12)', '(10, 4)', '(20, 15)', '(13, 7)', '(11, 5)', '(9, 3)', '(14, 10)']","['(14, 9)', '(18, 13)', '(17, 12)', '(16, 13)', '(19, 14)', '(14, 10)', '(10, 4)', '(20, 15)', '(13, 7)', '(11, 5)', '(9, 3)', '(14, 8)']","[(4, 9), (3, 13), (5, 10), (8, 9), (14, 13), (9, 8), (2, 2), (11, 14), (13, 8), (6, 2), (1, 15), (15, 14), (6, 11), (7, 10), (3, 6), (5, 3), (3, 15), (5, 12), (14, 15), (17, 14), (9, 10), (11, 7), (2, 4), (1, 8), (13, 10), (6, 4), (7, 3), (6, 13), (16, 15), (7, 12), (3, 8), (5, 5), (5, 14), (9, 12), (11, 9), (1, 10), (13, 12), (6, 6), (7, 5), (7, 14), (18, 14), (3, 1), (12, 13), (3, 10), (5, 7), (9, 5), (9, 14), (1, 3), (10, 15), (1, 12), (13, 14), (7, 7), (3, 3), (12, 15), (3, 12), (5, 9), (14, 12), (9, 7), (10, 8), (1, 5), (6, 1), (1, 14), (2, 13), (7, 9), (3, 5), (5, 2), (3, 14), (14, 14), (4, 13), (9, 9), (8, 13), (10, 10), (1, 7), (13, 9), (7, 2), (2, 15), (6, 15), (3, 7), (5, 4), (5, 13), (4, 15), (8, 15), (10, 12), (1, 9), (19, 15), (2, 8), (7, 4), (6, 8), (3, 9), (10, 5), (1, 2), (10, 14), (11, 13), (2, 10), (6, 10), (3, 2), (3, 11), (17, 13), (10, 7), (1, 4), (2, 3), (1, 13), (11, 15), (2, 12), (6, 3), (15, 15), (6, 12), (12, 7), (3, 4), (4, 3), (8, 3), (17, 15), (10, 9), (9, 11), (11, 8), (2, 5), (2, 14), (6, 5), (6, 14), (7, 13), (12, 9), (4, 5), (8, 5), (9, 4), (5, 15), (9, 13), (11, 10), (2, 7), (13, 13), (6, 7), (7, 15), (18, 15), (4, 7), (5, 8), (8, 7), (9, 6), (10, 13), (9, 15), (11, 12), (2, 9), (13, 15), (6, 9), (7, 8)]",19,0,19
144,"(14, 9)","(13, 9)",East,[],"['(14, 9)', '(18, 13)', '(17, 12)', '(16, 13)', '(19, 14)', '(14, 10)', '(10, 4)', '(20, 15)', '(13, 7)', '(11, 5)', '(9, 3)', '(14, 8)']","['(17, 12)', '(18, 13)', '(10, 4)', '(16, 13)', '(19, 14)', '(14, 10)', '(14, 8)', '(20, 15)', '(13, 7)', '(11, 5)', '(9, 3)']","[(4, 9), (3, 13), (5, 10), (8, 9), (14, 13), (9, 8), (2, 2), (11, 14), (13, 8), (6, 2), (1, 15), (15, 14), (6, 11), (7, 10), (3, 6), (5, 3), (3, 15), (5, 12), (14, 15), (17, 14), (9, 10), (11, 7), (2, 4), (1, 8), (13, 10), (6, 4), (7, 3), (6, 13), (16, 15), (7, 12), (3, 8), (5, 5), (5, 14), (9, 12), (11, 9), (1, 10), (13, 12), (6, 6), (7, 5), (7, 14), (18, 14), (3, 1), (12, 13), (3, 10), (5, 7), (9, 5), (9, 14), (1, 3), (10, 15), (1, 12), (13, 14), (7, 7), (3, 3), (12, 15), (3, 12), (5, 9), (14, 12), (9, 7), (10, 8), (1, 5), (6, 1), (1, 14), (2, 13), (7, 9), (3, 5), (5, 2), (3, 14), (14, 14), (4, 13), (9, 9), (8, 13), (10, 10), (1, 7), (13, 9), (7, 2), (2, 15), (6, 15), (3, 7), (5, 4), (5, 13), (4, 15), (8, 15), (10, 12), (1, 9), (19, 15), (2, 8), (7, 4), (6, 8), (3, 9), (14, 9), (10, 5), (1, 2), (10, 14), (11, 13), (2, 10), (6, 10), (3, 2), (3, 11), (17, 13), (10, 7), (1, 4), (2, 3), (1, 13), (11, 15), (2, 12), (6, 3), (15, 15), (6, 12), (12, 7), (3, 4), (4, 3), (8, 3), (17, 15), (10, 9), (9, 11), (11, 8), (2, 5), (2, 14), (6, 5), (6, 14), (7, 13), (12, 9), (4, 5), (8, 5), (9, 4), (5, 15), (9, 13), (11, 10), (2, 7), (13, 13), (6, 7), (7, 15), (18, 15), (4, 7), (5, 8), (8, 7), (9, 6), (10, 13), (9, 15), (11, 12), (2, 9), (13, 15), (6, 9), (7, 8)]",19,0,19
145,"(17, 12)","(17, 13)",South,"[((18, 12), 'East', 1)]","['(17, 12)', '(18, 13)', '(10, 4)', '(16, 13)', '(19, 14)', '(14, 10)', '(14, 8)', '(20, 15)', '(13, 7)', '(11, 5)', '(9, 3)']","['(18, 13)', '(16, 13)', '(10, 4)', '(20, 15)', '(19, 14)', '(14, 10)', '(14, 8)', '(9, 3)', '(13, 7)', '(11, 5)', '(18, 12)']","[(4, 9), (3, 13), (5, 10), (8, 9), (14, 13), (9, 8), (17, 12), (2, 2), (11, 14), (13, 8), (6, 2), (1, 15), (15, 14), (6, 11), (7, 10), (3, 6), (5, 3), (3, 15), (5, 12), (14, 15), (17, 14), (9, 10), (11, 7), (2, 4), (1, 8), (13, 10), (6, 4), (7, 3), (6, 13), (16, 15), (7, 12), (3, 8), (5, 5), (5, 14), (9, 12), (11, 9), (1, 10), (13, 12), (6, 6), (7, 5), (7, 14), (18, 14), (3, 1), (12, 13), (3, 10), (5, 7), (9, 5), (9, 14), (1, 3), (10, 15), (1, 12), (13, 14), (7, 7), (3, 3), (12, 15), (3, 12), (5, 9), (14, 12), (9, 7), (10, 8), (1, 5), (6, 1), (1, 14), (2, 13), (7, 9), (3, 5), (5, 2), (3, 14), (14, 14), (4, 13), (9, 9), (8, 13), (10, 10), (1, 7), (13, 9), (7, 2), (2, 15), (6, 15), (3, 7), (5, 4), (5, 13), (4, 15), (8, 15), (10, 12), (1, 9), (19, 15), (2, 8), (7, 4), (6, 8), (3, 9), (14, 9), (10, 5), (1, 2), (10, 14), (11, 13), (2, 10), (6, 10), (3, 2), (3, 11), (17, 13), (10, 7), (1, 4), (2, 3), (1, 13), (11, 15), (2, 12), (6, 3), (15, 15), (6, 12), (12, 7), (3, 4), (4, 3), (8, 3), (17, 15), (10, 9), (9, 11), (11, 8), (2, 5), (2, 14), (6, 5), (6, 14), (7, 13), (12, 9), (4, 5), (8, 5), (9, 4), (5, 15), (9, 13), (11, 10), (2, 7), (13, 13), (6, 7), (7, 15), (18, 15), (4, 7), (5, 8), (8, 7), (9, 6), (10, 13), (9, 15), (11, 12), (2, 9), (13, 15), (6, 9), (7, 8)]",19,0,19
146,"(18, 13)","(17, 13)",East,"[((19, 13), 'East', 1)]","['(18, 13)', '(16, 13)', '(10, 4)', '(20, 15)', '(19, 14)', '(14, 10)', '(14, 8)', '(9, 3)', '(13, 7)', '(11, 5)', '(18, 12)']","['(16, 13)', '(19, 14)', '(10, 4)', '(20, 15)', '(11, 5)', '(14, 10)', '(14, 8)', '(9, 3)', '(13, 7)', '(18, 12)', '(19, 13)']","[(4, 9), (3, 13), (5, 10), (8, 9), (14, 13), (9, 8), (17, 12), (2, 2), (11, 14), (13, 8), (6, 2), (1, 15), (15, 14), (6, 11), (7, 10), (3, 6), (5, 3), (3, 15), (5, 12), (14, 15), (17, 14), (9, 10), (11, 7), (2, 4), (1, 8), (13, 10), (6, 4), (7, 3), (6, 13), (16, 15), (7, 12), (3, 8), (5, 5), (5, 14), (9, 12), (11, 9), (1, 10), (13, 12), (6, 6), (7, 5), (7, 14), (18, 14), (3, 1), (12, 13), (3, 10), (5, 7), (9, 5), (9, 14), (1, 3), (10, 15), (1, 12), (13, 14), (7, 7), (3, 3), (12, 15), (3, 12), (5, 9), (14, 12), (9, 7), (10, 8), (1, 5), (6, 1), (1, 14), (2, 13), (7, 9), (3, 5), (5, 2), (3, 14), (14, 14), (4, 13), (9, 9), (8, 13), (10, 10), (1, 7), (13, 9), (7, 2), (2, 15), (6, 15), (3, 7), (5, 4), (5, 13), (4, 15), (8, 15), (10, 12), (1, 9), (19, 15), (2, 8), (7, 4), (6, 8), (3, 9), (14, 9), (10, 5), (1, 2), (10, 14), (11, 13), (2, 10), (6, 10), (3, 2), (3, 11), (17, 13), (10, 7), (1, 4), (2, 3), (1, 13), (11, 15), (2, 12), (6, 3), (15, 15), (6, 12), (12, 7), (3, 4), (4, 3), (8, 3), (17, 15), (10, 9), (9, 11), (11, 8), (2, 5), (2, 14), (6, 5), (6, 14), (7, 13), (18, 13), (12, 9), (4, 5), (8, 5), (9, 4), (5, 15), (9, 13), (11, 10), (2, 7), (13, 13), (6, 7), (7, 15), (18, 15), (4, 7), (5, 8), (8, 7), (9, 6), (10, 13), (9, 15), (11, 12), (2, 9), (13, 15), (6, 9), (7, 8)]",19,0,19
147,"(16, 13)","(17, 13)",West,[],"['(16, 13)', '(19, 14)', '(10, 4)', '(20, 15)', '(11, 5)', '(14, 10)', '(14, 8)', '(9, 3)', '(13, 7)', '(18, 12)', '(19, 13)']","['(19, 14)', '(20, 15)', '(10, 4)', '(9, 3)', '(11, 5)', '(14, 10)', '(14, 8)', '(19, 13)', '(13, 7)', '(18, 12)']","[(4, 9), (3, 13), (5, 10), (8, 9), (14, 13), (9, 8), (17, 12), (2, 2), (11, 14), (13, 8), (6, 2), (1, 15), (15, 14), (6, 11), (16, 13), (7, 10), (3, 6), (5, 3), (3, 15), (5, 12), (14, 15), (17, 14), (9, 10), (11, 7), (2, 4), (1, 8), (13, 10), (6, 4), (7, 3), (6, 13), (16, 15), (7, 12), (3, 8), (5, 5), (5, 14), (9, 12), (11, 9), (1, 10), (13, 12), (6, 6), (7, 5), (7, 14), (18, 14), (3, 1), (12, 13), (3, 10), (5, 7), (9, 5), (9, 14), (1, 3), (10, 15), (1, 12), (13, 14), (7, 7), (3, 3), (12, 15), (3, 12), (5, 9), (14, 12), (9, 7), (10, 8), (1, 5), (6, 1), (1, 14), (2, 13), (7, 9), (3, 5), (5, 2), (3, 14), (14, 14), (4, 13), (9, 9), (8, 13), (10, 10), (1, 7), (13, 9), (7, 2), (2, 15), (6, 15), (3, 7), (5, 4), (5, 13), (4, 15), (8, 15), (10, 12), (1, 9), (19, 15), (2, 8), (7, 4), (6, 8), (3, 9), (14, 9), (10, 5), (1, 2), (10, 14), (11, 13), (2, 10), (6, 10), (3, 2), (3, 11), (17, 13), (10, 7), (1, 4), (2, 3), (1, 13), (11, 15), (2, 12), (6, 3), (15, 15), (6, 12), (12, 7), (3, 4), (4, 3), (8, 3), (17, 15), (10, 9), (9, 11), (11, 8), (2, 5), (2, 14), (6, 5), (6, 14), (7, 13), (18, 13), (12, 9), (4, 5), (8, 5), (9, 4), (5, 15), (9, 13), (11, 10), (2, 7), (13, 13), (6, 7), (7, 15), (18, 15), (4, 7), (5, 8), (8, 7), (9, 6), (10, 13), (9, 15), (11, 12), (2, 9), (13, 15), (6, 9), (7, 8)]",19,0,19
148,"(19, 14)","(18, 14)",East,[],"['(19, 14)', '(20, 15)', '(10, 4)', '(9, 3)', '(11, 5)', '(14, 10)', '(14, 8)', '(19, 13)', '(13, 7)', '(18, 12)']","['(20, 15)', '(9, 3)', '(10, 4)', '(13, 7)', '(11, 5)', '(14, 10)', '(14, 8)', '(19, 13)', '(18, 12)']","[(4, 9), (3, 13), (5, 10), (8, 9), (14, 13), (9, 8), (17, 12), (2, 2), (11, 14), (13, 8), (6, 2), (1, 15), (15, 14), (6, 11), (16, 13), (7, 10), (3, 6), (5, 3), (3, 15), (5, 12), (14, 15), (17, 14), (9, 10), (11, 7), (2, 4), (1, 8), (13, 10), (6, 4), (7, 3), (6, 13), (16, 15), (7, 12), (3, 8), (5, 5), (5, 14), (9, 12), (11, 9), (1, 10), (13, 12), (6, 6), (7, 5), (7, 14), (18, 14), (3, 1), (12, 13), (3, 10), (5, 7), (9, 5), (9, 14), (1, 3), (10, 15), (1, 12), (13, 14), (7, 7), (3, 3), (12, 15), (3, 12), (5, 9), (14, 12), (9, 7), (10, 8), (1, 5), (6, 1), (1, 14), (2, 13), (7, 9), (3, 5), (5, 2), (3, 14), (14, 14), (4, 13), (9, 9), (8, 13), (10, 10), (1, 7), (13, 9), (7, 2), (2, 15), (6, 15), (3, 7), (5, 4), (5, 13), (4, 15), (8, 15), (10, 12), (1, 9), (19, 15), (2, 8), (7, 4), (6, 8), (3, 9), (14, 9), (10, 5), (1, 2), (10, 14), (11, 13), (2, 10), (6, 10), (3, 2), (3, 11), (17, 13), (10, 7), (1, 4), (2, 3), (1, 13), (11, 15), (2, 12), (6, 3), (15, 15), (6, 12), (12, 7), (3, 4), (4, 3), (8, 3), (17, 15), (10, 9), (9, 11), (11, 8), (2, 5), (2, 14), (6, 5), (6, 14), (7, 13), (18, 13), (12, 9), (4, 5), (8, 5), (9, 4), (5, 15), (19, 14), (9, 13), (11, 10), (2, 7), (13, 13), (6, 7), (7, 15), (18, 15), (4, 7), (5, 8), (8, 7), (9, 6), (10, 13), (9, 15), (11, 12), (2, 9), (13, 15), (6, 9), (7, 8)]",19,0,19
149,"(20, 15)","(19, 15)",East,"[((21, 15), 'East', 1)]","['(20, 15)', '(9, 3)', '(10, 4)', '(13, 7)', '(11, 5)', '(14, 10)', '(14, 8)', '(19, 13)', '(18, 12)']","['(9, 3)', '(11, 5)', '(10, 4)', '(13, 7)', '(18, 12)', '(14, 10)', '(14, 8)', '(19, 13)', '(21, 15)']","[(4, 9), (3, 13), (5, 10), (8, 9), (14, 13), (9, 8), (17, 12), (2, 2), (11, 14), (13, 8), (6, 2), (1, 15), (15, 14), (6, 11), (16, 13), (7, 10), (3, 6), (5, 3), (3, 15), (5, 12), (14, 15), (17, 14), (9, 10), (11, 7), (2, 4), (1, 8), (13, 10), (6, 4), (7, 3), (6, 13), (16, 15), (7, 12), (20, 15), (3, 8), (5, 5), (5, 14), (9, 12), (11, 9), (1, 10), (13, 12), (6, 6), (7, 5), (7, 14), (18, 14), (3, 1), (12, 13), (3, 10), (5, 7), (9, 5), (9, 14), (1, 3), (10, 15), (1, 12), (13, 14), (7, 7), (3, 3), (12, 15), (3, 12), (5, 9), (14, 12), (9, 7), (10, 8), (1, 5), (6, 1), (1, 14), (2, 13), (7, 9), (3, 5), (5, 2), (3, 14), (14, 14), (4, 13), (9, 9), (8, 13), (10, 10), (1, 7), (13, 9), (7, 2), (2, 15), (6, 15), (3, 7), (5, 4), (5, 13), (4, 15), (8, 15), (10, 12), (1, 9), (19, 15), (2, 8), (7, 4), (6, 8), (3, 9), (14, 9), (10, 5), (1, 2), (10, 14), (11, 13), (2, 10), (6, 10), (3, 2), (3, 11), (17, 13), (10, 7), (1, 4), (2, 3), (1, 13), (11, 15), (2, 12), (6, 3), (15, 15), (6, 12), (12, 7), (3, 4), (4, 3), (8, 3), (17, 15), (10, 9), (9, 11), (11, 8), (2, 5), (2, 14), (6, 5), (6, 14), (7, 13), (18, 13), (12, 9), (4, 5), (8, 5), (9, 4), (5, 15), (19, 14), (9, 13), (11, 10), (2, 7), (13, 13), (6, 7), (7, 15), (18, 15), (4, 7), (5, 8), (8, 7), (9, 6), (10, 13), (9, 15), (11, 12), (2, 9), (13, 15), (6, 9), (7, 8)]",19,0,19
150,"(9, 3)","(8, 3)",East,"[((9, 2), 'South', 1), ((10, 3), 'East', 1)]","['(9, 3)', '(11, 5)', '(10, 4)', '(13, 7)', '(18, 12)', '(14, 10)', '(14, 8)', '(19, 13)', '(21, 15)']","['(10, 4)', '(11, 5)', '(14, 10)', '(13, 7)', '(18, 12)', '(21, 15)', '(14, 8)', '(19, 13)', '(9, 2)', '(10, 3)']","[(4, 9), (3, 13), (5, 10), (8, 9), (14, 13), (9, 8), (17, 12), (2, 2), (11, 14), (13, 8), (6, 2), (1, 15), (15, 14), (6, 11), (16, 13), (7, 10), (3, 6), (5, 3), (3, 15), (5, 12), (14, 15), (17, 14), (9, 10), (11, 7), (2, 4), (1, 8), (13, 10), (6, 4), (7, 3), (6, 13), (16, 15), (7, 12), (20, 15), (3, 8), (5, 5), (9, 3), (5, 14), (9, 12), (11, 9), (1, 10), (13, 12), (6, 6), (7, 5), (7, 14), (18, 14), (3, 1), (12, 13), (3, 10), (5, 7), (9, 5), (9, 14), (1, 3), (10, 15), (1, 12), (13, 14), (7, 7), (3, 3), (12, 15), (3, 12), (5, 9), (14, 12), (9, 7), (10, 8), (1, 5), (6, 1), (1, 14), (2, 13), (7, 9), (3, 5), (5, 2), (3, 14), (14, 14), (4, 13), (9, 9), (8, 13), (10, 10), (1, 7), (13, 9), (7, 2), (2, 15), (6, 15), (3, 7), (5, 4), (5, 13), (4, 15), (8, 15), (10, 12), (1, 9), (19, 15), (2, 8), (7, 4), (6, 8), (3, 9), (14, 9), (10, 5), (1, 2), (10, 14), (11, 13), (2, 10), (6, 10), (3, 2), (3, 11), (17, 13), (10, 7), (1, 4), (2, 3), (1, 13), (11, 15), (2, 12), (6, 3), (15, 15), (6, 12), (12, 7), (3, 4), (4, 3), (8, 3), (17, 15), (10, 9), (9, 11), (11, 8), (2, 5), (2, 14), (6, 5), (6, 14), (7, 13), (18, 13), (12, 9), (4, 5), (8, 5), (9, 4), (5, 15), (19, 14), (9, 13), (11, 10), (2, 7), (13, 13), (6, 7), (7, 15), (18, 15), (4, 7), (5, 8), (8, 7), (9, 6), (10, 13), (9, 15), (11, 12), (2, 9), (13, 15), (6, 9), (7, 8)]",20,0,20
151,"(10, 4)","(9, 4)",East,"[((11, 4), 'East', 1)]","['(10, 4)', '(11, 5)', '(14, 10)', '(13, 7)', '(18, 12)', '(21, 15)', '(14, 8)', '(19, 13)', '(9, 2)', '(10, 3)']","['(11, 5)', '(13, 7)', '(14, 10)', '(19, 13)', '(18, 12)', '(21, 15)', '(14, 8)', '(10, 3)', '(9, 2)', '(11, 4)']","[(4, 9), (3, 13), (5, 10), (8, 9), (14, 13), (9, 8), (17, 12), (2, 2), (11, 14), (13, 8), (6, 2), (1, 15), (15, 14), (6, 11), (16, 13), (7, 10), (3, 6), (5, 3), (3, 15), (5, 12), (14, 15), (17, 14), (9, 10), (11, 7), (2, 4), (1, 8), (13, 10), (6, 4), (7, 3), (6, 13), (16, 15), (7, 12), (20, 15), (3, 8), (5, 5), (9, 3), (5, 14), (9, 12), (11, 9), (1, 10), (13, 12), (6, 6), (7, 5), (7, 14), (18, 14), (3, 1), (12, 13), (3, 10), (5, 7), (9, 5), (9, 14), (1, 3), (10, 15), (1, 12), (13, 14), (7, 7), (3, 3), (12, 15), (3, 12), (5, 9), (14, 12), (9, 7), (10, 8), (1, 5), (6, 1), (1, 14), (2, 13), (7, 9), (3, 5), (5, 2), (3, 14), (14, 14), (4, 13), (9, 9), (8, 13), (10, 10), (1, 7), (13, 9), (7, 2), (2, 15), (6, 15), (3, 7), (5, 4), (5, 13), (4, 15), (8, 15), (10, 12), (1, 9), (19, 15), (2, 8), (7, 4), (6, 8), (3, 9), (14, 9), (10, 5), (1, 2), (10, 14), (11, 13), (2, 10), (6, 10), (3, 2), (3, 11), (17, 13), (10, 7), (1, 4), (2, 3), (1, 13), (11, 15), (2, 12), (6, 3), (15, 15), (6, 12), (12, 7), (3, 4), (4, 3), (8, 3), (17, 15), (10, 9), (9, 11), (11, 8), (2, 5), (2, 14), (6, 5), (6, 14), (7, 13), (18, 13), (12, 9), (4, 5), (8, 5), (9, 4), (5, 15), (19, 14), (9, 13), (11, 10), (2, 7), (13, 13), (6, 7), (7, 15), (18, 15), (4, 7), (5, 8), (8, 7), (10, 4), (9, 6), (10, 13), (9, 15), (11, 12), (2, 9), (13, 15), (6, 9), (7, 8)]",20,0,20
152,"(11, 5)","(10, 5)",East,"[((12, 5), 'East', 1)]","['(11, 5)', '(13, 7)', '(14, 10)', '(19, 13)', '(18, 12)', '(21, 15)', '(14, 8)', '(10, 3)', '(9, 2)', '(11, 4)']","['(13, 7)', '(18, 12)', '(14, 10)', '(19, 13)', '(11, 4)', '(21, 15)', '(14, 8)', '(10, 3)', '(9, 2)', '(12, 5)']","[(4, 9), (3, 13), (5, 10), (8, 9), (14, 13), (9, 8), (17, 12), (2, 2), (11, 5), (11, 14), (13, 8), (6, 2), (1, 15), (15, 14), (6, 11), (16, 13), (7, 10), (3, 6), (5, 3), (3, 15), (5, 12), (14, 15), (17, 14), (9, 10), (11, 7), (2, 4), (1, 8), (13, 10), (6, 4), (7, 3), (6, 13), (16, 15), (7, 12), (20, 15), (3, 8), (5, 5), (9, 3), (5, 14), (9, 12), (11, 9), (1, 10), (13, 12), (6, 6), (7, 5), (7, 14), (18, 14), (3, 1), (12, 13), (3, 10), (5, 7), (9, 5), (9, 14), (1, 3), (10, 15), (1, 12), (13, 14), (7, 7), (3, 3), (12, 15), (3, 12), (5, 9), (14, 12), (9, 7), (10, 8), (1, 5), (6, 1), (1, 14), (2, 13), (7, 9), (3, 5), (5, 2), (3, 14), (14, 14), (4, 13), (9, 9), (8, 13), (10, 10), (1, 7), (13, 9), (7, 2), (2, 15), (6, 15), (3, 7), (5, 4), (5, 13), (4, 15), (8, 15), (10, 12), (1, 9), (19, 15), (2, 8), (7, 4), (6, 8), (3, 9), (14, 9), (10, 5), (1, 2), (10, 14), (11, 13), (2, 10), (6, 10), (3, 2), (3, 11), (17, 13), (10, 7), (1, 4), (2, 3), (1, 13), (11, 15), (2, 12), (6, 3), (15, 15), (6, 12), (12, 7), (3, 4), (4, 3), (8, 3), (17, 15), (10, 9), (9, 11), (11, 8), (2, 5), (2, 14), (6, 5), (6, 14), (7, 13), (18, 13), (12, 9), (4, 5), (8, 5), (9, 4), (5, 15), (19, 14), (9, 13), (11, 10), (2, 7), (13, 13), (6, 7), (7, 15), (18, 15), (4, 7), (5, 8), (8, 7), (10, 4), (9, 6), (10, 13), (9, 15), (11, 12), (2, 9), (13, 15), (6, 9), (7, 8)]",20,0,20
153,"(13, 7)","(12, 7)",East,"[((14, 7), 'East', 1)]","['(13, 7)', '(18, 12)', '(14, 10)', '(19, 13)', '(11, 4)', '(21, 15)', '(14, 8)', '(10, 3)', '(9, 2)', '(12, 5)']","['(14, 10)', '(18, 12)', '(14, 8)', '(19, 13)', '(11, 4)', '(21, 15)', '(12, 5)', '(10, 3)', '(9, 2)', '(14, 7)']","[(4, 9), (3, 13), (5, 10), (8, 9), (14, 13), (9, 8), (17, 12), (2, 2), (11, 5), (11, 14), (13, 8), (6, 2), (1, 15), (15, 14), (6, 11), (16, 13), (7, 10), (3, 6), (5, 3), (3, 15), (5, 12), (14, 15), (17, 14), (9, 10), (11, 7), (2, 4), (1, 8), (13, 10), (6, 4), (7, 3), (6, 13), (16, 15), (7, 12), (20, 15), (3, 8), (5, 5), (9, 3), (5, 14), (9, 12), (11, 9), (1, 10), (13, 12), (6, 6), (7, 5), (7, 14), (18, 14), (3, 1), (12, 13), (3, 10), (5, 7), (9, 5), (9, 14), (1, 3), (10, 15), (1, 12), (13, 14), (7, 7), (3, 3), (12, 15), (3, 12), (5, 9), (14, 12), (9, 7), (10, 8), (1, 5), (13, 7), (6, 1), (1, 14), (2, 13), (7, 9), (3, 5), (5, 2), (3, 14), (14, 14), (4, 13), (9, 9), (8, 13), (10, 10), (1, 7), (13, 9), (7, 2), (2, 15), (6, 15), (3, 7), (5, 4), (5, 13), (4, 15), (8, 15), (10, 12), (1, 9), (19, 15), (2, 8), (7, 4), (6, 8), (3, 9), (14, 9), (10, 5), (1, 2), (10, 14), (11, 13), (2, 10), (6, 10), (3, 2), (3, 11), (17, 13), (10, 7), (1, 4), (2, 3), (1, 13), (11, 15), (2, 12), (6, 3), (15, 15), (6, 12), (12, 7), (3, 4), (4, 3), (8, 3), (17, 15), (10, 9), (9, 11), (11, 8), (2, 5), (2, 14), (6, 5), (6, 14), (7, 13), (18, 13), (12, 9), (4, 5), (8, 5), (9, 4), (5, 15), (19, 14), (9, 13), (11, 10), (2, 7), (13, 13), (6, 7), (7, 15), (18, 15), (4, 7), (5, 8), (8, 7), (10, 4), (9, 6), (10, 13), (9, 15), (11, 12), (2, 9), (13, 15), (6, 9), (7, 8)]",20,0,20
154,"(14, 10)","(13, 10)",East,[],"['(14, 10)', '(18, 12)', '(14, 8)', '(19, 13)', '(11, 4)', '(21, 15)', '(12, 5)', '(10, 3)', '(9, 2)', '(14, 7)']","['(14, 8)', '(18, 12)', '(21, 15)', '(19, 13)', '(11, 4)', '(14, 7)', '(12, 5)', '(10, 3)', '(9, 2)']","[(4, 9), (3, 13), (5, 10), (8, 9), (14, 13), (9, 8), (17, 12), (2, 2), (11, 5), (11, 14), (13, 8), (6, 2), (1, 15), (15, 14), (6, 11), (16, 13), (7, 10), (3, 6), (5, 3), (3, 15), (5, 12), (14, 15), (17, 14), (9, 10), (11, 7), (2, 4), (1, 8), (13, 10), (6, 4), (7, 3), (6, 13), (16, 15), (7, 12), (20, 15), (3, 8), (5, 5), (9, 3), (5, 14), (9, 12), (11, 9), (1, 10), (13, 12), (6, 6), (7, 5), (7, 14), (18, 14), (3, 1), (12, 13), (3, 10), (5, 7), (14, 10), (9, 5), (9, 14), (1, 3), (10, 15), (1, 12), (13, 14), (7, 7), (3, 3), (12, 15), (3, 12), (5, 9), (14, 12), (9, 7), (10, 8), (1, 5), (13, 7), (6, 1), (1, 14), (2, 13), (7, 9), (3, 5), (5, 2), (3, 14), (14, 14), (4, 13), (9, 9), (8, 13), (10, 10), (1, 7), (13, 9), (7, 2), (2, 15), (6, 15), (3, 7), (5, 4), (5, 13), (4, 15), (8, 15), (10, 12), (1, 9), (19, 15), (2, 8), (7, 4), (6, 8), (3, 9), (14, 9), (10, 5), (1, 2), (10, 14), (11, 13), (2, 10), (6, 10), (3, 2), (3, 11), (17, 13), (10, 7), (1, 4), (2, 3), (1, 13), (11, 15), (2, 12), (6, 3), (15, 15), (6, 12), (12, 7), (3, 4), (4, 3), (8, 3), (17, 15), (10, 9), (9, 11), (11, 8), (2, 5), (2, 14), (6, 5), (6, 14), (7, 13), (18, 13), (12, 9), (4, 5), (8, 5), (9, 4), (5, 15), (19, 14), (9, 13), (11, 10), (2, 7), (13, 13), (6, 7), (7, 15), (18, 15), (4, 7), (5, 8), (8, 7), (10, 4), (9, 6), (10, 13), (9, 15), (11, 12), (2, 9), (13, 15), (6, 9), (7, 8)]",20,0,20
155,"(14, 8)","(13, 8)",East,[],"['(14, 8)', '(18, 12)', '(21, 15)', '(19, 13)', '(11, 4)', '(14, 7)', '(12, 5)', '(10, 3)', '(9, 2)']","['(18, 12)', '(19, 13)', '(21, 15)', '(9, 2)', '(11, 4)', '(14, 7)', '(12, 5)', '(10, 3)']","[(4, 9), (3, 13), (5, 10), (8, 9), (14, 13), (9, 8), (17, 12), (2, 2), (11, 5), (11, 14), (13, 8), (6, 2), (1, 15), (15, 14), (6, 11), (16, 13), (7, 10), (3, 6), (5, 3), (3, 15), (5, 12), (14, 15), (17, 14), (9, 10), (11, 7), (2, 4), (1, 8), (13, 10), (6, 4), (7, 3), (6, 13), (16, 15), (7, 12), (20, 15), (3, 8), (5, 5), (14, 8), (9, 3), (5, 14), (9, 12), (11, 9), (1, 10), (13, 12), (6, 6), (7, 5), (7, 14), (18, 14), (3, 1), (12, 13), (3, 10), (5, 7), (14, 10), (9, 5), (9, 14), (1, 3), (10, 15), (1, 12), (13, 14), (7, 7), (3, 3), (12, 15), (3, 12), (5, 9), (14, 12), (9, 7), (10, 8), (1, 5), (13, 7), (6, 1), (1, 14), (2, 13), (7, 9), (3, 5), (5, 2), (3, 14), (14, 14), (4, 13), (9, 9), (8, 13), (10, 10), (1, 7), (13, 9), (7, 2), (2, 15), (6, 15), (3, 7), (5, 4), (5, 13), (4, 15), (8, 15), (10, 12), (1, 9), (19, 15), (2, 8), (7, 4), (6, 8), (3, 9), (14, 9), (10, 5), (1, 2), (10, 14), (11, 13), (2, 10), (6, 10), (3, 2), (3, 11), (17, 13), (10, 7), (1, 4), (2, 3), (1, 13), (11, 15), (2, 12), (6, 3), (15, 15), (6, 12), (12, 7), (3, 4), (4, 3), (8, 3), (17, 15), (10, 9), (9, 11), (11, 8), (2, 5), (2, 14), (6, 5), (6, 14), (7, 13), (18, 13), (12, 9), (4, 5), (8, 5), (9, 4), (5, 15), (19, 14), (9, 13), (11, 10), (2, 7), (13, 13), (6, 7), (7, 15), (18, 15), (4, 7), (5, 8), (8, 7), (10, 4), (9, 6), (10, 13), (9, 15), (11, 12), (2, 9), (13, 15), (6, 9), (7, 8)]",20,0,20
156,"(18, 12)","(17, 12)",East,"[((18, 11), 'South', 1), ((19, 12), 'East', 1)]","['(18, 12)', '(19, 13)', '(21, 15)', '(9, 2)', '(11, 4)', '(14, 7)', '(12, 5)', '(10, 3)']","['(19, 13)', '(9, 2)', '(21, 15)', '(10, 3)', '(11, 4)', '(14, 7)', '(12, 5)', '(18, 11)', '(19, 12)']","[(4, 9), (3, 13), (5, 10), (8, 9), (14, 13), (9, 8), (17, 12), (2, 2), (11, 5), (11, 14), (13, 8), (6, 2), (1, 15), (15, 14), (6, 11), (16, 13), (7, 10), (3, 6), (5, 3), (3, 15), (5, 12), (14, 15), (17, 14), (9, 10), (11, 7), (2, 4), (1, 8), (13, 10), (6, 4), (7, 3), (6, 13), (16, 15), (7, 12), (18, 12), (20, 15), (3, 8), (5, 5), (14, 8), (9, 3), (5, 14), (9, 12), (11, 9), (1, 10), (13, 12), (6, 6), (7, 5), (7, 14), (18, 14), (3, 1), (12, 13), (3, 10), (5, 7), (14, 10), (9, 5), (9, 14), (1, 3), (10, 15), (1, 12), (13, 14), (7, 7), (3, 3), (12, 15), (3, 12), (5, 9), (14, 12), (9, 7), (10, 8), (1, 5), (13, 7), (6, 1), (1, 14), (2, 13), (7, 9), (3, 5), (5, 2), (3, 14), (14, 14), (4, 13), (9, 9), (8, 13), (10, 10), (1, 7), (13, 9), (7, 2), (2, 15), (6, 15), (3, 7), (5, 4), (5, 13), (4, 15), (8, 15), (10, 12), (1, 9), (19, 15), (2, 8), (7, 4), (6, 8), (3, 9), (14, 9), (10, 5), (1, 2), (10, 14), (11, 13), (2, 10), (6, 10), (3, 2), (3, 11), (17, 13), (10, 7), (1, 4), (2, 3), (1, 13), (11, 15), (2, 12), (6, 3), (15, 15), (6, 12), (12, 7), (3, 4), (4, 3), (8, 3), (17, 15), (10, 9), (9, 11), (11, 8), (2, 5), (2, 14), (6, 5), (6, 14), (7, 13), (18, 13), (12, 9), (4, 5), (8, 5), (9, 4), (5, 15), (19, 14), (9, 13), (11, 10), (2, 7), (13, 13), (6, 7), (7, 15), (18, 15), (4, 7), (5, 8), (8, 7), (10, 4), (9, 6), (10, 13), (9, 15), (11, 12), (2, 9), (13, 15), (6, 9), (7, 8)]",20,0,20
157,"(19, 13)","(18, 13)",East,"[((20, 13), 'East', 1)]","['(19, 13)', '(9, 2)', '(21, 15)', '(10, 3)', '(11, 4)', '(14, 7)', '(12, 5)', '(18, 11)', '(19, 12)']","['(21, 15)', '(9, 2)', '(12, 5)', '(10, 3)', '(11, 4)', '(14, 7)', '(19, 12)', '(18, 11)', '(20, 13)']","[(4, 9), (3, 13), (5, 10), (8, 9), (14, 13), (9, 8), (17, 12), (2, 2), (11, 5), (11, 14), (13, 8), (6, 2), (1, 15), (15, 14), (6, 11), (16, 13), (7, 10), (3, 6), (5, 3), (3, 15), (5, 12), (14, 15), (17, 14), (9, 10), (11, 7), (2, 4), (1, 8), (13, 10), (6, 4), (7, 3), (6, 13), (16, 15), (7, 12), (18, 12), (20, 15), (3, 8), (5, 5), (14, 8), (9, 3), (5, 14), (9, 12), (11, 9), (1, 10), (13, 12), (6, 6), (7, 5), (7, 14), (18, 14), (3, 1), (12, 13), (3, 10), (5, 7), (14, 10), (9, 5), (9, 14), (1, 3), (10, 15), (1, 12), (13, 14), (7, 7), (3, 3), (12, 15), (3, 12), (5, 9), (14, 12), (9, 7), (10, 8), (1, 5), (13, 7), (6, 1), (1, 14), (2, 13), (7, 9), (3, 5), (5, 2), (3, 14), (14, 14), (4, 13), (9, 9), (8, 13), (10, 10), (1, 7), (13, 9), (19, 13), (7, 2), (2, 15), (6, 15), (3, 7), (5, 4), (5, 13), (4, 15), (8, 15), (10, 12), (1, 9), (19, 15), (2, 8), (7, 4), (6, 8), (3, 9), (14, 9), (10, 5), (1, 2), (10, 14), (11, 13), (2, 10), (6, 10), (3, 2), (3, 11), (17, 13), (10, 7), (1, 4), (2, 3), (1, 13), (11, 15), (2, 12), (6, 3), (15, 15), (6, 12), (12, 7), (3, 4), (4, 3), (8, 3), (17, 15), (10, 9), (9, 11), (11, 8), (2, 5), (2, 14), (6, 5), (6, 14), (7, 13), (18, 13), (12, 9), (4, 5), (8, 5), (9, 4), (5, 15), (19, 14), (9, 13), (11, 10), (2, 7), (13, 13), (6, 7), (7, 15), (18, 15), (4, 7), (5, 8), (8, 7), (10, 4), (9, 6), (10, 13), (9, 15), (11, 12), (2, 9), (13, 15), (6, 9), (7, 8)]",20,0,20
158,"(21, 15)","(20, 15)",East,"[((21, 14), 'South', 1), ((22, 15), 'East', 1)]","['(21, 15)', '(9, 2)', '(12, 5)', '(10, 3)', '(11, 4)', '(14, 7)', '(19, 12)', '(18, 11)', '(20, 13)']","['(9, 2)', '(10, 3)', '(12, 5)', '(18, 11)', '(11, 4)', '(14, 7)', '(19, 12)', '(20, 13)', '(21, 14)', '(22, 15)']","[(4, 9), (3, 13), (5, 10), (8, 9), (14, 13), (9, 8), (17, 12), (2, 2), (11, 5), (11, 14), (13, 8), (6, 2), (1, 15), (15, 14), (6, 11), (16, 13), (7, 10), (3, 6), (5, 3), (3, 15), (5, 12), (14, 15), (17, 14), (9, 10), (11, 7), (2, 4), (1, 8), (13, 10), (6, 4), (7, 3), (6, 13), (16, 15), (7, 12), (18, 12), (20, 15), (3, 8), (5, 5), (14, 8), (9, 3), (5, 14), (9, 12), (11, 9), (1, 10), (13, 12), (6, 6), (7, 5), (7, 14), (18, 14), (3, 1), (12, 13), (3, 10), (5, 7), (14, 10), (9, 5), (9, 14), (1, 3), (10, 15), (1, 12), (13, 14), (7, 7), (3, 3), (12, 15), (3, 12), (5, 9), (14, 12), (9, 7), (10, 8), (1, 5), (13, 7), (6, 1), (1, 14), (2, 13), (7, 9), (3, 5), (5, 2), (3, 14), (14, 14), (4, 13), (9, 9), (8, 13), (10, 10), (1, 7), (13, 9), (19, 13), (7, 2), (2, 15), (6, 15), (3, 7), (5, 4), (5, 13), (4, 15), (8, 15), (10, 12), (1, 9), (19, 15), (2, 8), (7, 4), (6, 8), (21, 15), (3, 9), (14, 9), (10, 5), (1, 2), (10, 14), (11, 13), (2, 10), (6, 10), (3, 2), (3, 11), (17, 13), (10, 7), (1, 4), (2, 3), (1, 13), (11, 15), (2, 12), (6, 3), (15, 15), (6, 12), (12, 7), (3, 4), (4, 3), (8, 3), (17, 15), (10, 9), (9, 11), (11, 8), (2, 5), (2, 14), (6, 5), (6, 14), (7, 13), (18, 13), (12, 9), (4, 5), (8, 5), (9, 4), (5, 15), (19, 14), (9, 13), (11, 10), (2, 7), (13, 13), (6, 7), (7, 15), (18, 15), (4, 7), (5, 8), (8, 7), (10, 4), (9, 6), (10, 13), (9, 15), (11, 12), (2, 9), (13, 15), (6, 9), (7, 8)]",20,0,20
159,"(9, 2)","(9, 3)",South,"[((9, 1), 'South', 1), ((10, 2), 'East', 1)]","['(9, 2)', '(10, 3)', '(12, 5)', '(18, 11)', '(11, 4)', '(14, 7)', '(19, 12)', '(20, 13)', '(21, 14)', '(22, 15)']","['(10, 3)', '(11, 4)', '(12, 5)', '(18, 11)', '(22, 15)', '(14, 7)', '(19, 12)', '(20, 13)', '(21, 14)', '(9, 1)', '(10, 2)']","[(4, 9), (3, 13), (5, 10), (8, 9), (14, 13), (9, 8), (17, 12), (2, 2), (11, 5), (11, 14), (13, 8), (6, 2), (1, 15), (15, 14), (6, 11), (16, 13), (7, 10), (3, 6), (5, 3), (3, 15), (5, 12), (14, 15), (17, 14), (9, 10), (11, 7), (2, 4), (1, 8), (13, 10), (6, 4), (7, 3), (6, 13), (16, 15), (7, 12), (18, 12), (20, 15), (3, 8), (5, 5), (14, 8), (9, 3), (5, 14), (9, 12), (11, 9), (1, 10), (13, 12), (6, 6), (7, 5), (7, 14), (18, 14), (3, 1), (12, 13), (3, 10), (5, 7), (14, 10), (9, 5), (9, 14), (1, 3), (10, 15), (1, 12), (13, 14), (7, 7), (3, 3), (12, 15), (3, 12), (5, 9), (14, 12), (9, 7), (10, 8), (1, 5), (13, 7), (6, 1), (1, 14), (2, 13), (7, 9), (3, 5), (5, 2), (3, 14), (14, 14), (4, 13), (9, 9), (8, 13), (10, 10), (1, 7), (13, 9), (19, 13), (7, 2), (2, 15), (6, 15), (3, 7), (5, 4), (9, 2), (5, 13), (4, 15), (8, 15), (10, 12), (1, 9), (19, 15), (2, 8), (7, 4), (6, 8), (21, 15), (3, 9), (14, 9), (10, 5), (1, 2), (10, 14), (11, 13), (2, 10), (6, 10), (3, 2), (3, 11), (17, 13), (10, 7), (1, 4), (2, 3), (1, 13), (11, 15), (2, 12), (6, 3), (15, 15), (6, 12), (12, 7), (3, 4), (4, 3), (8, 3), (17, 15), (10, 9), (9, 11), (11, 8), (2, 5), (2, 14), (6, 5), (6, 14), (7, 13), (18, 13), (12, 9), (4, 5), (8, 5), (9, 4), (5, 15), (19, 14), (9, 13), (11, 10), (2, 7), (13, 13), (6, 7), (7, 15), (18, 15), (4, 7), (5, 8), (8, 7), (10, 4), (9, 6), (10, 13), (9, 15), (11, 12), (2, 9), (13, 15), (6, 9), (7, 8)]",21,0,21
160,"(10, 3)","(9, 3)",East,"[((11, 3), 'East', 1)]","['(10, 3)', '(11, 4)', '(12, 5)', '(18, 11)', '(22, 15)', '(14, 7)', '(19, 12)', '(20, 13)', '(21, 14)', '(9, 1)', '(10, 2)']","['(11, 4)', '(18, 11)', '(12, 5)', '(20, 13)', '(22, 15)', '(14, 7)', '(19, 12)', '(10, 2)', '(21, 14)', '(9, 1)', '(11, 3)']","[(4, 9), (3, 13), (5, 10), (8, 9), (14, 13), (9, 8), (17, 12), (2, 2), (11, 5), (11, 14), (13, 8), (6, 2), (1, 15), (15, 14), (6, 11), (16, 13), (7, 10), (3, 6), (5, 3), (3, 15), (5, 12), (14, 15), (17, 14), (9, 10), (11, 7), (2, 4), (1, 8), (13, 10), (6, 4), (7, 3), (6, 13), (16, 15), (7, 12), (18, 12), (20, 15), (3, 8), (5, 5), (14, 8), (9, 3), (5, 14), (9, 12), (11, 9), (1, 10), (13, 12), (6, 6), (7, 5), (7, 14), (18, 14), (3, 1), (12, 13), (3, 10), (5, 7), (14, 10), (9, 5), (9, 14), (1, 3), (10, 15), (1, 12), (13, 14), (7, 7), (3, 3), (12, 15), (3, 12), (5, 9), (14, 12), (9, 7), (10, 8), (1, 5), (13, 7), (6, 1), (1, 14), (2, 13), (7, 9), (3, 5), (5, 2), (3, 14), (14, 14), (4, 13), (9, 9), (8, 13), (10, 10), (1, 7), (13, 9), (19, 13), (7, 2), (2, 15), (6, 15), (3, 7), (5, 4), (9, 2), (5, 13), (4, 15), (10, 3), (8, 15), (10, 12), (1, 9), (19, 15), (2, 8), (7, 4), (6, 8), (21, 15), (3, 9), (14, 9), (10, 5), (1, 2), (10, 14), (11, 13), (2, 10), (6, 10), (3, 2), (3, 11), (17, 13), (10, 7), (1, 4), (2, 3), (1, 13), (11, 15), (2, 12), (6, 3), (15, 15), (6, 12), (12, 7), (3, 4), (4, 3), (8, 3), (17, 15), (10, 9), (9, 11), (11, 8), (2, 5), (2, 14), (6, 5), (6, 14), (7, 13), (18, 13), (12, 9), (4, 5), (8, 5), (9, 4), (5, 15), (19, 14), (9, 13), (11, 10), (2, 7), (13, 13), (6, 7), (7, 15), (18, 15), (4, 7), (5, 8), (8, 7), (10, 4), (9, 6), (10, 13), (9, 15), (11, 12), (2, 9), (13, 15), (6, 9), (7, 8)]",21,0,21
161,"(11, 4)","(10, 4)",East,[],"['(11, 4)', '(18, 11)', '(12, 5)', '(20, 13)', '(22, 15)', '(14, 7)', '(19, 12)', '(10, 2)', '(21, 14)', '(9, 1)', '(11, 3)']","['(12, 5)', '(18, 11)', '(14, 7)', '(20, 13)', '(22, 15)', '(11, 3)', '(19, 12)', '(10, 2)', '(21, 14)', '(9, 1)']","[(4, 9), (3, 13), (5, 10), (8, 9), (14, 13), (9, 8), (17, 12), (2, 2), (11, 5), (11, 14), (13, 8), (6, 2), (1, 15), (15, 14), (6, 11), (16, 13), (7, 10), (3, 6), (5, 3), (3, 15), (5, 12), (14, 15), (17, 14), (9, 10), (11, 7), (2, 4), (1, 8), (13, 10), (6, 4), (7, 3), (6, 13), (16, 15), (7, 12), (18, 12), (20, 15), (3, 8), (5, 5), (14, 8), (9, 3), (5, 14), (9, 12), (11, 9), (1, 10), (13, 12), (6, 6), (7, 5), (7, 14), (18, 14), (3, 1), (12, 13), (3, 10), (5, 7), (14, 10), (9, 5), (9, 14), (1, 3), (10, 15), (1, 12), (13, 14), (7, 7), (3, 3), (12, 15), (3, 12), (5, 9), (14, 12), (9, 7), (11, 4), (10, 8), (1, 5), (13, 7), (6, 1), (1, 14), (2, 13), (7, 9), (3, 5), (5, 2), (3, 14), (14, 14), (4, 13), (9, 9), (8, 13), (10, 10), (1, 7), (13, 9), (19, 13), (7, 2), (2, 15), (6, 15), (3, 7), (5, 4), (9, 2), (5, 13), (4, 15), (10, 3), (8, 15), (10, 12), (1, 9), (19, 15), (2, 8), (7, 4), (6, 8), (21, 15), (3, 9), (14, 9), (10, 5), (1, 2), (10, 14), (11, 13), (2, 10), (6, 10), (3, 2), (3, 11), (17, 13), (10, 7), (1, 4), (2, 3), (1, 13), (11, 15), (2, 12), (6, 3), (15, 15), (6, 12), (12, 7), (3, 4), (4, 3), (8, 3), (17, 15), (10, 9), (9, 11), (11, 8), (2, 5), (2, 14), (6, 5), (6, 14), (7, 13), (18, 13), (12, 9), (4, 5), (8, 5), (9, 4), (5, 15), (19, 14), (9, 13), (11, 10), (2, 7), (13, 13), (6, 7), (7, 15), (18, 15), (4, 7), (5, 8), (8, 7), (10, 4), (9, 6), (10, 13), (9, 15), (11, 12), (2, 9), (13, 15), (6, 9), (7, 8)]",21,0,21
162,"(12, 5)","(11, 5)",East,"[((13, 5), 'East', 1)]","['(12, 5)', '(18, 11)', '(14, 7)', '(20, 13)', '(22, 15)', '(11, 3)', '(19, 12)', '(10, 2)', '(21, 14)', '(9, 1)']","['(14, 7)', '(18, 11)', '(19, 12)', '(20, 13)', '(22, 15)', '(11, 3)', '(9, 1)', '(10, 2)', '(21, 14)', '(13, 5)']","[(4, 9), (3, 13), (5, 10), (8, 9), (14, 13), (9, 8), (17, 12), (2, 2), (11, 5), (11, 14), (13, 8), (6, 2), (1, 15), (15, 14), (6, 11), (16, 13), (7, 10), (3, 6), (5, 3), (3, 15), (5, 12), (14, 15), (17, 14), (9, 10), (11, 7), (2, 4), (1, 8), (13, 10), (6, 4), (7, 3), (6, 13), (16, 15), (7, 12), (18, 12), (20, 15), (3, 8), (5, 5), (14, 8), (9, 3), (5, 14), (9, 12), (11, 9), (1, 10), (13, 12), (6, 6), (7, 5), (7, 14), (18, 14), (3, 1), (12, 13), (3, 10), (5, 7), (14, 10), (9, 5), (9, 14), (1, 3), (10, 15), (1, 12), (13, 14), (7, 7), (3, 3), (12, 15), (3, 12), (5, 9), (14, 12), (9, 7), (11, 4), (10, 8), (1, 5), (13, 7), (6, 1), (1, 14), (2, 13), (7, 9), (3, 5), (5, 2), (3, 14), (14, 14), (4, 13), (9, 9), (8, 13), (10, 10), (1, 7), (13, 9), (19, 13), (7, 2), (2, 15), (6, 15), (3, 7), (5, 4), (9, 2), (5, 13), (4, 15), (10, 3), (8, 15), (10, 12), (1, 9), (19, 15), (2, 8), (7, 4), (6, 8), (21, 15), (3, 9), (14, 9), (10, 5), (1, 2), (10, 14), (11, 13), (2, 10), (6, 10), (12, 5), (3, 2), (3, 11), (17, 13), (10, 7), (1, 4), (2, 3), (1, 13), (11, 15), (2, 12), (6, 3), (15, 15), (6, 12), (12, 7), (3, 4), (4, 3), (8, 3), (17, 15), (10, 9), (9, 11), (11, 8), (2, 5), (2, 14), (6, 5), (6, 14), (7, 13), (18, 13), (12, 9), (4, 5), (8, 5), (9, 4), (5, 15), (19, 14), (9, 13), (11, 10), (2, 7), (13, 13), (6, 7), (7, 15), (18, 15), (4, 7), (5, 8), (8, 7), (10, 4), (9, 6), (10, 13), (9, 15), (11, 12), (2, 9), (13, 15), (6, 9), (7, 8)]",21,0,21
163,"(14, 7)","(13, 7)",East,[],"['(14, 7)', '(18, 11)', '(19, 12)', '(20, 13)', '(22, 15)', '(11, 3)', '(9, 1)', '(10, 2)', '(21, 14)', '(13, 5)']","['(18, 11)', '(20, 13)', '(19, 12)', '(21, 14)', '(22, 15)', '(11, 3)', '(9, 1)', '(10, 2)', '(13, 5)']","[(4, 9), (3, 13), (5, 10), (8, 9), (14, 13), (9, 8), (17, 12), (2, 2), (11, 5), (11, 14), (13, 8), (6, 2), (1, 15), (15, 14), (6, 11), (16, 13), (7, 10), (3, 6), (5, 3), (3, 15), (5, 12), (14, 15), (17, 14), (9, 10), (11, 7), (2, 4), (1, 8), (13, 10), (6, 4), (7, 3), (6, 13), (16, 15), (7, 12), (18, 12), (20, 15), (3, 8), (5, 5), (14, 8), (9, 3), (5, 14), (9, 12), (11, 9), (1, 10), (13, 12), (6, 6), (7, 5), (7, 14), (18, 14), (3, 1), (12, 13), (3, 10), (5, 7), (14, 10), (9, 5), (9, 14), (1, 3), (10, 15), (1, 12), (13, 14), (7, 7), (3, 3), (12, 15), (3, 12), (5, 9), (14, 12), (9, 7), (11, 4), (10, 8), (1, 5), (13, 7), (6, 1), (1, 14), (2, 13), (7, 9), (3, 5), (5, 2), (3, 14), (14, 14), (4, 13), (9, 9), (8, 13), (10, 10), (1, 7), (13, 9), (19, 13), (7, 2), (2, 15), (6, 15), (3, 7), (5, 4), (14, 7), (9, 2), (5, 13), (4, 15), (10, 3), (8, 15), (10, 12), (1, 9), (19, 15), (2, 8), (7, 4), (6, 8), (21, 15), (3, 9), (14, 9), (10, 5), (1, 2), (10, 14), (11, 13), (2, 10), (6, 10), (12, 5), (3, 2), (3, 11), (17, 13), (10, 7), (1, 4), (2, 3), (1, 13), (11, 15), (2, 12), (6, 3), (15, 15), (6, 12), (12, 7), (3, 4), (4, 3), (8, 3), (17, 15), (10, 9), (9, 11), (11, 8), (2, 5), (2, 14), (6, 5), (6, 14), (7, 13), (18, 13), (12, 9), (4, 5), (8, 5), (9, 4), (5, 15), (19, 14), (9, 13), (11, 10), (2, 7), (13, 13), (6, 7), (7, 15), (18, 15), (4, 7), (5, 8), (8, 7), (10, 4), (9, 6), (10, 13), (9, 15), (11, 12), (2, 9), (13, 15), (6, 9), (7, 8)]",21,0,21
164,"(18, 11)","(18, 12)",South,"[((18, 10), 'South', 1)]","['(18, 11)', '(20, 13)', '(19, 12)', '(21, 14)', '(22, 15)', '(11, 3)', '(9, 1)', '(10, 2)', '(13, 5)']","['(19, 12)', '(20, 13)', '(9, 1)', '(21, 14)', '(22, 15)', '(11, 3)', '(13, 5)', '(10, 2)', '(18, 10)']","[(4, 9), (3, 13), (5, 10), (8, 9), (14, 13), (9, 8), (17, 12), (2, 2), (11, 5), (11, 14), (13, 8), (6, 2), (1, 15), (15, 14), (6, 11), (16, 13), (7, 10), (3, 6), (5, 3), (3, 15), (5, 12), (14, 15), (17, 14), (9, 10), (11, 7), (2, 4), (1, 8), (13, 10), (6, 4), (7, 3), (6, 13), (16, 15), (7, 12), (18, 12), (20, 15), (3, 8), (5, 5), (14, 8), (9, 3), (5, 14), (9, 12), (11, 9), (1, 10), (13, 12), (6, 6), (7, 5), (7, 14), (18, 14), (3, 1), (12, 13), (3, 10), (5, 7), (14, 10), (9, 5), (9, 14), (1, 3), (10, 15), (1, 12), (13, 14), (7, 7), (3, 3), (12, 15), (3, 12), (5, 9), (14, 12), (9, 7), (11, 4), (10, 8), (1, 5), (13, 7), (6, 1), (1, 14), (2, 13), (7, 9), (3, 5), (5, 2), (3, 14), (14, 14), (4, 13), (9, 9), (8, 13), (10, 10), (1, 7), (13, 9), (19, 13), (7, 2), (2, 15), (18, 11), (6, 15), (3, 7), (5, 4), (14, 7), (9, 2), (5, 13), (4, 15), (10, 3), (8, 15), (10, 12), (1, 9), (19, 15), (2, 8), (7, 4), (6, 8), (21, 15), (3, 9), (14, 9), (10, 5), (1, 2), (10, 14), (11, 13), (2, 10), (6, 10), (12, 5), (3, 2), (3, 11), (17, 13), (10, 7), (1, 4), (2, 3), (1, 13), (11, 15), (2, 12), (6, 3), (15, 15), (6, 12), (12, 7), (3, 4), (4, 3), (8, 3), (17, 15), (10, 9), (9, 11), (11, 8), (2, 5), (2, 14), (6, 5), (6, 14), (7, 13), (18, 13), (12, 9), (4, 5), (8, 5), (9, 4), (5, 15), (19, 14), (9, 13), (11, 10), (2, 7), (13, 13), (6, 7), (7, 15), (18, 15), (4, 7), (5, 8), (8, 7), (10, 4), (9, 6), (10, 13), (9, 15), (11, 12), (2, 9), (13, 15), (6, 9), (7, 8)]",21,0,21
165,"(19, 12)","(18, 12)",East,[],"['(19, 12)', '(20, 13)', '(9, 1)', '(21, 14)', '(22, 15)', '(11, 3)', '(13, 5)', '(10, 2)', '(18, 10)']","['(20, 13)', '(21, 14)', '(9, 1)', '(10, 2)', '(22, 15)', '(11, 3)', '(13, 5)', '(18, 10)']","[(4, 9), (3, 13), (5, 10), (8, 9), (14, 13), (9, 8), (17, 12), (2, 2), (11, 5), (11, 14), (13, 8), (6, 2), (1, 15), (15, 14), (6, 11), (16, 13), (7, 10), (3, 6), (5, 3), (3, 15), (5, 12), (14, 15), (17, 14), (9, 10), (11, 7), (2, 4), (1, 8), (13, 10), (6, 4), (7, 3), (6, 13), (16, 15), (7, 12), (18, 12), (20, 15), (3, 8), (5, 5), (14, 8), (9, 3), (5, 14), (9, 12), (11, 9), (1, 10), (13, 12), (6, 6), (7, 5), (7, 14), (18, 14), (3, 1), (12, 13), (3, 10), (5, 7), (14, 10), (9, 5), (9, 14), (1, 3), (10, 15), (1, 12), (13, 14), (7, 7), (3, 3), (12, 15), (3, 12), (5, 9), (14, 12), (9, 7), (11, 4), (10, 8), (1, 5), (13, 7), (6, 1), (1, 14), (2, 13), (7, 9), (3, 5), (5, 2), (3, 14), (14, 14), (4, 13), (9, 9), (8, 13), (10, 10), (1, 7), (13, 9), (19, 13), (7, 2), (2, 15), (18, 11), (6, 15), (3, 7), (5, 4), (14, 7), (9, 2), (5, 13), (4, 15), (10, 3), (8, 15), (10, 12), (1, 9), (19, 15), (2, 8), (7, 4), (6, 8), (21, 15), (3, 9), (14, 9), (10, 5), (1, 2), (10, 14), (11, 13), (2, 10), (6, 10), (12, 5), (3, 2), (3, 11), (17, 13), (10, 7), (1, 4), (2, 3), (1, 13), (11, 15), (2, 12), (6, 3), (15, 15), (6, 12), (12, 7), (3, 4), (4, 3), (8, 3), (17, 15), (19, 12), (10, 9), (9, 11), (11, 8), (2, 5), (2, 14), (6, 5), (6, 14), (7, 13), (18, 13), (12, 9), (4, 5), (8, 5), (9, 4), (5, 15), (19, 14), (9, 13), (11, 10), (2, 7), (13, 13), (6, 7), (7, 15), (18, 15), (4, 7), (5, 8), (8, 7), (10, 4), (9, 6), (10, 13), (9, 15), (11, 12), (2, 9), (13, 15), (6, 9), (7, 8)]",21,0,21
166,"(20, 13)","(19, 13)",East,"[((21, 13), 'East', 1)]","['(20, 13)', '(21, 14)', '(9, 1)', '(10, 2)', '(22, 15)', '(11, 3)', '(13, 5)', '(18, 10)']","['(21, 14)', '(22, 15)', '(9, 1)', '(10, 2)', '(18, 10)', '(11, 3)', '(13, 5)', '(21, 13)']","[(4, 9), (3, 13), (5, 10), (8, 9), (14, 13), (9, 8), (17, 12), (2, 2), (11, 5), (11, 14), (13, 8), (6, 2), (1, 15), (15, 14), (6, 11), (16, 13), (7, 10), (3, 6), (5, 3), (3, 15), (5, 12), (14, 15), (17, 14), (9, 10), (11, 7), (2, 4), (1, 8), (13, 10), (6, 4), (7, 3), (6, 13), (16, 15), (7, 12), (18, 12), (20, 15), (3, 8), (5, 5), (14, 8), (9, 3), (5, 14), (9, 12), (11, 9), (1, 10), (13, 12), (6, 6), (7, 5), (7, 14), (18, 14), (3, 1), (12, 13), (3, 10), (5, 7), (14, 10), (9, 5), (9, 14), (1, 3), (10, 15), (1, 12), (13, 14), (7, 7), (3, 3), (12, 15), (3, 12), (5, 9), (14, 12), (9, 7), (11, 4), (10, 8), (1, 5), (13, 7), (6, 1), (1, 14), (2, 13), (7, 9), (3, 5), (5, 2), (3, 14), (14, 14), (4, 13), (9, 9), (8, 13), (10, 10), (1, 7), (13, 9), (19, 13), (7, 2), (2, 15), (18, 11), (6, 15), (3, 7), (5, 4), (14, 7), (9, 2), (5, 13), (4, 15), (10, 3), (8, 15), (10, 12), (1, 9), (19, 15), (2, 8), (7, 4), (6, 8), (21, 15), (3, 9), (14, 9), (10, 5), (1, 2), (10, 14), (11, 13), (2, 10), (6, 10), (12, 5), (3, 2), (3, 11), (17, 13), (10, 7), (1, 4), (2, 3), (1, 13), (11, 15), (2, 12), (6, 3), (15, 15), (6, 12), (12, 7), (3, 4), (4, 3), (8, 3), (17, 15), (19, 12), (10, 9), (9, 11), (11, 8), (2, 5), (2, 14), (6, 5), (6, 14), (20, 13), (7, 13), (18, 13), (12, 9), (4, 5), (8, 5), (9, 4), (5, 15), (19, 14), (9, 13), (11, 10), (2, 7), (13, 13), (6, 7), (7, 15), (18, 15), (4, 7), (5, 8), (8, 7), (10, 4), (9, 6), (10, 13), (9, 15), (11, 12), (2, 9), (13, 15), (6, 9), (7, 8)]",21,0,21
167,"(21, 14)","(21, 15)",South,"[((22, 14), 'East', 1)]","['(21, 14)', '(22, 15)', '(9, 1)', '(10, 2)', '(18, 10)', '(11, 3)', '(13, 5)', '(21, 13)']","['(22, 15)', '(10, 2)', '(9, 1)', '(21, 13)', '(18, 10)', '(11, 3)', '(13, 5)', '(22, 14)']","[(4, 9), (3, 13), (5, 10), (8, 9), (14, 13), (9, 8), (17, 12), (2, 2), (11, 5), (11, 14), (13, 8), (6, 2), (1, 15), (15, 14), (6, 11), (16, 13), (7, 10), (3, 6), (5, 3), (3, 15), (5, 12), (14, 15), (17, 14), (9, 10), (11, 7), (2, 4), (1, 8), (13, 10), (6, 4), (7, 3), (6, 13), (16, 15), (7, 12), (18, 12), (20, 15), (3, 8), (5, 5), (14, 8), (9, 3), (5, 14), (9, 12), (11, 9), (1, 10), (13, 12), (6, 6), (7, 5), (7, 14), (18, 14), (3, 1), (12, 13), (3, 10), (5, 7), (14, 10), (9, 5), (9, 14), (1, 3), (10, 15), (1, 12), (13, 14), (7, 7), (3, 3), (12, 15), (3, 12), (5, 9), (14, 12), (9, 7), (11, 4), (10, 8), (1, 5), (13, 7), (6, 1), (1, 14), (2, 13), (7, 9), (3, 5), (5, 2), (3, 14), (14, 14), (4, 13), (9, 9), (8, 13), (10, 10), (1, 7), (13, 9), (19, 13), (7, 2), (2, 15), (18, 11), (6, 15), (3, 7), (5, 4), (14, 7), (9, 2), (5, 13), (4, 15), (10, 3), (8, 15), (10, 12), (1, 9), (19, 15), (2, 8), (7, 4), (6, 8), (21, 15), (3, 9), (14, 9), (10, 5), (1, 2), (10, 14), (11, 13), (2, 10), (6, 10), (12, 5), (3, 2), (3, 11), (17, 13), (10, 7), (1, 4), (2, 3), (1, 13), (11, 15), (2, 12), (6, 3), (15, 15), (6, 12), (12, 7), (3, 4), (4, 3), (8, 3), (17, 15), (19, 12), (10, 9), (9, 11), (11, 8), (2, 5), (2, 14), (6, 5), (6, 14), (20, 13), (7, 13), (18, 13), (12, 9), (4, 5), (8, 5), (9, 4), (5, 15), (19, 14), (9, 13), (11, 10), (2, 7), (13, 13), (6, 7), (7, 15), (18, 15), (21, 14), (4, 7), (5, 8), (8, 7), (10, 4), (9, 6), (10, 13), (9, 15), (11, 12), (2, 9), (13, 15), (6, 9), (7, 8)]",21,0,21
168,"(22, 15)","(21, 15)",East,"[((23, 15), 'East', 1)]","['(22, 15)', '(10, 2)', '(9, 1)', '(21, 13)', '(18, 10)', '(11, 3)', '(13, 5)', '(22, 14)']","['(9, 1)', '(10, 2)', '(11, 3)', '(21, 13)', '(18, 10)', '(22, 14)', '(13, 5)', '(23, 15)']","[(4, 9), (3, 13), (5, 10), (8, 9), (14, 13), (9, 8), (17, 12), (2, 2), (11, 5), (11, 14), (13, 8), (6, 2), (1, 15), (15, 14), (6, 11), (16, 13), (7, 10), (3, 6), (5, 3), (3, 15), (5, 12), (14, 15), (17, 14), (9, 10), (11, 7), (2, 4), (1, 8), (13, 10), (6, 4), (7, 3), (6, 13), (16, 15), (7, 12), (18, 12), (20, 15), (3, 8), (5, 5), (14, 8), (9, 3), (5, 14), (9, 12), (11, 9), (1, 10), (13, 12), (6, 6), (7, 5), (7, 14), (18, 14), (3, 1), (12, 13), (3, 10), (5, 7), (14, 10), (9, 5), (9, 14), (1, 3), (10, 15), (1, 12), (13, 14), (7, 7), (3, 3), (12, 15), (3, 12), (5, 9), (14, 12), (9, 7), (11, 4), (10, 8), (1, 5), (13, 7), (6, 1), (1, 14), (2, 13), (7, 9), (3, 5), (5, 2), (3, 14), (14, 14), (4, 13), (9, 9), (8, 13), (10, 10), (1, 7), (13, 9), (19, 13), (7, 2), (2, 15), (18, 11), (6, 15), (3, 7), (5, 4), (14, 7), (9, 2), (5, 13), (4, 15), (10, 3), (8, 15), (10, 12), (1, 9), (19, 15), (2, 8), (7, 4), (6, 8), (21, 15), (3, 9), (14, 9), (10, 5), (1, 2), (10, 14), (11, 13), (2, 10), (6, 10), (12, 5), (3, 2), (3, 11), (17, 13), (10, 7), (1, 4), (2, 3), (1, 13), (11, 15), (2, 12), (6, 3), (15, 15), (6, 12), (12, 7), (3, 4), (4, 3), (8, 3), (17, 15), (19, 12), (10, 9), (9, 11), (11, 8), (2, 5), (2, 14), (6, 5), (6, 14), (20, 13), (7, 13), (18, 13), (12, 9), (4, 5), (8, 5), (9, 4), (5, 15), (19, 14), (9, 13), (11, 10), (2, 7), (13, 13), (6, 7), (7, 15), (18, 15), (21, 14), (4, 7), (22, 15), (5, 8), (8, 7), (10, 4), (9, 6), (10, 13), (9, 15), (11, 12), (2, 9), (13, 15), (6, 9), (7, 8)]",21,0,21
169,"(9, 1)","(9, 2)",South,[],"['(9, 1)', '(10, 2)', '(11, 3)', '(21, 13)', '(18, 10)', '(22, 14)', '(13, 5)', '(23, 15)']","['(10, 2)', '(18, 10)', '(11, 3)', '(21, 13)', '(23, 15)', '(22, 14)', '(13, 5)']","[(4, 9), (3, 13), (5, 10), (8, 9), (14, 13), (9, 8), (17, 12), (2, 2), (11, 5), (11, 14), (13, 8), (6, 2), (1, 15), (15, 14), (6, 11), (16, 13), (7, 10), (3, 6), (5, 3), (9, 1), (3, 15), (5, 12), (14, 15), (17, 14), (9, 10), (11, 7), (2, 4), (1, 8), (13, 10), (6, 4), (7, 3), (6, 13), (16, 15), (7, 12), (18, 12), (20, 15), (3, 8), (5, 5), (14, 8), (9, 3), (5, 14), (9, 12), (11, 9), (1, 10), (13, 12), (6, 6), (7, 5), (7, 14), (18, 14), (3, 1), (12, 13), (3, 10), (5, 7), (14, 10), (9, 5), (9, 14), (1, 3), (10, 15), (1, 12), (13, 14), (7, 7), (3, 3), (12, 15), (3, 12), (5, 9), (14, 12), (9, 7), (11, 4), (10, 8), (1, 5), (13, 7), (6, 1), (1, 14), (2, 13), (7, 9), (3, 5), (5, 2), (3, 14), (14, 14), (4, 13), (9, 9), (8, 13), (10, 10), (1, 7), (13, 9), (19, 13), (7, 2), (2, 15), (18, 11), (6, 15), (3, 7), (5, 4), (14, 7), (9, 2), (5, 13), (4, 15), (10, 3), (8, 15), (10, 12), (1, 9), (19, 15), (2, 8), (7, 4), (6, 8), (21, 15), (3, 9), (14, 9), (10, 5), (1, 2), (10, 14), (11, 13), (2, 10), (6, 10), (12, 5), (3, 2), (3, 11), (17, 13), (10, 7), (1, 4), (2, 3), (1, 13), (11, 15), (2, 12), (6, 3), (15, 15), (6, 12), (12, 7), (3, 4), (4, 3), (8, 3), (17, 15), (19, 12), (10, 9), (9, 11), (11, 8), (2, 5), (2, 14), (6, 5), (6, 14), (20, 13), (7, 13), (18, 13), (12, 9), (4, 5), (8, 5), (9, 4), (5, 15), (19, 14), (9, 13), (11, 10), (2, 7), (13, 13), (6, 7), (7, 15), (18, 15), (21, 14), (4, 7), (22, 15), (5, 8), (8, 7), (10, 4), (9, 6), (10, 13), (9, 15), (11, 12), (2, 9), (13, 15), (6, 9), (7, 8)]",22,0,22
170,"(10, 2)","(9, 2)",East,"[((11, 2), 'East', 1)]","['(10, 2)', '(18, 10)', '(11, 3)', '(21, 13)', '(23, 15)', '(22, 14)', '(13, 5)']","['(11, 3)', '(18, 10)', '(13, 5)', '(21, 13)', '(23, 15)', '(22, 14)', '(11, 2)']","[(4, 9), (3, 13), (5, 10), (8, 9), (14, 13), (9, 8), (17, 12), (2, 2), (11, 5), (11, 14), (13, 8), (6, 2), (1, 15), (15, 14), (6, 11), (16, 13), (7, 10), (3, 6), (5, 3), (9, 1), (3, 15), (5, 12), (14, 15), (17, 14), (9, 10), (11, 7), (2, 4), (1, 8), (13, 10), (6, 4), (7, 3), (6, 13), (16, 15), (7, 12), (18, 12), (20, 15), (3, 8), (5, 5), (14, 8), (9, 3), (5, 14), (9, 12), (11, 9), (1, 10), (13, 12), (6, 6), (7, 5), (7, 14), (18, 14), (3, 1), (12, 13), (3, 10), (5, 7), (14, 10), (9, 5), (9, 14), (1, 3), (10, 15), (1, 12), (13, 14), (7, 7), (3, 3), (12, 15), (3, 12), (5, 9), (14, 12), (9, 7), (11, 4), (10, 8), (1, 5), (13, 7), (6, 1), (1, 14), (2, 13), (7, 9), (3, 5), (5, 2), (3, 14), (14, 14), (4, 13), (9, 9), (8, 13), (10, 10), (1, 7), (13, 9), (19, 13), (7, 2), (2, 15), (18, 11), (6, 15), (3, 7), (5, 4), (14, 7), (9, 2), (5, 13), (4, 15), (10, 3), (8, 15), (10, 12), (1, 9), (19, 15), (2, 8), (7, 4), (6, 8), (21, 15), (3, 9), (14, 9), (10, 5), (1, 2), (10, 14), (11, 13), (2, 10), (6, 10), (12, 5), (3, 2), (3, 11), (17, 13), (10, 7), (1, 4), (2, 3), (1, 13), (11, 15), (2, 12), (6, 3), (15, 15), (6, 12), (12, 7), (3, 4), (4, 3), (8, 3), (17, 15), (19, 12), (10, 9), (9, 11), (11, 8), (2, 5), (2, 14), (6, 5), (6, 14), (20, 13), (7, 13), (18, 13), (12, 9), (4, 5), (8, 5), (10, 2), (9, 4), (5, 15), (19, 14), (9, 13), (11, 10), (2, 7), (13, 13), (6, 7), (7, 15), (18, 15), (21, 14), (4, 7), (22, 15), (5, 8), (8, 7), (10, 4), (9, 6), (10, 13), (9, 15), (11, 12), (2, 9), (13, 15), (6, 9), (7, 8)]",22,0,22
171,"(11, 3)","(10, 3)",East,"[((12, 3), 'East', 1)]","['(11, 3)', '(18, 10)', '(13, 5)', '(21, 13)', '(23, 15)', '(22, 14)', '(11, 2)']","['(13, 5)', '(18, 10)', '(22, 14)', '(21, 13)', '(23, 15)', '(11, 2)', '(12, 3)']","[(4, 9), (3, 13), (5, 10), (8, 9), (14, 13), (9, 8), (17, 12), (2, 2), (11, 5), (11, 14), (13, 8), (6, 2), (1, 15), (15, 14), (6, 11), (16, 13), (7, 10), (3, 6), (5, 3), (9, 1), (3, 15), (5, 12), (14, 15), (17, 14), (9, 10), (11, 7), (2, 4), (1, 8), (13, 10), (6, 4), (7, 3), (6, 13), (16, 15), (7, 12), (18, 12), (20, 15), (3, 8), (5, 5), (14, 8), (9, 3), (5, 14), (9, 12), (11, 9), (1, 10), (13, 12), (6, 6), (7, 5), (7, 14), (18, 14), (3, 1), (12, 13), (3, 10), (5, 7), (14, 10), (9, 5), (9, 14), (1, 3), (10, 15), (1, 12), (13, 14), (7, 7), (3, 3), (12, 15), (3, 12), (5, 9), (14, 12), (9, 7), (11, 4), (10, 8), (1, 5), (13, 7), (6, 1), (1, 14), (2, 13), (7, 9), (3, 5), (5, 2), (3, 14), (14, 14), (4, 13), (9, 9), (8, 13), (10, 10), (1, 7), (13, 9), (19, 13), (7, 2), (2, 15), (18, 11), (6, 15), (3, 7), (5, 4), (14, 7), (9, 2), (5, 13), (4, 15), (10, 3), (8, 15), (10, 12), (1, 9), (19, 15), (2, 8), (7, 4), (6, 8), (21, 15), (3, 9), (14, 9), (10, 5), (1, 2), (10, 14), (11, 13), (2, 10), (6, 10), (12, 5), (3, 2), (3, 11), (17, 13), (10, 7), (1, 4), (2, 3), (1, 13), (11, 15), (2, 12), (6, 3), (15, 15), (6, 12), (12, 7), (3, 4), (4, 3), (8, 3), (17, 15), (19, 12), (10, 9), (9, 11), (11, 8), (2, 5), (2, 14), (6, 5), (6, 14), (20, 13), (7, 13), (18, 13), (12, 9), (4, 5), (8, 5), (10, 2), (9, 4), (5, 15), (19, 14), (9, 13), (11, 10), (2, 7), (13, 13), (6, 7), (7, 15), (18, 15), (21, 14), (4, 7), (22, 15), (5, 8), (8, 7), (10, 4), (9, 6), (11, 3), (10, 13), (9, 15), (11, 12), (2, 9), (13, 15), (6, 9), (7, 8)]",22,0,22
172,"(13, 5)","(12, 5)",East,"[((13, 4), 'South', 1), ((14, 5), 'East', 1)]","['(13, 5)', '(18, 10)', '(22, 14)', '(21, 13)', '(23, 15)', '(11, 2)', '(12, 3)']","['(18, 10)', '(21, 13)', '(22, 14)', '(12, 3)', '(23, 15)', '(11, 2)', '(13, 4)', '(14, 5)']","[(4, 9), (3, 13), (5, 10), (8, 9), (14, 13), (9, 8), (17, 12), (2, 2), (11, 5), (11, 14), (13, 8), (6, 2), (1, 15), (15, 14), (6, 11), (16, 13), (7, 10), (3, 6), (5, 3), (9, 1), (3, 15), (5, 12), (14, 15), (17, 14), (9, 10), (11, 7), (2, 4), (1, 8), (13, 10), (6, 4), (7, 3), (6, 13), (16, 15), (7, 12), (18, 12), (20, 15), (3, 8), (5, 5), (14, 8), (9, 3), (5, 14), (9, 12), (11, 9), (1, 10), (13, 12), (6, 6), (7, 5), (7, 14), (18, 14), (3, 1), (12, 13), (3, 10), (5, 7), (14, 10), (9, 5), (9, 14), (1, 3), (13, 5), (10, 15), (1, 12), (13, 14), (7, 7), (3, 3), (12, 15), (3, 12), (5, 9), (14, 12), (9, 7), (11, 4), (10, 8), (1, 5), (13, 7), (6, 1), (1, 14), (2, 13), (7, 9), (3, 5), (5, 2), (3, 14), (14, 14), (4, 13), (9, 9), (8, 13), (10, 10), (1, 7), (13, 9), (19, 13), (7, 2), (2, 15), (18, 11), (6, 15), (3, 7), (5, 4), (14, 7), (9, 2), (5, 13), (4, 15), (10, 3), (8, 15), (10, 12), (1, 9), (19, 15), (2, 8), (7, 4), (6, 8), (21, 15), (3, 9), (14, 9), (10, 5), (1, 2), (10, 14), (11, 13), (2, 10), (6, 10), (12, 5), (3, 2), (3, 11), (17, 13), (10, 7), (1, 4), (2, 3), (1, 13), (11, 15), (2, 12), (6, 3), (15, 15), (6, 12), (12, 7), (3, 4), (4, 3), (8, 3), (17, 15), (19, 12), (10, 9), (9, 11), (11, 8), (2, 5), (2, 14), (6, 5), (6, 14), (20, 13), (7, 13), (18, 13), (12, 9), (4, 5), (8, 5), (10, 2), (9, 4), (5, 15), (19, 14), (9, 13), (11, 10), (2, 7), (13, 13), (6, 7), (7, 15), (18, 15), (21, 14), (4, 7), (22, 15), (5, 8), (8, 7), (10, 4), (9, 6), (11, 3), (10, 13), (9, 15), (11, 12), (2, 9), (13, 15), (6, 9), (7, 8)]",22,0,22
173,"(18, 10)","(18, 11)",South,"[((18, 9), 'South', 1), ((19, 10), 'East', 1), ((17, 10), 'West', 1)]","['(18, 10)', '(21, 13)', '(22, 14)', '(12, 3)', '(23, 15)', '(11, 2)', '(13, 4)', '(14, 5)']","['(21, 13)', '(23, 15)', '(22, 14)', '(12, 3)', '(14, 5)', '(11, 2)', '(13, 4)', '(18, 9)', '(19, 10)', '(17, 10)']","[(4, 9), (3, 13), (5, 10), (8, 9), (14, 13), (9, 8), (17, 12), (2, 2), (11, 5), (11, 14), (13, 8), (6, 2), (1, 15), (15, 14), (6, 11), (16, 13), (7, 10), (18, 10), (3, 6), (5, 3), (9, 1), (3, 15), (5, 12), (14, 15), (17, 14), (9, 10), (11, 7), (2, 4), (1, 8), (13, 10), (6, 4), (7, 3), (6, 13), (16, 15), (7, 12), (18, 12), (20, 15), (3, 8), (5, 5), (14, 8), (9, 3), (5, 14), (9, 12), (11, 9), (1, 10), (13, 12), (6, 6), (7, 5), (7, 14), (18, 14), (3, 1), (12, 13), (3, 10), (5, 7), (14, 10), (9, 5), (9, 14), (1, 3), (13, 5), (10, 15), (1, 12), (13, 14), (7, 7), (3, 3), (12, 15), (3, 12), (5, 9), (14, 12), (9, 7), (11, 4), (10, 8), (1, 5), (13, 7), (6, 1), (1, 14), (2, 13), (7, 9), (3, 5), (5, 2), (3, 14), (14, 14), (4, 13), (9, 9), (8, 13), (10, 10), (1, 7), (13, 9), (19, 13), (7, 2), (2, 15), (18, 11), (6, 15), (3, 7), (5, 4), (14, 7), (9, 2), (5, 13), (4, 15), (10, 3), (8, 15), (10, 12), (1, 9), (19, 15), (2, 8), (7, 4), (6, 8), (21, 15), (3, 9), (14, 9), (10, 5), (1, 2), (10, 14), (11, 13), (2, 10), (6, 10), (12, 5), (3, 2), (3, 11), (17, 13), (10, 7), (1, 4), (2, 3), (1, 13), (11, 15), (2, 12), (6, 3), (15, 15), (6, 12), (12, 7), (3, 4), (4, 3), (8, 3), (17, 15), (19, 12), (10, 9), (9, 11), (11, 8), (2, 5), (2, 14), (6, 5), (6, 14), (20, 13), (7, 13), (18, 13), (12, 9), (4, 5), (8, 5), (10, 2), (9, 4), (5, 15), (19, 14), (9, 13), (11, 10), (2, 7), (13, 13), (6, 7), (7, 15), (18, 15), (21, 14), (4, 7), (22, 15), (5, 8), (8, 7), (10, 4), (9, 6), (11, 3), (10, 13), (9, 15), (11, 12), (2, 9), (13, 15), (6, 9), (7, 8)]",22,0,22
174,"(21, 13)","(20, 13)",East,"[((21, 12), 'South', 1), ((22, 13), 'East', 1)]","['(21, 13)', '(23, 15)', '(22, 14)', '(12, 3)', '(14, 5)', '(11, 2)', '(13, 4)', '(18, 9)', '(19, 10)', '(17, 10)']","['(22, 14)', '(23, 15)', '(11, 2)', '(12, 3)', '(14, 5)', '(17, 10)', '(13, 4)', '(18, 9)', '(19, 10)', '(21, 12)', '(22, 13)']","[(4, 9), (3, 13), (5, 10), (8, 9), (14, 13), (9, 8), (17, 12), (2, 2), (11, 5), (11, 14), (13, 8), (6, 2), (1, 15), (15, 14), (6, 11), (16, 13), (7, 10), (18, 10), (3, 6), (5, 3), (9, 1), (3, 15), (5, 12), (14, 15), (17, 14), (9, 10), (11, 7), (2, 4), (1, 8), (13, 10), (6, 4), (7, 3), (6, 13), (16, 15), (7, 12), (18, 12), (20, 15), (3, 8), (5, 5), (14, 8), (9, 3), (5, 14), (9, 12), (11, 9), (1, 10), (13, 12), (6, 6), (7, 5), (7, 14), (18, 14), (3, 1), (12, 13), (3, 10), (5, 7), (14, 10), (9, 5), (9, 14), (1, 3), (13, 5), (10, 15), (1, 12), (13, 14), (7, 7), (3, 3), (12, 15), (3, 12), (5, 9), (14, 12), (9, 7), (11, 4), (10, 8), (1, 5), (13, 7), (6, 1), (1, 14), (2, 13), (7, 9), (3, 5), (5, 2), (3, 14), (14, 14), (4, 13), (9, 9), (8, 13), (10, 10), (1, 7), (13, 9), (19, 13), (7, 2), (2, 15), (18, 11), (6, 15), (21, 13), (3, 7), (5, 4), (14, 7), (9, 2), (5, 13), (4, 15), (10, 3), (8, 15), (10, 12), (1, 9), (19, 15), (2, 8), (7, 4), (6, 8), (21, 15), (3, 9), (14, 9), (10, 5), (1, 2), (10, 14), (11, 13), (2, 10), (6, 10), (12, 5), (3, 2), (3, 11), (17, 13), (10, 7), (1, 4), (2, 3), (1, 13), (11, 15), (2, 12), (6, 3), (15, 15), (6, 12), (12, 7), (3, 4), (4, 3), (8, 3), (17, 15), (19, 12), (10, 9), (9, 11), (11, 8), (2, 5), (2, 14), (6, 5), (6, 14), (20, 13), (7, 13), (18, 13), (12, 9), (4, 5), (8, 5), (10, 2), (9, 4), (5, 15), (19, 14), (9, 13), (11, 10), (2, 7), (13, 13), (6, 7), (7, 15), (18, 15), (21, 14), (4, 7), (22, 15), (5, 8), (8, 7), (10, 4), (9, 6), (11, 3), (10, 13), (9, 15), (11, 12), (2, 9), (13, 15), (6, 9), (7, 8)]",22,0,22
175,"(22, 14)","(21, 14)",East,"[((23, 14), 'East', 1)]","['(22, 14)', '(23, 15)', '(11, 2)', '(12, 3)', '(14, 5)', '(17, 10)', '(13, 4)', '(18, 9)', '(19, 10)', '(21, 12)', '(22, 13)']","['(23, 15)', '(12, 3)', '(11, 2)', '(18, 9)', '(14, 5)', '(17, 10)', '(13, 4)', '(22, 13)', '(19, 10)', '(21, 12)', '(23, 14)']","[(4, 9), (3, 13), (5, 10), (8, 9), (14, 13), (9, 8), (17, 12), (2, 2), (11, 5), (11, 14), (13, 8), (6, 2), (1, 15), (15, 14), (6, 11), (16, 13), (7, 10), (18, 10), (3, 6), (5, 3), (9, 1), (3, 15), (5, 12), (14, 15), (17, 14), (9, 10), (11, 7), (2, 4), (1, 8), (13, 10), (6, 4), (7, 3), (6, 13), (16, 15), (7, 12), (18, 12), (20, 15), (3, 8), (5, 5), (14, 8), (9, 3), (5, 14), (9, 12), (11, 9), (1, 10), (13, 12), (6, 6), (7, 5), (7, 14), (18, 14), (3, 1), (22, 14), (12, 13), (3, 10), (5, 7), (14, 10), (9, 5), (9, 14), (1, 3), (13, 5), (10, 15), (1, 12), (13, 14), (7, 7), (3, 3), (12, 15), (3, 12), (5, 9), (14, 12), (9, 7), (11, 4), (10, 8), (1, 5), (13, 7), (6, 1), (1, 14), (2, 13), (7, 9), (3, 5), (5, 2), (3, 14), (14, 14), (4, 13), (9, 9), (8, 13), (10, 10), (1, 7), (13, 9), (19, 13), (7, 2), (2, 15), (18, 11), (6, 15), (21, 13), (3, 7), (5, 4), (14, 7), (9, 2), (5, 13), (4, 15), (10, 3), (8, 15), (10, 12), (1, 9), (19, 15), (2, 8), (7, 4), (6, 8), (21, 15), (3, 9), (14, 9), (10, 5), (1, 2), (10, 14), (11, 13), (2, 10), (6, 10), (12, 5), (3, 2), (3, 11), (17, 13), (10, 7), (1, 4), (2, 3), (1, 13), (11, 15), (2, 12), (6, 3), (15, 15), (6, 12), (12, 7), (3, 4), (4, 3), (8, 3), (17, 15), (19, 12), (10, 9), (9, 11), (11, 8), (2, 5), (2, 14), (6, 5), (6, 14), (20, 13), (7, 13), (18, 13), (12, 9), (4, 5), (8, 5), (10, 2), (9, 4), (5, 15), (19, 14), (9, 13), (11, 10), (2, 7), (13, 13), (6, 7), (7, 15), (18, 15), (21, 14), (4, 7), (22, 15), (5, 8), (8, 7), (10, 4), (9, 6), (11, 3), (10, 13), (9, 15), (11, 12), (2, 9), (13, 15), (6, 9), (7, 8)]",22,0,22
176,"(23, 15)","(22, 15)",East,"[((24, 15), 'East', 1)]","['(23, 15)', '(12, 3)', '(11, 2)', '(18, 9)', '(14, 5)', '(17, 10)', '(13, 4)', '(22, 13)', '(19, 10)', '(21, 12)', '(23, 14)']","['(11, 2)', '(12, 3)', '(13, 4)', '(18, 9)', '(14, 5)', '(17, 10)', '(23, 14)', '(22, 13)', '(19, 10)', '(21, 12)', '(24, 15)']","[(4, 9), (3, 13), (5, 10), (8, 9), (14, 13), (9, 8), (17, 12), (2, 2), (11, 5), (11, 14), (13, 8), (6, 2), (1, 15), (15, 14), (6, 11), (16, 13), (7, 10), (18, 10), (3, 6), (5, 3), (9, 1), (3, 15), (5, 12), (14, 15), (17, 14), (9, 10), (11, 7), (2, 4), (1, 8), (13, 10), (6, 4), (7, 3), (6, 13), (16, 15), (7, 12), (18, 12), (20, 15), (3, 8), (5, 5), (14, 8), (9, 3), (5, 14), (9, 12), (11, 9), (1, 10), (13, 12), (6, 6), (7, 5), (7, 14), (18, 14), (3, 1), (22, 14), (12, 13), (3, 10), (5, 7), (14, 10), (9, 5), (9, 14), (1, 3), (13, 5), (10, 15), (1, 12), (13, 14), (7, 7), (3, 3), (12, 15), (3, 12), (5, 9), (14, 12), (23, 15), (9, 7), (11, 4), (10, 8), (1, 5), (13, 7), (6, 1), (1, 14), (2, 13), (7, 9), (3, 5), (5, 2), (3, 14), (14, 14), (4, 13), (9, 9), (8, 13), (10, 10), (1, 7), (13, 9), (19, 13), (7, 2), (2, 15), (18, 11), (6, 15), (21, 13), (3, 7), (5, 4), (14, 7), (9, 2), (5, 13), (4, 15), (10, 3), (8, 15), (10, 12), (1, 9), (19, 15), (2, 8), (7, 4), (6, 8), (21, 15), (3, 9), (14, 9), (10, 5), (1, 2), (10, 14), (11, 13), (2, 10), (6, 10), (12, 5), (3, 2), (3, 11), (17, 13), (10, 7), (1, 4), (2, 3), (1, 13), (11, 15), (2, 12), (6, 3), (15, 15), (6, 12), (12, 7), (3, 4), (4, 3), (8, 3), (17, 15), (19, 12), (10, 9), (9, 11), (11, 8), (2, 5), (2, 14), (6, 5), (6, 14), (20, 13), (7, 13), (18, 13), (12, 9), (4, 5), (8, 5), (10, 2), (9, 4), (5, 15), (19, 14), (9, 13), (11, 10), (2, 7), (13, 13), (6, 7), (7, 15), (18, 15), (21, 14), (4, 7), (22, 15), (5, 8), (8, 7), (10, 4), (9, 6), (11, 3), (10, 13), (9, 15), (11, 12), (2, 9), (13, 15), (6, 9), (7, 8)]",22,0,22
177,"(11, 2)","(10, 2)",East,[],"['(11, 2)', '(12, 3)', '(13, 4)', '(18, 9)', '(14, 5)', '(17, 10)', '(23, 14)', '(22, 13)', '(19, 10)', '(21, 12)', '(24, 15)']","['(12, 3)', '(14, 5)', '(13, 4)', '(18, 9)', '(21, 12)', '(17, 10)', '(23, 14)', '(22, 13)', '(19, 10)', '(24, 15)']","[(4, 9), (3, 13), (5, 10), (8, 9), (14, 13), (9, 8), (17, 12), (2, 2), (11, 5), (11, 14), (13, 8), (6, 2), (1, 15), (15, 14), (6, 11), (16, 13), (7, 10), (18, 10), (3, 6), (5, 3), (9, 1), (3, 15), (5, 12), (14, 15), (17, 14), (9, 10), (11, 7), (2, 4), (1, 8), (13, 10), (6, 4), (7, 3), (6, 13), (16, 15), (7, 12), (18, 12), (20, 15), (3, 8), (5, 5), (14, 8), (9, 3), (5, 14), (9, 12), (11, 9), (1, 10), (13, 12), (6, 6), (7, 5), (7, 14), (18, 14), (3, 1), (22, 14), (12, 13), (3, 10), (5, 7), (14, 10), (9, 5), (11, 2), (9, 14), (1, 3), (13, 5), (10, 15), (1, 12), (13, 14), (7, 7), (3, 3), (12, 15), (3, 12), (5, 9), (14, 12), (23, 15), (9, 7), (11, 4), (10, 8), (1, 5), (13, 7), (6, 1), (1, 14), (2, 13), (7, 9), (3, 5), (5, 2), (3, 14), (14, 14), (4, 13), (9, 9), (8, 13), (10, 10), (1, 7), (13, 9), (19, 13), (7, 2), (2, 15), (18, 11), (6, 15), (21, 13), (3, 7), (5, 4), (14, 7), (9, 2), (5, 13), (4, 15), (10, 3), (8, 15), (10, 12), (1, 9), (19, 15), (2, 8), (7, 4), (6, 8), (21, 15), (3, 9), (14, 9), (10, 5), (1, 2), (10, 14), (11, 13), (2, 10), (6, 10), (12, 5), (3, 2), (3, 11), (17, 13), (10, 7), (1, 4), (2, 3), (1, 13), (11, 15), (2, 12), (6, 3), (15, 15), (6, 12), (12, 7), (3, 4), (4, 3), (8, 3), (17, 15), (19, 12), (10, 9), (9, 11), (11, 8), (2, 5), (2, 14), (6, 5), (6, 14), (20, 13), (7, 13), (18, 13), (12, 9), (4, 5), (8, 5), (10, 2), (9, 4), (5, 15), (19, 14), (9, 13), (11, 10), (2, 7), (13, 13), (6, 7), (7, 15), (18, 15), (21, 14), (4, 7), (22, 15), (5, 8), (8, 7), (10, 4), (9, 6), (11, 3), (10, 13), (9, 15), (11, 12), (2, 9), (13, 15), (6, 9), (7, 8)]",23,0,23
178,"(12, 3)","(11, 3)",East,"[((13, 3), 'East', 1)]","['(12, 3)', '(14, 5)', '(13, 4)', '(18, 9)', '(21, 12)', '(17, 10)', '(23, 14)', '(22, 13)', '(19, 10)', '(24, 15)']","['(13, 4)', '(14, 5)', '(17, 10)', '(18, 9)', '(21, 12)', '(24, 15)', '(23, 14)', '(22, 13)', '(19, 10)', '(13, 3)']","[(4, 9), (3, 13), (5, 10), (8, 9), (14, 13), (9, 8), (17, 12), (2, 2), (11, 5), (11, 14), (13, 8), (6, 2), (1, 15), (15, 14), (6, 11), (16, 13), (7, 10), (18, 10), (3, 6), (5, 3), (9, 1), (3, 15), (5, 12), (14, 15), (17, 14), (9, 10), (11, 7), (2, 4), (1, 8), (13, 10), (6, 4), (7, 3), (6, 13), (16, 15), (7, 12), (18, 12), (20, 15), (3, 8), (5, 5), (14, 8), (9, 3), (5, 14), (9, 12), (11, 9), (1, 10), (13, 12), (6, 6), (7, 5), (7, 14), (18, 14), (3, 1), (22, 14), (12, 13), (3, 10), (5, 7), (14, 10), (9, 5), (11, 2), (9, 14), (1, 3), (13, 5), (10, 15), (1, 12), (13, 14), (7, 7), (3, 3), (12, 15), (3, 12), (5, 9), (14, 12), (23, 15), (9, 7), (11, 4), (10, 8), (1, 5), (13, 7), (6, 1), (1, 14), (2, 13), (7, 9), (3, 5), (5, 2), (3, 14), (14, 14), (4, 13), (9, 9), (8, 13), (10, 10), (1, 7), (13, 9), (19, 13), (7, 2), (2, 15), (18, 11), (6, 15), (21, 13), (3, 7), (5, 4), (14, 7), (9, 2), (5, 13), (4, 15), (10, 3), (8, 15), (10, 12), (1, 9), (19, 15), (2, 8), (7, 4), (6, 8), (12, 3), (21, 15), (3, 9), (14, 9), (10, 5), (1, 2), (10, 14), (11, 13), (2, 10), (6, 10), (12, 5), (3, 2), (3, 11), (17, 13), (10, 7), (1, 4), (2, 3), (1, 13), (11, 15), (2, 12), (6, 3), (15, 15), (6, 12), (12, 7), (3, 4), (4, 3), (8, 3), (17, 15), (19, 12), (10, 9), (9, 11), (11, 8), (2, 5), (2, 14), (6, 5), (6, 14), (20, 13), (7, 13), (18, 13), (12, 9), (4, 5), (8, 5), (10, 2), (9, 4), (5, 15), (19, 14), (9, 13), (11, 10), (2, 7), (13, 13), (6, 7), (7, 15), (18, 15), (21, 14), (4, 7), (22, 15), (5, 8), (8, 7), (10, 4), (9, 6), (11, 3), (10, 13), (9, 15), (11, 12), (2, 9), (13, 15), (6, 9), (7, 8)]",23,0,23
179,"(13, 4)","(13, 5)",South,"[((14, 4), 'East', 1)]","['(13, 4)', '(14, 5)', '(17, 10)', '(18, 9)', '(21, 12)', '(24, 15)', '(23, 14)', '(22, 13)', '(19, 10)', '(13, 3)']","['(14, 5)', '(18, 9)', '(17, 10)', '(19, 10)', '(21, 12)', '(24, 15)', '(23, 14)', '(22, 13)', '(13, 3)', '(14, 4)']","[(4, 9), (3, 13), (5, 10), (8, 9), (14, 13), (9, 8), (17, 12), (2, 2), (11, 5), (11, 14), (13, 8), (6, 2), (1, 15), (15, 14), (6, 11), (16, 13), (7, 10), (18, 10), (3, 6), (5, 3), (9, 1), (3, 15), (5, 12), (14, 15), (17, 14), (9, 10), (11, 7), (2, 4), (1, 8), (13, 10), (6, 4), (7, 3), (6, 13), (16, 15), (7, 12), (18, 12), (20, 15), (3, 8), (5, 5), (14, 8), (9, 3), (5, 14), (9, 12), (11, 9), (1, 10), (13, 12), (6, 6), (7, 5), (7, 14), (18, 14), (3, 1), (22, 14), (12, 13), (3, 10), (5, 7), (14, 10), (9, 5), (11, 2), (9, 14), (1, 3), (13, 5), (10, 15), (1, 12), (13, 14), (7, 7), (3, 3), (12, 15), (3, 12), (5, 9), (14, 12), (23, 15), (9, 7), (11, 4), (10, 8), (1, 5), (13, 7), (6, 1), (1, 14), (2, 13), (7, 9), (3, 5), (5, 2), (3, 14), (14, 14), (4, 13), (9, 9), (8, 13), (10, 10), (1, 7), (13, 9), (19, 13), (7, 2), (2, 15), (18, 11), (6, 15), (21, 13), (3, 7), (5, 4), (14, 7), (9, 2), (5, 13), (4, 15), (10, 3), (8, 15), (10, 12), (1, 9), (19, 15), (2, 8), (7, 4), (6, 8), (12, 3), (21, 15), (3, 9), (14, 9), (10, 5), (1, 2), (13, 4), (10, 14), (11, 13), (2, 10), (6, 10), (12, 5), (3, 2), (3, 11), (17, 13), (10, 7), (1, 4), (2, 3), (1, 13), (11, 15), (2, 12), (6, 3), (15, 15), (6, 12), (12, 7), (3, 4), (4, 3), (8, 3), (17, 15), (19, 12), (10, 9), (9, 11), (11, 8), (2, 5), (2, 14), (6, 5), (6, 14), (20, 13), (7, 13), (18, 13), (12, 9), (4, 5), (8, 5), (10, 2), (9, 4), (5, 15), (19, 14), (9, 13), (11, 10), (2, 7), (13, 13), (6, 7), (7, 15), (18, 15), (21, 14), (4, 7), (22, 15), (5, 8), (8, 7), (10, 4), (9, 6), (11, 3), (10, 13), (9, 15), (11, 12), (2, 9), (13, 15), (6, 9), (7, 8)]",23,0,23
180,"(14, 5)","(13, 5)",East,[],"['(14, 5)', '(18, 9)', '(17, 10)', '(19, 10)', '(21, 12)', '(24, 15)', '(23, 14)', '(22, 13)', '(13, 3)', '(14, 4)']","['(18, 9)', '(19, 10)', '(17, 10)', '(22, 13)', '(21, 12)', '(24, 15)', '(23, 14)', '(14, 4)', '(13, 3)']","[(4, 9), (3, 13), (5, 10), (8, 9), (14, 13), (9, 8), (17, 12), (2, 2), (11, 5), (11, 14), (13, 8), (6, 2), (1, 15), (15, 14), (6, 11), (16, 13), (7, 10), (18, 10), (3, 6), (5, 3), (9, 1), (3, 15), (5, 12), (14, 15), (17, 14), (9, 10), (11, 7), (2, 4), (1, 8), (13, 10), (6, 4), (7, 3), (6, 13), (16, 15), (7, 12), (18, 12), (20, 15), (3, 8), (5, 5), (14, 8), (9, 3), (5, 14), (9, 12), (11, 9), (1, 10), (13, 12), (6, 6), (7, 5), (7, 14), (18, 14), (3, 1), (22, 14), (12, 13), (3, 10), (5, 7), (14, 10), (9, 5), (11, 2), (9, 14), (1, 3), (13, 5), (10, 15), (1, 12), (13, 14), (7, 7), (3, 3), (12, 15), (3, 12), (5, 9), (14, 12), (23, 15), (9, 7), (11, 4), (10, 8), (1, 5), (13, 7), (6, 1), (1, 14), (2, 13), (7, 9), (3, 5), (5, 2), (14, 5), (3, 14), (14, 14), (4, 13), (9, 9), (8, 13), (10, 10), (1, 7), (13, 9), (19, 13), (7, 2), (2, 15), (18, 11), (6, 15), (21, 13), (3, 7), (5, 4), (14, 7), (9, 2), (5, 13), (4, 15), (10, 3), (8, 15), (10, 12), (1, 9), (19, 15), (2, 8), (7, 4), (6, 8), (12, 3), (21, 15), (3, 9), (14, 9), (10, 5), (1, 2), (13, 4), (10, 14), (11, 13), (2, 10), (6, 10), (12, 5), (3, 2), (3, 11), (17, 13), (10, 7), (1, 4), (2, 3), (1, 13), (11, 15), (2, 12), (6, 3), (15, 15), (6, 12), (12, 7), (3, 4), (4, 3), (8, 3), (17, 15), (19, 12), (10, 9), (9, 11), (11, 8), (2, 5), (2, 14), (6, 5), (6, 14), (20, 13), (7, 13), (18, 13), (12, 9), (4, 5), (8, 5), (10, 2), (9, 4), (5, 15), (19, 14), (9, 13), (11, 10), (2, 7), (13, 13), (6, 7), (7, 15), (18, 15), (21, 14), (4, 7), (22, 15), (5, 8), (8, 7), (10, 4), (9, 6), (11, 3), (10, 13), (9, 15), (11, 12), (2, 9), (13, 15), (6, 9), (7, 8)]",23,0,23
181,"(18, 9)","(18, 10)",South,"[((18, 8), 'South', 1), ((19, 9), 'East', 1), ((17, 9), 'West', 1)]","['(18, 9)', '(19, 10)', '(17, 10)', '(22, 13)', '(21, 12)', '(24, 15)', '(23, 14)', '(14, 4)', '(13, 3)']","['(19, 10)', '(21, 12)', '(17, 10)', '(22, 13)', '(13, 3)', '(24, 15)', '(23, 14)', '(14, 4)', '(18, 8)', '(19, 9)', '(17, 9)']","[(4, 9), (3, 13), (5, 10), (8, 9), (14, 13), (9, 8), (17, 12), (2, 2), (11, 5), (11, 14), (13, 8), (6, 2), (1, 15), (15, 14), (6, 11), (16, 13), (7, 10), (18, 10), (3, 6), (5, 3), (9, 1), (3, 15), (5, 12), (14, 15), (17, 14), (9, 10), (11, 7), (2, 4), (1, 8), (13, 10), (6, 4), (7, 3), (6, 13), (16, 15), (7, 12), (18, 12), (20, 15), (3, 8), (5, 5), (14, 8), (9, 3), (5, 14), (9, 12), (11, 9), (1, 10), (13, 12), (6, 6), (7, 5), (7, 14), (18, 14), (3, 1), (22, 14), (12, 13), (3, 10), (5, 7), (14, 10), (9, 5), (11, 2), (9, 14), (1, 3), (13, 5), (10, 15), (1, 12), (13, 14), (7, 7), (3, 3), (12, 15), (3, 12), (5, 9), (14, 12), (23, 15), (9, 7), (11, 4), (10, 8), (1, 5), (13, 7), (6, 1), (1, 14), (2, 13), (7, 9), (18, 9), (3, 5), (5, 2), (14, 5), (3, 14), (14, 14), (4, 13), (9, 9), (8, 13), (10, 10), (1, 7), (13, 9), (19, 13), (7, 2), (2, 15), (18, 11), (6, 15), (21, 13), (3, 7), (5, 4), (14, 7), (9, 2), (5, 13), (4, 15), (10, 3), (8, 15), (10, 12), (1, 9), (19, 15), (2, 8), (7, 4), (6, 8), (12, 3), (21, 15), (3, 9), (14, 9), (10, 5), (1, 2), (13, 4), (10, 14), (11, 13), (2, 10), (6, 10), (12, 5), (3, 2), (3, 11), (17, 13), (10, 7), (1, 4), (2, 3), (1, 13), (11, 15), (2, 12), (6, 3), (15, 15), (6, 12), (12, 7), (3, 4), (4, 3), (8, 3), (17, 15), (19, 12), (10, 9), (9, 11), (11, 8), (2, 5), (2, 14), (6, 5), (6, 14), (20, 13), (7, 13), (18, 13), (12, 9), (4, 5), (8, 5), (10, 2), (9, 4), (5, 15), (19, 14), (9, 13), (11, 10), (2, 7), (13, 13), (6, 7), (7, 15), (18, 15), (21, 14), (4, 7), (22, 15), (5, 8), (8, 7), (10, 4), (9, 6), (11, 3), (10, 13), (9, 15), (11, 12), (2, 9), (13, 15), (6, 9), (7, 8)]",23,0,23
182,"(19, 10)","(18, 10)",East,[],"['(19, 10)', '(21, 12)', '(17, 10)', '(22, 13)', '(13, 3)', '(24, 15)', '(23, 14)', '(14, 4)', '(18, 8)', '(19, 9)', '(17, 9)']","['(17, 10)', '(21, 12)', '(23, 14)', '(22, 13)', '(13, 3)', '(24, 15)', '(17, 9)', '(14, 4)', '(18, 8)', '(19, 9)']","[(4, 9), (3, 13), (5, 10), (8, 9), (14, 13), (9, 8), (17, 12), (2, 2), (11, 5), (11, 14), (13, 8), (6, 2), (1, 15), (15, 14), (6, 11), (16, 13), (7, 10), (18, 10), (3, 6), (5, 3), (9, 1), (3, 15), (5, 12), (14, 15), (17, 14), (9, 10), (11, 7), (2, 4), (1, 8), (13, 10), (6, 4), (7, 3), (6, 13), (16, 15), (7, 12), (18, 12), (20, 15), (3, 8), (5, 5), (14, 8), (9, 3), (5, 14), (9, 12), (11, 9), (1, 10), (13, 12), (6, 6), (7, 5), (7, 14), (18, 14), (3, 1), (22, 14), (12, 13), (3, 10), (5, 7), (14, 10), (9, 5), (11, 2), (9, 14), (1, 3), (13, 5), (10, 15), (1, 12), (13, 14), (7, 7), (3, 3), (12, 15), (3, 12), (5, 9), (14, 12), (23, 15), (9, 7), (11, 4), (10, 8), (1, 5), (13, 7), (6, 1), (1, 14), (2, 13), (7, 9), (18, 9), (3, 5), (5, 2), (14, 5), (3, 14), (14, 14), (4, 13), (9, 9), (8, 13), (10, 10), (1, 7), (13, 9), (19, 13), (7, 2), (2, 15), (18, 11), (6, 15), (21, 13), (3, 7), (5, 4), (14, 7), (9, 2), (5, 13), (4, 15), (10, 3), (8, 15), (10, 12), (1, 9), (19, 15), (2, 8), (7, 4), (6, 8), (12, 3), (21, 15), (3, 9), (14, 9), (10, 5), (1, 2), (13, 4), (10, 14), (11, 13), (2, 10), (6, 10), (12, 5), (3, 2), (3, 11), (17, 13), (19, 10), (10, 7), (1, 4), (2, 3), (1, 13), (11, 15), (2, 12), (6, 3), (15, 15), (6, 12), (12, 7), (3, 4), (4, 3), (8, 3), (17, 15), (19, 12), (10, 9), (9, 11), (11, 8), (2, 5), (2, 14), (6, 5), (6, 14), (20, 13), (7, 13), (18, 13), (12, 9), (4, 5), (8, 5), (10, 2), (9, 4), (5, 15), (19, 14), (9, 13), (11, 10), (2, 7), (13, 13), (6, 7), (7, 15), (18, 15), (21, 14), (4, 7), (22, 15), (5, 8), (8, 7), (10, 4), (9, 6), (11, 3), (10, 13), (9, 15), (11, 12), (2, 9), (13, 15), (6, 9), (7, 8)]",23,0,23
183,"(17, 10)","(18, 10)",West,[],"['(17, 10)', '(21, 12)', '(23, 14)', '(22, 13)', '(13, 3)', '(24, 15)', '(17, 9)', '(14, 4)', '(18, 8)', '(19, 9)']","['(21, 12)', '(22, 13)', '(23, 14)', '(14, 4)', '(13, 3)', '(24, 15)', '(17, 9)', '(19, 9)', '(18, 8)']","[(4, 9), (3, 13), (5, 10), (8, 9), (14, 13), (9, 8), (17, 12), (2, 2), (11, 5), (11, 14), (13, 8), (6, 2), (1, 15), (15, 14), (6, 11), (16, 13), (7, 10), (18, 10), (3, 6), (5, 3), (9, 1), (3, 15), (5, 12), (14, 15), (17, 14), (9, 10), (11, 7), (2, 4), (1, 8), (13, 10), (6, 4), (7, 3), (6, 13), (16, 15), (7, 12), (18, 12), (20, 15), (3, 8), (5, 5), (14, 8), (9, 3), (5, 14), (9, 12), (11, 9), (1, 10), (13, 12), (6, 6), (7, 5), (7, 14), (18, 14), (3, 1), (22, 14), (12, 13), (3, 10), (5, 7), (14, 10), (9, 5), (11, 2), (9, 14), (1, 3), (13, 5), (10, 15), (1, 12), (13, 14), (7, 7), (3, 3), (12, 15), (3, 12), (5, 9), (14, 12), (23, 15), (9, 7), (11, 4), (10, 8), (1, 5), (13, 7), (6, 1), (1, 14), (2, 13), (7, 9), (18, 9), (3, 5), (5, 2), (14, 5), (3, 14), (14, 14), (4, 13), (9, 9), (8, 13), (10, 10), (1, 7), (13, 9), (19, 13), (7, 2), (2, 15), (18, 11), (6, 15), (21, 13), (3, 7), (5, 4), (14, 7), (9, 2), (5, 13), (4, 15), (10, 3), (8, 15), (10, 12), (1, 9), (19, 15), (2, 8), (7, 4), (6, 8), (12, 3), (21, 15), (3, 9), (14, 9), (10, 5), (1, 2), (13, 4), (10, 14), (11, 13), (2, 10), (6, 10), (12, 5), (3, 2), (3, 11), (17, 13), (19, 10), (10, 7), (1, 4), (2, 3), (1, 13), (11, 15), (2, 12), (6, 3), (15, 15), (6, 12), (12, 7), (3, 4), (4, 3), (8, 3), (17, 15), (19, 12), (10, 9), (9, 11), (11, 8), (2, 5), (2, 14), (6, 5), (6, 14), (20, 13), (7, 13), (18, 13), (12, 9), (4, 5), (8, 5), (10, 2), (9, 4), (5, 15), (19, 14), (9, 13), (11, 10), (2, 7), (13, 13), (6, 7), (7, 15), (18, 15), (21, 14), (4, 7), (22, 15), (5, 8), (8, 7), (10, 4), (9, 6), (11, 3), (17, 10), (10, 13), (9, 15), (11, 12), (2, 9), (13, 15), (6, 9), (7, 8)]",23,0,23
184,"(21, 12)","(21, 13)",South,"[((21, 11), 'South', 1), ((22, 12), 'East', 1)]","['(21, 12)', '(22, 13)', '(23, 14)', '(14, 4)', '(13, 3)', '(24, 15)', '(17, 9)', '(19, 9)', '(18, 8)']","['(22, 13)', '(13, 3)', '(23, 14)', '(14, 4)', '(18, 8)', '(24, 15)', '(17, 9)', '(19, 9)', '(21, 11)', '(22, 12)']","[(4, 9), (3, 13), (5, 10), (8, 9), (14, 13), (9, 8), (17, 12), (2, 2), (11, 5), (11, 14), (13, 8), (6, 2), (1, 15), (15, 14), (6, 11), (16, 13), (7, 10), (18, 10), (3, 6), (5, 3), (9, 1), (3, 15), (5, 12), (14, 15), (17, 14), (9, 10), (11, 7), (2, 4), (1, 8), (13, 10), (6, 4), (7, 3), (6, 13), (16, 15), (7, 12), (18, 12), (20, 15), (3, 8), (5, 5), (14, 8), (9, 3), (5, 14), (9, 12), (11, 9), (1, 10), (13, 12), (6, 6), (7, 5), (7, 14), (18, 14), (3, 1), (22, 14), (12, 13), (3, 10), (5, 7), (14, 10), (9, 5), (11, 2), (9, 14), (1, 3), (13, 5), (10, 15), (1, 12), (13, 14), (7, 7), (3, 3), (12, 15), (3, 12), (5, 9), (14, 12), (23, 15), (9, 7), (11, 4), (10, 8), (1, 5), (13, 7), (6, 1), (1, 14), (2, 13), (7, 9), (18, 9), (3, 5), (5, 2), (14, 5), (3, 14), (14, 14), (4, 13), (9, 9), (8, 13), (10, 10), (1, 7), (13, 9), (19, 13), (7, 2), (2, 15), (18, 11), (6, 15), (21, 13), (3, 7), (5, 4), (14, 7), (9, 2), (5, 13), (4, 15), (10, 3), (8, 15), (10, 12), (1, 9), (19, 15), (2, 8), (7, 4), (6, 8), (12, 3), (21, 15), (3, 9), (14, 9), (10, 5), (1, 2), (13, 4), (10, 14), (11, 13), (2, 10), (6, 10), (12, 5), (3, 2), (3, 11), (17, 13), (19, 10), (10, 7), (1, 4), (2, 3), (1, 13), (11, 15), (2, 12), (6, 3), (15, 15), (6, 12), (12, 7), (3, 4), (4, 3), (8, 3), (17, 15), (19, 12), (10, 9), (9, 11), (11, 8), (2, 5), (2, 14), (6, 5), (6, 14), (20, 13), (7, 13), (18, 13), (12, 9), (21, 12), (4, 5), (8, 5), (10, 2), (9, 4), (5, 15), (19, 14), (9, 13), (11, 10), (2, 7), (13, 13), (6, 7), (7, 15), (18, 15), (21, 14), (4, 7), (22, 15), (5, 8), (8, 7), (10, 4), (9, 6), (11, 3), (17, 10), (10, 13), (9, 15), (11, 12), (2, 9), (13, 15), (6, 9), (7, 8)]",23,0,23
185,"(22, 13)","(21, 13)",East,"[((23, 13), 'East', 1)]","['(22, 13)', '(13, 3)', '(23, 14)', '(14, 4)', '(18, 8)', '(24, 15)', '(17, 9)', '(19, 9)', '(21, 11)', '(22, 12)']","['(23, 14)', '(13, 3)', '(24, 15)', '(14, 4)', '(18, 8)', '(22, 12)', '(17, 9)', '(19, 9)', '(21, 11)', '(23, 13)']","[(4, 9), (3, 13), (5, 10), (8, 9), (14, 13), (9, 8), (17, 12), (2, 2), (11, 5), (11, 14), (13, 8), (6, 2), (1, 15), (15, 14), (6, 11), (16, 13), (7, 10), (18, 10), (3, 6), (5, 3), (9, 1), (3, 15), (5, 12), (14, 15), (17, 14), (9, 10), (11, 7), (2, 4), (1, 8), (13, 10), (6, 4), (7, 3), (6, 13), (16, 15), (7, 12), (18, 12), (20, 15), (3, 8), (5, 5), (14, 8), (9, 3), (5, 14), (9, 12), (11, 9), (1, 10), (13, 12), (6, 6), (7, 5), (7, 14), (18, 14), (3, 1), (22, 14), (12, 13), (3, 10), (5, 7), (14, 10), (9, 5), (11, 2), (9, 14), (1, 3), (13, 5), (10, 15), (1, 12), (13, 14), (7, 7), (3, 3), (12, 15), (3, 12), (5, 9), (14, 12), (23, 15), (9, 7), (11, 4), (10, 8), (1, 5), (13, 7), (6, 1), (1, 14), (2, 13), (7, 9), (18, 9), (3, 5), (5, 2), (14, 5), (3, 14), (14, 14), (4, 13), (9, 9), (8, 13), (10, 10), (1, 7), (13, 9), (19, 13), (7, 2), (2, 15), (18, 11), (6, 15), (21, 13), (3, 7), (5, 4), (14, 7), (9, 2), (5, 13), (4, 15), (10, 3), (8, 15), (10, 12), (1, 9), (19, 15), (2, 8), (7, 4), (6, 8), (12, 3), (22, 13), (21, 15), (3, 9), (14, 9), (10, 5), (1, 2), (13, 4), (10, 14), (11, 13), (2, 10), (6, 10), (12, 5), (3, 2), (3, 11), (17, 13), (19, 10), (10, 7), (1, 4), (2, 3), (1, 13), (11, 15), (2, 12), (6, 3), (15, 15), (6, 12), (12, 7), (3, 4), (4, 3), (8, 3), (17, 15), (19, 12), (10, 9), (9, 11), (11, 8), (2, 5), (2, 14), (6, 5), (6, 14), (20, 13), (7, 13), (18, 13), (12, 9), (21, 12), (4, 5), (8, 5), (10, 2), (9, 4), (5, 15), (19, 14), (9, 13), (11, 10), (2, 7), (13, 13), (6, 7), (7, 15), (18, 15), (21, 14), (4, 7), (22, 15), (5, 8), (8, 7), (10, 4), (9, 6), (11, 3), (17, 10), (10, 13), (9, 15), (11, 12), (2, 9), (13, 15), (6, 9), (7, 8)]",23,0,23
186,"(23, 14)","(22, 14)",East,[],"['(23, 14)', '(13, 3)', '(24, 15)', '(14, 4)', '(18, 8)', '(22, 12)', '(17, 9)', '(19, 9)', '(21, 11)', '(23, 13)']","['(24, 15)', '(13, 3)', '(17, 9)', '(14, 4)', '(18, 8)', '(22, 12)', '(23, 13)', '(19, 9)', '(21, 11)']","[(4, 9), (3, 13), (5, 10), (8, 9), (14, 13), (9, 8), (17, 12), (2, 2), (11, 5), (11, 14), (13, 8), (6, 2), (1, 15), (15, 14), (6, 11), (16, 13), (7, 10), (18, 10), (3, 6), (5, 3), (9, 1), (3, 15), (5, 12), (14, 15), (17, 14), (9, 10), (11, 7), (2, 4), (1, 8), (13, 10), (6, 4), (7, 3), (6, 13), (16, 15), (7, 12), (18, 12), (20, 15), (3, 8), (5, 5), (14, 8), (9, 3), (5, 14), (9, 12), (11, 9), (1, 10), (13, 12), (6, 6), (7, 5), (7, 14), (18, 14), (3, 1), (22, 14), (12, 13), (3, 10), (5, 7), (14, 10), (9, 5), (11, 2), (9, 14), (1, 3), (13, 5), (10, 15), (1, 12), (13, 14), (7, 7), (3, 3), (12, 15), (3, 12), (5, 9), (14, 12), (23, 15), (9, 7), (11, 4), (10, 8), (1, 5), (13, 7), (6, 1), (1, 14), (2, 13), (7, 9), (18, 9), (3, 5), (5, 2), (14, 5), (3, 14), (14, 14), (4, 13), (9, 9), (8, 13), (10, 10), (1, 7), (13, 9), (19, 13), (7, 2), (2, 15), (18, 11), (6, 15), (21, 13), (3, 7), (5, 4), (14, 7), (9, 2), (5, 13), (4, 15), (10, 3), (8, 15), (10, 12), (1, 9), (19, 15), (2, 8), (7, 4), (6, 8), (12, 3), (22, 13), (21, 15), (3, 9), (14, 9), (10, 5), (1, 2), (13, 4), (10, 14), (11, 13), (2, 10), (6, 10), (12, 5), (3, 2), (23, 14), (3, 11), (17, 13), (19, 10), (10, 7), (1, 4), (2, 3), (1, 13), (11, 15), (2, 12), (6, 3), (15, 15), (6, 12), (12, 7), (3, 4), (4, 3), (8, 3), (17, 15), (19, 12), (10, 9), (9, 11), (11, 8), (2, 5), (2, 14), (6, 5), (6, 14), (20, 13), (7, 13), (18, 13), (12, 9), (21, 12), (4, 5), (8, 5), (10, 2), (9, 4), (5, 15), (19, 14), (9, 13), (11, 10), (2, 7), (13, 13), (6, 7), (7, 15), (18, 15), (21, 14), (4, 7), (22, 15), (5, 8), (8, 7), (10, 4), (9, 6), (11, 3), (17, 10), (10, 13), (9, 15), (11, 12), (2, 9), (13, 15), (6, 9), (7, 8)]",23,0,23
187,"(24, 15)","(23, 15)",East,"[((25, 15), 'East', 1)]","['(24, 15)', '(13, 3)', '(17, 9)', '(14, 4)', '(18, 8)', '(22, 12)', '(23, 13)', '(19, 9)', '(21, 11)']","['(13, 3)', '(14, 4)', '(17, 9)', '(19, 9)', '(18, 8)', '(22, 12)', '(23, 13)', '(21, 11)', '(25, 15)']","[(4, 9), (3, 13), (5, 10), (8, 9), (14, 13), (9, 8), (17, 12), (2, 2), (11, 5), (11, 14), (13, 8), (6, 2), (1, 15), (15, 14), (6, 11), (16, 13), (7, 10), (18, 10), (3, 6), (5, 3), (9, 1), (3, 15), (5, 12), (14, 15), (17, 14), (9, 10), (11, 7), (2, 4), (1, 8), (13, 10), (6, 4), (7, 3), (6, 13), (16, 15), (7, 12), (18, 12), (20, 15), (3, 8), (5, 5), (14, 8), (9, 3), (5, 14), (9, 12), (11, 9), (1, 10), (13, 12), (6, 6), (7, 5), (7, 14), (18, 14), (3, 1), (22, 14), (12, 13), (3, 10), (5, 7), (14, 10), (9, 5), (11, 2), (24, 15), (9, 14), (1, 3), (13, 5), (10, 15), (1, 12), (13, 14), (7, 7), (3, 3), (12, 15), (3, 12), (5, 9), (14, 12), (23, 15), (9, 7), (11, 4), (10, 8), (1, 5), (13, 7), (6, 1), (1, 14), (2, 13), (7, 9), (18, 9), (3, 5), (5, 2), (14, 5), (3, 14), (14, 14), (4, 13), (9, 9), (8, 13), (10, 10), (1, 7), (13, 9), (19, 13), (7, 2), (2, 15), (18, 11), (6, 15), (21, 13), (3, 7), (5, 4), (14, 7), (9, 2), (5, 13), (4, 15), (10, 3), (8, 15), (10, 12), (1, 9), (19, 15), (2, 8), (7, 4), (6, 8), (12, 3), (22, 13), (21, 15), (3, 9), (14, 9), (10, 5), (1, 2), (13, 4), (10, 14), (11, 13), (2, 10), (6, 10), (12, 5), (3, 2), (23, 14), (3, 11), (17, 13), (19, 10), (10, 7), (1, 4), (2, 3), (1, 13), (11, 15), (2, 12), (6, 3), (15, 15), (6, 12), (12, 7), (3, 4), (4, 3), (8, 3), (17, 15), (19, 12), (10, 9), (9, 11), (11, 8), (2, 5), (2, 14), (6, 5), (6, 14), (20, 13), (7, 13), (18, 13), (12, 9), (21, 12), (4, 5), (8, 5), (10, 2), (9, 4), (5, 15), (19, 14), (9, 13), (11, 10), (2, 7), (13, 13), (6, 7), (7, 15), (18, 15), (21, 14), (4, 7), (22, 15), (5, 8), (8, 7), (10, 4), (9, 6), (11, 3), (17, 10), (10, 13), (9, 15), (11, 12), (2, 9), (13, 15), (6, 9), (7, 8)]",23,0,23
188,"(13, 3)","(12, 3)",East,"[((13, 2), 'South', 1), ((14, 3), 'East', 1)]","['(13, 3)', '(14, 4)', '(17, 9)', '(19, 9)', '(18, 8)', '(22, 12)', '(23, 13)', '(21, 11)', '(25, 15)']","['(14, 4)', '(18, 8)', '(17, 9)', '(19, 9)', '(25, 15)', '(22, 12)', '(23, 13)', '(21, 11)', '(13, 2)', '(14, 3)']","[(4, 9), (3, 13), (5, 10), (8, 9), (14, 13), (9, 8), (17, 12), (2, 2), (11, 5), (11, 14), (13, 8), (6, 2), (1, 15), (15, 14), (6, 11), (16, 13), (7, 10), (18, 10), (3, 6), (5, 3), (9, 1), (3, 15), (5, 12), (14, 15), (17, 14), (9, 10), (11, 7), (2, 4), (1, 8), (13, 10), (6, 4), (7, 3), (6, 13), (16, 15), (7, 12), (18, 12), (20, 15), (3, 8), (5, 5), (14, 8), (9, 3), (5, 14), (9, 12), (11, 9), (13, 3), (1, 10), (13, 12), (6, 6), (7, 5), (7, 14), (18, 14), (3, 1), (22, 14), (12, 13), (3, 10), (5, 7), (14, 10), (9, 5), (11, 2), (24, 15), (9, 14), (1, 3), (13, 5), (10, 15), (1, 12), (13, 14), (7, 7), (3, 3), (12, 15), (3, 12), (5, 9), (14, 12), (23, 15), (9, 7), (11, 4), (10, 8), (1, 5), (13, 7), (6, 1), (1, 14), (2, 13), (7, 9), (18, 9), (3, 5), (5, 2), (14, 5), (3, 14), (14, 14), (4, 13), (9, 9), (8, 13), (10, 10), (1, 7), (13, 9), (19, 13), (7, 2), (2, 15), (18, 11), (6, 15), (21, 13), (3, 7), (5, 4), (14, 7), (9, 2), (5, 13), (4, 15), (10, 3), (8, 15), (10, 12), (1, 9), (19, 15), (2, 8), (7, 4), (6, 8), (12, 3), (22, 13), (21, 15), (3, 9), (14, 9), (10, 5), (1, 2), (13, 4), (10, 14), (11, 13), (2, 10), (6, 10), (12, 5), (3, 2), (23, 14), (3, 11), (17, 13), (19, 10), (10, 7), (1, 4), (2, 3), (1, 13), (11, 15), (2, 12), (6, 3), (15, 15), (6, 12), (12, 7), (3, 4), (4, 3), (8, 3), (17, 15), (19, 12), (10, 9), (9, 11), (11, 8), (2, 5), (2, 14), (6, 5), (6, 14), (20, 13), (7, 13), (18, 13), (12, 9), (21, 12), (4, 5), (8, 5), (10, 2), (9, 4), (5, 15), (19, 14), (9, 13), (11, 10), (2, 7), (13, 13), (6, 7), (7, 15), (18, 15), (21, 14), (4, 7), (22, 15), (5, 8), (8, 7), (10, 4), (9, 6), (11, 3), (17, 10), (10, 13), (9, 15), (11, 12), (2, 9), (13, 15), (6, 9), (7, 8)]",24,0,24
189,"(14, 4)","(13, 4)",East,[],"['(14, 4)', '(18, 8)', '(17, 9)', '(19, 9)', '(25, 15)', '(22, 12)', '(23, 13)', '(21, 11)', '(13, 2)', '(14, 3)']","['(18, 8)', '(19, 9)', '(17, 9)', '(21, 11)', '(25, 15)', '(22, 12)', '(23, 13)', '(14, 3)', '(13, 2)']","[(4, 9), (3, 13), (5, 10), (8, 9), (14, 13), (9, 8), (17, 12), (2, 2), (11, 5), (11, 14), (13, 8), (6, 2), (1, 15), (15, 14), (6, 11), (16, 13), (7, 10), (18, 10), (3, 6), (5, 3), (9, 1), (3, 15), (5, 12), (14, 15), (17, 14), (9, 10), (11, 7), (2, 4), (1, 8), (13, 10), (6, 4), (7, 3), (6, 13), (16, 15), (7, 12), (18, 12), (20, 15), (3, 8), (5, 5), (14, 8), (9, 3), (5, 14), (9, 12), (11, 9), (13, 3), (1, 10), (13, 12), (6, 6), (7, 5), (7, 14), (18, 14), (3, 1), (22, 14), (12, 13), (3, 10), (5, 7), (14, 10), (9, 5), (11, 2), (24, 15), (9, 14), (1, 3), (13, 5), (10, 15), (1, 12), (13, 14), (7, 7), (3, 3), (12, 15), (3, 12), (5, 9), (14, 12), (23, 15), (9, 7), (11, 4), (10, 8), (1, 5), (13, 7), (6, 1), (1, 14), (2, 13), (7, 9), (18, 9), (3, 5), (5, 2), (14, 5), (3, 14), (14, 14), (4, 13), (9, 9), (8, 13), (10, 10), (1, 7), (13, 9), (19, 13), (7, 2), (2, 15), (18, 11), (6, 15), (21, 13), (3, 7), (5, 4), (14, 7), (9, 2), (5, 13), (4, 15), (10, 3), (8, 15), (10, 12), (1, 9), (19, 15), (2, 8), (7, 4), (6, 8), (12, 3), (22, 13), (21, 15), (3, 9), (14, 9), (10, 5), (1, 2), (13, 4), (10, 14), (11, 13), (2, 10), (6, 10), (12, 5), (3, 2), (23, 14), (3, 11), (17, 13), (19, 10), (10, 7), (1, 4), (2, 3), (1, 13), (11, 15), (2, 12), (6, 3), (15, 15), (6, 12), (12, 7), (3, 4), (14, 4), (4, 3), (8, 3), (17, 15), (19, 12), (10, 9), (9, 11), (11, 8), (2, 5), (2, 14), (6, 5), (6, 14), (20, 13), (7, 13), (18, 13), (12, 9), (21, 12), (4, 5), (8, 5), (10, 2), (9, 4), (5, 15), (19, 14), (9, 13), (11, 10), (2, 7), (13, 13), (6, 7), (7, 15), (18, 15), (21, 14), (4, 7), (22, 15), (5, 8), (8, 7), (10, 4), (9, 6), (11, 3), (17, 10), (10, 13), (9, 15), (11, 12), (2, 9), (13, 15), (6, 9), (7, 8)]",24,0,24
190,"(18, 8)","(18, 9)",South,"[((18, 7), 'South', 1), ((19, 8), 'East', 1), ((17, 8), 'West', 1)]","['(18, 8)', '(19, 9)', '(17, 9)', '(21, 11)', '(25, 15)', '(22, 12)', '(23, 13)', '(14, 3)', '(13, 2)']","['(19, 9)', '(21, 11)', '(17, 9)', '(13, 2)', '(25, 15)', '(22, 12)', '(23, 13)', '(14, 3)', '(18, 7)', '(19, 8)', '(17, 8)']","[(4, 9), (3, 13), (5, 10), (8, 9), (14, 13), (9, 8), (17, 12), (2, 2), (11, 5), (11, 14), (13, 8), (6, 2), (1, 15), (15, 14), (6, 11), (16, 13), (7, 10), (18, 10), (3, 6), (5, 3), (9, 1), (3, 15), (5, 12), (14, 15), (17, 14), (9, 10), (11, 7), (2, 4), (1, 8), (13, 10), (6, 4), (7, 3), (6, 13), (16, 15), (7, 12), (18, 12), (20, 15), (3, 8), (5, 5), (14, 8), (9, 3), (5, 14), (9, 12), (11, 9), (13, 3), (1, 10), (13, 12), (6, 6), (7, 5), (7, 14), (18, 14), (3, 1), (22, 14), (12, 13), (3, 10), (5, 7), (14, 10), (9, 5), (11, 2), (24, 15), (9, 14), (1, 3), (13, 5), (10, 15), (1, 12), (13, 14), (7, 7), (3, 3), (12, 15), (3, 12), (5, 9), (14, 12), (23, 15), (9, 7), (11, 4), (10, 8), (1, 5), (13, 7), (6, 1), (1, 14), (2, 13), (7, 9), (18, 9), (3, 5), (5, 2), (14, 5), (3, 14), (14, 14), (4, 13), (9, 9), (8, 13), (10, 10), (1, 7), (13, 9), (19, 13), (7, 2), (2, 15), (18, 11), (6, 15), (21, 13), (3, 7), (5, 4), (14, 7), (9, 2), (5, 13), (4, 15), (10, 3), (8, 15), (10, 12), (1, 9), (19, 15), (2, 8), (7, 4), (6, 8), (12, 3), (22, 13), (21, 15), (3, 9), (14, 9), (18, 8), (10, 5), (1, 2), (13, 4), (10, 14), (11, 13), (2, 10), (6, 10), (12, 5), (3, 2), (23, 14), (3, 11), (17, 13), (19, 10), (10, 7), (1, 4), (2, 3), (1, 13), (11, 15), (2, 12), (6, 3), (15, 15), (6, 12), (12, 7), (3, 4), (14, 4), (4, 3), (8, 3), (17, 15), (19, 12), (10, 9), (9, 11), (11, 8), (2, 5), (2, 14), (6, 5), (6, 14), (20, 13), (7, 13), (18, 13), (12, 9), (21, 12), (4, 5), (8, 5), (10, 2), (9, 4), (5, 15), (19, 14), (9, 13), (11, 10), (2, 7), (13, 13), (6, 7), (7, 15), (18, 15), (21, 14), (4, 7), (22, 15), (5, 8), (8, 7), (10, 4), (9, 6), (11, 3), (17, 10), (10, 13), (9, 15), (11, 12), (2, 9), (13, 15), (6, 9), (7, 8)]",24,0,24
191,"(19, 9)","(18, 9)",East,"[((20, 9), 'East', 1)]","['(19, 9)', '(21, 11)', '(17, 9)', '(13, 2)', '(25, 15)', '(22, 12)', '(23, 13)', '(14, 3)', '(18, 7)', '(19, 8)', '(17, 8)']","['(17, 9)', '(21, 11)', '(22, 12)', '(13, 2)', '(25, 15)', '(17, 8)', '(23, 13)', '(14, 3)', '(18, 7)', '(19, 8)', '(20, 9)']","[(4, 9), (3, 13), (5, 10), (8, 9), (14, 13), (9, 8), (17, 12), (2, 2), (11, 5), (19, 9), (11, 14), (13, 8), (6, 2), (1, 15), (15, 14), (6, 11), (16, 13), (7, 10), (18, 10), (3, 6), (5, 3), (9, 1), (3, 15), (5, 12), (14, 15), (17, 14), (9, 10), (11, 7), (2, 4), (1, 8), (13, 10), (6, 4), (7, 3), (6, 13), (16, 15), (7, 12), (18, 12), (20, 15), (3, 8), (5, 5), (14, 8), (9, 3), (5, 14), (9, 12), (11, 9), (13, 3), (1, 10), (13, 12), (6, 6), (7, 5), (7, 14), (18, 14), (3, 1), (22, 14), (12, 13), (3, 10), (5, 7), (14, 10), (9, 5), (11, 2), (24, 15), (9, 14), (1, 3), (13, 5), (10, 15), (1, 12), (13, 14), (7, 7), (3, 3), (12, 15), (3, 12), (5, 9), (14, 12), (23, 15), (9, 7), (11, 4), (10, 8), (1, 5), (13, 7), (6, 1), (1, 14), (2, 13), (7, 9), (18, 9), (3, 5), (5, 2), (14, 5), (3, 14), (14, 14), (4, 13), (9, 9), (8, 13), (10, 10), (1, 7), (13, 9), (19, 13), (7, 2), (2, 15), (18, 11), (6, 15), (21, 13), (3, 7), (5, 4), (14, 7), (9, 2), (5, 13), (4, 15), (10, 3), (8, 15), (10, 12), (1, 9), (19, 15), (2, 8), (7, 4), (6, 8), (12, 3), (22, 13), (21, 15), (3, 9), (14, 9), (18, 8), (10, 5), (1, 2), (13, 4), (10, 14), (11, 13), (2, 10), (6, 10), (12, 5), (3, 2), (23, 14), (3, 11), (17, 13), (19, 10), (10, 7), (1, 4), (2, 3), (1, 13), (11, 15), (2, 12), (6, 3), (15, 15), (6, 12), (12, 7), (3, 4), (14, 4), (4, 3), (8, 3), (17, 15), (19, 12), (10, 9), (9, 11), (11, 8), (2, 5), (2, 14), (6, 5), (6, 14), (20, 13), (7, 13), (18, 13), (12, 9), (21, 12), (4, 5), (8, 5), (10, 2), (9, 4), (5, 15), (19, 14), (9, 13), (11, 10), (2, 7), (13, 13), (6, 7), (7, 15), (18, 15), (21, 14), (4, 7), (22, 15), (5, 8), (8, 7), (10, 4), (9, 6), (11, 3), (17, 10), (10, 13), (9, 15), (11, 12), (2, 9), (13, 15), (6, 9), (7, 8)]",24,0,24
192,"(17, 9)","(18, 9)",West,"[((16, 9), 'West', 1)]","['(17, 9)', '(21, 11)', '(22, 12)', '(13, 2)', '(25, 15)', '(17, 8)', '(23, 13)', '(14, 3)', '(18, 7)', '(19, 8)', '(20, 9)']","['(21, 11)', '(25, 15)', '(22, 12)', '(13, 2)', '(19, 8)', '(17, 8)', '(23, 13)', '(14, 3)', '(18, 7)', '(20, 9)', '(16, 9)']","[(4, 9), (3, 13), (5, 10), (8, 9), (14, 13), (9, 8), (17, 12), (2, 2), (11, 5), (19, 9), (11, 14), (13, 8), (6, 2), (1, 15), (15, 14), (6, 11), (16, 13), (7, 10), (18, 10), (3, 6), (5, 3), (9, 1), (3, 15), (5, 12), (14, 15), (17, 14), (9, 10), (11, 7), (2, 4), (1, 8), (13, 10), (6, 4), (7, 3), (6, 13), (16, 15), (7, 12), (18, 12), (20, 15), (3, 8), (5, 5), (14, 8), (9, 3), (5, 14), (9, 12), (11, 9), (13, 3), (1, 10), (13, 12), (6, 6), (7, 5), (7, 14), (18, 14), (3, 1), (22, 14), (12, 13), (3, 10), (5, 7), (14, 10), (17, 9), (9, 5), (11, 2), (24, 15), (9, 14), (1, 3), (13, 5), (10, 15), (1, 12), (13, 14), (7, 7), (3, 3), (12, 15), (3, 12), (5, 9), (14, 12), (23, 15), (9, 7), (11, 4), (10, 8), (1, 5), (13, 7), (6, 1), (1, 14), (2, 13), (7, 9), (18, 9), (3, 5), (5, 2), (14, 5), (3, 14), (14, 14), (4, 13), (9, 9), (8, 13), (10, 10), (1, 7), (13, 9), (19, 13), (7, 2), (2, 15), (18, 11), (6, 15), (21, 13), (3, 7), (5, 4), (14, 7), (9, 2), (5, 13), (4, 15), (10, 3), (8, 15), (10, 12), (1, 9), (19, 15), (2, 8), (7, 4), (6, 8), (12, 3), (22, 13), (21, 15), (3, 9), (14, 9), (18, 8), (10, 5), (1, 2), (13, 4), (10, 14), (11, 13), (2, 10), (6, 10), (12, 5), (3, 2), (23, 14), (3, 11), (17, 13), (19, 10), (10, 7), (1, 4), (2, 3), (1, 13), (11, 15), (2, 12), (6, 3), (15, 15), (6, 12), (12, 7), (3, 4), (14, 4), (4, 3), (8, 3), (17, 15), (19, 12), (10, 9), (9, 11), (11, 8), (2, 5), (2, 14), (6, 5), (6, 14), (20, 13), (7, 13), (18, 13), (12, 9), (21, 12), (4, 5), (8, 5), (10, 2), (9, 4), (5, 15), (19, 14), (9, 13), (11, 10), (2, 7), (13, 13), (6, 7), (7, 15), (18, 15), (21, 14), (4, 7), (22, 15), (5, 8), (8, 7), (10, 4), (9, 6), (11, 3), (17, 10), (10, 13), (9, 15), (11, 12), (2, 9), (13, 15), (6, 9), (7, 8)]",24,0,24
193,"(21, 11)","(21, 12)",South,"[((21, 10), 'South', 1)]","['(21, 11)', '(25, 15)', '(22, 12)', '(13, 2)', '(19, 8)', '(17, 8)', '(23, 13)', '(14, 3)', '(18, 7)', '(20, 9)', '(16, 9)']","['(22, 12)', '(25, 15)', '(23, 13)', '(13, 2)', '(19, 8)', '(17, 8)', '(16, 9)', '(14, 3)', '(18, 7)', '(20, 9)', '(21, 10)']","[(4, 9), (3, 13), (5, 10), (8, 9), (14, 13), (9, 8), (17, 12), (2, 2), (11, 5), (19, 9), (11, 14), (13, 8), (6, 2), (1, 15), (15, 14), (6, 11), (16, 13), (7, 10), (18, 10), (3, 6), (5, 3), (9, 1), (3, 15), (5, 12), (14, 15), (17, 14), (9, 10), (11, 7), (2, 4), (1, 8), (13, 10), (6, 4), (7, 3), (6, 13), (16, 15), (7, 12), (18, 12), (20, 15), (3, 8), (5, 5), (14, 8), (9, 3), (5, 14), (9, 12), (11, 9), (13, 3), (1, 10), (13, 12), (6, 6), (7, 5), (7, 14), (18, 14), (3, 1), (22, 14), (12, 13), (3, 10), (5, 7), (14, 10), (17, 9), (9, 5), (11, 2), (24, 15), (9, 14), (1, 3), (13, 5), (10, 15), (1, 12), (13, 14), (7, 7), (3, 3), (12, 15), (3, 12), (5, 9), (14, 12), (23, 15), (9, 7), (11, 4), (10, 8), (1, 5), (13, 7), (6, 1), (1, 14), (2, 13), (7, 9), (18, 9), (21, 11), (3, 5), (5, 2), (14, 5), (3, 14), (14, 14), (4, 13), (9, 9), (8, 13), (10, 10), (1, 7), (13, 9), (19, 13), (7, 2), (2, 15), (18, 11), (6, 15), (21, 13), (3, 7), (5, 4), (14, 7), (9, 2), (5, 13), (4, 15), (10, 3), (8, 15), (10, 12), (1, 9), (19, 15), (2, 8), (7, 4), (6, 8), (12, 3), (22, 13), (21, 15), (3, 9), (14, 9), (18, 8), (10, 5), (1, 2), (13, 4), (10, 14), (11, 13), (2, 10), (6, 10), (12, 5), (3, 2), (23, 14), (3, 11), (17, 13), (19, 10), (10, 7), (1, 4), (2, 3), (1, 13), (11, 15), (2, 12), (6, 3), (15, 15), (6, 12), (12, 7), (3, 4), (14, 4), (4, 3), (8, 3), (17, 15), (19, 12), (10, 9), (9, 11), (11, 8), (2, 5), (2, 14), (6, 5), (6, 14), (20, 13), (7, 13), (18, 13), (12, 9), (21, 12), (4, 5), (8, 5), (10, 2), (9, 4), (5, 15), (19, 14), (9, 13), (11, 10), (2, 7), (13, 13), (6, 7), (7, 15), (18, 15), (21, 14), (4, 7), (22, 15), (5, 8), (8, 7), (10, 4), (9, 6), (11, 3), (17, 10), (10, 13), (9, 15), (11, 12), (2, 9), (13, 15), (6, 9), (7, 8)]",24,0,24
194,"(22, 12)","(21, 12)",East,"[((23, 12), 'East', 1)]","['(22, 12)', '(25, 15)', '(23, 13)', '(13, 2)', '(19, 8)', '(17, 8)', '(16, 9)', '(14, 3)', '(18, 7)', '(20, 9)', '(21, 10)']","['(23, 13)', '(25, 15)', '(17, 8)', '(13, 2)', '(19, 8)', '(21, 10)', '(16, 9)', '(14, 3)', '(18, 7)', '(20, 9)', '(23, 12)']","[(4, 9), (3, 13), (5, 10), (8, 9), (14, 13), (9, 8), (17, 12), (2, 2), (11, 5), (19, 9), (11, 14), (13, 8), (6, 2), (1, 15), (15, 14), (6, 11), (16, 13), (7, 10), (18, 10), (3, 6), (5, 3), (9, 1), (3, 15), (5, 12), (14, 15), (17, 14), (9, 10), (11, 7), (2, 4), (1, 8), (13, 10), (6, 4), (7, 3), (6, 13), (16, 15), (7, 12), (18, 12), (20, 15), (22, 12), (3, 8), (5, 5), (14, 8), (9, 3), (5, 14), (9, 12), (11, 9), (13, 3), (1, 10), (13, 12), (6, 6), (7, 5), (7, 14), (18, 14), (3, 1), (22, 14), (12, 13), (3, 10), (5, 7), (14, 10), (17, 9), (9, 5), (11, 2), (24, 15), (9, 14), (1, 3), (13, 5), (10, 15), (1, 12), (13, 14), (7, 7), (3, 3), (12, 15), (3, 12), (5, 9), (14, 12), (23, 15), (9, 7), (11, 4), (10, 8), (1, 5), (13, 7), (6, 1), (1, 14), (2, 13), (7, 9), (18, 9), (21, 11), (3, 5), (5, 2), (14, 5), (3, 14), (14, 14), (4, 13), (9, 9), (8, 13), (10, 10), (1, 7), (13, 9), (19, 13), (7, 2), (2, 15), (18, 11), (6, 15), (21, 13), (3, 7), (5, 4), (14, 7), (9, 2), (5, 13), (4, 15), (10, 3), (8, 15), (10, 12), (1, 9), (19, 15), (2, 8), (7, 4), (6, 8), (12, 3), (22, 13), (21, 15), (3, 9), (14, 9), (18, 8), (10, 5), (1, 2), (13, 4), (10, 14), (11, 13), (2, 10), (6, 10), (12, 5), (3, 2), (23, 14), (3, 11), (17, 13), (19, 10), (10, 7), (1, 4), (2, 3), (1, 13), (11, 15), (2, 12), (6, 3), (15, 15), (6, 12), (12, 7), (3, 4), (14, 4), (4, 3), (8, 3), (17, 15), (19, 12), (10, 9), (9, 11), (11, 8), (2, 5), (2, 14), (6, 5), (6, 14), (20, 13), (7, 13), (18, 13), (12, 9), (21, 12), (4, 5), (8, 5), (10, 2), (9, 4), (5, 15), (19, 14), (9, 13), (11, 10), (2, 7), (13, 13), (6, 7), (7, 15), (18, 15), (21, 14), (4, 7), (22, 15), (5, 8), (8, 7), (10, 4), (9, 6), (11, 3), (17, 10), (10, 13), (9, 15), (11, 12), (2, 9), (13, 15), (6, 9), (7, 8)]",24,0,24
195,"(23, 13)","(22, 13)",East,"[((24, 13), 'East', 1)]","['(23, 13)', '(25, 15)', '(17, 8)', '(13, 2)', '(19, 8)', '(21, 10)', '(16, 9)', '(14, 3)', '(18, 7)', '(20, 9)', '(23, 12)']","['(25, 15)', '(13, 2)', '(17, 8)', '(14, 3)', '(19, 8)', '(21, 10)', '(16, 9)', '(23, 12)', '(18, 7)', '(20, 9)', '(24, 13)']","[(4, 9), (3, 13), (5, 10), (8, 9), (14, 13), (9, 8), (17, 12), (2, 2), (11, 5), (19, 9), (11, 14), (13, 8), (6, 2), (1, 15), (15, 14), (6, 11), (16, 13), (7, 10), (18, 10), (3, 6), (5, 3), (9, 1), (3, 15), (5, 12), (14, 15), (17, 14), (9, 10), (11, 7), (2, 4), (1, 8), (13, 10), (6, 4), (7, 3), (6, 13), (16, 15), (7, 12), (18, 12), (20, 15), (22, 12), (3, 8), (5, 5), (14, 8), (9, 3), (5, 14), (9, 12), (11, 9), (13, 3), (1, 10), (13, 12), (6, 6), (7, 5), (7, 14), (18, 14), (3, 1), (22, 14), (12, 13), (3, 10), (5, 7), (14, 10), (17, 9), (9, 5), (11, 2), (24, 15), (23, 13), (9, 14), (1, 3), (13, 5), (10, 15), (1, 12), (13, 14), (7, 7), (3, 3), (12, 15), (3, 12), (5, 9), (14, 12), (23, 15), (9, 7), (11, 4), (10, 8), (1, 5), (13, 7), (6, 1), (1, 14), (2, 13), (7, 9), (18, 9), (21, 11), (3, 5), (5, 2), (14, 5), (3, 14), (14, 14), (4, 13), (9, 9), (8, 13), (10, 10), (1, 7), (13, 9), (19, 13), (7, 2), (2, 15), (18, 11), (6, 15), (21, 13), (3, 7), (5, 4), (14, 7), (9, 2), (5, 13), (4, 15), (10, 3), (8, 15), (10, 12), (1, 9), (19, 15), (2, 8), (7, 4), (6, 8), (12, 3), (22, 13), (21, 15), (3, 9), (14, 9), (18, 8), (10, 5), (1, 2), (13, 4), (10, 14), (11, 13), (2, 10), (6, 10), (12, 5), (3, 2), (23, 14), (3, 11), (17, 13), (19, 10), (10, 7), (1, 4), (2, 3), (1, 13), (11, 15), (2, 12), (6, 3), (15, 15), (6, 12), (12, 7), (3, 4), (14, 4), (4, 3), (8, 3), (17, 15), (19, 12), (10, 9), (9, 11), (11, 8), (2, 5), (2, 14), (6, 5), (6, 14), (20, 13), (7, 13), (18, 13), (12, 9), (21, 12), (4, 5), (8, 5), (10, 2), (9, 4), (5, 15), (19, 14), (9, 13), (11, 10), (2, 7), (13, 13), (6, 7), (7, 15), (18, 15), (21, 14), (4, 7), (22, 15), (5, 8), (8, 7), (10, 4), (9, 6), (11, 3), (17, 10), (10, 13), (9, 15), (11, 12), (2, 9), (13, 15), (6, 9), (7, 8)]",24,0,24
196,"(25, 15)","(24, 15)",East,"[((25, 14), 'South', 1), ((26, 15), 'East', 1)]","['(25, 15)', '(13, 2)', '(17, 8)', '(14, 3)', '(19, 8)', '(21, 10)', '(16, 9)', '(23, 12)', '(18, 7)', '(20, 9)', '(24, 13)']","['(13, 2)', '(14, 3)', '(17, 8)', '(18, 7)', '(19, 8)', '(21, 10)', '(16, 9)', '(23, 12)', '(24, 13)', '(20, 9)', '(25, 14)', '(26, 15)']","[(4, 9), (3, 13), (5, 10), (8, 9), (14, 13), (9, 8), (17, 12), (2, 2), (11, 5), (19, 9), (11, 14), (13, 8), (6, 2), (1, 15), (15, 14), (6, 11), (16, 13), (7, 10), (18, 10), (3, 6), (5, 3), (9, 1), (3, 15), (5, 12), (14, 15), (17, 14), (9, 10), (11, 7), (2, 4), (1, 8), (13, 10), (6, 4), (7, 3), (6, 13), (16, 15), (7, 12), (18, 12), (20, 15), (22, 12), (3, 8), (5, 5), (14, 8), (9, 3), (5, 14), (9, 12), (11, 9), (13, 3), (1, 10), (13, 12), (6, 6), (7, 5), (7, 14), (18, 14), (3, 1), (22, 14), (12, 13), (3, 10), (5, 7), (14, 10), (17, 9), (9, 5), (11, 2), (24, 15), (23, 13), (9, 14), (1, 3), (13, 5), (10, 15), (1, 12), (13, 14), (7, 7), (3, 3), (12, 15), (3, 12), (5, 9), (14, 12), (23, 15), (9, 7), (11, 4), (10, 8), (1, 5), (13, 7), (6, 1), (1, 14), (2, 13), (25, 15), (7, 9), (18, 9), (21, 11), (3, 5), (5, 2), (14, 5), (3, 14), (14, 14), (4, 13), (9, 9), (8, 13), (10, 10), (1, 7), (13, 9), (19, 13), (7, 2), (2, 15), (18, 11), (6, 15), (21, 13), (3, 7), (5, 4), (14, 7), (9, 2), (5, 13), (4, 15), (10, 3), (8, 15), (10, 12), (1, 9), (19, 15), (2, 8), (7, 4), (6, 8), (12, 3), (22, 13), (21, 15), (3, 9), (14, 9), (18, 8), (10, 5), (1, 2), (13, 4), (10, 14), (11, 13), (2, 10), (6, 10), (12, 5), (3, 2), (23, 14), (3, 11), (17, 13), (19, 10), (10, 7), (1, 4), (2, 3), (1, 13), (11, 15), (2, 12), (6, 3), (15, 15), (6, 12), (12, 7), (3, 4), (14, 4), (4, 3), (8, 3), (17, 15), (19, 12), (10, 9), (9, 11), (11, 8), (2, 5), (2, 14), (6, 5), (6, 14), (20, 13), (7, 13), (18, 13), (12, 9), (21, 12), (4, 5), (8, 5), (10, 2), (9, 4), (5, 15), (19, 14), (9, 13), (11, 10), (2, 7), (13, 13), (6, 7), (7, 15), (18, 15), (21, 14), (4, 7), (22, 15), (5, 8), (8, 7), (10, 4), (9, 6), (11, 3), (17, 10), (10, 13), (9, 15), (11, 12), (2, 9), (13, 15), (6, 9), (7, 8)]",24,0,24
197,"(13, 2)","(13, 3)",South,"[((14, 2), 'East', 1)]","['(13, 2)', '(14, 3)', '(17, 8)', '(18, 7)', '(19, 8)', '(21, 10)', '(16, 9)', '(23, 12)', '(24, 13)', '(20, 9)', '(25, 14)', '(26, 15)']","['(14, 3)', '(18, 7)', '(17, 8)', '(23, 12)', '(19, 8)', '(21, 10)', '(16, 9)', '(26, 15)', '(24, 13)', '(20, 9)', '(25, 14)', '(14, 2)']","[(4, 9), (3, 13), (5, 10), (8, 9), (14, 13), (9, 8), (17, 12), (2, 2), (11, 5), (19, 9), (11, 14), (13, 8), (6, 2), (1, 15), (15, 14), (6, 11), (16, 13), (7, 10), (18, 10), (3, 6), (5, 3), (9, 1), (3, 15), (5, 12), (14, 15), (17, 14), (9, 10), (11, 7), (2, 4), (1, 8), (13, 10), (6, 4), (7, 3), (6, 13), (16, 15), (7, 12), (18, 12), (20, 15), (22, 12), (3, 8), (5, 5), (14, 8), (9, 3), (5, 14), (9, 12), (11, 9), (13, 3), (1, 10), (13, 12), (6, 6), (7, 5), (7, 14), (18, 14), (3, 1), (22, 14), (12, 13), (3, 10), (5, 7), (14, 10), (17, 9), (9, 5), (11, 2), (24, 15), (23, 13), (9, 14), (1, 3), (13, 5), (10, 15), (1, 12), (13, 14), (7, 7), (3, 3), (12, 15), (3, 12), (5, 9), (14, 12), (23, 15), (9, 7), (11, 4), (10, 8), (1, 5), (13, 7), (6, 1), (1, 14), (2, 13), (25, 15), (7, 9), (18, 9), (21, 11), (3, 5), (5, 2), (14, 5), (3, 14), (14, 14), (4, 13), (9, 9), (8, 13), (10, 10), (1, 7), (13, 9), (19, 13), (7, 2), (2, 15), (18, 11), (6, 15), (21, 13), (3, 7), (5, 4), (14, 7), (9, 2), (5, 13), (4, 15), (10, 3), (13, 2), (8, 15), (10, 12), (1, 9), (19, 15), (2, 8), (7, 4), (6, 8), (12, 3), (22, 13), (21, 15), (3, 9), (14, 9), (18, 8), (10, 5), (1, 2), (13, 4), (10, 14), (11, 13), (2, 10), (6, 10), (12, 5), (3, 2), (23, 14), (3, 11), (17, 13), (19, 10), (10, 7), (1, 4), (2, 3), (1, 13), (11, 15), (2, 12), (6, 3), (15, 15), (6, 12), (12, 7), (3, 4), (14, 4), (4, 3), (8, 3), (17, 15), (19, 12), (10, 9), (9, 11), (11, 8), (2, 5), (2, 14), (6, 5), (6, 14), (20, 13), (7, 13), (18, 13), (12, 9), (21, 12), (4, 5), (8, 5), (10, 2), (9, 4), (5, 15), (19, 14), (9, 13), (11, 10), (2, 7), (13, 13), (6, 7), (7, 15), (18, 15), (21, 14), (4, 7), (22, 15), (5, 8), (8, 7), (10, 4), (9, 6), (11, 3), (17, 10), (10, 13), (9, 15), (11, 12), (2, 9), (13, 15), (6, 9), (7, 8)]",25,0,25
198,"(14, 3)","(13, 3)",East,[],"['(14, 3)', '(18, 7)', '(17, 8)', '(23, 12)', '(19, 8)', '(21, 10)', '(16, 9)', '(26, 15)', '(24, 13)', '(20, 9)', '(25, 14)', '(14, 2)']","['(18, 7)', '(19, 8)', '(17, 8)', '(23, 12)', '(20, 9)', '(21, 10)', '(16, 9)', '(26, 15)', '(24, 13)', '(14, 2)', '(25, 14)']","[(4, 9), (3, 13), (5, 10), (8, 9), (14, 13), (9, 8), (17, 12), (2, 2), (11, 5), (19, 9), (11, 14), (13, 8), (6, 2), (1, 15), (15, 14), (6, 11), (16, 13), (7, 10), (18, 10), (3, 6), (5, 3), (9, 1), (3, 15), (5, 12), (14, 15), (17, 14), (9, 10), (11, 7), (2, 4), (1, 8), (13, 10), (6, 4), (7, 3), (6, 13), (16, 15), (7, 12), (18, 12), (20, 15), (22, 12), (3, 8), (5, 5), (14, 8), (9, 3), (5, 14), (9, 12), (11, 9), (13, 3), (1, 10), (13, 12), (6, 6), (7, 5), (7, 14), (18, 14), (3, 1), (22, 14), (12, 13), (3, 10), (5, 7), (14, 10), (17, 9), (9, 5), (11, 2), (24, 15), (23, 13), (9, 14), (1, 3), (13, 5), (10, 15), (1, 12), (13, 14), (7, 7), (3, 3), (14, 3), (12, 15), (3, 12), (5, 9), (14, 12), (23, 15), (9, 7), (11, 4), (10, 8), (1, 5), (13, 7), (6, 1), (1, 14), (2, 13), (25, 15), (7, 9), (18, 9), (21, 11), (3, 5), (5, 2), (14, 5), (3, 14), (14, 14), (4, 13), (9, 9), (8, 13), (10, 10), (1, 7), (13, 9), (19, 13), (7, 2), (2, 15), (18, 11), (6, 15), (21, 13), (3, 7), (5, 4), (14, 7), (9, 2), (5, 13), (4, 15), (10, 3), (13, 2), (8, 15), (10, 12), (1, 9), (19, 15), (2, 8), (7, 4), (6, 8), (12, 3), (22, 13), (21, 15), (3, 9), (14, 9), (18, 8), (10, 5), (1, 2), (13, 4), (10, 14), (11, 13), (2, 10), (6, 10), (12, 5), (3, 2), (23, 14), (3, 11), (17, 13), (19, 10), (10, 7), (1, 4), (2, 3), (1, 13), (11, 15), (2, 12), (6, 3), (15, 15), (6, 12), (12, 7), (3, 4), (14, 4), (4, 3), (8, 3), (17, 15), (19, 12), (10, 9), (9, 11), (11, 8), (2, 5), (2, 14), (6, 5), (6, 14), (20, 13), (7, 13), (18, 13), (12, 9), (21, 12), (4, 5), (8, 5), (10, 2), (9, 4), (5, 15), (19, 14), (9, 13), (11, 10), (2, 7), (13, 13), (6, 7), (7, 15), (18, 15), (21, 14), (4, 7), (22, 15), (5, 8), (8, 7), (10, 4), (9, 6), (11, 3), (17, 10), (10, 13), (9, 15), (11, 12), (2, 9), (13, 15), (6, 9), (7, 8)]",25,0,25
199,"(18, 7)","(18, 8)",South,"[((18, 6), 'South', 1), ((19, 7), 'East', 1), ((17, 7), 'West', 1)]","['(18, 7)', '(19, 8)', '(17, 8)', '(23, 12)', '(20, 9)', '(21, 10)', '(16, 9)', '(26, 15)', '(24, 13)', '(14, 2)', '(25, 14)']","['(19, 8)', '(20, 9)', '(17, 8)', '(23, 12)', '(25, 14)', '(21, 10)', '(16, 9)', '(26, 15)', '(24, 13)', '(14, 2)', '(18, 6)', '(19, 7)', '(17, 7)']","[(4, 9), (3, 13), (5, 10), (8, 9), (14, 13), (9, 8), (17, 12), (2, 2), (11, 5), (19, 9), (11, 14), (13, 8), (6, 2), (1, 15), (15, 14), (6, 11), (16, 13), (7, 10), (18, 10), (3, 6), (5, 3), (9, 1), (3, 15), (5, 12), (14, 15), (17, 14), (9, 10), (11, 7), (2, 4), (1, 8), (13, 10), (6, 4), (7, 3), (6, 13), (16, 15), (7, 12), (18, 12), (20, 15), (22, 12), (3, 8), (5, 5), (14, 8), (9, 3), (5, 14), (9, 12), (11, 9), (13, 3), (1, 10), (13, 12), (6, 6), (7, 5), (7, 14), (18, 14), (3, 1), (22, 14), (12, 13), (3, 10), (5, 7), (14, 10), (17, 9), (9, 5), (11, 2), (24, 15), (23, 13), (9, 14), (1, 3), (13, 5), (10, 15), (1, 12), (13, 14), (7, 7), (18, 7), (3, 3), (14, 3), (12, 15), (3, 12), (5, 9), (14, 12), (23, 15), (9, 7), (11, 4), (10, 8), (1, 5), (13, 7), (6, 1), (1, 14), (2, 13), (25, 15), (7, 9), (18, 9), (21, 11), (3, 5), (5, 2), (14, 5), (3, 14), (14, 14), (4, 13), (9, 9), (8, 13), (10, 10), (1, 7), (13, 9), (19, 13), (7, 2), (2, 15), (18, 11), (6, 15), (21, 13), (3, 7), (5, 4), (14, 7), (9, 2), (5, 13), (4, 15), (10, 3), (13, 2), (8, 15), (10, 12), (1, 9), (19, 15), (2, 8), (7, 4), (6, 8), (12, 3), (22, 13), (21, 15), (3, 9), (14, 9), (18, 8), (10, 5), (1, 2), (13, 4), (10, 14), (11, 13), (2, 10), (6, 10), (12, 5), (3, 2), (23, 14), (3, 11), (17, 13), (19, 10), (10, 7), (1, 4), (2, 3), (1, 13), (11, 15), (2, 12), (6, 3), (15, 15), (6, 12), (12, 7), (3, 4), (14, 4), (4, 3), (8, 3), (17, 15), (19, 12), (10, 9), (9, 11), (11, 8), (2, 5), (2, 14), (6, 5), (6, 14), (20, 13), (7, 13), (18, 13), (12, 9), (21, 12), (4, 5), (8, 5), (10, 2), (9, 4), (5, 15), (19, 14), (9, 13), (11, 10), (2, 7), (13, 13), (6, 7), (7, 15), (18, 15), (21, 14), (4, 7), (22, 15), (5, 8), (8, 7), (10, 4), (9, 6), (11, 3), (17, 10), (10, 13), (9, 15), (11, 12), (2, 9), (13, 15), (6, 9), (7, 8)]",25,0,25
200,"(19, 8)","(18, 8)",East,[],"['(19, 8)', '(20, 9)', '(17, 8)', '(23, 12)', '(25, 14)', '(21, 10)', '(16, 9)', '(26, 15)', '(24, 13)', '(14, 2)', '(18, 6)', '(19, 7)', '(17, 7)']","['(17, 8)', '(20, 9)', '(16, 9)', '(23, 12)', '(25, 14)', '(21, 10)', '(17, 7)', '(26, 15)', '(24, 13)', '(14, 2)', '(18, 6)', '(19, 7)']","[(4, 9), (3, 13), (5, 10), (8, 9), (14, 13), (9, 8), (17, 12), (2, 2), (11, 5), (19, 9), (11, 14), (13, 8), (6, 2), (1, 15), (15, 14), (6, 11), (16, 13), (7, 10), (18, 10), (3, 6), (5, 3), (9, 1), (3, 15), (5, 12), (14, 15), (17, 14), (9, 10), (11, 7), (2, 4), (1, 8), (13, 10), (6, 4), (7, 3), (6, 13), (16, 15), (7, 12), (18, 12), (20, 15), (22, 12), (3, 8), (5, 5), (14, 8), (9, 3), (5, 14), (9, 12), (11, 9), (13, 3), (1, 10), (13, 12), (6, 6), (7, 5), (7, 14), (18, 14), (3, 1), (22, 14), (12, 13), (3, 10), (5, 7), (14, 10), (17, 9), (9, 5), (11, 2), (24, 15), (23, 13), (9, 14), (1, 3), (13, 5), (10, 15), (1, 12), (13, 14), (7, 7), (18, 7), (3, 3), (14, 3), (12, 15), (3, 12), (5, 9), (14, 12), (23, 15), (9, 7), (11, 4), (10, 8), (1, 5), (13, 7), (6, 1), (1, 14), (2, 13), (25, 15), (7, 9), (18, 9), (21, 11), (3, 5), (5, 2), (14, 5), (3, 14), (14, 14), (4, 13), (9, 9), (8, 13), (10, 10), (1, 7), (13, 9), (19, 13), (7, 2), (2, 15), (18, 11), (6, 15), (21, 13), (3, 7), (5, 4), (14, 7), (9, 2), (5, 13), (4, 15), (10, 3), (13, 2), (8, 15), (10, 12), (1, 9), (19, 15), (2, 8), (7, 4), (6, 8), (12, 3), (22, 13), (21, 15), (3, 9), (14, 9), (18, 8), (19, 8), (10, 5), (1, 2), (13, 4), (10, 14), (11, 13), (2, 10), (6, 10), (12, 5), (3, 2), (23, 14), (3, 11), (17, 13), (19, 10), (10, 7), (1, 4), (2, 3), (1, 13), (11, 15), (2, 12), (6, 3), (15, 15), (6, 12), (12, 7), (3, 4), (14, 4), (4, 3), (8, 3), (17, 15), (19, 12), (10, 9), (9, 11), (11, 8), (2, 5), (2, 14), (6, 5), (6, 14), (20, 13), (7, 13), (18, 13), (12, 9), (21, 12), (4, 5), (8, 5), (10, 2), (9, 4), (5, 15), (19, 14), (9, 13), (11, 10), (2, 7), (13, 13), (6, 7), (7, 15), (18, 15), (21, 14), (4, 7), (22, 15), (5, 8), (8, 7), (10, 4), (9, 6), (11, 3), (17, 10), (10, 13), (9, 15), (11, 12), (2, 9), (13, 15), (6, 9), (7, 8)]",25,0,25
201,"(17, 8)","(18, 8)",West,[],"['(17, 8)', '(20, 9)', '(16, 9)', '(23, 12)', '(25, 14)', '(21, 10)', '(17, 7)', '(26, 15)', '(24, 13)', '(14, 2)', '(18, 6)', '(19, 7)']","['(20, 9)', '(23, 12)', '(16, 9)', '(24, 13)', '(25, 14)', '(21, 10)', '(17, 7)', '(26, 15)', '(19, 7)', '(14, 2)', '(18, 6)']","[(4, 9), (3, 13), (5, 10), (8, 9), (14, 13), (9, 8), (17, 12), (2, 2), (11, 5), (19, 9), (11, 14), (13, 8), (6, 2), (1, 15), (15, 14), (6, 11), (16, 13), (7, 10), (18, 10), (3, 6), (5, 3), (9, 1), (3, 15), (5, 12), (14, 15), (17, 14), (9, 10), (11, 7), (2, 4), (1, 8), (13, 10), (6, 4), (7, 3), (6, 13), (16, 15), (7, 12), (18, 12), (20, 15), (22, 12), (3, 8), (5, 5), (14, 8), (9, 3), (5, 14), (9, 12), (11, 9), (13, 3), (1, 10), (13, 12), (6, 6), (7, 5), (7, 14), (18, 14), (3, 1), (22, 14), (12, 13), (3, 10), (5, 7), (14, 10), (17, 9), (9, 5), (11, 2), (24, 15), (23, 13), (9, 14), (1, 3), (13, 5), (10, 15), (1, 12), (13, 14), (7, 7), (18, 7), (3, 3), (14, 3), (12, 15), (3, 12), (5, 9), (14, 12), (23, 15), (9, 7), (11, 4), (10, 8), (1, 5), (13, 7), (6, 1), (1, 14), (2, 13), (25, 15), (7, 9), (18, 9), (21, 11), (3, 5), (5, 2), (14, 5), (3, 14), (14, 14), (4, 13), (9, 9), (8, 13), (10, 10), (1, 7), (13, 9), (19, 13), (7, 2), (2, 15), (18, 11), (6, 15), (21, 13), (3, 7), (5, 4), (14, 7), (9, 2), (5, 13), (4, 15), (10, 3), (13, 2), (8, 15), (10, 12), (1, 9), (19, 15), (2, 8), (7, 4), (6, 8), (12, 3), (22, 13), (21, 15), (3, 9), (14, 9), (18, 8), (19, 8), (10, 5), (1, 2), (13, 4), (10, 14), (11, 13), (2, 10), (6, 10), (12, 5), (3, 2), (23, 14), (3, 11), (17, 13), (19, 10), (10, 7), (1, 4), (2, 3), (1, 13), (11, 15), (2, 12), (6, 3), (15, 15), (6, 12), (12, 7), (3, 4), (14, 4), (4, 3), (8, 3), (17, 15), (19, 12), (10, 9), (9, 11), (11, 8), (2, 5), (2, 14), (6, 5), (6, 14), (20, 13), (7, 13), (18, 13), (12, 9), (21, 12), (4, 5), (17, 8), (8, 5), (10, 2), (9, 4), (5, 15), (19, 14), (9, 13), (11, 10), (2, 7), (13, 13), (6, 7), (7, 15), (18, 15), (21, 14), (4, 7), (22, 15), (5, 8), (8, 7), (10, 4), (9, 6), (11, 3), (17, 10), (10, 13), (9, 15), (11, 12), (2, 9), (13, 15), (6, 9), (7, 8)]",25,0,25
202,"(20, 9)","(19, 9)",East,"[((21, 9), 'East', 1)]","['(20, 9)', '(23, 12)', '(16, 9)', '(24, 13)', '(25, 14)', '(21, 10)', '(17, 7)', '(26, 15)', '(19, 7)', '(14, 2)', '(18, 6)']","['(16, 9)', '(23, 12)', '(21, 10)', '(24, 13)', '(25, 14)', '(18, 6)', '(17, 7)', '(26, 15)', '(19, 7)', '(14, 2)', '(21, 9)']","[(4, 9), (3, 13), (5, 10), (8, 9), (14, 13), (9, 8), (17, 12), (2, 2), (11, 5), (19, 9), (11, 14), (13, 8), (6, 2), (1, 15), (15, 14), (6, 11), (16, 13), (7, 10), (18, 10), (3, 6), (5, 3), (9, 1), (3, 15), (5, 12), (14, 15), (17, 14), (9, 10), (11, 7), (2, 4), (1, 8), (13, 10), (6, 4), (7, 3), (6, 13), (16, 15), (7, 12), (18, 12), (20, 15), (22, 12), (3, 8), (5, 5), (14, 8), (9, 3), (5, 14), (9, 12), (11, 9), (13, 3), (1, 10), (13, 12), (6, 6), (7, 5), (7, 14), (18, 14), (3, 1), (22, 14), (12, 13), (3, 10), (5, 7), (14, 10), (17, 9), (9, 5), (11, 2), (24, 15), (23, 13), (9, 14), (1, 3), (13, 5), (10, 15), (1, 12), (13, 14), (7, 7), (18, 7), (3, 3), (14, 3), (12, 15), (3, 12), (5, 9), (14, 12), (23, 15), (9, 7), (11, 4), (10, 8), (1, 5), (13, 7), (6, 1), (1, 14), (2, 13), (25, 15), (7, 9), (18, 9), (21, 11), (3, 5), (5, 2), (14, 5), (3, 14), (14, 14), (4, 13), (9, 9), (8, 13), (10, 10), (1, 7), (13, 9), (19, 13), (7, 2), (2, 15), (18, 11), (6, 15), (21, 13), (3, 7), (5, 4), (14, 7), (9, 2), (5, 13), (4, 15), (10, 3), (13, 2), (8, 15), (10, 12), (1, 9), (19, 15), (2, 8), (7, 4), (6, 8), (12, 3), (22, 13), (21, 15), (3, 9), (14, 9), (18, 8), (19, 8), (10, 5), (1, 2), (13, 4), (10, 14), (11, 13), (2, 10), (6, 10), (20, 9), (12, 5), (3, 2), (23, 14), (3, 11), (17, 13), (19, 10), (10, 7), (1, 4), (2, 3), (1, 13), (11, 15), (2, 12), (6, 3), (15, 15), (6, 12), (12, 7), (3, 4), (14, 4), (4, 3), (8, 3), (17, 15), (19, 12), (10, 9), (9, 11), (11, 8), (2, 5), (2, 14), (6, 5), (6, 14), (20, 13), (7, 13), (18, 13), (12, 9), (21, 12), (4, 5), (17, 8), (8, 5), (10, 2), (9, 4), (5, 15), (19, 14), (9, 13), (11, 10), (2, 7), (13, 13), (6, 7), (7, 15), (18, 15), (21, 14), (4, 7), (22, 15), (5, 8), (8, 7), (10, 4), (9, 6), (11, 3), (17, 10), (10, 13), (9, 15), (11, 12), (2, 9), (13, 15), (6, 9), (7, 8)]",25,0,25
203,"(16, 9)","(17, 9)",West,[],"['(16, 9)', '(23, 12)', '(21, 10)', '(24, 13)', '(25, 14)', '(18, 6)', '(17, 7)', '(26, 15)', '(19, 7)', '(14, 2)', '(21, 9)']","['(21, 10)', '(23, 12)', '(18, 6)', '(24, 13)', '(25, 14)', '(21, 9)', '(17, 7)', '(26, 15)', '(19, 7)', '(14, 2)']","[(4, 9), (3, 13), (5, 10), (8, 9), (14, 13), (9, 8), (17, 12), (2, 2), (11, 5), (19, 9), (11, 14), (13, 8), (6, 2), (1, 15), (15, 14), (6, 11), (16, 13), (7, 10), (18, 10), (3, 6), (5, 3), (9, 1), (3, 15), (5, 12), (14, 15), (17, 14), (9, 10), (11, 7), (2, 4), (1, 8), (13, 10), (6, 4), (7, 3), (6, 13), (16, 15), (7, 12), (18, 12), (20, 15), (22, 12), (3, 8), (5, 5), (14, 8), (9, 3), (5, 14), (9, 12), (11, 9), (13, 3), (1, 10), (13, 12), (6, 6), (7, 5), (7, 14), (18, 14), (3, 1), (22, 14), (12, 13), (3, 10), (5, 7), (14, 10), (17, 9), (9, 5), (11, 2), (24, 15), (23, 13), (9, 14), (1, 3), (13, 5), (10, 15), (1, 12), (13, 14), (7, 7), (18, 7), (3, 3), (14, 3), (12, 15), (3, 12), (5, 9), (14, 12), (23, 15), (9, 7), (11, 4), (10, 8), (1, 5), (13, 7), (6, 1), (1, 14), (2, 13), (25, 15), (7, 9), (18, 9), (21, 11), (3, 5), (5, 2), (14, 5), (3, 14), (14, 14), (4, 13), (9, 9), (8, 13), (10, 10), (1, 7), (13, 9), (19, 13), (7, 2), (2, 15), (18, 11), (6, 15), (21, 13), (3, 7), (5, 4), (14, 7), (9, 2), (5, 13), (4, 15), (10, 3), (13, 2), (8, 15), (10, 12), (1, 9), (19, 15), (2, 8), (7, 4), (6, 8), (12, 3), (22, 13), (21, 15), (3, 9), (14, 9), (18, 8), (19, 8), (10, 5), (1, 2), (13, 4), (10, 14), (11, 13), (2, 10), (16, 9), (6, 10), (20, 9), (12, 5), (3, 2), (23, 14), (3, 11), (17, 13), (19, 10), (10, 7), (1, 4), (2, 3), (1, 13), (11, 15), (2, 12), (6, 3), (15, 15), (6, 12), (12, 7), (3, 4), (14, 4), (4, 3), (8, 3), (17, 15), (19, 12), (10, 9), (9, 11), (11, 8), (2, 5), (2, 14), (6, 5), (6, 14), (20, 13), (7, 13), (18, 13), (12, 9), (21, 12), (4, 5), (17, 8), (8, 5), (10, 2), (9, 4), (5, 15), (19, 14), (9, 13), (11, 10), (2, 7), (13, 13), (6, 7), (7, 15), (18, 15), (21, 14), (4, 7), (22, 15), (5, 8), (8, 7), (10, 4), (9, 6), (11, 3), (17, 10), (10, 13), (9, 15), (11, 12), (2, 9), (13, 15), (6, 9), (7, 8)]",25,0,25
204,"(21, 10)","(21, 11)",South,"[((22, 10), 'East', 1)]","['(21, 10)', '(23, 12)', '(18, 6)', '(24, 13)', '(25, 14)', '(21, 9)', '(17, 7)', '(26, 15)', '(19, 7)', '(14, 2)']","['(23, 12)', '(24, 13)', '(18, 6)', '(26, 15)', '(25, 14)', '(21, 9)', '(17, 7)', '(14, 2)', '(19, 7)', '(22, 10)']","[(4, 9), (3, 13), (5, 10), (8, 9), (14, 13), (9, 8), (17, 12), (2, 2), (11, 5), (19, 9), (11, 14), (13, 8), (6, 2), (1, 15), (15, 14), (6, 11), (16, 13), (7, 10), (18, 10), (3, 6), (5, 3), (9, 1), (3, 15), (5, 12), (14, 15), (17, 14), (9, 10), (11, 7), (2, 4), (1, 8), (13, 10), (6, 4), (7, 3), (6, 13), (16, 15), (7, 12), (18, 12), (20, 15), (22, 12), (3, 8), (5, 5), (14, 8), (9, 3), (5, 14), (9, 12), (11, 9), (13, 3), (1, 10), (13, 12), (6, 6), (7, 5), (7, 14), (18, 14), (3, 1), (22, 14), (12, 13), (3, 10), (5, 7), (14, 10), (17, 9), (9, 5), (11, 2), (24, 15), (23, 13), (9, 14), (1, 3), (13, 5), (10, 15), (1, 12), (13, 14), (7, 7), (18, 7), (3, 3), (14, 3), (12, 15), (3, 12), (5, 9), (14, 12), (23, 15), (9, 7), (11, 4), (10, 8), (1, 5), (13, 7), (6, 1), (1, 14), (2, 13), (25, 15), (7, 9), (18, 9), (21, 11), (3, 5), (5, 2), (14, 5), (3, 14), (14, 14), (4, 13), (9, 9), (8, 13), (10, 10), (1, 7), (13, 9), (19, 13), (7, 2), (2, 15), (18, 11), (6, 15), (21, 13), (3, 7), (5, 4), (14, 7), (9, 2), (5, 13), (4, 15), (10, 3), (13, 2), (8, 15), (10, 12), (1, 9), (19, 15), (2, 8), (7, 4), (6, 8), (12, 3), (22, 13), (21, 15), (3, 9), (14, 9), (18, 8), (19, 8), (10, 5), (1, 2), (13, 4), (10, 14), (11, 13), (2, 10), (16, 9), (6, 10), (20, 9), (12, 5), (3, 2), (23, 14), (3, 11), (17, 13), (19, 10), (10, 7), (1, 4), (2, 3), (1, 13), (11, 15), (2, 12), (6, 3), (15, 15), (6, 12), (21, 10), (12, 7), (3, 4), (14, 4), (4, 3), (8, 3), (17, 15), (19, 12), (10, 9), (9, 11), (11, 8), (2, 5), (2, 14), (6, 5), (6, 14), (20, 13), (7, 13), (18, 13), (12, 9), (21, 12), (4, 5), (17, 8), (8, 5), (10, 2), (9, 4), (5, 15), (19, 14), (9, 13), (11, 10), (2, 7), (13, 13), (6, 7), (7, 15), (18, 15), (21, 14), (4, 7), (22, 15), (5, 8), (8, 7), (10, 4), (9, 6), (11, 3), (17, 10), (10, 13), (9, 15), (11, 12), (2, 9), (13, 15), (6, 9), (7, 8)]",25,0,25
205,"(23, 12)","(22, 12)",East,[],"['(23, 12)', '(24, 13)', '(18, 6)', '(26, 15)', '(25, 14)', '(21, 9)', '(17, 7)', '(14, 2)', '(19, 7)', '(22, 10)']","['(24, 13)', '(25, 14)', '(18, 6)', '(26, 15)', '(22, 10)', '(21, 9)', '(17, 7)', '(14, 2)', '(19, 7)']","[(4, 9), (3, 13), (5, 10), (8, 9), (14, 13), (9, 8), (17, 12), (2, 2), (11, 5), (19, 9), (11, 14), (13, 8), (6, 2), (1, 15), (15, 14), (6, 11), (16, 13), (7, 10), (18, 10), (3, 6), (5, 3), (9, 1), (3, 15), (5, 12), (14, 15), (17, 14), (9, 10), (11, 7), (2, 4), (1, 8), (13, 10), (6, 4), (7, 3), (6, 13), (16, 15), (7, 12), (18, 12), (20, 15), (22, 12), (3, 8), (5, 5), (14, 8), (9, 3), (5, 14), (9, 12), (11, 9), (13, 3), (1, 10), (13, 12), (6, 6), (7, 5), (7, 14), (18, 14), (3, 1), (22, 14), (12, 13), (3, 10), (5, 7), (14, 10), (17, 9), (9, 5), (11, 2), (24, 15), (23, 13), (9, 14), (1, 3), (13, 5), (10, 15), (1, 12), (13, 14), (7, 7), (18, 7), (3, 3), (14, 3), (12, 15), (3, 12), (5, 9), (14, 12), (23, 15), (9, 7), (11, 4), (10, 8), (1, 5), (13, 7), (6, 1), (1, 14), (2, 13), (25, 15), (7, 9), (18, 9), (21, 11), (3, 5), (5, 2), (14, 5), (3, 14), (14, 14), (4, 13), (9, 9), (8, 13), (10, 10), (1, 7), (13, 9), (19, 13), (7, 2), (2, 15), (18, 11), (6, 15), (21, 13), (3, 7), (5, 4), (14, 7), (9, 2), (5, 13), (4, 15), (10, 3), (13, 2), (8, 15), (10, 12), (1, 9), (19, 15), (2, 8), (7, 4), (6, 8), (12, 3), (22, 13), (21, 15), (23, 12), (3, 9), (14, 9), (18, 8), (19, 8), (10, 5), (1, 2), (13, 4), (10, 14), (11, 13), (2, 10), (16, 9), (6, 10), (20, 9), (12, 5), (3, 2), (23, 14), (3, 11), (17, 13), (19, 10), (10, 7), (1, 4), (2, 3), (1, 13), (11, 15), (2, 12), (6, 3), (15, 15), (6, 12), (21, 10), (12, 7), (3, 4), (14, 4), (4, 3), (8, 3), (17, 15), (19, 12), (10, 9), (9, 11), (11, 8), (2, 5), (2, 14), (6, 5), (6, 14), (20, 13), (7, 13), (18, 13), (12, 9), (21, 12), (4, 5), (17, 8), (8, 5), (10, 2), (9, 4), (5, 15), (19, 14), (9, 13), (11, 10), (2, 7), (13, 13), (6, 7), (7, 15), (18, 15), (21, 14), (4, 7), (22, 15), (5, 8), (8, 7), (10, 4), (9, 6), (11, 3), (17, 10), (10, 13), (9, 15), (11, 12), (2, 9), (13, 15), (6, 9), (7, 8)]",25,0,25
206,"(24, 13)","(23, 13)",East,"[((25, 13), 'East', 1)]","['(24, 13)', '(25, 14)', '(18, 6)', '(26, 15)', '(22, 10)', '(21, 9)', '(17, 7)', '(14, 2)', '(19, 7)']","['(25, 14)', '(26, 15)', '(18, 6)', '(14, 2)', '(22, 10)', '(21, 9)', '(17, 7)', '(19, 7)', '(25, 13)']","[(4, 9), (3, 13), (5, 10), (8, 9), (14, 13), (9, 8), (17, 12), (2, 2), (11, 5), (19, 9), (11, 14), (13, 8), (6, 2), (1, 15), (15, 14), (6, 11), (16, 13), (7, 10), (18, 10), (3, 6), (5, 3), (9, 1), (3, 15), (5, 12), (14, 15), (17, 14), (9, 10), (11, 7), (2, 4), (1, 8), (13, 10), (6, 4), (7, 3), (6, 13), (16, 15), (7, 12), (18, 12), (20, 15), (22, 12), (3, 8), (5, 5), (14, 8), (9, 3), (5, 14), (9, 12), (11, 9), (13, 3), (1, 10), (13, 12), (6, 6), (7, 5), (7, 14), (18, 14), (3, 1), (22, 14), (12, 13), (3, 10), (5, 7), (14, 10), (17, 9), (9, 5), (11, 2), (24, 15), (23, 13), (9, 14), (1, 3), (13, 5), (10, 15), (1, 12), (13, 14), (7, 7), (18, 7), (3, 3), (14, 3), (12, 15), (3, 12), (5, 9), (14, 12), (23, 15), (9, 7), (11, 4), (10, 8), (1, 5), (13, 7), (6, 1), (1, 14), (2, 13), (25, 15), (7, 9), (18, 9), (21, 11), (3, 5), (5, 2), (14, 5), (3, 14), (14, 14), (4, 13), (9, 9), (8, 13), (10, 10), (1, 7), (13, 9), (19, 13), (7, 2), (2, 15), (18, 11), (6, 15), (21, 13), (3, 7), (5, 4), (14, 7), (9, 2), (5, 13), (4, 15), (10, 3), (13, 2), (8, 15), (10, 12), (1, 9), (19, 15), (2, 8), (7, 4), (6, 8), (12, 3), (22, 13), (21, 15), (23, 12), (3, 9), (14, 9), (18, 8), (19, 8), (10, 5), (1, 2), (13, 4), (10, 14), (11, 13), (2, 10), (16, 9), (6, 10), (20, 9), (12, 5), (3, 2), (23, 14), (3, 11), (17, 13), (19, 10), (10, 7), (1, 4), (2, 3), (1, 13), (11, 15), (2, 12), (6, 3), (15, 15), (6, 12), (21, 10), (12, 7), (3, 4), (14, 4), (4, 3), (8, 3), (17, 15), (19, 12), (10, 9), (9, 11), (11, 8), (2, 5), (2, 14), (6, 5), (6, 14), (20, 13), (7, 13), (18, 13), (12, 9), (21, 12), (4, 5), (17, 8), (8, 5), (10, 2), (9, 4), (5, 15), (19, 14), (9, 13), (11, 10), (2, 7), (13, 13), (24, 13), (6, 7), (7, 15), (18, 15), (21, 14), (4, 7), (22, 15), (5, 8), (8, 7), (10, 4), (9, 6), (11, 3), (17, 10), (10, 13), (9, 15), (11, 12), (2, 9), (13, 15), (6, 9), (7, 8)]",25,0,25
207,"(25, 14)","(25, 15)",South,"[((26, 14), 'East', 1)]","['(25, 14)', '(26, 15)', '(18, 6)', '(14, 2)', '(22, 10)', '(21, 9)', '(17, 7)', '(19, 7)', '(25, 13)']","['(26, 15)', '(14, 2)', '(18, 6)', '(19, 7)', '(22, 10)', '(21, 9)', '(17, 7)', '(25, 13)', '(26, 14)']","[(4, 9), (3, 13), (5, 10), (8, 9), (14, 13), (9, 8), (17, 12), (2, 2), (11, 5), (19, 9), (11, 14), (13, 8), (6, 2), (1, 15), (15, 14), (6, 11), (16, 13), (7, 10), (18, 10), (3, 6), (5, 3), (9, 1), (3, 15), (5, 12), (14, 15), (17, 14), (9, 10), (11, 7), (2, 4), (1, 8), (13, 10), (6, 4), (7, 3), (6, 13), (16, 15), (7, 12), (18, 12), (20, 15), (22, 12), (3, 8), (5, 5), (14, 8), (9, 3), (5, 14), (9, 12), (11, 9), (13, 3), (1, 10), (13, 12), (6, 6), (7, 5), (7, 14), (18, 14), (3, 1), (22, 14), (12, 13), (3, 10), (5, 7), (14, 10), (17, 9), (9, 5), (11, 2), (24, 15), (23, 13), (9, 14), (1, 3), (13, 5), (10, 15), (1, 12), (13, 14), (7, 7), (18, 7), (3, 3), (14, 3), (12, 15), (3, 12), (5, 9), (14, 12), (23, 15), (9, 7), (11, 4), (10, 8), (1, 5), (13, 7), (6, 1), (1, 14), (2, 13), (25, 15), (7, 9), (18, 9), (21, 11), (3, 5), (5, 2), (14, 5), (3, 14), (14, 14), (4, 13), (9, 9), (8, 13), (10, 10), (1, 7), (13, 9), (19, 13), (7, 2), (2, 15), (18, 11), (6, 15), (21, 13), (3, 7), (5, 4), (14, 7), (9, 2), (5, 13), (4, 15), (10, 3), (13, 2), (8, 15), (10, 12), (1, 9), (19, 15), (2, 8), (7, 4), (6, 8), (12, 3), (22, 13), (21, 15), (23, 12), (3, 9), (14, 9), (18, 8), (19, 8), (10, 5), (1, 2), (13, 4), (10, 14), (11, 13), (2, 10), (16, 9), (6, 10), (20, 9), (12, 5), (3, 2), (23, 14), (3, 11), (17, 13), (19, 10), (10, 7), (1, 4), (2, 3), (1, 13), (11, 15), (2, 12), (25, 14), (6, 3), (15, 15), (6, 12), (21, 10), (12, 7), (3, 4), (14, 4), (4, 3), (8, 3), (17, 15), (19, 12), (10, 9), (9, 11), (11, 8), (2, 5), (2, 14), (6, 5), (6, 14), (20, 13), (7, 13), (18, 13), (12, 9), (21, 12), (4, 5), (17, 8), (8, 5), (10, 2), (9, 4), (5, 15), (19, 14), (9, 13), (11, 10), (2, 7), (13, 13), (24, 13), (6, 7), (7, 15), (18, 15), (21, 14), (4, 7), (22, 15), (5, 8), (8, 7), (10, 4), (9, 6), (11, 3), (17, 10), (10, 13), (9, 15), (11, 12), (2, 9), (13, 15), (6, 9), (7, 8)]",25,0,25
208,"(26, 15)","(25, 15)",East,"[((27, 15), 'East', 1)]","['(26, 15)', '(14, 2)', '(18, 6)', '(19, 7)', '(22, 10)', '(21, 9)', '(17, 7)', '(25, 13)', '(26, 14)']","['(14, 2)', '(19, 7)', '(18, 6)', '(25, 13)', '(22, 10)', '(21, 9)', '(17, 7)', '(26, 14)', '(27, 15)']","[(4, 9), (3, 13), (5, 10), (8, 9), (14, 13), (9, 8), (17, 12), (2, 2), (11, 5), (19, 9), (11, 14), (13, 8), (6, 2), (1, 15), (15, 14), (6, 11), (16, 13), (7, 10), (18, 10), (3, 6), (5, 3), (9, 1), (3, 15), (5, 12), (14, 15), (17, 14), (9, 10), (11, 7), (2, 4), (1, 8), (13, 10), (6, 4), (7, 3), (6, 13), (16, 15), (7, 12), (18, 12), (20, 15), (22, 12), (3, 8), (5, 5), (14, 8), (9, 3), (5, 14), (9, 12), (11, 9), (13, 3), (1, 10), (13, 12), (6, 6), (7, 5), (7, 14), (18, 14), (3, 1), (22, 14), (12, 13), (3, 10), (5, 7), (14, 10), (17, 9), (9, 5), (11, 2), (24, 15), (23, 13), (9, 14), (1, 3), (13, 5), (10, 15), (1, 12), (13, 14), (7, 7), (18, 7), (3, 3), (14, 3), (12, 15), (3, 12), (5, 9), (14, 12), (23, 15), (9, 7), (11, 4), (10, 8), (1, 5), (13, 7), (6, 1), (1, 14), (2, 13), (25, 15), (7, 9), (18, 9), (21, 11), (3, 5), (5, 2), (14, 5), (3, 14), (14, 14), (4, 13), (9, 9), (8, 13), (10, 10), (1, 7), (13, 9), (19, 13), (7, 2), (2, 15), (18, 11), (6, 15), (21, 13), (3, 7), (5, 4), (14, 7), (9, 2), (5, 13), (4, 15), (10, 3), (13, 2), (8, 15), (10, 12), (1, 9), (19, 15), (2, 8), (7, 4), (6, 8), (12, 3), (22, 13), (21, 15), (23, 12), (3, 9), (14, 9), (18, 8), (19, 8), (10, 5), (1, 2), (13, 4), (10, 14), (11, 13), (2, 10), (16, 9), (6, 10), (20, 9), (12, 5), (3, 2), (23, 14), (3, 11), (17, 13), (19, 10), (10, 7), (1, 4), (2, 3), (1, 13), (11, 15), (2, 12), (25, 14), (6, 3), (15, 15), (6, 12), (26, 15), (21, 10), (12, 7), (3, 4), (14, 4), (4, 3), (8, 3), (17, 15), (19, 12), (10, 9), (9, 11), (11, 8), (2, 5), (2, 14), (6, 5), (6, 14), (20, 13), (7, 13), (18, 13), (12, 9), (21, 12), (4, 5), (17, 8), (8, 5), (10, 2), (9, 4), (5, 15), (19, 14), (9, 13), (11, 10), (2, 7), (13, 13), (24, 13), (6, 7), (7, 15), (18, 15), (21, 14), (4, 7), (22, 15), (5, 8), (8, 7), (10, 4), (9, 6), (11, 3), (17, 10), (10, 13), (9, 15), (11, 12), (2, 9), (13, 15), (6, 9), (7, 8)]",25,0,25
209,"(14, 2)","(13, 2)",East,"[((15, 2), 'East', 1)]","['(14, 2)', '(19, 7)', '(18, 6)', '(25, 13)', '(22, 10)', '(21, 9)', '(17, 7)', '(26, 14)', '(27, 15)']","['(18, 6)', '(19, 7)', '(17, 7)', '(25, 13)', '(22, 10)', '(21, 9)', '(27, 15)', '(26, 14)', '(15, 2)']","[(4, 9), (3, 13), (5, 10), (8, 9), (14, 13), (9, 8), (17, 12), (2, 2), (11, 5), (19, 9), (11, 14), (13, 8), (6, 2), (1, 15), (15, 14), (6, 11), (16, 13), (7, 10), (18, 10), (3, 6), (5, 3), (9, 1), (3, 15), (5, 12), (14, 15), (17, 14), (9, 10), (11, 7), (2, 4), (1, 8), (13, 10), (6, 4), (7, 3), (6, 13), (16, 15), (7, 12), (18, 12), (20, 15), (22, 12), (3, 8), (5, 5), (14, 8), (9, 3), (5, 14), (9, 12), (11, 9), (13, 3), (1, 10), (13, 12), (6, 6), (7, 5), (7, 14), (18, 14), (3, 1), (22, 14), (12, 13), (3, 10), (5, 7), (14, 10), (17, 9), (9, 5), (11, 2), (24, 15), (23, 13), (9, 14), (1, 3), (13, 5), (10, 15), (1, 12), (13, 14), (7, 7), (18, 7), (3, 3), (14, 3), (12, 15), (3, 12), (5, 9), (14, 12), (23, 15), (9, 7), (11, 4), (10, 8), (1, 5), (13, 7), (6, 1), (1, 14), (2, 13), (25, 15), (7, 9), (18, 9), (21, 11), (3, 5), (5, 2), (14, 5), (3, 14), (14, 14), (4, 13), (9, 9), (8, 13), (10, 10), (1, 7), (13, 9), (19, 13), (7, 2), (2, 15), (18, 11), (6, 15), (21, 13), (3, 7), (5, 4), (14, 7), (9, 2), (5, 13), (4, 15), (10, 3), (13, 2), (8, 15), (10, 12), (1, 9), (19, 15), (2, 8), (7, 4), (6, 8), (12, 3), (22, 13), (21, 15), (23, 12), (3, 9), (14, 9), (18, 8), (19, 8), (10, 5), (1, 2), (13, 4), (10, 14), (11, 13), (2, 10), (16, 9), (6, 10), (20, 9), (12, 5), (3, 2), (14, 2), (23, 14), (3, 11), (17, 13), (19, 10), (10, 7), (1, 4), (2, 3), (1, 13), (11, 15), (2, 12), (25, 14), (6, 3), (15, 15), (6, 12), (26, 15), (21, 10), (12, 7), (3, 4), (14, 4), (4, 3), (8, 3), (17, 15), (19, 12), (10, 9), (9, 11), (11, 8), (2, 5), (2, 14), (6, 5), (6, 14), (20, 13), (7, 13), (18, 13), (12, 9), (21, 12), (4, 5), (17, 8), (8, 5), (10, 2), (9, 4), (5, 15), (19, 14), (9, 13), (11, 10), (2, 7), (13, 13), (24, 13), (6, 7), (7, 15), (18, 15), (21, 14), (4, 7), (22, 15), (5, 8), (8, 7), (10, 4), (9, 6), (11, 3), (17, 10), (10, 13), (9, 15), (11, 12), (2, 9), (13, 15), (6, 9), (7, 8)]",26,0,26
210,"(18, 6)","(18, 7)",South,"[((18, 5), 'South', 1)]","['(18, 6)', '(19, 7)', '(17, 7)', '(25, 13)', '(22, 10)', '(21, 9)', '(27, 15)', '(26, 14)', '(15, 2)']","['(19, 7)', '(22, 10)', '(17, 7)', '(25, 13)', '(15, 2)', '(21, 9)', '(27, 15)', '(26, 14)', '(18, 5)']","[(4, 9), (3, 13), (5, 10), (8, 9), (14, 13), (9, 8), (17, 12), (2, 2), (11, 5), (19, 9), (11, 14), (13, 8), (6, 2), (1, 15), (15, 14), (6, 11), (16, 13), (7, 10), (18, 10), (3, 6), (5, 3), (9, 1), (3, 15), (5, 12), (14, 15), (17, 14), (9, 10), (11, 7), (2, 4), (1, 8), (13, 10), (6, 4), (7, 3), (6, 13), (16, 15), (7, 12), (18, 12), (20, 15), (22, 12), (3, 8), (5, 5), (14, 8), (9, 3), (5, 14), (9, 12), (11, 9), (13, 3), (1, 10), (13, 12), (6, 6), (7, 5), (7, 14), (18, 14), (3, 1), (22, 14), (12, 13), (3, 10), (5, 7), (14, 10), (17, 9), (9, 5), (11, 2), (24, 15), (23, 13), (9, 14), (1, 3), (13, 5), (10, 15), (1, 12), (13, 14), (7, 7), (18, 7), (3, 3), (14, 3), (12, 15), (3, 12), (5, 9), (14, 12), (23, 15), (9, 7), (11, 4), (10, 8), (1, 5), (13, 7), (6, 1), (1, 14), (2, 13), (25, 15), (7, 9), (18, 9), (21, 11), (3, 5), (5, 2), (14, 5), (3, 14), (14, 14), (4, 13), (9, 9), (8, 13), (10, 10), (1, 7), (13, 9), (19, 13), (7, 2), (2, 15), (18, 11), (6, 15), (21, 13), (3, 7), (5, 4), (14, 7), (9, 2), (5, 13), (4, 15), (10, 3), (13, 2), (8, 15), (10, 12), (1, 9), (19, 15), (2, 8), (7, 4), (6, 8), (12, 3), (22, 13), (21, 15), (23, 12), (3, 9), (14, 9), (18, 8), (19, 8), (10, 5), (1, 2), (13, 4), (10, 14), (11, 13), (2, 10), (16, 9), (6, 10), (20, 9), (12, 5), (3, 2), (14, 2), (23, 14), (3, 11), (17, 13), (19, 10), (10, 7), (1, 4), (2, 3), (1, 13), (11, 15), (2, 12), (25, 14), (6, 3), (15, 15), (6, 12), (26, 15), (21, 10), (12, 7), (3, 4), (14, 4), (4, 3), (8, 3), (17, 15), (19, 12), (10, 9), (9, 11), (11, 8), (2, 5), (2, 14), (6, 5), (6, 14), (20, 13), (7, 13), (18, 13), (12, 9), (21, 12), (4, 5), (17, 8), (8, 5), (10, 2), (9, 4), (5, 15), (19, 14), (9, 13), (11, 10), (2, 7), (13, 13), (24, 13), (6, 7), (18, 6), (7, 15), (18, 15), (21, 14), (4, 7), (22, 15), (5, 8), (8, 7), (10, 4), (9, 6), (11, 3), (17, 10), (10, 13), (9, 15), (11, 12), (2, 9), (13, 15), (6, 9), (7, 8)]",26,0,26
211,"(19, 7)","(18, 7)",East,"[((20, 7), 'East', 1)]","['(19, 7)', '(22, 10)', '(17, 7)', '(25, 13)', '(15, 2)', '(21, 9)', '(27, 15)', '(26, 14)', '(18, 5)']","['(17, 7)', '(22, 10)', '(21, 9)', '(25, 13)', '(15, 2)', '(18, 5)', '(27, 15)', '(26, 14)', '(20, 7)']","[(4, 9), (3, 13), (5, 10), (8, 9), (14, 13), (9, 8), (17, 12), (2, 2), (11, 5), (19, 9), (11, 14), (13, 8), (6, 2), (1, 15), (15, 14), (6, 11), (16, 13), (7, 10), (18, 10), (3, 6), (5, 3), (9, 1), (3, 15), (5, 12), (14, 15), (17, 14), (9, 10), (11, 7), (2, 4), (1, 8), (13, 10), (6, 4), (7, 3), (6, 13), (16, 15), (7, 12), (18, 12), (20, 15), (22, 12), (3, 8), (5, 5), (14, 8), (9, 3), (5, 14), (9, 12), (11, 9), (13, 3), (1, 10), (13, 12), (6, 6), (7, 5), (7, 14), (18, 14), (3, 1), (22, 14), (12, 13), (3, 10), (5, 7), (14, 10), (17, 9), (9, 5), (11, 2), (24, 15), (23, 13), (9, 14), (1, 3), (13, 5), (10, 15), (1, 12), (13, 14), (7, 7), (18, 7), (3, 3), (14, 3), (12, 15), (3, 12), (5, 9), (14, 12), (23, 15), (9, 7), (11, 4), (10, 8), (1, 5), (13, 7), (6, 1), (1, 14), (2, 13), (25, 15), (7, 9), (18, 9), (21, 11), (3, 5), (5, 2), (14, 5), (3, 14), (14, 14), (4, 13), (9, 9), (8, 13), (10, 10), (1, 7), (13, 9), (19, 13), (7, 2), (2, 15), (18, 11), (6, 15), (21, 13), (3, 7), (5, 4), (14, 7), (9, 2), (5, 13), (4, 15), (10, 3), (13, 2), (8, 15), (10, 12), (1, 9), (19, 15), (2, 8), (7, 4), (6, 8), (12, 3), (22, 13), (21, 15), (23, 12), (3, 9), (14, 9), (18, 8), (19, 8), (10, 5), (1, 2), (13, 4), (10, 14), (11, 13), (2, 10), (16, 9), (6, 10), (20, 9), (12, 5), (3, 2), (14, 2), (23, 14), (3, 11), (17, 13), (19, 10), (10, 7), (1, 4), (2, 3), (1, 13), (11, 15), (2, 12), (25, 14), (6, 3), (15, 15), (6, 12), (26, 15), (21, 10), (12, 7), (3, 4), (14, 4), (4, 3), (8, 3), (17, 15), (19, 12), (10, 9), (9, 11), (11, 8), (2, 5), (2, 14), (6, 5), (6, 14), (20, 13), (7, 13), (18, 13), (12, 9), (21, 12), (4, 5), (17, 8), (8, 5), (10, 2), (9, 4), (5, 15), (19, 14), (9, 13), (11, 10), (2, 7), (13, 13), (24, 13), (6, 7), (18, 6), (7, 15), (18, 15), (21, 14), (4, 7), (22, 15), (5, 8), (8, 7), (10, 4), (9, 6), (11, 3), (17, 10), (19, 7), (10, 13), (9, 15), (11, 12), (2, 9), (13, 15), (6, 9), (7, 8)]",26,0,26
212,"(17, 7)","(18, 7)",West,"[((16, 7), 'West', 1)]","['(17, 7)', '(22, 10)', '(21, 9)', '(25, 13)', '(15, 2)', '(18, 5)', '(27, 15)', '(26, 14)', '(20, 7)']","['(21, 9)', '(22, 10)', '(27, 15)', '(25, 13)', '(15, 2)', '(18, 5)', '(20, 7)', '(26, 14)', '(16, 7)']","[(4, 9), (3, 13), (5, 10), (8, 9), (14, 13), (9, 8), (17, 12), (2, 2), (11, 5), (19, 9), (11, 14), (13, 8), (6, 2), (1, 15), (15, 14), (6, 11), (16, 13), (7, 10), (18, 10), (3, 6), (5, 3), (9, 1), (3, 15), (5, 12), (14, 15), (17, 14), (9, 10), (11, 7), (2, 4), (1, 8), (13, 10), (6, 4), (7, 3), (6, 13), (16, 15), (7, 12), (18, 12), (20, 15), (22, 12), (3, 8), (5, 5), (14, 8), (17, 7), (9, 3), (5, 14), (9, 12), (11, 9), (13, 3), (1, 10), (13, 12), (6, 6), (7, 5), (7, 14), (18, 14), (3, 1), (22, 14), (12, 13), (3, 10), (5, 7), (14, 10), (17, 9), (9, 5), (11, 2), (24, 15), (23, 13), (9, 14), (1, 3), (13, 5), (10, 15), (1, 12), (13, 14), (7, 7), (18, 7), (3, 3), (14, 3), (12, 15), (3, 12), (5, 9), (14, 12), (23, 15), (9, 7), (11, 4), (10, 8), (1, 5), (13, 7), (6, 1), (1, 14), (2, 13), (25, 15), (7, 9), (18, 9), (21, 11), (3, 5), (5, 2), (14, 5), (3, 14), (14, 14), (4, 13), (9, 9), (8, 13), (10, 10), (1, 7), (13, 9), (19, 13), (7, 2), (2, 15), (18, 11), (6, 15), (21, 13), (3, 7), (5, 4), (14, 7), (9, 2), (5, 13), (4, 15), (10, 3), (13, 2), (8, 15), (10, 12), (1, 9), (19, 15), (2, 8), (7, 4), (6, 8), (12, 3), (22, 13), (21, 15), (23, 12), (3, 9), (14, 9), (18, 8), (19, 8), (10, 5), (1, 2), (13, 4), (10, 14), (11, 13), (2, 10), (16, 9), (6, 10), (20, 9), (12, 5), (3, 2), (14, 2), (23, 14), (3, 11), (17, 13), (19, 10), (10, 7), (1, 4), (2, 3), (1, 13), (11, 15), (2, 12), (25, 14), (6, 3), (15, 15), (6, 12), (26, 15), (21, 10), (12, 7), (3, 4), (14, 4), (4, 3), (8, 3), (17, 15), (19, 12), (10, 9), (9, 11), (11, 8), (2, 5), (2, 14), (6, 5), (6, 14), (20, 13), (7, 13), (18, 13), (12, 9), (21, 12), (4, 5), (17, 8), (8, 5), (10, 2), (9, 4), (5, 15), (19, 14), (9, 13), (11, 10), (2, 7), (13, 13), (24, 13), (6, 7), (18, 6), (7, 15), (18, 15), (21, 14), (4, 7), (22, 15), (5, 8), (8, 7), (10, 4), (9, 6), (11, 3), (17, 10), (19, 7), (10, 13), (9, 15), (11, 12), (2, 9), (13, 15), (6, 9), (7, 8)]",26,0,26
213,"(21, 9)","(20, 9)",East,"[((21, 8), 'South', 1), ((22, 9), 'East', 1)]","['(21, 9)', '(22, 10)', '(27, 15)', '(25, 13)', '(15, 2)', '(18, 5)', '(20, 7)', '(26, 14)', '(16, 7)']","['(22, 10)', '(25, 13)', '(27, 15)', '(26, 14)', '(15, 2)', '(18, 5)', '(20, 7)', '(16, 7)', '(21, 8)', '(22, 9)']","[(4, 9), (3, 13), (5, 10), (8, 9), (14, 13), (9, 8), (17, 12), (2, 2), (11, 5), (19, 9), (11, 14), (13, 8), (6, 2), (1, 15), (15, 14), (6, 11), (16, 13), (7, 10), (18, 10), (21, 9), (3, 6), (5, 3), (9, 1), (3, 15), (5, 12), (14, 15), (17, 14), (9, 10), (11, 7), (2, 4), (1, 8), (13, 10), (6, 4), (7, 3), (6, 13), (16, 15), (7, 12), (18, 12), (20, 15), (22, 12), (3, 8), (5, 5), (14, 8), (17, 7), (9, 3), (5, 14), (9, 12), (11, 9), (13, 3), (1, 10), (13, 12), (6, 6), (7, 5), (7, 14), (18, 14), (3, 1), (22, 14), (12, 13), (3, 10), (5, 7), (14, 10), (17, 9), (9, 5), (11, 2), (24, 15), (23, 13), (9, 14), (1, 3), (13, 5), (10, 15), (1, 12), (13, 14), (7, 7), (18, 7), (3, 3), (14, 3), (12, 15), (3, 12), (5, 9), (14, 12), (23, 15), (9, 7), (11, 4), (10, 8), (1, 5), (13, 7), (6, 1), (1, 14), (2, 13), (25, 15), (7, 9), (18, 9), (21, 11), (3, 5), (5, 2), (14, 5), (3, 14), (14, 14), (4, 13), (9, 9), (8, 13), (10, 10), (1, 7), (13, 9), (19, 13), (7, 2), (2, 15), (18, 11), (6, 15), (21, 13), (3, 7), (5, 4), (14, 7), (9, 2), (5, 13), (4, 15), (10, 3), (13, 2), (8, 15), (10, 12), (1, 9), (19, 15), (2, 8), (7, 4), (6, 8), (12, 3), (22, 13), (21, 15), (23, 12), (3, 9), (14, 9), (18, 8), (19, 8), (10, 5), (1, 2), (13, 4), (10, 14), (11, 13), (2, 10), (16, 9), (6, 10), (20, 9), (12, 5), (3, 2), (14, 2), (23, 14), (3, 11), (17, 13), (19, 10), (10, 7), (1, 4), (2, 3), (1, 13), (11, 15), (2, 12), (25, 14), (6, 3), (15, 15), (6, 12), (26, 15), (21, 10), (12, 7), (3, 4), (14, 4), (4, 3), (8, 3), (17, 15), (19, 12), (10, 9), (9, 11), (11, 8), (2, 5), (2, 14), (6, 5), (6, 14), (20, 13), (7, 13), (18, 13), (12, 9), (21, 12), (4, 5), (17, 8), (8, 5), (10, 2), (9, 4), (5, 15), (19, 14), (9, 13), (11, 10), (2, 7), (13, 13), (24, 13), (6, 7), (18, 6), (7, 15), (18, 15), (21, 14), (4, 7), (22, 15), (5, 8), (8, 7), (10, 4), (9, 6), (11, 3), (17, 10), (19, 7), (10, 13), (9, 15), (11, 12), (2, 9), (13, 15), (6, 9), (7, 8)]",26,0,26
214,"(22, 10)","(21, 10)",East,"[((23, 10), 'East', 1)]","['(22, 10)', '(25, 13)', '(27, 15)', '(26, 14)', '(15, 2)', '(18, 5)', '(20, 7)', '(16, 7)', '(21, 8)', '(22, 9)']","['(25, 13)', '(26, 14)', '(27, 15)', '(16, 7)', '(15, 2)', '(18, 5)', '(20, 7)', '(22, 9)', '(21, 8)', '(23, 10)']","[(4, 9), (3, 13), (5, 10), (8, 9), (14, 13), (9, 8), (17, 12), (2, 2), (11, 5), (19, 9), (11, 14), (13, 8), (6, 2), (1, 15), (15, 14), (6, 11), (16, 13), (7, 10), (18, 10), (21, 9), (22, 10), (3, 6), (5, 3), (9, 1), (3, 15), (5, 12), (14, 15), (17, 14), (9, 10), (11, 7), (2, 4), (1, 8), (13, 10), (6, 4), (7, 3), (6, 13), (16, 15), (7, 12), (18, 12), (20, 15), (22, 12), (3, 8), (5, 5), (14, 8), (17, 7), (9, 3), (5, 14), (9, 12), (11, 9), (13, 3), (1, 10), (13, 12), (6, 6), (7, 5), (7, 14), (18, 14), (3, 1), (22, 14), (12, 13), (3, 10), (5, 7), (14, 10), (17, 9), (9, 5), (11, 2), (24, 15), (23, 13), (9, 14), (1, 3), (13, 5), (10, 15), (1, 12), (13, 14), (7, 7), (18, 7), (3, 3), (14, 3), (12, 15), (3, 12), (5, 9), (14, 12), (23, 15), (9, 7), (11, 4), (10, 8), (1, 5), (13, 7), (6, 1), (1, 14), (2, 13), (25, 15), (7, 9), (18, 9), (21, 11), (3, 5), (5, 2), (14, 5), (3, 14), (14, 14), (4, 13), (9, 9), (8, 13), (10, 10), (1, 7), (13, 9), (19, 13), (7, 2), (2, 15), (18, 11), (6, 15), (21, 13), (3, 7), (5, 4), (14, 7), (9, 2), (5, 13), (4, 15), (10, 3), (13, 2), (8, 15), (10, 12), (1, 9), (19, 15), (2, 8), (7, 4), (6, 8), (12, 3), (22, 13), (21, 15), (23, 12), (3, 9), (14, 9), (18, 8), (19, 8), (10, 5), (1, 2), (13, 4), (10, 14), (11, 13), (2, 10), (16, 9), (6, 10), (20, 9), (12, 5), (3, 2), (14, 2), (23, 14), (3, 11), (17, 13), (19, 10), (10, 7), (1, 4), (2, 3), (1, 13), (11, 15), (2, 12), (25, 14), (6, 3), (15, 15), (6, 12), (26, 15), (21, 10), (12, 7), (3, 4), (14, 4), (4, 3), (8, 3), (17, 15), (19, 12), (10, 9), (9, 11), (11, 8), (2, 5), (2, 14), (6, 5), (6, 14), (20, 13), (7, 13), (18, 13), (12, 9), (21, 12), (4, 5), (17, 8), (8, 5), (10, 2), (9, 4), (5, 15), (19, 14), (9, 13), (11, 10), (2, 7), (13, 13), (24, 13), (6, 7), (18, 6), (7, 15), (18, 15), (21, 14), (4, 7), (22, 15), (5, 8), (8, 7), (10, 4), (9, 6), (11, 3), (17, 10), (19, 7), (10, 13), (9, 15), (11, 12), (2, 9), (13, 15), (6, 9), (7, 8)]",26,0,26
215,"(25, 13)","(24, 13)",East,"[((25, 12), 'South', 1), ((26, 13), 'East', 1)]","['(25, 13)', '(26, 14)', '(27, 15)', '(16, 7)', '(15, 2)', '(18, 5)', '(20, 7)', '(22, 9)', '(21, 8)', '(23, 10)']","['(26, 14)', '(15, 2)', '(27, 15)', '(16, 7)', '(23, 10)', '(18, 5)', '(20, 7)', '(22, 9)', '(21, 8)', '(25, 12)', '(26, 13)']","[(4, 9), (3, 13), (5, 10), (8, 9), (14, 13), (9, 8), (17, 12), (2, 2), (11, 5), (19, 9), (11, 14), (13, 8), (6, 2), (1, 15), (15, 14), (6, 11), (16, 13), (7, 10), (18, 10), (21, 9), (22, 10), (3, 6), (5, 3), (9, 1), (3, 15), (5, 12), (14, 15), (17, 14), (9, 10), (11, 7), (2, 4), (1, 8), (13, 10), (6, 4), (7, 3), (6, 13), (16, 15), (7, 12), (18, 12), (20, 15), (22, 12), (3, 8), (5, 5), (14, 8), (17, 7), (9, 3), (5, 14), (9, 12), (11, 9), (13, 3), (1, 10), (13, 12), (6, 6), (7, 5), (7, 14), (18, 14), (3, 1), (22, 14), (12, 13), (3, 10), (5, 7), (14, 10), (17, 9), (9, 5), (11, 2), (24, 15), (23, 13), (9, 14), (1, 3), (13, 5), (10, 15), (1, 12), (13, 14), (25, 13), (7, 7), (18, 7), (3, 3), (14, 3), (12, 15), (3, 12), (5, 9), (14, 12), (23, 15), (9, 7), (11, 4), (10, 8), (1, 5), (13, 7), (6, 1), (1, 14), (2, 13), (25, 15), (7, 9), (18, 9), (21, 11), (3, 5), (5, 2), (14, 5), (3, 14), (14, 14), (4, 13), (9, 9), (8, 13), (10, 10), (1, 7), (13, 9), (19, 13), (7, 2), (2, 15), (18, 11), (6, 15), (21, 13), (3, 7), (5, 4), (14, 7), (9, 2), (5, 13), (4, 15), (10, 3), (13, 2), (8, 15), (10, 12), (1, 9), (19, 15), (2, 8), (7, 4), (6, 8), (12, 3), (22, 13), (21, 15), (23, 12), (3, 9), (14, 9), (18, 8), (19, 8), (10, 5), (1, 2), (13, 4), (10, 14), (11, 13), (2, 10), (16, 9), (6, 10), (20, 9), (12, 5), (3, 2), (14, 2), (23, 14), (3, 11), (17, 13), (19, 10), (10, 7), (1, 4), (2, 3), (1, 13), (11, 15), (2, 12), (25, 14), (6, 3), (15, 15), (6, 12), (26, 15), (21, 10), (12, 7), (3, 4), (14, 4), (4, 3), (8, 3), (17, 15), (19, 12), (10, 9), (9, 11), (11, 8), (2, 5), (2, 14), (6, 5), (6, 14), (20, 13), (7, 13), (18, 13), (12, 9), (21, 12), (4, 5), (17, 8), (8, 5), (10, 2), (9, 4), (5, 15), (19, 14), (9, 13), (11, 10), (2, 7), (13, 13), (24, 13), (6, 7), (18, 6), (7, 15), (18, 15), (21, 14), (4, 7), (22, 15), (5, 8), (8, 7), (10, 4), (9, 6), (11, 3), (17, 10), (19, 7), (10, 13), (9, 15), (11, 12), (2, 9), (13, 15), (6, 9), (7, 8)]",26,0,26
216,"(26, 14)","(25, 14)",East,"[((27, 14), 'East', 1)]","['(26, 14)', '(15, 2)', '(27, 15)', '(16, 7)', '(23, 10)', '(18, 5)', '(20, 7)', '(22, 9)', '(21, 8)', '(25, 12)', '(26, 13)']","['(27, 15)', '(15, 2)', '(18, 5)', '(16, 7)', '(23, 10)', '(26, 13)', '(20, 7)', '(22, 9)', '(21, 8)', '(25, 12)', '(27, 14)']","[(4, 9), (3, 13), (5, 10), (8, 9), (14, 13), (9, 8), (17, 12), (2, 2), (11, 5), (19, 9), (11, 14), (13, 8), (6, 2), (1, 15), (15, 14), (6, 11), (16, 13), (7, 10), (18, 10), (21, 9), (26, 14), (22, 10), (3, 6), (5, 3), (9, 1), (3, 15), (5, 12), (14, 15), (17, 14), (9, 10), (11, 7), (2, 4), (1, 8), (13, 10), (6, 4), (7, 3), (6, 13), (16, 15), (7, 12), (18, 12), (20, 15), (22, 12), (3, 8), (5, 5), (14, 8), (17, 7), (9, 3), (5, 14), (9, 12), (11, 9), (13, 3), (1, 10), (13, 12), (6, 6), (7, 5), (7, 14), (18, 14), (3, 1), (22, 14), (12, 13), (3, 10), (5, 7), (14, 10), (17, 9), (9, 5), (11, 2), (24, 15), (23, 13), (9, 14), (1, 3), (13, 5), (10, 15), (1, 12), (13, 14), (25, 13), (7, 7), (18, 7), (3, 3), (14, 3), (12, 15), (3, 12), (5, 9), (14, 12), (23, 15), (9, 7), (11, 4), (10, 8), (1, 5), (13, 7), (6, 1), (1, 14), (2, 13), (25, 15), (7, 9), (18, 9), (21, 11), (3, 5), (5, 2), (14, 5), (3, 14), (14, 14), (4, 13), (9, 9), (8, 13), (10, 10), (1, 7), (13, 9), (19, 13), (7, 2), (2, 15), (18, 11), (6, 15), (21, 13), (3, 7), (5, 4), (14, 7), (9, 2), (5, 13), (4, 15), (10, 3), (13, 2), (8, 15), (10, 12), (1, 9), (19, 15), (2, 8), (7, 4), (6, 8), (12, 3), (22, 13), (21, 15), (23, 12), (3, 9), (14, 9), (18, 8), (19, 8), (10, 5), (1, 2), (13, 4), (10, 14), (11, 13), (2, 10), (16, 9), (6, 10), (20, 9), (12, 5), (3, 2), (14, 2), (23, 14), (3, 11), (17, 13), (19, 10), (10, 7), (1, 4), (2, 3), (1, 13), (11, 15), (2, 12), (25, 14), (6, 3), (15, 15), (6, 12), (26, 15), (21, 10), (12, 7), (3, 4), (14, 4), (4, 3), (8, 3), (17, 15), (19, 12), (10, 9), (9, 11), (11, 8), (2, 5), (2, 14), (6, 5), (6, 14), (20, 13), (7, 13), (18, 13), (12, 9), (21, 12), (4, 5), (17, 8), (8, 5), (10, 2), (9, 4), (5, 15), (19, 14), (9, 13), (11, 10), (2, 7), (13, 13), (24, 13), (6, 7), (18, 6), (7, 15), (18, 15), (21, 14), (4, 7), (22, 15), (5, 8), (8, 7), (10, 4), (9, 6), (11, 3), (17, 10), (19, 7), (10, 13), (9, 15), (11, 12), (2, 9), (13, 15), (6, 9), (7, 8)]",26,0,26
217,"(27, 15)","(26, 15)",East,"[((28, 15), 'East', 1)]","['(27, 15)', '(15, 2)', '(18, 5)', '(16, 7)', '(23, 10)', '(26, 13)', '(20, 7)', '(22, 9)', '(21, 8)', '(25, 12)', '(27, 14)']","['(15, 2)', '(16, 7)', '(18, 5)', '(21, 8)', '(23, 10)', '(26, 13)', '(20, 7)', '(22, 9)', '(27, 14)', '(25, 12)', '(28, 15)']","[(4, 9), (3, 13), (5, 10), (8, 9), (14, 13), (9, 8), (17, 12), (2, 2), (11, 5), (19, 9), (11, 14), (13, 8), (6, 2), (1, 15), (15, 14), (6, 11), (16, 13), (7, 10), (18, 10), (21, 9), (26, 14), (22, 10), (3, 6), (5, 3), (9, 1), (3, 15), (5, 12), (14, 15), (17, 14), (9, 10), (11, 7), (2, 4), (1, 8), (13, 10), (6, 4), (7, 3), (6, 13), (16, 15), (7, 12), (18, 12), (20, 15), (22, 12), (3, 8), (5, 5), (14, 8), (17, 7), (9, 3), (5, 14), (9, 12), (11, 9), (13, 3), (1, 10), (13, 12), (6, 6), (7, 5), (7, 14), (18, 14), (3, 1), (22, 14), (12, 13), (3, 10), (5, 7), (14, 10), (17, 9), (9, 5), (11, 2), (24, 15), (23, 13), (9, 14), (1, 3), (13, 5), (10, 15), (1, 12), (13, 14), (25, 13), (7, 7), (18, 7), (3, 3), (14, 3), (12, 15), (3, 12), (5, 9), (14, 12), (23, 15), (9, 7), (11, 4), (27, 15), (10, 8), (1, 5), (13, 7), (6, 1), (1, 14), (2, 13), (25, 15), (7, 9), (18, 9), (21, 11), (3, 5), (5, 2), (14, 5), (3, 14), (14, 14), (4, 13), (9, 9), (8, 13), (10, 10), (1, 7), (13, 9), (19, 13), (7, 2), (2, 15), (18, 11), (6, 15), (21, 13), (3, 7), (5, 4), (14, 7), (9, 2), (5, 13), (4, 15), (10, 3), (13, 2), (8, 15), (10, 12), (1, 9), (19, 15), (2, 8), (7, 4), (6, 8), (12, 3), (22, 13), (21, 15), (23, 12), (3, 9), (14, 9), (18, 8), (19, 8), (10, 5), (1, 2), (13, 4), (10, 14), (11, 13), (2, 10), (16, 9), (6, 10), (20, 9), (12, 5), (3, 2), (14, 2), (23, 14), (3, 11), (17, 13), (19, 10), (10, 7), (1, 4), (2, 3), (1, 13), (11, 15), (2, 12), (25, 14), (6, 3), (15, 15), (6, 12), (26, 15), (21, 10), (12, 7), (3, 4), (14, 4), (4, 3), (8, 3), (17, 15), (19, 12), (10, 9), (9, 11), (11, 8), (2, 5), (2, 14), (6, 5), (6, 14), (20, 13), (7, 13), (18, 13), (12, 9), (21, 12), (4, 5), (17, 8), (8, 5), (10, 2), (9, 4), (5, 15), (19, 14), (9, 13), (11, 10), (2, 7), (13, 13), (24, 13), (6, 7), (18, 6), (7, 15), (18, 15), (21, 14), (4, 7), (22, 15), (5, 8), (8, 7), (10, 4), (9, 6), (11, 3), (17, 10), (19, 7), (10, 13), (9, 15), (11, 12), (2, 9), (13, 15), (6, 9), (7, 8)]",26,0,26
218,"(15, 2)","(14, 2)",East,"[((15, 1), 'South', 1)]","['(15, 2)', '(16, 7)', '(18, 5)', '(21, 8)', '(23, 10)', '(26, 13)', '(20, 7)', '(22, 9)', '(27, 14)', '(25, 12)', '(28, 15)']","['(18, 5)', '(16, 7)', '(20, 7)', '(21, 8)', '(23, 10)', '(26, 13)', '(28, 15)', '(22, 9)', '(27, 14)', '(25, 12)', '(15, 1)']","[(4, 9), (3, 13), (5, 10), (8, 9), (14, 13), (9, 8), (17, 12), (2, 2), (11, 5), (19, 9), (11, 14), (13, 8), (6, 2), (1, 15), (15, 14), (6, 11), (16, 13), (7, 10), (18, 10), (21, 9), (26, 14), (22, 10), (3, 6), (5, 3), (9, 1), (3, 15), (5, 12), (14, 15), (17, 14), (9, 10), (11, 7), (2, 4), (1, 8), (13, 10), (6, 4), (7, 3), (6, 13), (16, 15), (7, 12), (18, 12), (20, 15), (22, 12), (3, 8), (5, 5), (14, 8), (17, 7), (9, 3), (5, 14), (9, 12), (11, 9), (13, 3), (1, 10), (13, 12), (6, 6), (7, 5), (7, 14), (18, 14), (3, 1), (22, 14), (12, 13), (3, 10), (5, 7), (14, 10), (17, 9), (9, 5), (11, 2), (24, 15), (23, 13), (9, 14), (1, 3), (13, 5), (15, 2), (10, 15), (1, 12), (13, 14), (25, 13), (7, 7), (18, 7), (3, 3), (14, 3), (12, 15), (3, 12), (5, 9), (14, 12), (23, 15), (9, 7), (11, 4), (27, 15), (10, 8), (1, 5), (13, 7), (6, 1), (1, 14), (2, 13), (25, 15), (7, 9), (18, 9), (21, 11), (3, 5), (5, 2), (14, 5), (3, 14), (14, 14), (4, 13), (9, 9), (8, 13), (10, 10), (1, 7), (13, 9), (19, 13), (7, 2), (2, 15), (18, 11), (6, 15), (21, 13), (3, 7), (5, 4), (14, 7), (9, 2), (5, 13), (4, 15), (10, 3), (13, 2), (8, 15), (10, 12), (1, 9), (19, 15), (2, 8), (7, 4), (6, 8), (12, 3), (22, 13), (21, 15), (23, 12), (3, 9), (14, 9), (18, 8), (19, 8), (10, 5), (1, 2), (13, 4), (10, 14), (11, 13), (2, 10), (16, 9), (6, 10), (20, 9), (12, 5), (3, 2), (14, 2), (23, 14), (3, 11), (17, 13), (19, 10), (10, 7), (1, 4), (2, 3), (1, 13), (11, 15), (2, 12), (25, 14), (6, 3), (15, 15), (6, 12), (26, 15), (21, 10), (12, 7), (3, 4), (14, 4), (4, 3), (8, 3), (17, 15), (19, 12), (10, 9), (9, 11), (11, 8), (2, 5), (2, 14), (6, 5), (6, 14), (20, 13), (7, 13), (18, 13), (12, 9), (21, 12), (4, 5), (17, 8), (8, 5), (10, 2), (9, 4), (5, 15), (19, 14), (9, 13), (11, 10), (2, 7), (13, 13), (24, 13), (6, 7), (18, 6), (7, 15), (18, 15), (21, 14), (4, 7), (22, 15), (5, 8), (8, 7), (10, 4), (9, 6), (11, 3), (17, 10), (19, 7), (10, 13), (9, 15), (11, 12), (2, 9), (13, 15), (6, 9), (7, 8)]",27,0,27
219,"(18, 5)","(18, 6)",South,"[((18, 4), 'South', 1), ((19, 5), 'East', 1), ((17, 5), 'West', 1)]","['(18, 5)', '(16, 7)', '(20, 7)', '(21, 8)', '(23, 10)', '(26, 13)', '(28, 15)', '(22, 9)', '(27, 14)', '(25, 12)', '(15, 1)']","['(20, 7)', '(16, 7)', '(26, 13)', '(21, 8)', '(23, 10)', '(15, 1)', '(28, 15)', '(22, 9)', '(27, 14)', '(25, 12)', '(18, 4)', '(19, 5)', '(17, 5)']","[(4, 9), (3, 13), (5, 10), (8, 9), (14, 13), (9, 8), (17, 12), (2, 2), (11, 5), (19, 9), (11, 14), (13, 8), (6, 2), (1, 15), (15, 14), (6, 11), (16, 13), (7, 10), (18, 10), (21, 9), (26, 14), (22, 10), (3, 6), (5, 3), (9, 1), (3, 15), (5, 12), (14, 15), (17, 14), (9, 10), (11, 7), (2, 4), (1, 8), (13, 10), (6, 4), (7, 3), (6, 13), (16, 15), (7, 12), (18, 12), (20, 15), (22, 12), (3, 8), (5, 5), (14, 8), (17, 7), (9, 3), (5, 14), (9, 12), (11, 9), (13, 3), (1, 10), (13, 12), (6, 6), (7, 5), (18, 5), (7, 14), (18, 14), (3, 1), (22, 14), (12, 13), (3, 10), (5, 7), (14, 10), (17, 9), (9, 5), (11, 2), (24, 15), (23, 13), (9, 14), (1, 3), (13, 5), (15, 2), (10, 15), (1, 12), (13, 14), (25, 13), (7, 7), (18, 7), (3, 3), (14, 3), (12, 15), (3, 12), (5, 9), (14, 12), (23, 15), (9, 7), (11, 4), (27, 15), (10, 8), (1, 5), (13, 7), (6, 1), (1, 14), (2, 13), (25, 15), (7, 9), (18, 9), (21, 11), (3, 5), (5, 2), (14, 5), (3, 14), (14, 14), (4, 13), (9, 9), (8, 13), (10, 10), (1, 7), (13, 9), (19, 13), (7, 2), (2, 15), (18, 11), (6, 15), (21, 13), (3, 7), (5, 4), (14, 7), (9, 2), (5, 13), (4, 15), (10, 3), (13, 2), (8, 15), (10, 12), (1, 9), (19, 15), (2, 8), (7, 4), (6, 8), (12, 3), (22, 13), (21, 15), (23, 12), (3, 9), (14, 9), (18, 8), (19, 8), (10, 5), (1, 2), (13, 4), (10, 14), (11, 13), (2, 10), (16, 9), (6, 10), (20, 9), (12, 5), (3, 2), (14, 2), (23, 14), (3, 11), (17, 13), (19, 10), (10, 7), (1, 4), (2, 3), (1, 13), (11, 15), (2, 12), (25, 14), (6, 3), (15, 15), (6, 12), (26, 15), (21, 10), (12, 7), (3, 4), (14, 4), (4, 3), (8, 3), (17, 15), (19, 12), (10, 9), (9, 11), (11, 8), (2, 5), (2, 14), (6, 5), (6, 14), (20, 13), (7, 13), (18, 13), (12, 9), (21, 12), (4, 5), (17, 8), (8, 5), (10, 2), (9, 4), (5, 15), (19, 14), (9, 13), (11, 10), (2, 7), (13, 13), (24, 13), (6, 7), (18, 6), (7, 15), (18, 15), (21, 14), (4, 7), (22, 15), (5, 8), (8, 7), (10, 4), (9, 6), (11, 3), (17, 10), (19, 7), (10, 13), (9, 15), (11, 12), (2, 9), (13, 15), (6, 9), (7, 8)]",27,0,27
220,"(20, 7)","(19, 7)",East,"[((21, 7), 'East', 1)]","['(20, 7)', '(16, 7)', '(26, 13)', '(21, 8)', '(23, 10)', '(15, 1)', '(28, 15)', '(22, 9)', '(27, 14)', '(25, 12)', '(18, 4)', '(19, 5)', '(17, 5)']","['(16, 7)', '(21, 8)', '(26, 13)', '(22, 9)', '(23, 10)', '(15, 1)', '(28, 15)', '(17, 5)', '(27, 14)', '(25, 12)', '(18, 4)', '(19, 5)', '(21, 7)']","[(4, 9), (3, 13), (5, 10), (8, 9), (14, 13), (9, 8), (17, 12), (2, 2), (11, 5), (19, 9), (11, 14), (13, 8), (6, 2), (1, 15), (15, 14), (6, 11), (16, 13), (7, 10), (18, 10), (21, 9), (26, 14), (22, 10), (3, 6), (5, 3), (9, 1), (3, 15), (5, 12), (14, 15), (17, 14), (9, 10), (11, 7), (2, 4), (1, 8), (13, 10), (6, 4), (7, 3), (6, 13), (16, 15), (7, 12), (18, 12), (20, 15), (22, 12), (3, 8), (5, 5), (14, 8), (17, 7), (9, 3), (5, 14), (9, 12), (11, 9), (13, 3), (1, 10), (13, 12), (6, 6), (7, 5), (18, 5), (7, 14), (18, 14), (3, 1), (22, 14), (12, 13), (3, 10), (5, 7), (14, 10), (17, 9), (9, 5), (11, 2), (24, 15), (23, 13), (9, 14), (1, 3), (13, 5), (15, 2), (10, 15), (1, 12), (13, 14), (25, 13), (7, 7), (18, 7), (3, 3), (14, 3), (12, 15), (3, 12), (5, 9), (14, 12), (23, 15), (9, 7), (11, 4), (27, 15), (10, 8), (1, 5), (13, 7), (6, 1), (1, 14), (2, 13), (25, 15), (7, 9), (18, 9), (21, 11), (3, 5), (5, 2), (14, 5), (3, 14), (14, 14), (4, 13), (9, 9), (8, 13), (10, 10), (1, 7), (13, 9), (19, 13), (7, 2), (2, 15), (18, 11), (6, 15), (21, 13), (3, 7), (5, 4), (14, 7), (9, 2), (5, 13), (4, 15), (10, 3), (13, 2), (8, 15), (10, 12), (1, 9), (19, 15), (2, 8), (7, 4), (6, 8), (20, 7), (12, 3), (22, 13), (21, 15), (23, 12), (3, 9), (14, 9), (18, 8), (19, 8), (10, 5), (1, 2), (13, 4), (10, 14), (11, 13), (2, 10), (16, 9), (6, 10), (20, 9), (12, 5), (3, 2), (14, 2), (23, 14), (3, 11), (17, 13), (19, 10), (10, 7), (1, 4), (2, 3), (1, 13), (11, 15), (2, 12), (25, 14), (6, 3), (15, 15), (6, 12), (26, 15), (21, 10), (12, 7), (3, 4), (14, 4), (4, 3), (8, 3), (17, 15), (19, 12), (10, 9), (9, 11), (11, 8), (2, 5), (2, 14), (6, 5), (6, 14), (20, 13), (7, 13), (18, 13), (12, 9), (21, 12), (4, 5), (17, 8), (8, 5), (10, 2), (9, 4), (5, 15), (19, 14), (9, 13), (11, 10), (2, 7), (13, 13), (24, 13), (6, 7), (18, 6), (7, 15), (18, 15), (21, 14), (4, 7), (22, 15), (5, 8), (8, 7), (10, 4), (9, 6), (11, 3), (17, 10), (19, 7), (10, 13), (9, 15), (11, 12), (2, 9), (13, 15), (6, 9), (7, 8)]",27,0,27
221,"(16, 7)","(17, 7)",West,[],"['(16, 7)', '(21, 8)', '(26, 13)', '(22, 9)', '(23, 10)', '(15, 1)', '(28, 15)', '(17, 5)', '(27, 14)', '(25, 12)', '(18, 4)', '(19, 5)', '(21, 7)']","['(21, 8)', '(22, 9)', '(26, 13)', '(27, 14)', '(23, 10)', '(15, 1)', '(28, 15)', '(17, 5)', '(21, 7)', '(25, 12)', '(18, 4)', '(19, 5)']","[(4, 9), (3, 13), (5, 10), (8, 9), (14, 13), (9, 8), (17, 12), (2, 2), (11, 5), (19, 9), (11, 14), (13, 8), (6, 2), (1, 15), (15, 14), (6, 11), (16, 13), (7, 10), (18, 10), (21, 9), (26, 14), (22, 10), (3, 6), (5, 3), (9, 1), (3, 15), (5, 12), (14, 15), (17, 14), (9, 10), (11, 7), (2, 4), (1, 8), (13, 10), (6, 4), (7, 3), (6, 13), (16, 15), (7, 12), (18, 12), (20, 15), (22, 12), (3, 8), (5, 5), (14, 8), (17, 7), (9, 3), (5, 14), (9, 12), (11, 9), (13, 3), (1, 10), (13, 12), (6, 6), (7, 5), (18, 5), (7, 14), (18, 14), (3, 1), (22, 14), (12, 13), (3, 10), (5, 7), (14, 10), (17, 9), (9, 5), (11, 2), (24, 15), (23, 13), (9, 14), (1, 3), (13, 5), (15, 2), (10, 15), (1, 12), (13, 14), (25, 13), (7, 7), (18, 7), (3, 3), (14, 3), (12, 15), (3, 12), (5, 9), (14, 12), (23, 15), (9, 7), (11, 4), (27, 15), (10, 8), (1, 5), (13, 7), (6, 1), (1, 14), (2, 13), (25, 15), (7, 9), (18, 9), (21, 11), (3, 5), (5, 2), (14, 5), (3, 14), (14, 14), (4, 13), (9, 9), (8, 13), (10, 10), (1, 7), (13, 9), (19, 13), (7, 2), (2, 15), (18, 11), (6, 15), (21, 13), (3, 7), (5, 4), (14, 7), (9, 2), (5, 13), (4, 15), (10, 3), (13, 2), (8, 15), (10, 12), (1, 9), (19, 15), (2, 8), (16, 7), (7, 4), (6, 8), (20, 7), (12, 3), (22, 13), (21, 15), (23, 12), (3, 9), (14, 9), (18, 8), (19, 8), (10, 5), (1, 2), (13, 4), (10, 14), (11, 13), (2, 10), (16, 9), (6, 10), (20, 9), (12, 5), (3, 2), (14, 2), (23, 14), (3, 11), (17, 13), (19, 10), (10, 7), (1, 4), (2, 3), (1, 13), (11, 15), (2, 12), (25, 14), (6, 3), (15, 15), (6, 12), (26, 15), (21, 10), (12, 7), (3, 4), (14, 4), (4, 3), (8, 3), (17, 15), (19, 12), (10, 9), (9, 11), (11, 8), (2, 5), (2, 14), (6, 5), (6, 14), (20, 13), (7, 13), (18, 13), (12, 9), (21, 12), (4, 5), (17, 8), (8, 5), (10, 2), (9, 4), (5, 15), (19, 14), (9, 13), (11, 10), (2, 7), (13, 13), (24, 13), (6, 7), (18, 6), (7, 15), (18, 15), (21, 14), (4, 7), (22, 15), (5, 8), (8, 7), (10, 4), (9, 6), (11, 3), (17, 10), (19, 7), (10, 13), (9, 15), (11, 12), (2, 9), (13, 15), (6, 9), (7, 8)]",27,0,27
222,"(21, 8)","(21, 9)",South,"[((22, 8), 'East', 1)]","['(21, 8)', '(22, 9)', '(26, 13)', '(27, 14)', '(23, 10)', '(15, 1)', '(28, 15)', '(17, 5)', '(21, 7)', '(25, 12)', '(18, 4)', '(19, 5)']","['(22, 9)', '(23, 10)', '(26, 13)', '(27, 14)', '(25, 12)', '(15, 1)', '(28, 15)', '(17, 5)', '(21, 7)', '(19, 5)', '(18, 4)', '(22, 8)']","[(4, 9), (3, 13), (5, 10), (8, 9), (14, 13), (9, 8), (17, 12), (2, 2), (11, 5), (19, 9), (11, 14), (13, 8), (6, 2), (1, 15), (15, 14), (6, 11), (16, 13), (7, 10), (18, 10), (21, 9), (26, 14), (22, 10), (3, 6), (5, 3), (9, 1), (3, 15), (5, 12), (14, 15), (17, 14), (9, 10), (11, 7), (2, 4), (1, 8), (13, 10), (6, 4), (7, 3), (6, 13), (16, 15), (7, 12), (18, 12), (20, 15), (22, 12), (3, 8), (5, 5), (14, 8), (17, 7), (9, 3), (5, 14), (9, 12), (11, 9), (13, 3), (1, 10), (13, 12), (6, 6), (7, 5), (18, 5), (7, 14), (18, 14), (3, 1), (22, 14), (12, 13), (3, 10), (5, 7), (14, 10), (17, 9), (9, 5), (11, 2), (24, 15), (23, 13), (9, 14), (1, 3), (13, 5), (15, 2), (10, 15), (1, 12), (13, 14), (25, 13), (7, 7), (18, 7), (3, 3), (14, 3), (12, 15), (3, 12), (5, 9), (14, 12), (23, 15), (9, 7), (11, 4), (27, 15), (10, 8), (1, 5), (13, 7), (6, 1), (1, 14), (2, 13), (25, 15), (7, 9), (18, 9), (21, 11), (3, 5), (5, 2), (14, 5), (3, 14), (14, 14), (4, 13), (9, 9), (8, 13), (10, 10), (1, 7), (13, 9), (19, 13), (7, 2), (2, 15), (18, 11), (6, 15), (21, 13), (3, 7), (5, 4), (14, 7), (9, 2), (5, 13), (4, 15), (10, 3), (13, 2), (8, 15), (10, 12), (1, 9), (19, 15), (2, 8), (16, 7), (7, 4), (6, 8), (20, 7), (12, 3), (22, 13), (21, 15), (23, 12), (3, 9), (14, 9), (18, 8), (19, 8), (10, 5), (1, 2), (13, 4), (10, 14), (11, 13), (2, 10), (16, 9), (6, 10), (20, 9), (21, 8), (12, 5), (3, 2), (14, 2), (23, 14), (3, 11), (17, 13), (19, 10), (10, 7), (1, 4), (2, 3), (1, 13), (11, 15), (2, 12), (25, 14), (6, 3), (15, 15), (6, 12), (26, 15), (21, 10), (12, 7), (3, 4), (14, 4), (4, 3), (8, 3), (17, 15), (19, 12), (10, 9), (9, 11), (11, 8), (2, 5), (2, 14), (6, 5), (6, 14), (20, 13), (7, 13), (18, 13), (12, 9), (21, 12), (4, 5), (17, 8), (8, 5), (10, 2), (9, 4), (5, 15), (19, 14), (9, 13), (11, 10), (2, 7), (13, 13), (24, 13), (6, 7), (18, 6), (7, 15), (18, 15), (21, 14), (4, 7), (22, 15), (5, 8), (8, 7), (10, 4), (9, 6), (11, 3), (17, 10), (19, 7), (10, 13), (9, 15), (11, 12), (2, 9), (13, 15), (6, 9), (7, 8)]",27,0,27
223,"(22, 9)","(21, 9)",East,"[((23, 9), 'East', 1)]","['(22, 9)', '(23, 10)', '(26, 13)', '(27, 14)', '(25, 12)', '(15, 1)', '(28, 15)', '(17, 5)', '(21, 7)', '(19, 5)', '(18, 4)', '(22, 8)']","['(23, 10)', '(25, 12)', '(26, 13)', '(27, 14)', '(18, 4)', '(15, 1)', '(28, 15)', '(17, 5)', '(21, 7)', '(19, 5)', '(22, 8)', '(23, 9)']","[(4, 9), (3, 13), (5, 10), (8, 9), (14, 13), (9, 8), (17, 12), (2, 2), (11, 5), (19, 9), (11, 14), (13, 8), (6, 2), (1, 15), (15, 14), (6, 11), (16, 13), (7, 10), (18, 10), (21, 9), (26, 14), (22, 10), (3, 6), (5, 3), (9, 1), (3, 15), (5, 12), (14, 15), (17, 14), (9, 10), (11, 7), (2, 4), (1, 8), (13, 10), (6, 4), (7, 3), (6, 13), (16, 15), (7, 12), (18, 12), (20, 15), (22, 12), (3, 8), (5, 5), (14, 8), (17, 7), (9, 3), (5, 14), (9, 12), (11, 9), (13, 3), (1, 10), (13, 12), (6, 6), (7, 5), (18, 5), (7, 14), (18, 14), (3, 1), (22, 14), (12, 13), (3, 10), (5, 7), (14, 10), (17, 9), (9, 5), (11, 2), (24, 15), (23, 13), (9, 14), (1, 3), (13, 5), (15, 2), (10, 15), (1, 12), (13, 14), (25, 13), (7, 7), (18, 7), (3, 3), (14, 3), (12, 15), (3, 12), (5, 9), (14, 12), (23, 15), (9, 7), (11, 4), (27, 15), (10, 8), (1, 5), (13, 7), (6, 1), (1, 14), (2, 13), (25, 15), (7, 9), (18, 9), (22, 9), (21, 11), (3, 5), (5, 2), (14, 5), (3, 14), (14, 14), (4, 13), (9, 9), (8, 13), (10, 10), (1, 7), (13, 9), (19, 13), (7, 2), (2, 15), (18, 11), (6, 15), (21, 13), (3, 7), (5, 4), (14, 7), (9, 2), (5, 13), (4, 15), (10, 3), (13, 2), (8, 15), (10, 12), (1, 9), (19, 15), (2, 8), (16, 7), (7, 4), (6, 8), (20, 7), (12, 3), (22, 13), (21, 15), (23, 12), (3, 9), (14, 9), (18, 8), (19, 8), (10, 5), (1, 2), (13, 4), (10, 14), (11, 13), (2, 10), (16, 9), (6, 10), (20, 9), (21, 8), (12, 5), (3, 2), (14, 2), (23, 14), (3, 11), (17, 13), (19, 10), (10, 7), (1, 4), (2, 3), (1, 13), (11, 15), (2, 12), (25, 14), (6, 3), (15, 15), (6, 12), (26, 15), (21, 10), (12, 7), (3, 4), (14, 4), (4, 3), (8, 3), (17, 15), (19, 12), (10, 9), (9, 11), (11, 8), (2, 5), (2, 14), (6, 5), (6, 14), (20, 13), (7, 13), (18, 13), (12, 9), (21, 12), (4, 5), (17, 8), (8, 5), (10, 2), (9, 4), (5, 15), (19, 14), (9, 13), (11, 10), (2, 7), (13, 13), (24, 13), (6, 7), (18, 6), (7, 15), (18, 15), (21, 14), (4, 7), (22, 15), (5, 8), (8, 7), (10, 4), (9, 6), (11, 3), (17, 10), (19, 7), (10, 13), (9, 15), (11, 12), (2, 9), (13, 15), (6, 9), (7, 8)]",27,0,27
224,"(23, 10)","(22, 10)",East,[],"['(23, 10)', '(25, 12)', '(26, 13)', '(27, 14)', '(18, 4)', '(15, 1)', '(28, 15)', '(17, 5)', '(21, 7)', '(19, 5)', '(22, 8)', '(23, 9)']","['(25, 12)', '(27, 14)', '(26, 13)', '(17, 5)', '(18, 4)', '(15, 1)', '(28, 15)', '(23, 9)', '(21, 7)', '(19, 5)', '(22, 8)']","[(4, 9), (3, 13), (5, 10), (8, 9), (14, 13), (9, 8), (17, 12), (2, 2), (11, 5), (19, 9), (11, 14), (13, 8), (6, 2), (1, 15), (15, 14), (6, 11), (16, 13), (7, 10), (18, 10), (21, 9), (26, 14), (22, 10), (3, 6), (5, 3), (9, 1), (3, 15), (5, 12), (14, 15), (17, 14), (9, 10), (11, 7), (2, 4), (1, 8), (13, 10), (6, 4), (7, 3), (6, 13), (16, 15), (7, 12), (18, 12), (20, 15), (22, 12), (3, 8), (5, 5), (14, 8), (17, 7), (9, 3), (5, 14), (9, 12), (11, 9), (13, 3), (1, 10), (13, 12), (6, 6), (7, 5), (18, 5), (7, 14), (18, 14), (3, 1), (22, 14), (12, 13), (3, 10), (5, 7), (14, 10), (17, 9), (9, 5), (11, 2), (24, 15), (23, 13), (9, 14), (1, 3), (13, 5), (15, 2), (10, 15), (1, 12), (13, 14), (25, 13), (7, 7), (18, 7), (3, 3), (14, 3), (12, 15), (3, 12), (5, 9), (14, 12), (23, 15), (9, 7), (11, 4), (27, 15), (10, 8), (1, 5), (13, 7), (6, 1), (1, 14), (2, 13), (25, 15), (7, 9), (18, 9), (22, 9), (21, 11), (3, 5), (5, 2), (14, 5), (3, 14), (14, 14), (4, 13), (9, 9), (8, 13), (10, 10), (1, 7), (13, 9), (19, 13), (7, 2), (2, 15), (18, 11), (6, 15), (21, 13), (23, 10), (3, 7), (5, 4), (14, 7), (9, 2), (5, 13), (4, 15), (10, 3), (13, 2), (8, 15), (10, 12), (1, 9), (19, 15), (2, 8), (16, 7), (7, 4), (6, 8), (20, 7), (12, 3), (22, 13), (21, 15), (23, 12), (3, 9), (14, 9), (18, 8), (19, 8), (10, 5), (1, 2), (13, 4), (10, 14), (11, 13), (2, 10), (16, 9), (6, 10), (20, 9), (21, 8), (12, 5), (3, 2), (14, 2), (23, 14), (3, 11), (17, 13), (19, 10), (10, 7), (1, 4), (2, 3), (1, 13), (11, 15), (2, 12), (25, 14), (6, 3), (15, 15), (6, 12), (26, 15), (21, 10), (12, 7), (3, 4), (14, 4), (4, 3), (8, 3), (17, 15), (19, 12), (10, 9), (9, 11), (11, 8), (2, 5), (2, 14), (6, 5), (6, 14), (20, 13), (7, 13), (18, 13), (12, 9), (21, 12), (4, 5), (17, 8), (8, 5), (10, 2), (9, 4), (5, 15), (19, 14), (9, 13), (11, 10), (2, 7), (13, 13), (24, 13), (6, 7), (18, 6), (7, 15), (18, 15), (21, 14), (4, 7), (22, 15), (5, 8), (8, 7), (10, 4), (9, 6), (11, 3), (17, 10), (19, 7), (10, 13), (9, 15), (11, 12), (2, 9), (13, 15), (6, 9), (7, 8)]",27,0,27
225,"(25, 12)","(25, 13)",South,"[((26, 12), 'East', 1)]","['(25, 12)', '(27, 14)', '(26, 13)', '(17, 5)', '(18, 4)', '(15, 1)', '(28, 15)', '(23, 9)', '(21, 7)', '(19, 5)', '(22, 8)']","['(26, 13)', '(27, 14)', '(28, 15)', '(17, 5)', '(18, 4)', '(15, 1)', '(22, 8)', '(23, 9)', '(21, 7)', '(19, 5)', '(26, 12)']","[(4, 9), (3, 13), (5, 10), (8, 9), (14, 13), (9, 8), (17, 12), (2, 2), (11, 5), (19, 9), (11, 14), (13, 8), (6, 2), (1, 15), (15, 14), (6, 11), (16, 13), (7, 10), (18, 10), (21, 9), (26, 14), (22, 10), (3, 6), (5, 3), (9, 1), (3, 15), (5, 12), (14, 15), (17, 14), (9, 10), (11, 7), (2, 4), (1, 8), (13, 10), (6, 4), (7, 3), (6, 13), (16, 15), (7, 12), (18, 12), (20, 15), (22, 12), (3, 8), (5, 5), (14, 8), (17, 7), (9, 3), (5, 14), (9, 12), (11, 9), (13, 3), (1, 10), (13, 12), (6, 6), (7, 5), (18, 5), (7, 14), (18, 14), (3, 1), (22, 14), (12, 13), (3, 10), (5, 7), (14, 10), (17, 9), (9, 5), (11, 2), (24, 15), (23, 13), (9, 14), (1, 3), (13, 5), (15, 2), (10, 15), (1, 12), (13, 14), (25, 13), (7, 7), (18, 7), (3, 3), (14, 3), (12, 15), (3, 12), (5, 9), (14, 12), (23, 15), (9, 7), (11, 4), (27, 15), (10, 8), (1, 5), (13, 7), (6, 1), (1, 14), (2, 13), (25, 15), (7, 9), (18, 9), (22, 9), (21, 11), (3, 5), (5, 2), (14, 5), (3, 14), (14, 14), (4, 13), (9, 9), (8, 13), (10, 10), (1, 7), (13, 9), (19, 13), (7, 2), (2, 15), (18, 11), (6, 15), (21, 13), (23, 10), (3, 7), (5, 4), (14, 7), (9, 2), (5, 13), (4, 15), (10, 3), (13, 2), (8, 15), (10, 12), (1, 9), (19, 15), (2, 8), (16, 7), (7, 4), (6, 8), (20, 7), (12, 3), (22, 13), (21, 15), (23, 12), (3, 9), (14, 9), (18, 8), (19, 8), (10, 5), (1, 2), (13, 4), (10, 14), (11, 13), (2, 10), (16, 9), (25, 12), (6, 10), (20, 9), (21, 8), (12, 5), (3, 2), (14, 2), (23, 14), (3, 11), (17, 13), (19, 10), (10, 7), (1, 4), (2, 3), (1, 13), (11, 15), (2, 12), (25, 14), (6, 3), (15, 15), (6, 12), (26, 15), (21, 10), (12, 7), (3, 4), (14, 4), (4, 3), (8, 3), (17, 15), (19, 12), (10, 9), (9, 11), (11, 8), (2, 5), (2, 14), (6, 5), (6, 14), (20, 13), (7, 13), (18, 13), (12, 9), (21, 12), (4, 5), (17, 8), (8, 5), (10, 2), (9, 4), (5, 15), (19, 14), (9, 13), (11, 10), (2, 7), (13, 13), (24, 13), (6, 7), (18, 6), (7, 15), (18, 15), (21, 14), (4, 7), (22, 15), (5, 8), (8, 7), (10, 4), (9, 6), (11, 3), (17, 10), (19, 7), (10, 13), (9, 15), (11, 12), (2, 9), (13, 15), (6, 9), (7, 8)]",27,0,27
226,"(26, 13)","(25, 13)",East,"[((27, 13), 'East', 1)]","['(26, 13)', '(27, 14)', '(28, 15)', '(17, 5)', '(18, 4)', '(15, 1)', '(22, 8)', '(23, 9)', '(21, 7)', '(19, 5)', '(26, 12)']","['(27, 14)', '(18, 4)', '(28, 15)', '(17, 5)', '(19, 5)', '(15, 1)', '(22, 8)', '(23, 9)', '(21, 7)', '(26, 12)', '(27, 13)']","[(4, 9), (3, 13), (5, 10), (8, 9), (14, 13), (9, 8), (17, 12), (2, 2), (11, 5), (19, 9), (11, 14), (13, 8), (6, 2), (1, 15), (15, 14), (6, 11), (16, 13), (7, 10), (18, 10), (21, 9), (26, 14), (22, 10), (3, 6), (5, 3), (9, 1), (3, 15), (5, 12), (14, 15), (17, 14), (9, 10), (11, 7), (2, 4), (1, 8), (13, 10), (6, 4), (7, 3), (6, 13), (16, 15), (7, 12), (18, 12), (20, 15), (22, 12), (3, 8), (5, 5), (14, 8), (17, 7), (9, 3), (5, 14), (9, 12), (11, 9), (13, 3), (1, 10), (13, 12), (6, 6), (7, 5), (18, 5), (7, 14), (18, 14), (3, 1), (22, 14), (12, 13), (3, 10), (5, 7), (14, 10), (17, 9), (9, 5), (11, 2), (24, 15), (23, 13), (9, 14), (1, 3), (13, 5), (15, 2), (10, 15), (1, 12), (13, 14), (25, 13), (7, 7), (18, 7), (3, 3), (14, 3), (12, 15), (3, 12), (5, 9), (14, 12), (23, 15), (9, 7), (11, 4), (27, 15), (10, 8), (1, 5), (13, 7), (6, 1), (1, 14), (26, 13), (2, 13), (25, 15), (7, 9), (18, 9), (22, 9), (21, 11), (3, 5), (5, 2), (14, 5), (3, 14), (14, 14), (4, 13), (9, 9), (8, 13), (10, 10), (1, 7), (13, 9), (19, 13), (7, 2), (2, 15), (18, 11), (6, 15), (21, 13), (23, 10), (3, 7), (5, 4), (14, 7), (9, 2), (5, 13), (4, 15), (10, 3), (13, 2), (8, 15), (10, 12), (1, 9), (19, 15), (2, 8), (16, 7), (7, 4), (6, 8), (20, 7), (12, 3), (22, 13), (21, 15), (23, 12), (3, 9), (14, 9), (18, 8), (19, 8), (10, 5), (1, 2), (13, 4), (10, 14), (11, 13), (2, 10), (16, 9), (25, 12), (6, 10), (20, 9), (21, 8), (12, 5), (3, 2), (14, 2), (23, 14), (3, 11), (17, 13), (19, 10), (10, 7), (1, 4), (2, 3), (1, 13), (11, 15), (2, 12), (25, 14), (6, 3), (15, 15), (6, 12), (26, 15), (21, 10), (12, 7), (3, 4), (14, 4), (4, 3), (8, 3), (17, 15), (19, 12), (10, 9), (9, 11), (11, 8), (2, 5), (2, 14), (6, 5), (6, 14), (20, 13), (7, 13), (18, 13), (12, 9), (21, 12), (4, 5), (17, 8), (8, 5), (10, 2), (9, 4), (5, 15), (19, 14), (9, 13), (11, 10), (2, 7), (13, 13), (24, 13), (6, 7), (18, 6), (7, 15), (18, 15), (21, 14), (4, 7), (22, 15), (5, 8), (8, 7), (10, 4), (9, 6), (11, 3), (17, 10), (19, 7), (10, 13), (9, 15), (11, 12), (2, 9), (13, 15), (6, 9), (7, 8)]",27,0,27
227,"(27, 14)","(26, 14)",East,[],"['(27, 14)', '(18, 4)', '(28, 15)', '(17, 5)', '(19, 5)', '(15, 1)', '(22, 8)', '(23, 9)', '(21, 7)', '(26, 12)', '(27, 13)']","['(28, 15)', '(18, 4)', '(15, 1)', '(17, 5)', '(19, 5)', '(27, 13)', '(22, 8)', '(23, 9)', '(21, 7)', '(26, 12)']","[(4, 9), (3, 13), (5, 10), (8, 9), (14, 13), (9, 8), (17, 12), (2, 2), (11, 5), (19, 9), (11, 14), (13, 8), (6, 2), (1, 15), (15, 14), (6, 11), (16, 13), (7, 10), (18, 10), (21, 9), (26, 14), (22, 10), (3, 6), (5, 3), (9, 1), (3, 15), (5, 12), (14, 15), (17, 14), (9, 10), (11, 7), (2, 4), (1, 8), (13, 10), (6, 4), (7, 3), (6, 13), (16, 15), (7, 12), (18, 12), (20, 15), (22, 12), (3, 8), (5, 5), (14, 8), (17, 7), (9, 3), (5, 14), (9, 12), (11, 9), (13, 3), (1, 10), (13, 12), (6, 6), (7, 5), (18, 5), (7, 14), (18, 14), (3, 1), (22, 14), (12, 13), (3, 10), (5, 7), (14, 10), (17, 9), (9, 5), (11, 2), (24, 15), (23, 13), (9, 14), (1, 3), (13, 5), (15, 2), (10, 15), (1, 12), (13, 14), (25, 13), (7, 7), (18, 7), (3, 3), (14, 3), (12, 15), (3, 12), (5, 9), (14, 12), (23, 15), (9, 7), (11, 4), (27, 15), (10, 8), (1, 5), (13, 7), (6, 1), (1, 14), (26, 13), (2, 13), (25, 15), (7, 9), (18, 9), (22, 9), (21, 11), (3, 5), (5, 2), (14, 5), (3, 14), (14, 14), (4, 13), (9, 9), (8, 13), (10, 10), (1, 7), (13, 9), (19, 13), (7, 2), (2, 15), (18, 11), (6, 15), (21, 13), (23, 10), (3, 7), (5, 4), (14, 7), (9, 2), (5, 13), (4, 15), (10, 3), (13, 2), (8, 15), (10, 12), (1, 9), (19, 15), (2, 8), (16, 7), (7, 4), (6, 8), (20, 7), (12, 3), (22, 13), (21, 15), (23, 12), (3, 9), (14, 9), (18, 8), (19, 8), (10, 5), (1, 2), (13, 4), (10, 14), (11, 13), (2, 10), (16, 9), (25, 12), (6, 10), (20, 9), (21, 8), (12, 5), (3, 2), (14, 2), (23, 14), (3, 11), (27, 14), (17, 13), (19, 10), (10, 7), (1, 4), (2, 3), (1, 13), (11, 15), (2, 12), (25, 14), (6, 3), (15, 15), (6, 12), (26, 15), (21, 10), (12, 7), (3, 4), (14, 4), (4, 3), (8, 3), (17, 15), (19, 12), (10, 9), (9, 11), (11, 8), (2, 5), (2, 14), (6, 5), (6, 14), (20, 13), (7, 13), (18, 13), (12, 9), (21, 12), (4, 5), (17, 8), (8, 5), (10, 2), (9, 4), (5, 15), (19, 14), (9, 13), (11, 10), (2, 7), (13, 13), (24, 13), (6, 7), (18, 6), (7, 15), (18, 15), (21, 14), (4, 7), (22, 15), (5, 8), (8, 7), (10, 4), (9, 6), (11, 3), (17, 10), (19, 7), (10, 13), (9, 15), (11, 12), (2, 9), (13, 15), (6, 9), (7, 8)]",27,0,27
228,"(28, 15)","(27, 15)",East,"[((29, 15), 'East', 1)]","['(28, 15)', '(18, 4)', '(15, 1)', '(17, 5)', '(19, 5)', '(27, 13)', '(22, 8)', '(23, 9)', '(21, 7)', '(26, 12)']","['(15, 1)', '(18, 4)', '(22, 8)', '(17, 5)', '(19, 5)', '(27, 13)', '(26, 12)', '(23, 9)', '(21, 7)', '(29, 15)']","[(4, 9), (3, 13), (5, 10), (8, 9), (14, 13), (9, 8), (17, 12), (2, 2), (11, 5), (19, 9), (11, 14), (13, 8), (6, 2), (1, 15), (15, 14), (6, 11), (16, 13), (7, 10), (18, 10), (21, 9), (26, 14), (22, 10), (3, 6), (5, 3), (9, 1), (3, 15), (5, 12), (14, 15), (17, 14), (9, 10), (11, 7), (2, 4), (1, 8), (13, 10), (6, 4), (7, 3), (6, 13), (16, 15), (7, 12), (18, 12), (20, 15), (22, 12), (3, 8), (5, 5), (14, 8), (17, 7), (9, 3), (5, 14), (9, 12), (11, 9), (13, 3), (1, 10), (13, 12), (6, 6), (7, 5), (18, 5), (7, 14), (18, 14), (3, 1), (22, 14), (12, 13), (3, 10), (5, 7), (14, 10), (17, 9), (9, 5), (11, 2), (24, 15), (23, 13), (9, 14), (1, 3), (13, 5), (15, 2), (10, 15), (1, 12), (13, 14), (25, 13), (7, 7), (18, 7), (3, 3), (14, 3), (12, 15), (3, 12), (5, 9), (14, 12), (23, 15), (9, 7), (11, 4), (27, 15), (10, 8), (1, 5), (13, 7), (6, 1), (1, 14), (26, 13), (2, 13), (25, 15), (7, 9), (18, 9), (22, 9), (21, 11), (3, 5), (5, 2), (14, 5), (3, 14), (14, 14), (4, 13), (9, 9), (8, 13), (10, 10), (1, 7), (13, 9), (19, 13), (7, 2), (2, 15), (18, 11), (6, 15), (21, 13), (23, 10), (3, 7), (5, 4), (14, 7), (9, 2), (5, 13), (4, 15), (10, 3), (13, 2), (8, 15), (10, 12), (1, 9), (19, 15), (2, 8), (16, 7), (7, 4), (6, 8), (20, 7), (12, 3), (22, 13), (21, 15), (23, 12), (3, 9), (14, 9), (18, 8), (19, 8), (10, 5), (1, 2), (13, 4), (10, 14), (11, 13), (2, 10), (16, 9), (25, 12), (6, 10), (20, 9), (21, 8), (12, 5), (3, 2), (14, 2), (23, 14), (3, 11), (27, 14), (17, 13), (19, 10), (10, 7), (1, 4), (2, 3), (1, 13), (11, 15), (2, 12), (25, 14), (6, 3), (15, 15), (6, 12), (26, 15), (21, 10), (12, 7), (3, 4), (14, 4), (4, 3), (8, 3), (17, 15), (19, 12), (10, 9), (9, 11), (11, 8), (2, 5), (28, 15), (2, 14), (6, 5), (6, 14), (20, 13), (7, 13), (18, 13), (12, 9), (21, 12), (4, 5), (17, 8), (8, 5), (10, 2), (9, 4), (5, 15), (19, 14), (9, 13), (11, 10), (2, 7), (13, 13), (24, 13), (6, 7), (18, 6), (7, 15), (18, 15), (21, 14), (4, 7), (22, 15), (5, 8), (8, 7), (10, 4), (9, 6), (11, 3), (17, 10), (19, 7), (10, 13), (9, 15), (11, 12), (2, 9), (13, 15), (6, 9), (7, 8)]",27,0,27
229,"(15, 1)","(15, 2)",South,[],"['(15, 1)', '(18, 4)', '(22, 8)', '(17, 5)', '(19, 5)', '(27, 13)', '(26, 12)', '(23, 9)', '(21, 7)', '(29, 15)']","['(18, 4)', '(19, 5)', '(22, 8)', '(17, 5)', '(29, 15)', '(27, 13)', '(26, 12)', '(23, 9)', '(21, 7)']","[(4, 9), (3, 13), (5, 10), (8, 9), (14, 13), (9, 8), (17, 12), (2, 2), (11, 5), (19, 9), (11, 14), (13, 8), (6, 2), (1, 15), (15, 14), (6, 11), (16, 13), (7, 10), (18, 10), (21, 9), (26, 14), (22, 10), (3, 6), (5, 3), (9, 1), (3, 15), (5, 12), (14, 15), (17, 14), (9, 10), (11, 7), (2, 4), (1, 8), (13, 10), (6, 4), (7, 3), (6, 13), (16, 15), (7, 12), (18, 12), (20, 15), (22, 12), (3, 8), (5, 5), (14, 8), (17, 7), (9, 3), (5, 14), (9, 12), (11, 9), (13, 3), (1, 10), (13, 12), (6, 6), (7, 5), (18, 5), (7, 14), (18, 14), (3, 1), (22, 14), (12, 13), (3, 10), (5, 7), (14, 10), (17, 9), (9, 5), (11, 2), (24, 15), (23, 13), (9, 14), (1, 3), (13, 5), (15, 2), (10, 15), (1, 12), (13, 14), (25, 13), (7, 7), (18, 7), (3, 3), (14, 3), (12, 15), (3, 12), (5, 9), (14, 12), (23, 15), (9, 7), (11, 4), (27, 15), (10, 8), (1, 5), (13, 7), (6, 1), (1, 14), (26, 13), (2, 13), (25, 15), (7, 9), (18, 9), (22, 9), (21, 11), (3, 5), (5, 2), (14, 5), (3, 14), (14, 14), (4, 13), (9, 9), (8, 13), (10, 10), (1, 7), (13, 9), (19, 13), (7, 2), (2, 15), (18, 11), (6, 15), (21, 13), (23, 10), (3, 7), (5, 4), (14, 7), (9, 2), (5, 13), (4, 15), (10, 3), (13, 2), (8, 15), (10, 12), (1, 9), (19, 15), (2, 8), (16, 7), (7, 4), (6, 8), (20, 7), (12, 3), (22, 13), (21, 15), (23, 12), (3, 9), (14, 9), (18, 8), (19, 8), (10, 5), (1, 2), (13, 4), (10, 14), (11, 13), (2, 10), (16, 9), (25, 12), (6, 10), (20, 9), (21, 8), (12, 5), (3, 2), (14, 2), (23, 14), (3, 11), (27, 14), (17, 13), (19, 10), (10, 7), (1, 4), (2, 3), (1, 13), (11, 15), (2, 12), (25, 14), (6, 3), (15, 15), (6, 12), (26, 15), (21, 10), (12, 7), (3, 4), (14, 4), (4, 3), (8, 3), (17, 15), (19, 12), (10, 9), (9, 11), (11, 8), (2, 5), (28, 15), (2, 14), (6, 5), (6, 14), (20, 13), (7, 13), (18, 13), (12, 9), (21, 12), (4, 5), (17, 8), (8, 5), (10, 2), (9, 4), (5, 15), (19, 14), (9, 13), (11, 10), (2, 7), (15, 1), (13, 13), (24, 13), (6, 7), (18, 6), (7, 15), (18, 15), (21, 14), (4, 7), (22, 15), (5, 8), (8, 7), (10, 4), (9, 6), (11, 3), (17, 10), (19, 7), (10, 13), (9, 15), (11, 12), (2, 9), (13, 15), (6, 9), (7, 8)]",28,0,28
230,"(18, 4)","(18, 5)",South,"[((18, 3), 'South', 1), ((19, 4), 'East', 1), ((17, 4), 'West', 1)]","['(18, 4)', '(19, 5)', '(22, 8)', '(17, 5)', '(29, 15)', '(27, 13)', '(26, 12)', '(23, 9)', '(21, 7)']","['(19, 5)', '(17, 5)', '(22, 8)', '(21, 7)', '(29, 15)', '(27, 13)', '(26, 12)', '(23, 9)', '(18, 3)', '(19, 4)', '(17, 4)']","[(4, 9), (3, 13), (5, 10), (8, 9), (14, 13), (9, 8), (17, 12), (2, 2), (11, 5), (19, 9), (11, 14), (13, 8), (6, 2), (1, 15), (15, 14), (6, 11), (16, 13), (7, 10), (18, 10), (21, 9), (26, 14), (22, 10), (3, 6), (5, 3), (9, 1), (3, 15), (5, 12), (14, 15), (17, 14), (9, 10), (11, 7), (2, 4), (1, 8), (13, 10), (6, 4), (7, 3), (6, 13), (16, 15), (7, 12), (18, 12), (20, 15), (22, 12), (3, 8), (5, 5), (14, 8), (17, 7), (9, 3), (5, 14), (9, 12), (11, 9), (13, 3), (1, 10), (13, 12), (6, 6), (7, 5), (18, 5), (7, 14), (18, 14), (3, 1), (22, 14), (12, 13), (3, 10), (5, 7), (14, 10), (17, 9), (9, 5), (11, 2), (24, 15), (23, 13), (9, 14), (1, 3), (13, 5), (15, 2), (10, 15), (1, 12), (13, 14), (25, 13), (7, 7), (18, 7), (3, 3), (14, 3), (12, 15), (3, 12), (5, 9), (14, 12), (23, 15), (9, 7), (11, 4), (27, 15), (10, 8), (1, 5), (13, 7), (6, 1), (1, 14), (26, 13), (2, 13), (25, 15), (7, 9), (18, 9), (22, 9), (21, 11), (3, 5), (5, 2), (14, 5), (3, 14), (14, 14), (4, 13), (9, 9), (8, 13), (10, 10), (1, 7), (13, 9), (19, 13), (7, 2), (2, 15), (18, 11), (6, 15), (21, 13), (23, 10), (3, 7), (5, 4), (14, 7), (9, 2), (5, 13), (4, 15), (10, 3), (13, 2), (8, 15), (10, 12), (1, 9), (19, 15), (2, 8), (16, 7), (7, 4), (18, 4), (6, 8), (20, 7), (12, 3), (22, 13), (21, 15), (23, 12), (3, 9), (14, 9), (18, 8), (19, 8), (10, 5), (1, 2), (13, 4), (10, 14), (11, 13), (2, 10), (16, 9), (25, 12), (6, 10), (20, 9), (21, 8), (12, 5), (3, 2), (14, 2), (23, 14), (3, 11), (27, 14), (17, 13), (19, 10), (10, 7), (1, 4), (2, 3), (1, 13), (11, 15), (2, 12), (25, 14), (6, 3), (15, 15), (6, 12), (26, 15), (21, 10), (12, 7), (3, 4), (14, 4), (4, 3), (8, 3), (17, 15), (19, 12), (10, 9), (9, 11), (11, 8), (2, 5), (28, 15), (2, 14), (6, 5), (6, 14), (20, 13), (7, 13), (18, 13), (12, 9), (21, 12), (4, 5), (17, 8), (8, 5), (10, 2), (9, 4), (5, 15), (19, 14), (9, 13), (11, 10), (2, 7), (15, 1), (13, 13), (24, 13), (6, 7), (18, 6), (7, 15), (18, 15), (21, 14), (4, 7), (22, 15), (5, 8), (8, 7), (10, 4), (9, 6), (11, 3), (17, 10), (19, 7), (10, 13), (9, 15), (11, 12), (2, 9), (13, 15), (6, 9), (7, 8)]",28,0,28
231,"(19, 5)","(18, 5)",East,"[((20, 5), 'East', 1)]","['(19, 5)', '(17, 5)', '(22, 8)', '(21, 7)', '(29, 15)', '(27, 13)', '(26, 12)', '(23, 9)', '(18, 3)', '(19, 4)', '(17, 4)']","['(17, 5)', '(21, 7)', '(22, 8)', '(23, 9)', '(29, 15)', '(27, 13)', '(26, 12)', '(17, 4)', '(18, 3)', '(19, 4)', '(20, 5)']","[(4, 9), (3, 13), (5, 10), (8, 9), (14, 13), (9, 8), (17, 12), (2, 2), (11, 5), (19, 9), (11, 14), (13, 8), (6, 2), (1, 15), (15, 14), (6, 11), (16, 13), (7, 10), (18, 10), (21, 9), (26, 14), (22, 10), (3, 6), (5, 3), (9, 1), (3, 15), (5, 12), (14, 15), (17, 14), (9, 10), (11, 7), (2, 4), (1, 8), (13, 10), (6, 4), (7, 3), (6, 13), (16, 15), (7, 12), (18, 12), (20, 15), (22, 12), (3, 8), (5, 5), (14, 8), (17, 7), (9, 3), (5, 14), (9, 12), (11, 9), (13, 3), (1, 10), (13, 12), (6, 6), (7, 5), (18, 5), (7, 14), (18, 14), (3, 1), (22, 14), (12, 13), (3, 10), (5, 7), (14, 10), (17, 9), (9, 5), (11, 2), (24, 15), (23, 13), (9, 14), (1, 3), (13, 5), (15, 2), (10, 15), (1, 12), (13, 14), (25, 13), (7, 7), (18, 7), (3, 3), (14, 3), (12, 15), (3, 12), (5, 9), (14, 12), (23, 15), (9, 7), (11, 4), (27, 15), (10, 8), (1, 5), (13, 7), (6, 1), (1, 14), (26, 13), (2, 13), (25, 15), (7, 9), (18, 9), (22, 9), (21, 11), (3, 5), (5, 2), (14, 5), (3, 14), (14, 14), (4, 13), (9, 9), (8, 13), (10, 10), (1, 7), (13, 9), (19, 13), (7, 2), (2, 15), (18, 11), (6, 15), (21, 13), (23, 10), (3, 7), (5, 4), (14, 7), (9, 2), (5, 13), (4, 15), (10, 3), (13, 2), (8, 15), (10, 12), (1, 9), (19, 15), (2, 8), (16, 7), (7, 4), (18, 4), (6, 8), (20, 7), (12, 3), (22, 13), (21, 15), (23, 12), (3, 9), (14, 9), (18, 8), (19, 8), (10, 5), (1, 2), (13, 4), (10, 14), (11, 13), (2, 10), (16, 9), (25, 12), (6, 10), (20, 9), (21, 8), (12, 5), (3, 2), (14, 2), (23, 14), (3, 11), (27, 14), (17, 13), (19, 10), (10, 7), (1, 4), (2, 3), (1, 13), (11, 15), (2, 12), (25, 14), (6, 3), (15, 15), (6, 12), (26, 15), (21, 10), (12, 7), (3, 4), (14, 4), (4, 3), (8, 3), (17, 15), (19, 12), (10, 9), (9, 11), (11, 8), (2, 5), (28, 15), (2, 14), (6, 5), (6, 14), (20, 13), (7, 13), (18, 13), (12, 9), (21, 12), (4, 5), (17, 8), (8, 5), (10, 2), (9, 4), (19, 5), (5, 15), (19, 14), (9, 13), (11, 10), (2, 7), (15, 1), (13, 13), (24, 13), (6, 7), (18, 6), (7, 15), (18, 15), (21, 14), (4, 7), (22, 15), (5, 8), (8, 7), (10, 4), (9, 6), (11, 3), (17, 10), (19, 7), (10, 13), (9, 15), (11, 12), (2, 9), (13, 15), (6, 9), (7, 8)]",28,0,28
232,"(17, 5)","(18, 5)",West,"[((16, 5), 'West', 1)]","['(17, 5)', '(21, 7)', '(22, 8)', '(23, 9)', '(29, 15)', '(27, 13)', '(26, 12)', '(17, 4)', '(18, 3)', '(19, 4)', '(20, 5)']","['(21, 7)', '(23, 9)', '(22, 8)', '(18, 3)', '(29, 15)', '(27, 13)', '(26, 12)', '(17, 4)', '(20, 5)', '(19, 4)', '(16, 5)']","[(4, 9), (3, 13), (5, 10), (8, 9), (14, 13), (9, 8), (17, 12), (2, 2), (11, 5), (19, 9), (11, 14), (13, 8), (6, 2), (1, 15), (15, 14), (6, 11), (16, 13), (7, 10), (18, 10), (21, 9), (26, 14), (22, 10), (3, 6), (5, 3), (17, 5), (9, 1), (3, 15), (5, 12), (14, 15), (17, 14), (9, 10), (11, 7), (2, 4), (1, 8), (13, 10), (6, 4), (7, 3), (6, 13), (16, 15), (7, 12), (18, 12), (20, 15), (22, 12), (3, 8), (5, 5), (14, 8), (17, 7), (9, 3), (5, 14), (9, 12), (11, 9), (13, 3), (1, 10), (13, 12), (6, 6), (7, 5), (18, 5), (7, 14), (18, 14), (3, 1), (22, 14), (12, 13), (3, 10), (5, 7), (14, 10), (17, 9), (9, 5), (11, 2), (24, 15), (23, 13), (9, 14), (1, 3), (13, 5), (15, 2), (10, 15), (1, 12), (13, 14), (25, 13), (7, 7), (18, 7), (3, 3), (14, 3), (12, 15), (3, 12), (5, 9), (14, 12), (23, 15), (9, 7), (11, 4), (27, 15), (10, 8), (1, 5), (13, 7), (6, 1), (1, 14), (26, 13), (2, 13), (25, 15), (7, 9), (18, 9), (22, 9), (21, 11), (3, 5), (5, 2), (14, 5), (3, 14), (14, 14), (4, 13), (9, 9), (8, 13), (10, 10), (1, 7), (13, 9), (19, 13), (7, 2), (2, 15), (18, 11), (6, 15), (21, 13), (23, 10), (3, 7), (5, 4), (14, 7), (9, 2), (5, 13), (4, 15), (10, 3), (13, 2), (8, 15), (10, 12), (1, 9), (19, 15), (2, 8), (16, 7), (7, 4), (18, 4), (6, 8), (20, 7), (12, 3), (22, 13), (21, 15), (23, 12), (3, 9), (14, 9), (18, 8), (19, 8), (10, 5), (1, 2), (13, 4), (10, 14), (11, 13), (2, 10), (16, 9), (25, 12), (6, 10), (20, 9), (21, 8), (12, 5), (3, 2), (14, 2), (23, 14), (3, 11), (27, 14), (17, 13), (19, 10), (10, 7), (1, 4), (2, 3), (1, 13), (11, 15), (2, 12), (25, 14), (6, 3), (15, 15), (6, 12), (26, 15), (21, 10), (12, 7), (3, 4), (14, 4), (4, 3), (8, 3), (17, 15), (19, 12), (10, 9), (9, 11), (11, 8), (2, 5), (28, 15), (2, 14), (6, 5), (6, 14), (20, 13), (7, 13), (18, 13), (12, 9), (21, 12), (4, 5), (17, 8), (8, 5), (10, 2), (9, 4), (19, 5), (5, 15), (19, 14), (9, 13), (11, 10), (2, 7), (15, 1), (13, 13), (24, 13), (6, 7), (18, 6), (7, 15), (18, 15), (21, 14), (4, 7), (22, 15), (5, 8), (8, 7), (10, 4), (9, 6), (11, 3), (17, 10), (19, 7), (10, 13), (9, 15), (11, 12), (2, 9), (13, 15), (6, 9), (7, 8)]",28,0,28
233,"(21, 7)","(20, 7)",East,"[((21, 6), 'South', 1), ((22, 7), 'East', 1)]","['(21, 7)', '(23, 9)', '(22, 8)', '(18, 3)', '(29, 15)', '(27, 13)', '(26, 12)', '(17, 4)', '(20, 5)', '(19, 4)', '(16, 5)']","['(22, 8)', '(23, 9)', '(26, 12)', '(18, 3)', '(29, 15)', '(27, 13)', '(16, 5)', '(17, 4)', '(20, 5)', '(19, 4)', '(21, 6)', '(22, 7)']","[(4, 9), (3, 13), (5, 10), (8, 9), (14, 13), (9, 8), (17, 12), (2, 2), (11, 5), (19, 9), (11, 14), (13, 8), (6, 2), (1, 15), (15, 14), (6, 11), (16, 13), (7, 10), (18, 10), (21, 9), (26, 14), (22, 10), (3, 6), (5, 3), (17, 5), (9, 1), (3, 15), (5, 12), (14, 15), (17, 14), (9, 10), (11, 7), (2, 4), (1, 8), (13, 10), (6, 4), (7, 3), (6, 13), (16, 15), (7, 12), (18, 12), (20, 15), (22, 12), (3, 8), (5, 5), (14, 8), (17, 7), (9, 3), (5, 14), (9, 12), (11, 9), (13, 3), (1, 10), (13, 12), (6, 6), (7, 5), (18, 5), (7, 14), (18, 14), (3, 1), (22, 14), (12, 13), (3, 10), (5, 7), (14, 10), (17, 9), (9, 5), (11, 2), (24, 15), (23, 13), (9, 14), (1, 3), (13, 5), (15, 2), (10, 15), (1, 12), (13, 14), (25, 13), (7, 7), (18, 7), (3, 3), (14, 3), (12, 15), (3, 12), (5, 9), (14, 12), (23, 15), (9, 7), (11, 4), (27, 15), (10, 8), (1, 5), (13, 7), (6, 1), (1, 14), (26, 13), (2, 13), (25, 15), (7, 9), (18, 9), (22, 9), (21, 11), (3, 5), (5, 2), (14, 5), (3, 14), (14, 14), (4, 13), (9, 9), (8, 13), (10, 10), (1, 7), (13, 9), (19, 13), (7, 2), (2, 15), (18, 11), (6, 15), (21, 13), (23, 10), (3, 7), (5, 4), (14, 7), (9, 2), (5, 13), (4, 15), (10, 3), (13, 2), (8, 15), (10, 12), (1, 9), (19, 15), (2, 8), (16, 7), (7, 4), (18, 4), (6, 8), (20, 7), (12, 3), (22, 13), (21, 15), (23, 12), (3, 9), (14, 9), (18, 8), (19, 8), (10, 5), (1, 2), (13, 4), (10, 14), (11, 13), (2, 10), (16, 9), (25, 12), (6, 10), (20, 9), (21, 8), (12, 5), (3, 2), (14, 2), (23, 14), (3, 11), (27, 14), (17, 13), (19, 10), (10, 7), (1, 4), (2, 3), (1, 13), (11, 15), (2, 12), (25, 14), (6, 3), (15, 15), (6, 12), (26, 15), (21, 10), (12, 7), (3, 4), (14, 4), (4, 3), (8, 3), (17, 15), (19, 12), (10, 9), (9, 11), (11, 8), (2, 5), (28, 15), (2, 14), (6, 5), (6, 14), (20, 13), (7, 13), (18, 13), (12, 9), (21, 12), (4, 5), (17, 8), (8, 5), (10, 2), (9, 4), (19, 5), (5, 15), (19, 14), (9, 13), (11, 10), (2, 7), (15, 1), (13, 13), (24, 13), (6, 7), (18, 6), (7, 15), (18, 15), (21, 14), (4, 7), (22, 15), (5, 8), (8, 7), (10, 4), (9, 6), (11, 3), (17, 10), (19, 7), (10, 13), (9, 15), (11, 12), (2, 9), (13, 15), (6, 9), (7, 8), (21, 7)]",28,0,28
234,"(22, 8)","(21, 8)",East,"[((23, 8), 'East', 1)]","['(22, 8)', '(23, 9)', '(26, 12)', '(18, 3)', '(29, 15)', '(27, 13)', '(16, 5)', '(17, 4)', '(20, 5)', '(19, 4)', '(21, 6)', '(22, 7)']","['(23, 9)', '(29, 15)', '(26, 12)', '(18, 3)', '(19, 4)', '(27, 13)', '(16, 5)', '(17, 4)', '(20, 5)', '(22, 7)', '(21, 6)', '(23, 8)']","[(4, 9), (3, 13), (5, 10), (8, 9), (14, 13), (9, 8), (17, 12), (2, 2), (11, 5), (19, 9), (11, 14), (13, 8), (6, 2), (1, 15), (15, 14), (6, 11), (16, 13), (7, 10), (18, 10), (21, 9), (26, 14), (22, 10), (3, 6), (5, 3), (17, 5), (9, 1), (3, 15), (5, 12), (14, 15), (17, 14), (9, 10), (11, 7), (2, 4), (1, 8), (13, 10), (6, 4), (7, 3), (6, 13), (16, 15), (7, 12), (18, 12), (20, 15), (22, 12), (3, 8), (5, 5), (14, 8), (17, 7), (9, 3), (5, 14), (9, 12), (11, 9), (13, 3), (1, 10), (13, 12), (6, 6), (7, 5), (18, 5), (7, 14), (18, 14), (3, 1), (22, 14), (12, 13), (3, 10), (5, 7), (14, 10), (17, 9), (9, 5), (11, 2), (24, 15), (23, 13), (9, 14), (1, 3), (13, 5), (15, 2), (10, 15), (1, 12), (13, 14), (25, 13), (7, 7), (18, 7), (3, 3), (14, 3), (12, 15), (3, 12), (5, 9), (14, 12), (23, 15), (9, 7), (11, 4), (27, 15), (10, 8), (1, 5), (13, 7), (6, 1), (1, 14), (26, 13), (2, 13), (25, 15), (7, 9), (18, 9), (22, 9), (21, 11), (3, 5), (5, 2), (14, 5), (3, 14), (14, 14), (4, 13), (9, 9), (8, 13), (10, 10), (1, 7), (13, 9), (19, 13), (7, 2), (2, 15), (18, 11), (6, 15), (21, 13), (23, 10), (3, 7), (5, 4), (14, 7), (9, 2), (5, 13), (4, 15), (10, 3), (13, 2), (8, 15), (10, 12), (1, 9), (19, 15), (2, 8), (16, 7), (7, 4), (18, 4), (6, 8), (20, 7), (12, 3), (22, 13), (21, 15), (23, 12), (3, 9), (14, 9), (18, 8), (19, 8), (10, 5), (1, 2), (13, 4), (10, 14), (11, 13), (2, 10), (16, 9), (25, 12), (6, 10), (20, 9), (21, 8), (12, 5), (3, 2), (14, 2), (23, 14), (3, 11), (27, 14), (17, 13), (19, 10), (10, 7), (1, 4), (2, 3), (1, 13), (11, 15), (2, 12), (25, 14), (6, 3), (15, 15), (6, 12), (26, 15), (22, 8), (21, 10), (12, 7), (3, 4), (14, 4), (4, 3), (8, 3), (17, 15), (19, 12), (10, 9), (9, 11), (11, 8), (2, 5), (28, 15), (2, 14), (6, 5), (6, 14), (20, 13), (7, 13), (18, 13), (12, 9), (21, 12), (4, 5), (17, 8), (8, 5), (10, 2), (9, 4), (19, 5), (5, 15), (19, 14), (9, 13), (11, 10), (2, 7), (15, 1), (13, 13), (24, 13), (6, 7), (18, 6), (7, 15), (18, 15), (21, 14), (4, 7), (22, 15), (5, 8), (8, 7), (10, 4), (9, 6), (11, 3), (17, 10), (19, 7), (10, 13), (9, 15), (11, 12), (2, 9), (13, 15), (6, 9), (7, 8), (21, 7)]",28,0,28
235,"(23, 9)","(22, 9)",East,"[((24, 9), 'East', 1)]","['(23, 9)', '(29, 15)', '(26, 12)', '(18, 3)', '(19, 4)', '(27, 13)', '(16, 5)', '(17, 4)', '(20, 5)', '(22, 7)', '(21, 6)', '(23, 8)']","['(26, 12)', '(29, 15)', '(27, 13)', '(18, 3)', '(19, 4)', '(23, 8)', '(16, 5)', '(17, 4)', '(20, 5)', '(22, 7)', '(21, 6)', '(24, 9)']","[(4, 9), (3, 13), (5, 10), (8, 9), (14, 13), (9, 8), (17, 12), (2, 2), (11, 5), (19, 9), (11, 14), (13, 8), (6, 2), (1, 15), (15, 14), (6, 11), (16, 13), (7, 10), (18, 10), (21, 9), (26, 14), (22, 10), (3, 6), (5, 3), (17, 5), (9, 1), (3, 15), (5, 12), (14, 15), (17, 14), (9, 10), (11, 7), (2, 4), (1, 8), (13, 10), (6, 4), (7, 3), (6, 13), (16, 15), (7, 12), (18, 12), (20, 15), (22, 12), (3, 8), (5, 5), (14, 8), (17, 7), (9, 3), (5, 14), (9, 12), (11, 9), (13, 3), (1, 10), (13, 12), (6, 6), (7, 5), (18, 5), (7, 14), (18, 14), (3, 1), (22, 14), (12, 13), (3, 10), (5, 7), (14, 10), (17, 9), (9, 5), (11, 2), (24, 15), (23, 13), (9, 14), (1, 3), (13, 5), (15, 2), (10, 15), (1, 12), (13, 14), (25, 13), (7, 7), (18, 7), (3, 3), (14, 3), (12, 15), (3, 12), (5, 9), (14, 12), (23, 15), (9, 7), (11, 4), (27, 15), (10, 8), (1, 5), (13, 7), (6, 1), (1, 14), (26, 13), (2, 13), (25, 15), (7, 9), (18, 9), (22, 9), (21, 11), (3, 5), (5, 2), (14, 5), (3, 14), (14, 14), (4, 13), (9, 9), (8, 13), (10, 10), (1, 7), (13, 9), (19, 13), (7, 2), (2, 15), (18, 11), (6, 15), (21, 13), (23, 10), (3, 7), (5, 4), (14, 7), (9, 2), (5, 13), (4, 15), (10, 3), (13, 2), (8, 15), (10, 12), (1, 9), (19, 15), (2, 8), (16, 7), (7, 4), (18, 4), (6, 8), (20, 7), (12, 3), (22, 13), (21, 15), (23, 12), (3, 9), (14, 9), (18, 8), (19, 8), (10, 5), (1, 2), (13, 4), (10, 14), (11, 13), (2, 10), (16, 9), (25, 12), (6, 10), (20, 9), (21, 8), (12, 5), (3, 2), (14, 2), (23, 14), (3, 11), (27, 14), (17, 13), (19, 10), (10, 7), (1, 4), (2, 3), (1, 13), (11, 15), (2, 12), (25, 14), (6, 3), (15, 15), (6, 12), (26, 15), (22, 8), (21, 10), (12, 7), (3, 4), (14, 4), (4, 3), (8, 3), (17, 15), (19, 12), (10, 9), (9, 11), (11, 8), (2, 5), (28, 15), (2, 14), (6, 5), (6, 14), (20, 13), (7, 13), (18, 13), (12, 9), (21, 12), (23, 9), (4, 5), (17, 8), (8, 5), (10, 2), (9, 4), (19, 5), (5, 15), (19, 14), (9, 13), (11, 10), (2, 7), (15, 1), (13, 13), (24, 13), (6, 7), (18, 6), (7, 15), (18, 15), (21, 14), (4, 7), (22, 15), (5, 8), (8, 7), (10, 4), (9, 6), (11, 3), (17, 10), (19, 7), (10, 13), (9, 15), (11, 12), (2, 9), (13, 15), (6, 9), (7, 8), (21, 7)]",28,0,28
236,"(26, 12)","(25, 12)",East,"[((27, 12), 'East', 1)]","['(26, 12)', '(29, 15)', '(27, 13)', '(18, 3)', '(19, 4)', '(23, 8)', '(16, 5)', '(17, 4)', '(20, 5)', '(22, 7)', '(21, 6)', '(24, 9)']","['(27, 13)', '(29, 15)', '(16, 5)', '(18, 3)', '(19, 4)', '(23, 8)', '(24, 9)', '(17, 4)', '(20, 5)', '(22, 7)', '(21, 6)', '(27, 12)']","[(4, 9), (3, 13), (5, 10), (8, 9), (14, 13), (9, 8), (17, 12), (2, 2), (11, 5), (19, 9), (11, 14), (13, 8), (6, 2), (1, 15), (15, 14), (6, 11), (16, 13), (7, 10), (18, 10), (21, 9), (26, 14), (22, 10), (3, 6), (5, 3), (17, 5), (9, 1), (3, 15), (5, 12), (14, 15), (17, 14), (9, 10), (11, 7), (2, 4), (1, 8), (13, 10), (6, 4), (7, 3), (6, 13), (16, 15), (7, 12), (18, 12), (20, 15), (22, 12), (3, 8), (5, 5), (14, 8), (17, 7), (9, 3), (5, 14), (9, 12), (11, 9), (13, 3), (1, 10), (13, 12), (6, 6), (7, 5), (18, 5), (7, 14), (18, 14), (3, 1), (22, 14), (12, 13), (3, 10), (5, 7), (14, 10), (17, 9), (9, 5), (11, 2), (24, 15), (23, 13), (9, 14), (1, 3), (13, 5), (15, 2), (10, 15), (1, 12), (13, 14), (25, 13), (7, 7), (18, 7), (3, 3), (14, 3), (12, 15), (3, 12), (5, 9), (14, 12), (23, 15), (9, 7), (11, 4), (27, 15), (10, 8), (1, 5), (13, 7), (6, 1), (1, 14), (26, 13), (2, 13), (25, 15), (7, 9), (18, 9), (22, 9), (21, 11), (3, 5), (5, 2), (14, 5), (3, 14), (14, 14), (4, 13), (9, 9), (8, 13), (10, 10), (1, 7), (13, 9), (19, 13), (7, 2), (2, 15), (18, 11), (6, 15), (21, 13), (23, 10), (3, 7), (5, 4), (14, 7), (9, 2), (5, 13), (4, 15), (10, 3), (13, 2), (8, 15), (10, 12), (1, 9), (19, 15), (2, 8), (16, 7), (7, 4), (18, 4), (6, 8), (20, 7), (12, 3), (22, 13), (21, 15), (23, 12), (3, 9), (14, 9), (18, 8), (19, 8), (10, 5), (1, 2), (13, 4), (10, 14), (11, 13), (2, 10), (16, 9), (25, 12), (6, 10), (20, 9), (21, 8), (12, 5), (3, 2), (14, 2), (23, 14), (3, 11), (27, 14), (17, 13), (19, 10), (10, 7), (1, 4), (2, 3), (1, 13), (11, 15), (2, 12), (25, 14), (6, 3), (15, 15), (6, 12), (26, 15), (22, 8), (21, 10), (12, 7), (3, 4), (14, 4), (4, 3), (8, 3), (17, 15), (19, 12), (10, 9), (9, 11), (11, 8), (2, 5), (28, 15), (2, 14), (6, 5), (6, 14), (20, 13), (7, 13), (18, 13), (12, 9), (21, 12), (23, 9), (4, 5), (17, 8), (8, 5), (10, 2), (9, 4), (19, 5), (5, 15), (19, 14), (9, 13), (11, 10), (2, 7), (15, 1), (13, 13), (24, 13), (6, 7), (18, 6), (7, 15), (18, 15), (21, 14), (4, 7), (22, 15), (5, 8), (8, 7), (10, 4), (9, 6), (11, 3), (17, 10), (19, 7), (10, 13), (9, 15), (11, 12), (2, 9), (13, 15), (26, 12), (6, 9), (7, 8), (21, 7)]",28,0,28
237,"(27, 13)","(26, 13)",East,"[((28, 13), 'East', 1)]","['(27, 13)', '(29, 15)', '(16, 5)', '(18, 3)', '(19, 4)', '(23, 8)', '(24, 9)', '(17, 4)', '(20, 5)', '(22, 7)', '(21, 6)', '(27, 12)']","['(29, 15)', '(18, 3)', '(16, 5)', '(17, 4)', '(19, 4)', '(23, 8)', '(24, 9)', '(27, 12)', '(20, 5)', '(22, 7)', '(21, 6)', '(28, 13)']","[(4, 9), (27, 13), (3, 13), (5, 10), (8, 9), (14, 13), (9, 8), (17, 12), (2, 2), (11, 5), (19, 9), (11, 14), (13, 8), (6, 2), (1, 15), (15, 14), (6, 11), (16, 13), (7, 10), (18, 10), (21, 9), (26, 14), (22, 10), (3, 6), (5, 3), (17, 5), (9, 1), (3, 15), (5, 12), (14, 15), (17, 14), (9, 10), (11, 7), (2, 4), (1, 8), (13, 10), (6, 4), (7, 3), (6, 13), (16, 15), (7, 12), (18, 12), (20, 15), (22, 12), (3, 8), (5, 5), (14, 8), (17, 7), (9, 3), (5, 14), (9, 12), (11, 9), (13, 3), (1, 10), (13, 12), (6, 6), (7, 5), (18, 5), (7, 14), (18, 14), (3, 1), (22, 14), (12, 13), (3, 10), (5, 7), (14, 10), (17, 9), (9, 5), (11, 2), (24, 15), (23, 13), (9, 14), (1, 3), (13, 5), (15, 2), (10, 15), (1, 12), (13, 14), (25, 13), (7, 7), (18, 7), (3, 3), (14, 3), (12, 15), (3, 12), (5, 9), (14, 12), (23, 15), (9, 7), (11, 4), (27, 15), (10, 8), (1, 5), (13, 7), (6, 1), (1, 14), (26, 13), (2, 13), (25, 15), (7, 9), (18, 9), (22, 9), (21, 11), (3, 5), (5, 2), (14, 5), (3, 14), (14, 14), (4, 13), (9, 9), (8, 13), (10, 10), (1, 7), (13, 9), (19, 13), (7, 2), (2, 15), (18, 11), (6, 15), (21, 13), (23, 10), (3, 7), (5, 4), (14, 7), (9, 2), (5, 13), (4, 15), (10, 3), (13, 2), (8, 15), (10, 12), (1, 9), (19, 15), (2, 8), (16, 7), (7, 4), (18, 4), (6, 8), (20, 7), (12, 3), (22, 13), (21, 15), (23, 12), (3, 9), (14, 9), (18, 8), (19, 8), (10, 5), (1, 2), (13, 4), (10, 14), (11, 13), (2, 10), (16, 9), (25, 12), (6, 10), (20, 9), (21, 8), (12, 5), (3, 2), (14, 2), (23, 14), (3, 11), (27, 14), (17, 13), (19, 10), (10, 7), (1, 4), (2, 3), (1, 13), (11, 15), (2, 12), (25, 14), (6, 3), (15, 15), (6, 12), (26, 15), (22, 8), (21, 10), (12, 7), (3, 4), (14, 4), (4, 3), (8, 3), (17, 15), (19, 12), (10, 9), (9, 11), (11, 8), (2, 5), (28, 15), (2, 14), (6, 5), (6, 14), (20, 13), (7, 13), (18, 13), (12, 9), (21, 12), (23, 9), (4, 5), (17, 8), (8, 5), (10, 2), (9, 4), (19, 5), (5, 15), (19, 14), (9, 13), (11, 10), (2, 7), (15, 1), (13, 13), (24, 13), (6, 7), (18, 6), (7, 15), (18, 15), (21, 14), (4, 7), (22, 15), (5, 8), (8, 7), (10, 4), (9, 6), (11, 3), (17, 10), (19, 7), (10, 13), (9, 15), (11, 12), (2, 9), (13, 15), (26, 12), (6, 9), (7, 8), (21, 7)]",28,0,28
238,"(29, 15)","(28, 15)",East,"[((29, 14), 'South', 1)]","['(29, 15)', '(18, 3)', '(16, 5)', '(17, 4)', '(19, 4)', '(23, 8)', '(24, 9)', '(27, 12)', '(20, 5)', '(22, 7)', '(21, 6)', '(28, 13)']","['(18, 3)', '(19, 4)', '(16, 5)', '(17, 4)', '(21, 6)', '(23, 8)', '(24, 9)', '(27, 12)', '(20, 5)', '(22, 7)', '(28, 13)', '(29, 14)']","[(4, 9), (27, 13), (3, 13), (5, 10), (8, 9), (14, 13), (9, 8), (17, 12), (2, 2), (11, 5), (19, 9), (11, 14), (13, 8), (6, 2), (1, 15), (15, 14), (6, 11), (16, 13), (7, 10), (18, 10), (21, 9), (26, 14), (22, 10), (3, 6), (5, 3), (17, 5), (9, 1), (3, 15), (5, 12), (14, 15), (17, 14), (9, 10), (11, 7), (2, 4), (1, 8), (13, 10), (6, 4), (7, 3), (6, 13), (16, 15), (7, 12), (18, 12), (20, 15), (22, 12), (3, 8), (5, 5), (14, 8), (17, 7), (9, 3), (5, 14), (9, 12), (11, 9), (13, 3), (1, 10), (13, 12), (6, 6), (7, 5), (18, 5), (7, 14), (18, 14), (3, 1), (22, 14), (12, 13), (3, 10), (5, 7), (14, 10), (17, 9), (9, 5), (11, 2), (24, 15), (23, 13), (9, 14), (1, 3), (13, 5), (15, 2), (10, 15), (1, 12), (13, 14), (25, 13), (7, 7), (18, 7), (3, 3), (14, 3), (12, 15), (3, 12), (5, 9), (14, 12), (23, 15), (9, 7), (11, 4), (27, 15), (10, 8), (1, 5), (13, 7), (6, 1), (1, 14), (26, 13), (2, 13), (25, 15), (7, 9), (18, 9), (29, 15), (22, 9), (21, 11), (3, 5), (5, 2), (14, 5), (3, 14), (14, 14), (4, 13), (9, 9), (8, 13), (10, 10), (1, 7), (13, 9), (19, 13), (7, 2), (2, 15), (18, 11), (6, 15), (21, 13), (23, 10), (3, 7), (5, 4), (14, 7), (9, 2), (5, 13), (4, 15), (10, 3), (13, 2), (8, 15), (10, 12), (1, 9), (19, 15), (2, 8), (16, 7), (7, 4), (18, 4), (6, 8), (20, 7), (12, 3), (22, 13), (21, 15), (23, 12), (3, 9), (14, 9), (18, 8), (19, 8), (10, 5), (1, 2), (13, 4), (10, 14), (11, 13), (2, 10), (16, 9), (25, 12), (6, 10), (20, 9), (21, 8), (12, 5), (3, 2), (14, 2), (23, 14), (3, 11), (27, 14), (17, 13), (19, 10), (10, 7), (1, 4), (2, 3), (1, 13), (11, 15), (2, 12), (25, 14), (6, 3), (15, 15), (6, 12), (26, 15), (22, 8), (21, 10), (12, 7), (3, 4), (14, 4), (4, 3), (8, 3), (17, 15), (19, 12), (10, 9), (9, 11), (11, 8), (2, 5), (28, 15), (2, 14), (6, 5), (6, 14), (20, 13), (7, 13), (18, 13), (12, 9), (21, 12), (23, 9), (4, 5), (17, 8), (8, 5), (10, 2), (9, 4), (19, 5), (5, 15), (19, 14), (9, 13), (11, 10), (2, 7), (15, 1), (13, 13), (24, 13), (6, 7), (18, 6), (7, 15), (18, 15), (21, 14), (4, 7), (22, 15), (5, 8), (8, 7), (10, 4), (9, 6), (11, 3), (17, 10), (19, 7), (10, 13), (9, 15), (11, 12), (2, 9), (13, 15), (26, 12), (6, 9), (7, 8), (21, 7)]",28,0,28
239,"(18, 3)","(18, 4)",South,"[((18, 2), 'South', 1), ((19, 3), 'East', 1), ((17, 3), 'West', 1)]","['(18, 3)', '(19, 4)', '(16, 5)', '(17, 4)', '(21, 6)', '(23, 8)', '(24, 9)', '(27, 12)', '(20, 5)', '(22, 7)', '(28, 13)', '(29, 14)']","['(19, 4)', '(17, 4)', '(16, 5)', '(20, 5)', '(21, 6)', '(23, 8)', '(24, 9)', '(27, 12)', '(29, 14)', '(22, 7)', '(28, 13)', '(18, 2)', '(19, 3)', '(17, 3)']","[(4, 9), (27, 13), (3, 13), (5, 10), (8, 9), (14, 13), (9, 8), (17, 12), (2, 2), (11, 5), (19, 9), (11, 14), (13, 8), (6, 2), (1, 15), (15, 14), (6, 11), (16, 13), (7, 10), (18, 10), (21, 9), (26, 14), (22, 10), (3, 6), (5, 3), (17, 5), (9, 1), (3, 15), (5, 12), (14, 15), (17, 14), (9, 10), (11, 7), (2, 4), (1, 8), (13, 10), (6, 4), (7, 3), (18, 3), (6, 13), (16, 15), (7, 12), (18, 12), (20, 15), (22, 12), (3, 8), (5, 5), (14, 8), (17, 7), (9, 3), (5, 14), (9, 12), (11, 9), (13, 3), (1, 10), (13, 12), (6, 6), (7, 5), (18, 5), (7, 14), (18, 14), (3, 1), (22, 14), (12, 13), (3, 10), (5, 7), (14, 10), (17, 9), (9, 5), (11, 2), (24, 15), (23, 13), (9, 14), (1, 3), (13, 5), (15, 2), (10, 15), (1, 12), (13, 14), (25, 13), (7, 7), (18, 7), (3, 3), (14, 3), (12, 15), (3, 12), (5, 9), (14, 12), (23, 15), (9, 7), (11, 4), (27, 15), (10, 8), (1, 5), (13, 7), (6, 1), (1, 14), (26, 13), (2, 13), (25, 15), (7, 9), (18, 9), (29, 15), (22, 9), (21, 11), (3, 5), (5, 2), (14, 5), (3, 14), (14, 14), (4, 13), (9, 9), (8, 13), (10, 10), (1, 7), (13, 9), (19, 13), (7, 2), (2, 15), (18, 11), (6, 15), (21, 13), (23, 10), (3, 7), (5, 4), (14, 7), (9, 2), (5, 13), (4, 15), (10, 3), (13, 2), (8, 15), (10, 12), (1, 9), (19, 15), (2, 8), (16, 7), (7, 4), (18, 4), (6, 8), (20, 7), (12, 3), (22, 13), (21, 15), (23, 12), (3, 9), (14, 9), (18, 8), (19, 8), (10, 5), (1, 2), (13, 4), (10, 14), (11, 13), (2, 10), (16, 9), (25, 12), (6, 10), (20, 9), (21, 8), (12, 5), (3, 2), (14, 2), (23, 14), (3, 11), (27, 14), (17, 13), (19, 10), (10, 7), (1, 4), (2, 3), (1, 13), (11, 15), (2, 12), (25, 14), (6, 3), (15, 15), (6, 12), (26, 15), (22, 8), (21, 10), (12, 7), (3, 4), (14, 4), (4, 3), (8, 3), (17, 15), (19, 12), (10, 9), (9, 11), (11, 8), (2, 5), (28, 15), (2, 14), (6, 5), (6, 14), (20, 13), (7, 13), (18, 13), (12, 9), (21, 12), (23, 9), (4, 5), (17, 8), (8, 5), (10, 2), (9, 4), (19, 5), (5, 15), (19, 14), (9, 13), (11, 10), (2, 7), (15, 1), (13, 13), (24, 13), (6, 7), (18, 6), (7, 15), (18, 15), (21, 14), (4, 7), (22, 15), (5, 8), (8, 7), (10, 4), (9, 6), (11, 3), (17, 10), (19, 7), (10, 13), (9, 15), (11, 12), (2, 9), (13, 15), (26, 12), (6, 9), (7, 8), (21, 7)]",29,0,29
240,"(19, 4)","(18, 4)",East,[],"['(19, 4)', '(17, 4)', '(16, 5)', '(20, 5)', '(21, 6)', '(23, 8)', '(24, 9)', '(27, 12)', '(29, 14)', '(22, 7)', '(28, 13)', '(18, 2)', '(19, 3)', '(17, 3)']","['(17, 4)', '(20, 5)', '(16, 5)', '(27, 12)', '(21, 6)', '(23, 8)', '(24, 9)', '(17, 3)', '(29, 14)', '(22, 7)', '(28, 13)', '(18, 2)', '(19, 3)']","[(4, 9), (27, 13), (3, 13), (5, 10), (8, 9), (14, 13), (9, 8), (17, 12), (2, 2), (11, 5), (19, 9), (11, 14), (13, 8), (6, 2), (1, 15), (15, 14), (6, 11), (16, 13), (7, 10), (18, 10), (21, 9), (26, 14), (22, 10), (3, 6), (5, 3), (17, 5), (9, 1), (3, 15), (5, 12), (14, 15), (17, 14), (9, 10), (11, 7), (2, 4), (1, 8), (13, 10), (6, 4), (7, 3), (18, 3), (6, 13), (16, 15), (7, 12), (18, 12), (20, 15), (22, 12), (3, 8), (5, 5), (14, 8), (17, 7), (9, 3), (19, 4), (5, 14), (9, 12), (11, 9), (13, 3), (1, 10), (13, 12), (6, 6), (7, 5), (18, 5), (7, 14), (18, 14), (3, 1), (22, 14), (12, 13), (3, 10), (5, 7), (14, 10), (17, 9), (9, 5), (11, 2), (24, 15), (23, 13), (9, 14), (1, 3), (13, 5), (15, 2), (10, 15), (1, 12), (13, 14), (25, 13), (7, 7), (18, 7), (3, 3), (14, 3), (12, 15), (3, 12), (5, 9), (14, 12), (23, 15), (9, 7), (11, 4), (27, 15), (10, 8), (1, 5), (13, 7), (6, 1), (1, 14), (26, 13), (2, 13), (25, 15), (7, 9), (18, 9), (29, 15), (22, 9), (21, 11), (3, 5), (5, 2), (14, 5), (3, 14), (14, 14), (4, 13), (9, 9), (8, 13), (10, 10), (1, 7), (13, 9), (19, 13), (7, 2), (2, 15), (18, 11), (6, 15), (21, 13), (23, 10), (3, 7), (5, 4), (14, 7), (9, 2), (5, 13), (4, 15), (10, 3), (13, 2), (8, 15), (10, 12), (1, 9), (19, 15), (2, 8), (16, 7), (7, 4), (18, 4), (6, 8), (20, 7), (12, 3), (22, 13), (21, 15), (23, 12), (3, 9), (14, 9), (18, 8), (19, 8), (10, 5), (1, 2), (13, 4), (10, 14), (11, 13), (2, 10), (16, 9), (25, 12), (6, 10), (20, 9), (21, 8), (12, 5), (3, 2), (14, 2), (23, 14), (3, 11), (27, 14), (17, 13), (19, 10), (10, 7), (1, 4), (2, 3), (1, 13), (11, 15), (2, 12), (25, 14), (6, 3), (15, 15), (6, 12), (26, 15), (22, 8), (21, 10), (12, 7), (3, 4), (14, 4), (4, 3), (8, 3), (17, 15), (19, 12), (10, 9), (9, 11), (11, 8), (2, 5), (28, 15), (2, 14), (6, 5), (6, 14), (20, 13), (7, 13), (18, 13), (12, 9), (21, 12), (23, 9), (4, 5), (17, 8), (8, 5), (10, 2), (9, 4), (19, 5), (5, 15), (19, 14), (9, 13), (11, 10), (2, 7), (15, 1), (13, 13), (24, 13), (6, 7), (18, 6), (7, 15), (18, 15), (21, 14), (4, 7), (22, 15), (5, 8), (8, 7), (10, 4), (9, 6), (11, 3), (17, 10), (19, 7), (10, 13), (9, 15), (11, 12), (2, 9), (13, 15), (26, 12), (6, 9), (7, 8), (21, 7)]",29,0,29
241,"(17, 4)","(18, 4)",West,[],"['(17, 4)', '(20, 5)', '(16, 5)', '(27, 12)', '(21, 6)', '(23, 8)', '(24, 9)', '(17, 3)', '(29, 14)', '(22, 7)', '(28, 13)', '(18, 2)', '(19, 3)']","['(20, 5)', '(21, 6)', '(16, 5)', '(27, 12)', '(22, 7)', '(23, 8)', '(24, 9)', '(17, 3)', '(29, 14)', '(19, 3)', '(28, 13)', '(18, 2)']","[(4, 9), (27, 13), (3, 13), (5, 10), (8, 9), (14, 13), (9, 8), (17, 12), (2, 2), (11, 5), (19, 9), (11, 14), (13, 8), (6, 2), (1, 15), (15, 14), (6, 11), (16, 13), (7, 10), (18, 10), (21, 9), (26, 14), (22, 10), (3, 6), (5, 3), (17, 5), (9, 1), (3, 15), (5, 12), (14, 15), (17, 14), (9, 10), (11, 7), (2, 4), (1, 8), (13, 10), (6, 4), (7, 3), (18, 3), (6, 13), (16, 15), (7, 12), (18, 12), (20, 15), (22, 12), (3, 8), (5, 5), (14, 8), (17, 7), (9, 3), (19, 4), (5, 14), (9, 12), (11, 9), (13, 3), (1, 10), (13, 12), (6, 6), (7, 5), (18, 5), (7, 14), (18, 14), (3, 1), (22, 14), (12, 13), (3, 10), (5, 7), (14, 10), (17, 9), (9, 5), (11, 2), (24, 15), (23, 13), (9, 14), (1, 3), (13, 5), (15, 2), (10, 15), (1, 12), (13, 14), (25, 13), (7, 7), (18, 7), (3, 3), (14, 3), (12, 15), (3, 12), (5, 9), (14, 12), (23, 15), (9, 7), (11, 4), (27, 15), (10, 8), (1, 5), (13, 7), (6, 1), (1, 14), (26, 13), (2, 13), (25, 15), (7, 9), (18, 9), (29, 15), (22, 9), (21, 11), (3, 5), (5, 2), (14, 5), (17, 4), (3, 14), (14, 14), (4, 13), (9, 9), (8, 13), (10, 10), (1, 7), (13, 9), (19, 13), (7, 2), (2, 15), (18, 11), (6, 15), (21, 13), (23, 10), (3, 7), (5, 4), (14, 7), (9, 2), (5, 13), (4, 15), (10, 3), (13, 2), (8, 15), (10, 12), (1, 9), (19, 15), (2, 8), (16, 7), (7, 4), (18, 4), (6, 8), (20, 7), (12, 3), (22, 13), (21, 15), (23, 12), (3, 9), (14, 9), (18, 8), (19, 8), (10, 5), (1, 2), (13, 4), (10, 14), (11, 13), (2, 10), (16, 9), (25, 12), (6, 10), (20, 9), (21, 8), (12, 5), (3, 2), (14, 2), (23, 14), (3, 11), (27, 14), (17, 13), (19, 10), (10, 7), (1, 4), (2, 3), (1, 13), (11, 15), (2, 12), (25, 14), (6, 3), (15, 15), (6, 12), (26, 15), (22, 8), (21, 10), (12, 7), (3, 4), (14, 4), (4, 3), (8, 3), (17, 15), (19, 12), (10, 9), (9, 11), (11, 8), (2, 5), (28, 15), (2, 14), (6, 5), (6, 14), (20, 13), (7, 13), (18, 13), (12, 9), (21, 12), (23, 9), (4, 5), (17, 8), (8, 5), (10, 2), (9, 4), (19, 5), (5, 15), (19, 14), (9, 13), (11, 10), (2, 7), (15, 1), (13, 13), (24, 13), (6, 7), (18, 6), (7, 15), (18, 15), (21, 14), (4, 7), (22, 15), (5, 8), (8, 7), (10, 4), (9, 6), (11, 3), (17, 10), (19, 7), (10, 13), (9, 15), (11, 12), (2, 9), (13, 15), (26, 12), (6, 9), (7, 8), (21, 7)]",29,0,29
242,"(20, 5)","(19, 5)",East,"[((21, 5), 'East', 1)]","['(20, 5)', '(21, 6)', '(16, 5)', '(27, 12)', '(22, 7)', '(23, 8)', '(24, 9)', '(17, 3)', '(29, 14)', '(19, 3)', '(28, 13)', '(18, 2)']","['(16, 5)', '(21, 6)', '(23, 8)', '(27, 12)', '(22, 7)', '(18, 2)', '(24, 9)', '(17, 3)', '(29, 14)', '(19, 3)', '(28, 13)', '(21, 5)']","[(4, 9), (27, 13), (3, 13), (5, 10), (8, 9), (14, 13), (9, 8), (17, 12), (2, 2), (11, 5), (19, 9), (11, 14), (13, 8), (6, 2), (1, 15), (15, 14), (6, 11), (16, 13), (7, 10), (18, 10), (21, 9), (26, 14), (22, 10), (3, 6), (5, 3), (17, 5), (9, 1), (3, 15), (5, 12), (14, 15), (17, 14), (9, 10), (11, 7), (2, 4), (1, 8), (13, 10), (6, 4), (7, 3), (18, 3), (6, 13), (16, 15), (7, 12), (18, 12), (20, 15), (22, 12), (3, 8), (5, 5), (14, 8), (17, 7), (9, 3), (19, 4), (5, 14), (9, 12), (11, 9), (13, 3), (1, 10), (13, 12), (6, 6), (7, 5), (18, 5), (7, 14), (18, 14), (3, 1), (22, 14), (12, 13), (3, 10), (5, 7), (14, 10), (17, 9), (9, 5), (11, 2), (24, 15), (23, 13), (9, 14), (1, 3), (13, 5), (15, 2), (10, 15), (1, 12), (13, 14), (25, 13), (7, 7), (18, 7), (3, 3), (14, 3), (12, 15), (3, 12), (5, 9), (14, 12), (23, 15), (9, 7), (11, 4), (27, 15), (10, 8), (1, 5), (13, 7), (6, 1), (1, 14), (26, 13), (2, 13), (25, 15), (7, 9), (18, 9), (29, 15), (22, 9), (21, 11), (3, 5), (5, 2), (14, 5), (17, 4), (3, 14), (14, 14), (4, 13), (9, 9), (8, 13), (10, 10), (1, 7), (13, 9), (19, 13), (7, 2), (2, 15), (18, 11), (20, 5), (6, 15), (21, 13), (23, 10), (3, 7), (5, 4), (14, 7), (9, 2), (5, 13), (4, 15), (10, 3), (13, 2), (8, 15), (10, 12), (1, 9), (19, 15), (2, 8), (16, 7), (7, 4), (18, 4), (6, 8), (20, 7), (12, 3), (22, 13), (21, 15), (23, 12), (3, 9), (14, 9), (18, 8), (19, 8), (10, 5), (1, 2), (13, 4), (10, 14), (11, 13), (2, 10), (16, 9), (25, 12), (6, 10), (20, 9), (21, 8), (12, 5), (3, 2), (14, 2), (23, 14), (3, 11), (27, 14), (17, 13), (19, 10), (10, 7), (1, 4), (2, 3), (1, 13), (11, 15), (2, 12), (25, 14), (6, 3), (15, 15), (6, 12), (26, 15), (22, 8), (21, 10), (12, 7), (3, 4), (14, 4), (4, 3), (8, 3), (17, 15), (19, 12), (10, 9), (9, 11), (11, 8), (2, 5), (28, 15), (2, 14), (6, 5), (6, 14), (20, 13), (7, 13), (18, 13), (12, 9), (21, 12), (23, 9), (4, 5), (17, 8), (8, 5), (10, 2), (9, 4), (19, 5), (5, 15), (19, 14), (9, 13), (11, 10), (2, 7), (15, 1), (13, 13), (24, 13), (6, 7), (18, 6), (7, 15), (18, 15), (21, 14), (4, 7), (22, 15), (5, 8), (8, 7), (10, 4), (9, 6), (11, 3), (17, 10), (19, 7), (10, 13), (9, 15), (11, 12), (2, 9), (13, 15), (26, 12), (6, 9), (7, 8), (21, 7)]",29,0,29
243,"(16, 5)","(17, 5)",West,[],"['(16, 5)', '(21, 6)', '(23, 8)', '(27, 12)', '(22, 7)', '(18, 2)', '(24, 9)', '(17, 3)', '(29, 14)', '(19, 3)', '(28, 13)', '(21, 5)']","['(21, 6)', '(22, 7)', '(23, 8)', '(27, 12)', '(28, 13)', '(18, 2)', '(24, 9)', '(17, 3)', '(29, 14)', '(19, 3)', '(21, 5)']","[(4, 9), (27, 13), (3, 13), (5, 10), (8, 9), (14, 13), (9, 8), (17, 12), (2, 2), (11, 5), (19, 9), (11, 14), (13, 8), (6, 2), (1, 15), (15, 14), (6, 11), (16, 13), (7, 10), (18, 10), (21, 9), (26, 14), (22, 10), (3, 6), (5, 3), (17, 5), (9, 1), (3, 15), (5, 12), (14, 15), (17, 14), (9, 10), (11, 7), (2, 4), (1, 8), (13, 10), (6, 4), (7, 3), (18, 3), (6, 13), (16, 15), (7, 12), (18, 12), (20, 15), (22, 12), (3, 8), (5, 5), (14, 8), (17, 7), (9, 3), (19, 4), (5, 14), (9, 12), (11, 9), (13, 3), (1, 10), (13, 12), (6, 6), (7, 5), (18, 5), (7, 14), (18, 14), (3, 1), (22, 14), (12, 13), (3, 10), (5, 7), (14, 10), (17, 9), (9, 5), (11, 2), (24, 15), (23, 13), (9, 14), (1, 3), (13, 5), (15, 2), (10, 15), (1, 12), (13, 14), (25, 13), (7, 7), (18, 7), (3, 3), (14, 3), (12, 15), (3, 12), (5, 9), (14, 12), (23, 15), (9, 7), (11, 4), (27, 15), (10, 8), (1, 5), (13, 7), (6, 1), (1, 14), (26, 13), (2, 13), (25, 15), (7, 9), (18, 9), (29, 15), (22, 9), (21, 11), (3, 5), (5, 2), (14, 5), (17, 4), (3, 14), (14, 14), (4, 13), (9, 9), (8, 13), (10, 10), (1, 7), (13, 9), (19, 13), (16, 5), (7, 2), (2, 15), (18, 11), (20, 5), (6, 15), (21, 13), (23, 10), (3, 7), (5, 4), (14, 7), (9, 2), (5, 13), (4, 15), (10, 3), (13, 2), (8, 15), (10, 12), (1, 9), (19, 15), (2, 8), (16, 7), (7, 4), (18, 4), (6, 8), (20, 7), (12, 3), (22, 13), (21, 15), (23, 12), (3, 9), (14, 9), (18, 8), (19, 8), (10, 5), (1, 2), (13, 4), (10, 14), (11, 13), (2, 10), (16, 9), (25, 12), (6, 10), (20, 9), (21, 8), (12, 5), (3, 2), (14, 2), (23, 14), (3, 11), (27, 14), (17, 13), (19, 10), (10, 7), (1, 4), (2, 3), (1, 13), (11, 15), (2, 12), (25, 14), (6, 3), (15, 15), (6, 12), (26, 15), (22, 8), (21, 10), (12, 7), (3, 4), (14, 4), (4, 3), (8, 3), (17, 15), (19, 12), (10, 9), (9, 11), (11, 8), (2, 5), (28, 15), (2, 14), (6, 5), (6, 14), (20, 13), (7, 13), (18, 13), (12, 9), (21, 12), (23, 9), (4, 5), (17, 8), (8, 5), (10, 2), (9, 4), (19, 5), (5, 15), (19, 14), (9, 13), (11, 10), (2, 7), (15, 1), (13, 13), (24, 13), (6, 7), (18, 6), (7, 15), (18, 15), (21, 14), (4, 7), (22, 15), (5, 8), (8, 7), (10, 4), (9, 6), (11, 3), (17, 10), (19, 7), (10, 13), (9, 15), (11, 12), (2, 9), (13, 15), (26, 12), (6, 9), (7, 8), (21, 7)]",29,0,29
244,"(21, 6)","(21, 7)",South,[],"['(21, 6)', '(22, 7)', '(23, 8)', '(27, 12)', '(28, 13)', '(18, 2)', '(24, 9)', '(17, 3)', '(29, 14)', '(19, 3)', '(21, 5)']","['(22, 7)', '(27, 12)', '(23, 8)', '(29, 14)', '(28, 13)', '(18, 2)', '(24, 9)', '(17, 3)', '(21, 5)', '(19, 3)']","[(4, 9), (27, 13), (3, 13), (5, 10), (8, 9), (14, 13), (9, 8), (17, 12), (2, 2), (11, 5), (19, 9), (11, 14), (13, 8), (6, 2), (1, 15), (15, 14), (6, 11), (16, 13), (7, 10), (18, 10), (21, 9), (26, 14), (22, 10), (3, 6), (5, 3), (17, 5), (9, 1), (3, 15), (5, 12), (14, 15), (17, 14), (9, 10), (11, 7), (2, 4), (1, 8), (13, 10), (6, 4), (7, 3), (18, 3), (6, 13), (16, 15), (7, 12), (18, 12), (20, 15), (22, 12), (3, 8), (5, 5), (14, 8), (17, 7), (9, 3), (19, 4), (5, 14), (9, 12), (11, 9), (13, 3), (1, 10), (13, 12), (6, 6), (7, 5), (18, 5), (7, 14), (18, 14), (3, 1), (22, 14), (12, 13), (3, 10), (5, 7), (14, 10), (17, 9), (9, 5), (11, 2), (24, 15), (23, 13), (9, 14), (1, 3), (13, 5), (15, 2), (10, 15), (1, 12), (13, 14), (25, 13), (7, 7), (18, 7), (3, 3), (14, 3), (12, 15), (3, 12), (5, 9), (14, 12), (23, 15), (9, 7), (11, 4), (27, 15), (10, 8), (1, 5), (13, 7), (6, 1), (1, 14), (26, 13), (2, 13), (25, 15), (7, 9), (18, 9), (29, 15), (22, 9), (21, 11), (3, 5), (5, 2), (14, 5), (17, 4), (3, 14), (14, 14), (4, 13), (9, 9), (8, 13), (10, 10), (1, 7), (13, 9), (19, 13), (16, 5), (7, 2), (2, 15), (18, 11), (20, 5), (6, 15), (21, 13), (23, 10), (3, 7), (5, 4), (14, 7), (9, 2), (5, 13), (4, 15), (10, 3), (13, 2), (8, 15), (10, 12), (1, 9), (19, 15), (2, 8), (16, 7), (7, 4), (18, 4), (6, 8), (20, 7), (21, 6), (12, 3), (22, 13), (21, 15), (23, 12), (3, 9), (14, 9), (18, 8), (19, 8), (10, 5), (1, 2), (13, 4), (10, 14), (11, 13), (2, 10), (16, 9), (25, 12), (6, 10), (20, 9), (21, 8), (12, 5), (3, 2), (14, 2), (23, 14), (3, 11), (27, 14), (17, 13), (19, 10), (10, 7), (1, 4), (2, 3), (1, 13), (11, 15), (2, 12), (25, 14), (6, 3), (15, 15), (6, 12), (26, 15), (22, 8), (21, 10), (12, 7), (3, 4), (14, 4), (4, 3), (8, 3), (17, 15), (19, 12), (10, 9), (9, 11), (11, 8), (2, 5), (28, 15), (2, 14), (6, 5), (6, 14), (20, 13), (7, 13), (18, 13), (12, 9), (21, 12), (23, 9), (4, 5), (17, 8), (8, 5), (10, 2), (9, 4), (19, 5), (5, 15), (19, 14), (9, 13), (11, 10), (2, 7), (15, 1), (13, 13), (24, 13), (6, 7), (18, 6), (7, 15), (18, 15), (21, 14), (4, 7), (22, 15), (5, 8), (8, 7), (10, 4), (9, 6), (11, 3), (17, 10), (19, 7), (10, 13), (9, 15), (11, 12), (2, 9), (13, 15), (26, 12), (6, 9), (7, 8), (21, 7)]",29,0,29
245,"(22, 7)","(21, 7)",East,"[((23, 7), 'East', 1)]","['(22, 7)', '(27, 12)', '(23, 8)', '(29, 14)', '(28, 13)', '(18, 2)', '(24, 9)', '(17, 3)', '(21, 5)', '(19, 3)']","['(23, 8)', '(27, 12)', '(24, 9)', '(29, 14)', '(28, 13)', '(18, 2)', '(19, 3)', '(17, 3)', '(21, 5)', '(23, 7)']","[(4, 9), (27, 13), (3, 13), (5, 10), (8, 9), (14, 13), (9, 8), (17, 12), (2, 2), (11, 5), (19, 9), (11, 14), (13, 8), (6, 2), (1, 15), (15, 14), (6, 11), (16, 13), (7, 10), (18, 10), (21, 9), (26, 14), (22, 10), (3, 6), (5, 3), (17, 5), (9, 1), (3, 15), (5, 12), (14, 15), (17, 14), (9, 10), (11, 7), (2, 4), (1, 8), (13, 10), (6, 4), (7, 3), (18, 3), (6, 13), (16, 15), (7, 12), (18, 12), (20, 15), (22, 12), (3, 8), (5, 5), (14, 8), (17, 7), (9, 3), (19, 4), (5, 14), (9, 12), (11, 9), (13, 3), (1, 10), (13, 12), (6, 6), (7, 5), (18, 5), (7, 14), (18, 14), (3, 1), (22, 14), (12, 13), (3, 10), (5, 7), (14, 10), (17, 9), (9, 5), (11, 2), (24, 15), (23, 13), (9, 14), (1, 3), (13, 5), (15, 2), (10, 15), (1, 12), (13, 14), (25, 13), (7, 7), (18, 7), (22, 7), (3, 3), (14, 3), (12, 15), (3, 12), (5, 9), (14, 12), (23, 15), (9, 7), (11, 4), (27, 15), (10, 8), (1, 5), (13, 7), (6, 1), (1, 14), (26, 13), (2, 13), (25, 15), (7, 9), (18, 9), (29, 15), (22, 9), (21, 11), (3, 5), (5, 2), (14, 5), (17, 4), (3, 14), (14, 14), (4, 13), (9, 9), (8, 13), (10, 10), (1, 7), (13, 9), (19, 13), (16, 5), (7, 2), (2, 15), (18, 11), (20, 5), (6, 15), (21, 13), (23, 10), (3, 7), (5, 4), (14, 7), (9, 2), (5, 13), (4, 15), (10, 3), (13, 2), (8, 15), (10, 12), (1, 9), (19, 15), (2, 8), (16, 7), (7, 4), (18, 4), (6, 8), (20, 7), (21, 6), (12, 3), (22, 13), (21, 15), (23, 12), (3, 9), (14, 9), (18, 8), (19, 8), (10, 5), (1, 2), (13, 4), (10, 14), (11, 13), (2, 10), (16, 9), (25, 12), (6, 10), (20, 9), (21, 8), (12, 5), (3, 2), (14, 2), (23, 14), (3, 11), (27, 14), (17, 13), (19, 10), (10, 7), (1, 4), (2, 3), (1, 13), (11, 15), (2, 12), (25, 14), (6, 3), (15, 15), (6, 12), (26, 15), (22, 8), (21, 10), (12, 7), (3, 4), (14, 4), (4, 3), (8, 3), (17, 15), (19, 12), (10, 9), (9, 11), (11, 8), (2, 5), (28, 15), (2, 14), (6, 5), (6, 14), (20, 13), (7, 13), (18, 13), (12, 9), (21, 12), (23, 9), (4, 5), (17, 8), (8, 5), (10, 2), (9, 4), (19, 5), (5, 15), (19, 14), (9, 13), (11, 10), (2, 7), (15, 1), (13, 13), (24, 13), (6, 7), (18, 6), (7, 15), (18, 15), (21, 14), (4, 7), (22, 15), (5, 8), (8, 7), (10, 4), (9, 6), (11, 3), (17, 10), (19, 7), (10, 13), (9, 15), (11, 12), (2, 9), (13, 15), (26, 12), (6, 9), (7, 8), (21, 7)]",29,0,29
246,"(23, 8)","(22, 8)",East,[],"['(23, 8)', '(27, 12)', '(24, 9)', '(29, 14)', '(28, 13)', '(18, 2)', '(19, 3)', '(17, 3)', '(21, 5)', '(23, 7)']","['(24, 9)', '(27, 12)', '(18, 2)', '(29, 14)', '(28, 13)', '(23, 7)', '(19, 3)', '(17, 3)', '(21, 5)']","[(4, 9), (27, 13), (3, 13), (5, 10), (8, 9), (14, 13), (9, 8), (17, 12), (2, 2), (11, 5), (19, 9), (11, 14), (13, 8), (6, 2), (1, 15), (15, 14), (6, 11), (16, 13), (7, 10), (18, 10), (21, 9), (26, 14), (22, 10), (3, 6), (5, 3), (17, 5), (9, 1), (3, 15), (5, 12), (14, 15), (17, 14), (9, 10), (11, 7), (2, 4), (1, 8), (13, 10), (6, 4), (7, 3), (18, 3), (6, 13), (16, 15), (7, 12), (18, 12), (20, 15), (22, 12), (3, 8), (5, 5), (14, 8), (17, 7), (9, 3), (19, 4), (5, 14), (9, 12), (11, 9), (13, 3), (1, 10), (13, 12), (6, 6), (7, 5), (18, 5), (7, 14), (18, 14), (3, 1), (22, 14), (12, 13), (3, 10), (5, 7), (14, 10), (17, 9), (9, 5), (11, 2), (24, 15), (23, 13), (9, 14), (1, 3), (13, 5), (15, 2), (10, 15), (1, 12), (13, 14), (25, 13), (7, 7), (18, 7), (22, 7), (3, 3), (14, 3), (12, 15), (3, 12), (5, 9), (14, 12), (23, 15), (9, 7), (11, 4), (27, 15), (10, 8), (1, 5), (13, 7), (6, 1), (1, 14), (26, 13), (2, 13), (25, 15), (7, 9), (18, 9), (29, 15), (22, 9), (21, 11), (23, 8), (3, 5), (5, 2), (14, 5), (17, 4), (3, 14), (14, 14), (4, 13), (9, 9), (8, 13), (10, 10), (1, 7), (13, 9), (19, 13), (16, 5), (7, 2), (2, 15), (18, 11), (20, 5), (6, 15), (21, 13), (23, 10), (3, 7), (5, 4), (14, 7), (9, 2), (5, 13), (4, 15), (10, 3), (13, 2), (8, 15), (10, 12), (1, 9), (19, 15), (2, 8), (16, 7), (7, 4), (18, 4), (6, 8), (20, 7), (21, 6), (12, 3), (22, 13), (21, 15), (23, 12), (3, 9), (14, 9), (18, 8), (19, 8), (10, 5), (1, 2), (13, 4), (10, 14), (11, 13), (2, 10), (16, 9), (25, 12), (6, 10), (20, 9), (21, 8), (12, 5), (3, 2), (14, 2), (23, 14), (3, 11), (27, 14), (17, 13), (19, 10), (10, 7), (1, 4), (2, 3), (1, 13), (11, 15), (2, 12), (25, 14), (6, 3), (15, 15), (6, 12), (26, 15), (22, 8), (21, 10), (12, 7), (3, 4), (14, 4), (4, 3), (8, 3), (17, 15), (19, 12), (10, 9), (9, 11), (11, 8), (2, 5), (28, 15), (2, 14), (6, 5), (6, 14), (20, 13), (7, 13), (18, 13), (12, 9), (21, 12), (23, 9), (4, 5), (17, 8), (8, 5), (10, 2), (9, 4), (19, 5), (5, 15), (19, 14), (9, 13), (11, 10), (2, 7), (15, 1), (13, 13), (24, 13), (6, 7), (18, 6), (7, 15), (18, 15), (21, 14), (4, 7), (22, 15), (5, 8), (8, 7), (10, 4), (9, 6), (11, 3), (17, 10), (19, 7), (10, 13), (9, 15), (11, 12), (2, 9), (13, 15), (26, 12), (6, 9), (7, 8), (21, 7)]",29,0,29
247,"(24, 9)","(23, 9)",East,"[((25, 9), 'East', 1)]","['(24, 9)', '(27, 12)', '(18, 2)', '(29, 14)', '(28, 13)', '(23, 7)', '(19, 3)', '(17, 3)', '(21, 5)']","['(27, 12)', '(28, 13)', '(18, 2)', '(29, 14)', '(21, 5)', '(23, 7)', '(19, 3)', '(17, 3)', '(25, 9)']","[(4, 9), (27, 13), (3, 13), (5, 10), (8, 9), (14, 13), (9, 8), (17, 12), (2, 2), (11, 5), (19, 9), (11, 14), (13, 8), (6, 2), (1, 15), (15, 14), (6, 11), (16, 13), (7, 10), (18, 10), (21, 9), (26, 14), (22, 10), (3, 6), (5, 3), (17, 5), (9, 1), (3, 15), (5, 12), (14, 15), (17, 14), (9, 10), (11, 7), (2, 4), (1, 8), (13, 10), (6, 4), (7, 3), (18, 3), (6, 13), (16, 15), (7, 12), (18, 12), (20, 15), (22, 12), (3, 8), (5, 5), (14, 8), (17, 7), (9, 3), (19, 4), (5, 14), (9, 12), (11, 9), (13, 3), (1, 10), (13, 12), (6, 6), (7, 5), (18, 5), (7, 14), (18, 14), (3, 1), (22, 14), (12, 13), (3, 10), (5, 7), (14, 10), (17, 9), (9, 5), (11, 2), (24, 15), (23, 13), (9, 14), (1, 3), (13, 5), (15, 2), (10, 15), (1, 12), (13, 14), (25, 13), (7, 7), (18, 7), (22, 7), (3, 3), (14, 3), (12, 15), (3, 12), (5, 9), (14, 12), (23, 15), (9, 7), (11, 4), (27, 15), (10, 8), (1, 5), (13, 7), (6, 1), (1, 14), (26, 13), (2, 13), (25, 15), (7, 9), (18, 9), (29, 15), (22, 9), (21, 11), (23, 8), (3, 5), (5, 2), (14, 5), (17, 4), (3, 14), (14, 14), (4, 13), (9, 9), (8, 13), (10, 10), (1, 7), (13, 9), (19, 13), (16, 5), (7, 2), (24, 9), (2, 15), (18, 11), (20, 5), (6, 15), (21, 13), (23, 10), (3, 7), (5, 4), (14, 7), (9, 2), (5, 13), (4, 15), (10, 3), (13, 2), (8, 15), (10, 12), (1, 9), (19, 15), (2, 8), (16, 7), (7, 4), (18, 4), (6, 8), (20, 7), (21, 6), (12, 3), (22, 13), (21, 15), (23, 12), (3, 9), (14, 9), (18, 8), (19, 8), (10, 5), (1, 2), (13, 4), (10, 14), (11, 13), (2, 10), (16, 9), (25, 12), (6, 10), (20, 9), (21, 8), (12, 5), (3, 2), (14, 2), (23, 14), (3, 11), (27, 14), (17, 13), (19, 10), (10, 7), (1, 4), (2, 3), (1, 13), (11, 15), (2, 12), (25, 14), (6, 3), (15, 15), (6, 12), (26, 15), (22, 8), (21, 10), (12, 7), (3, 4), (14, 4), (4, 3), (8, 3), (17, 15), (19, 12), (10, 9), (9, 11), (11, 8), (2, 5), (28, 15), (2, 14), (6, 5), (6, 14), (20, 13), (7, 13), (18, 13), (12, 9), (21, 12), (23, 9), (4, 5), (17, 8), (8, 5), (10, 2), (9, 4), (19, 5), (5, 15), (19, 14), (9, 13), (11, 10), (2, 7), (15, 1), (13, 13), (24, 13), (6, 7), (18, 6), (7, 15), (18, 15), (21, 14), (4, 7), (22, 15), (5, 8), (8, 7), (10, 4), (9, 6), (11, 3), (17, 10), (19, 7), (10, 13), (9, 15), (11, 12), (2, 9), (13, 15), (26, 12), (6, 9), (7, 8), (21, 7)]",29,0,29
248,"(27, 12)","(26, 12)",East,"[((27, 11), 'South', 1)]","['(27, 12)', '(28, 13)', '(18, 2)', '(29, 14)', '(21, 5)', '(23, 7)', '(19, 3)', '(17, 3)', '(25, 9)']","['(28, 13)', '(29, 14)', '(18, 2)', '(17, 3)', '(21, 5)', '(23, 7)', '(19, 3)', '(25, 9)', '(27, 11)']","[(4, 9), (27, 13), (3, 13), (5, 10), (8, 9), (14, 13), (9, 8), (17, 12), (2, 2), (11, 5), (19, 9), (11, 14), (13, 8), (6, 2), (1, 15), (15, 14), (6, 11), (16, 13), (7, 10), (18, 10), (21, 9), (26, 14), (22, 10), (3, 6), (5, 3), (17, 5), (9, 1), (3, 15), (5, 12), (14, 15), (17, 14), (9, 10), (11, 7), (2, 4), (1, 8), (13, 10), (6, 4), (7, 3), (18, 3), (6, 13), (16, 15), (7, 12), (18, 12), (20, 15), (22, 12), (3, 8), (5, 5), (14, 8), (17, 7), (9, 3), (19, 4), (5, 14), (9, 12), (11, 9), (13, 3), (1, 10), (13, 12), (6, 6), (7, 5), (18, 5), (7, 14), (18, 14), (3, 1), (22, 14), (12, 13), (3, 10), (5, 7), (14, 10), (17, 9), (9, 5), (11, 2), (24, 15), (23, 13), (9, 14), (1, 3), (13, 5), (15, 2), (10, 15), (1, 12), (13, 14), (25, 13), (7, 7), (18, 7), (22, 7), (3, 3), (14, 3), (12, 15), (3, 12), (5, 9), (14, 12), (23, 15), (9, 7), (11, 4), (27, 15), (10, 8), (1, 5), (13, 7), (6, 1), (1, 14), (26, 13), (2, 13), (25, 15), (7, 9), (18, 9), (29, 15), (22, 9), (21, 11), (23, 8), (3, 5), (5, 2), (14, 5), (17, 4), (3, 14), (14, 14), (4, 13), (9, 9), (8, 13), (10, 10), (1, 7), (13, 9), (19, 13), (16, 5), (7, 2), (24, 9), (2, 15), (18, 11), (20, 5), (6, 15), (21, 13), (23, 10), (3, 7), (5, 4), (14, 7), (9, 2), (5, 13), (4, 15), (10, 3), (13, 2), (8, 15), (10, 12), (1, 9), (19, 15), (2, 8), (16, 7), (7, 4), (18, 4), (6, 8), (20, 7), (21, 6), (12, 3), (22, 13), (21, 15), (23, 12), (3, 9), (14, 9), (18, 8), (27, 12), (19, 8), (10, 5), (1, 2), (13, 4), (10, 14), (11, 13), (2, 10), (16, 9), (25, 12), (6, 10), (20, 9), (21, 8), (12, 5), (3, 2), (14, 2), (23, 14), (3, 11), (27, 14), (17, 13), (19, 10), (10, 7), (1, 4), (2, 3), (1, 13), (11, 15), (2, 12), (25, 14), (6, 3), (15, 15), (6, 12), (26, 15), (22, 8), (21, 10), (12, 7), (3, 4), (14, 4), (4, 3), (8, 3), (17, 15), (19, 12), (10, 9), (9, 11), (11, 8), (2, 5), (28, 15), (2, 14), (6, 5), (6, 14), (20, 13), (7, 13), (18, 13), (12, 9), (21, 12), (23, 9), (4, 5), (17, 8), (8, 5), (10, 2), (9, 4), (19, 5), (5, 15), (19, 14), (9, 13), (11, 10), (2, 7), (15, 1), (13, 13), (24, 13), (6, 7), (18, 6), (7, 15), (18, 15), (21, 14), (4, 7), (22, 15), (5, 8), (8, 7), (10, 4), (9, 6), (11, 3), (17, 10), (19, 7), (10, 13), (9, 15), (11, 12), (2, 9), (13, 15), (26, 12), (6, 9), (7, 8), (21, 7)]",29,0,29
249,"(28, 13)","(27, 13)",East,"[((29, 13), 'East', 1)]","['(28, 13)', '(29, 14)', '(18, 2)', '(17, 3)', '(21, 5)', '(23, 7)', '(19, 3)', '(25, 9)', '(27, 11)']","['(29, 14)', '(17, 3)', '(18, 2)', '(25, 9)', '(21, 5)', '(23, 7)', '(19, 3)', '(27, 11)', '(29, 13)']","[(4, 9), (27, 13), (3, 13), (5, 10), (8, 9), (14, 13), (9, 8), (17, 12), (2, 2), (11, 5), (19, 9), (11, 14), (13, 8), (6, 2), (1, 15), (15, 14), (6, 11), (16, 13), (7, 10), (18, 10), (21, 9), (26, 14), (22, 10), (3, 6), (5, 3), (17, 5), (9, 1), (3, 15), (5, 12), (14, 15), (17, 14), (9, 10), (11, 7), (2, 4), (1, 8), (13, 10), (6, 4), (7, 3), (18, 3), (6, 13), (16, 15), (7, 12), (18, 12), (20, 15), (22, 12), (3, 8), (5, 5), (14, 8), (17, 7), (9, 3), (19, 4), (5, 14), (9, 12), (11, 9), (13, 3), (1, 10), (13, 12), (6, 6), (7, 5), (18, 5), (7, 14), (18, 14), (3, 1), (22, 14), (12, 13), (3, 10), (5, 7), (14, 10), (17, 9), (9, 5), (11, 2), (24, 15), (23, 13), (9, 14), (1, 3), (13, 5), (15, 2), (10, 15), (1, 12), (13, 14), (25, 13), (7, 7), (18, 7), (22, 7), (3, 3), (14, 3), (12, 15), (3, 12), (5, 9), (14, 12), (23, 15), (9, 7), (11, 4), (27, 15), (10, 8), (1, 5), (13, 7), (6, 1), (1, 14), (26, 13), (2, 13), (25, 15), (7, 9), (18, 9), (29, 15), (22, 9), (21, 11), (23, 8), (3, 5), (5, 2), (14, 5), (17, 4), (3, 14), (14, 14), (4, 13), (9, 9), (8, 13), (10, 10), (1, 7), (13, 9), (19, 13), (16, 5), (7, 2), (24, 9), (2, 15), (18, 11), (20, 5), (6, 15), (21, 13), (23, 10), (3, 7), (5, 4), (14, 7), (9, 2), (5, 13), (4, 15), (10, 3), (13, 2), (8, 15), (10, 12), (1, 9), (19, 15), (2, 8), (16, 7), (7, 4), (18, 4), (6, 8), (20, 7), (21, 6), (12, 3), (22, 13), (21, 15), (23, 12), (3, 9), (14, 9), (18, 8), (27, 12), (19, 8), (10, 5), (1, 2), (13, 4), (10, 14), (11, 13), (2, 10), (16, 9), (25, 12), (6, 10), (20, 9), (21, 8), (12, 5), (3, 2), (14, 2), (23, 14), (3, 11), (27, 14), (17, 13), (19, 10), (10, 7), (1, 4), (28, 13), (2, 3), (1, 13), (11, 15), (2, 12), (25, 14), (6, 3), (15, 15), (6, 12), (26, 15), (22, 8), (21, 10), (12, 7), (3, 4), (14, 4), (4, 3), (8, 3), (17, 15), (19, 12), (10, 9), (9, 11), (11, 8), (2, 5), (28, 15), (2, 14), (6, 5), (6, 14), (20, 13), (7, 13), (18, 13), (12, 9), (21, 12), (23, 9), (4, 5), (17, 8), (8, 5), (10, 2), (9, 4), (19, 5), (5, 15), (19, 14), (9, 13), (11, 10), (2, 7), (15, 1), (13, 13), (24, 13), (6, 7), (18, 6), (7, 15), (18, 15), (21, 14), (4, 7), (22, 15), (5, 8), (8, 7), (10, 4), (9, 6), (11, 3), (17, 10), (19, 7), (10, 13), (9, 15), (11, 12), (2, 9), (13, 15), (26, 12), (6, 9), (7, 8), (21, 7)]",29,0,29
250,"(29, 14)","(29, 15)",South,[],"['(29, 14)', '(17, 3)', '(18, 2)', '(25, 9)', '(21, 5)', '(23, 7)', '(19, 3)', '(27, 11)', '(29, 13)']","['(18, 2)', '(17, 3)', '(19, 3)', '(25, 9)', '(21, 5)', '(23, 7)', '(29, 13)', '(27, 11)']","[(4, 9), (27, 13), (3, 13), (5, 10), (8, 9), (14, 13), (9, 8), (17, 12), (2, 2), (11, 5), (19, 9), (11, 14), (13, 8), (6, 2), (1, 15), (15, 14), (6, 11), (16, 13), (7, 10), (18, 10), (21, 9), (26, 14), (22, 10), (3, 6), (5, 3), (17, 5), (9, 1), (3, 15), (5, 12), (14, 15), (17, 14), (9, 10), (11, 7), (2, 4), (1, 8), (13, 10), (6, 4), (7, 3), (18, 3), (6, 13), (16, 15), (7, 12), (18, 12), (20, 15), (22, 12), (3, 8), (5, 5), (14, 8), (17, 7), (9, 3), (19, 4), (5, 14), (9, 12), (11, 9), (13, 3), (1, 10), (13, 12), (6, 6), (7, 5), (18, 5), (7, 14), (18, 14), (3, 1), (22, 14), (12, 13), (3, 10), (5, 7), (14, 10), (17, 9), (9, 5), (11, 2), (24, 15), (23, 13), (9, 14), (1, 3), (13, 5), (15, 2), (10, 15), (1, 12), (13, 14), (25, 13), (7, 7), (18, 7), (22, 7), (3, 3), (14, 3), (12, 15), (3, 12), (5, 9), (14, 12), (23, 15), (9, 7), (11, 4), (27, 15), (10, 8), (1, 5), (13, 7), (6, 1), (1, 14), (26, 13), (2, 13), (25, 15), (7, 9), (18, 9), (29, 15), (22, 9), (21, 11), (23, 8), (3, 5), (5, 2), (14, 5), (17, 4), (3, 14), (14, 14), (4, 13), (9, 9), (8, 13), (10, 10), (1, 7), (13, 9), (19, 13), (16, 5), (7, 2), (24, 9), (2, 15), (18, 11), (20, 5), (6, 15), (21, 13), (23, 10), (3, 7), (5, 4), (14, 7), (9, 2), (5, 13), (4, 15), (10, 3), (13, 2), (8, 15), (10, 12), (1, 9), (19, 15), (2, 8), (16, 7), (7, 4), (18, 4), (6, 8), (20, 7), (21, 6), (12, 3), (22, 13), (21, 15), (23, 12), (3, 9), (14, 9), (18, 8), (27, 12), (19, 8), (10, 5), (1, 2), (13, 4), (10, 14), (11, 13), (2, 10), (16, 9), (25, 12), (6, 10), (20, 9), (21, 8), (12, 5), (3, 2), (14, 2), (23, 14), (3, 11), (27, 14), (17, 13), (19, 10), (10, 7), (1, 4), (28, 13), (2, 3), (1, 13), (11, 15), (2, 12), (25, 14), (6, 3), (15, 15), (6, 12), (26, 15), (22, 8), (21, 10), (12, 7), (3, 4), (14, 4), (4, 3), (29, 14), (8, 3), (17, 15), (19, 12), (10, 9), (9, 11), (11, 8), (2, 5), (28, 15), (2, 14), (6, 5), (6, 14), (20, 13), (7, 13), (18, 13), (12, 9), (21, 12), (23, 9), (4, 5), (17, 8), (8, 5), (10, 2), (9, 4), (19, 5), (5, 15), (19, 14), (9, 13), (11, 10), (2, 7), (15, 1), (13, 13), (24, 13), (6, 7), (18, 6), (7, 15), (18, 15), (21, 14), (4, 7), (22, 15), (5, 8), (8, 7), (10, 4), (9, 6), (11, 3), (17, 10), (19, 7), (10, 13), (9, 15), (11, 12), (2, 9), (13, 15), (26, 12), (6, 9), (7, 8), (21, 7)]",29,0,29
251,"(18, 2)","(18, 3)",South,"[((18, 1), 'South', 1), ((19, 2), 'East', 1), ((17, 2), 'West', 1)]","['(18, 2)', '(17, 3)', '(19, 3)', '(25, 9)', '(21, 5)', '(23, 7)', '(29, 13)', '(27, 11)']","['(19, 3)', '(17, 3)', '(23, 7)', '(25, 9)', '(21, 5)', '(27, 11)', '(29, 13)', '(18, 1)', '(19, 2)', '(17, 2)']","[(4, 9), (27, 13), (3, 13), (5, 10), (8, 9), (14, 13), (9, 8), (17, 12), (2, 2), (11, 5), (19, 9), (11, 14), (13, 8), (6, 2), (1, 15), (15, 14), (6, 11), (16, 13), (7, 10), (18, 10), (21, 9), (26, 14), (22, 10), (3, 6), (5, 3), (17, 5), (9, 1), (3, 15), (5, 12), (14, 15), (17, 14), (9, 10), (11, 7), (2, 4), (1, 8), (13, 10), (6, 4), (7, 3), (18, 3), (6, 13), (16, 15), (7, 12), (18, 12), (20, 15), (22, 12), (3, 8), (5, 5), (14, 8), (17, 7), (9, 3), (19, 4), (5, 14), (9, 12), (11, 9), (13, 3), (1, 10), (13, 12), (6, 6), (7, 5), (18, 5), (7, 14), (18, 14), (3, 1), (22, 14), (12, 13), (3, 10), (5, 7), (14, 10), (17, 9), (9, 5), (11, 2), (24, 15), (23, 13), (9, 14), (1, 3), (13, 5), (15, 2), (10, 15), (1, 12), (13, 14), (25, 13), (7, 7), (18, 7), (22, 7), (3, 3), (14, 3), (12, 15), (3, 12), (5, 9), (14, 12), (23, 15), (9, 7), (11, 4), (27, 15), (10, 8), (1, 5), (13, 7), (6, 1), (1, 14), (26, 13), (2, 13), (25, 15), (7, 9), (18, 9), (29, 15), (22, 9), (21, 11), (23, 8), (3, 5), (5, 2), (14, 5), (17, 4), (3, 14), (14, 14), (4, 13), (9, 9), (8, 13), (10, 10), (1, 7), (13, 9), (19, 13), (16, 5), (7, 2), (24, 9), (18, 2), (2, 15), (18, 11), (20, 5), (6, 15), (21, 13), (23, 10), (3, 7), (5, 4), (14, 7), (9, 2), (5, 13), (4, 15), (10, 3), (13, 2), (8, 15), (10, 12), (1, 9), (19, 15), (2, 8), (16, 7), (7, 4), (18, 4), (6, 8), (20, 7), (21, 6), (12, 3), (22, 13), (21, 15), (23, 12), (3, 9), (14, 9), (18, 8), (27, 12), (19, 8), (10, 5), (1, 2), (13, 4), (10, 14), (11, 13), (2, 10), (16, 9), (25, 12), (6, 10), (20, 9), (21, 8), (12, 5), (3, 2), (14, 2), (23, 14), (3, 11), (27, 14), (17, 13), (19, 10), (10, 7), (1, 4), (28, 13), (2, 3), (1, 13), (11, 15), (2, 12), (25, 14), (6, 3), (15, 15), (6, 12), (26, 15), (22, 8), (21, 10), (12, 7), (3, 4), (14, 4), (4, 3), (29, 14), (8, 3), (17, 15), (19, 12), (10, 9), (9, 11), (11, 8), (2, 5), (28, 15), (2, 14), (6, 5), (6, 14), (20, 13), (7, 13), (18, 13), (12, 9), (21, 12), (23, 9), (4, 5), (17, 8), (8, 5), (10, 2), (9, 4), (19, 5), (5, 15), (19, 14), (9, 13), (11, 10), (2, 7), (15, 1), (13, 13), (24, 13), (6, 7), (18, 6), (7, 15), (18, 15), (21, 14), (4, 7), (22, 15), (5, 8), (8, 7), (10, 4), (9, 6), (11, 3), (17, 10), (19, 7), (10, 13), (9, 15), (11, 12), (2, 9), (13, 15), (26, 12), (6, 9), (7, 8), (21, 7)]",30,0,30
252,"(19, 3)","(18, 3)",East,"[((20, 3), 'East', 1)]","['(19, 3)', '(17, 3)', '(23, 7)', '(25, 9)', '(21, 5)', '(27, 11)', '(29, 13)', '(18, 1)', '(19, 2)', '(17, 2)']","['(17, 3)', '(21, 5)', '(23, 7)', '(25, 9)', '(17, 2)', '(27, 11)', '(29, 13)', '(18, 1)', '(19, 2)', '(20, 3)']","[(4, 9), (27, 13), (3, 13), (5, 10), (8, 9), (14, 13), (9, 8), (17, 12), (2, 2), (11, 5), (19, 9), (11, 14), (13, 8), (6, 2), (1, 15), (15, 14), (6, 11), (16, 13), (7, 10), (18, 10), (21, 9), (26, 14), (22, 10), (3, 6), (5, 3), (17, 5), (9, 1), (3, 15), (5, 12), (14, 15), (17, 14), (9, 10), (11, 7), (2, 4), (1, 8), (13, 10), (6, 4), (7, 3), (18, 3), (6, 13), (16, 15), (7, 12), (18, 12), (20, 15), (22, 12), (3, 8), (5, 5), (14, 8), (17, 7), (9, 3), (19, 4), (5, 14), (9, 12), (11, 9), (13, 3), (1, 10), (13, 12), (6, 6), (7, 5), (18, 5), (7, 14), (18, 14), (3, 1), (22, 14), (12, 13), (3, 10), (5, 7), (14, 10), (17, 9), (9, 5), (11, 2), (24, 15), (23, 13), (9, 14), (1, 3), (13, 5), (15, 2), (10, 15), (1, 12), (13, 14), (25, 13), (7, 7), (18, 7), (22, 7), (3, 3), (14, 3), (12, 15), (3, 12), (5, 9), (14, 12), (23, 15), (9, 7), (11, 4), (27, 15), (10, 8), (1, 5), (13, 7), (6, 1), (1, 14), (26, 13), (2, 13), (25, 15), (7, 9), (18, 9), (29, 15), (22, 9), (21, 11), (23, 8), (3, 5), (5, 2), (14, 5), (17, 4), (3, 14), (14, 14), (4, 13), (9, 9), (8, 13), (10, 10), (1, 7), (13, 9), (19, 13), (16, 5), (7, 2), (24, 9), (18, 2), (2, 15), (18, 11), (20, 5), (6, 15), (21, 13), (23, 10), (3, 7), (5, 4), (14, 7), (9, 2), (5, 13), (4, 15), (10, 3), (13, 2), (8, 15), (10, 12), (1, 9), (19, 15), (2, 8), (16, 7), (7, 4), (18, 4), (6, 8), (20, 7), (21, 6), (12, 3), (22, 13), (21, 15), (23, 12), (3, 9), (14, 9), (18, 8), (27, 12), (19, 8), (10, 5), (1, 2), (13, 4), (10, 14), (11, 13), (2, 10), (16, 9), (25, 12), (6, 10), (20, 9), (21, 8), (12, 5), (3, 2), (14, 2), (23, 14), (3, 11), (27, 14), (17, 13), (19, 10), (10, 7), (1, 4), (28, 13), (2, 3), (1, 13), (11, 15), (2, 12), (25, 14), (6, 3), (15, 15), (6, 12), (26, 15), (22, 8), (21, 10), (12, 7), (3, 4), (14, 4), (4, 3), (29, 14), (8, 3), (19, 3), (17, 15), (19, 12), (10, 9), (9, 11), (11, 8), (2, 5), (28, 15), (2, 14), (6, 5), (6, 14), (20, 13), (7, 13), (18, 13), (12, 9), (21, 12), (23, 9), (4, 5), (17, 8), (8, 5), (10, 2), (9, 4), (19, 5), (5, 15), (19, 14), (9, 13), (11, 10), (2, 7), (15, 1), (13, 13), (24, 13), (6, 7), (18, 6), (7, 15), (18, 15), (21, 14), (4, 7), (22, 15), (5, 8), (8, 7), (10, 4), (9, 6), (11, 3), (17, 10), (19, 7), (10, 13), (9, 15), (11, 12), (2, 9), (13, 15), (26, 12), (6, 9), (7, 8), (21, 7)]",30,0,30
253,"(17, 3)","(18, 3)",West,"[((16, 3), 'West', 1)]","['(17, 3)', '(21, 5)', '(23, 7)', '(25, 9)', '(17, 2)', '(27, 11)', '(29, 13)', '(18, 1)', '(19, 2)', '(20, 3)']","['(21, 5)', '(25, 9)', '(23, 7)', '(18, 1)', '(17, 2)', '(27, 11)', '(29, 13)', '(20, 3)', '(19, 2)', '(16, 3)']","[(4, 9), (17, 3), (27, 13), (3, 13), (5, 10), (8, 9), (14, 13), (9, 8), (17, 12), (2, 2), (11, 5), (19, 9), (11, 14), (13, 8), (6, 2), (1, 15), (15, 14), (6, 11), (16, 13), (7, 10), (18, 10), (21, 9), (26, 14), (22, 10), (3, 6), (5, 3), (17, 5), (9, 1), (3, 15), (5, 12), (14, 15), (17, 14), (9, 10), (11, 7), (2, 4), (1, 8), (13, 10), (6, 4), (7, 3), (18, 3), (6, 13), (16, 15), (7, 12), (18, 12), (20, 15), (22, 12), (3, 8), (5, 5), (14, 8), (17, 7), (9, 3), (19, 4), (5, 14), (9, 12), (11, 9), (13, 3), (1, 10), (13, 12), (6, 6), (7, 5), (18, 5), (7, 14), (18, 14), (3, 1), (22, 14), (12, 13), (3, 10), (5, 7), (14, 10), (17, 9), (9, 5), (11, 2), (24, 15), (23, 13), (9, 14), (1, 3), (13, 5), (15, 2), (10, 15), (1, 12), (13, 14), (25, 13), (7, 7), (18, 7), (22, 7), (3, 3), (14, 3), (12, 15), (3, 12), (5, 9), (14, 12), (23, 15), (9, 7), (11, 4), (27, 15), (10, 8), (1, 5), (13, 7), (6, 1), (1, 14), (26, 13), (2, 13), (25, 15), (7, 9), (18, 9), (29, 15), (22, 9), (21, 11), (23, 8), (3, 5), (5, 2), (14, 5), (17, 4), (3, 14), (14, 14), (4, 13), (9, 9), (8, 13), (10, 10), (1, 7), (13, 9), (19, 13), (16, 5), (7, 2), (24, 9), (18, 2), (2, 15), (18, 11), (20, 5), (6, 15), (21, 13), (23, 10), (3, 7), (5, 4), (14, 7), (9, 2), (5, 13), (4, 15), (10, 3), (13, 2), (8, 15), (10, 12), (1, 9), (19, 15), (2, 8), (16, 7), (7, 4), (18, 4), (6, 8), (20, 7), (21, 6), (12, 3), (22, 13), (21, 15), (23, 12), (3, 9), (14, 9), (18, 8), (27, 12), (19, 8), (10, 5), (1, 2), (13, 4), (10, 14), (11, 13), (2, 10), (16, 9), (25, 12), (6, 10), (20, 9), (21, 8), (12, 5), (3, 2), (14, 2), (23, 14), (3, 11), (27, 14), (17, 13), (19, 10), (10, 7), (1, 4), (28, 13), (2, 3), (1, 13), (11, 15), (2, 12), (25, 14), (6, 3), (15, 15), (6, 12), (26, 15), (22, 8), (21, 10), (12, 7), (3, 4), (14, 4), (4, 3), (29, 14), (8, 3), (19, 3), (17, 15), (19, 12), (10, 9), (9, 11), (11, 8), (2, 5), (28, 15), (2, 14), (6, 5), (6, 14), (20, 13), (7, 13), (18, 13), (12, 9), (21, 12), (23, 9), (4, 5), (17, 8), (8, 5), (10, 2), (9, 4), (19, 5), (5, 15), (19, 14), (9, 13), (11, 10), (2, 7), (15, 1), (13, 13), (24, 13), (6, 7), (18, 6), (7, 15), (18, 15), (21, 14), (4, 7), (22, 15), (5, 8), (8, 7), (10, 4), (9, 6), (11, 3), (17, 10), (19, 7), (10, 13), (9, 15), (11, 12), (2, 9), (13, 15), (26, 12), (6, 9), (7, 8), (21, 7)]",30,0,30
254,"(21, 5)","(20, 5)",East,"[((21, 4), 'South', 1), ((22, 5), 'East', 1)]","['(21, 5)', '(25, 9)', '(23, 7)', '(18, 1)', '(17, 2)', '(27, 11)', '(29, 13)', '(20, 3)', '(19, 2)', '(16, 3)']","['(23, 7)', '(25, 9)', '(27, 11)', '(18, 1)', '(17, 2)', '(16, 3)', '(29, 13)', '(20, 3)', '(19, 2)', '(21, 4)', '(22, 5)']","[(4, 9), (17, 3), (27, 13), (3, 13), (5, 10), (8, 9), (14, 13), (9, 8), (17, 12), (2, 2), (11, 5), (19, 9), (11, 14), (13, 8), (6, 2), (1, 15), (15, 14), (6, 11), (16, 13), (7, 10), (18, 10), (21, 9), (26, 14), (22, 10), (3, 6), (5, 3), (17, 5), (9, 1), (3, 15), (5, 12), (14, 15), (17, 14), (9, 10), (11, 7), (2, 4), (1, 8), (13, 10), (6, 4), (7, 3), (18, 3), (6, 13), (16, 15), (7, 12), (18, 12), (20, 15), (22, 12), (3, 8), (5, 5), (14, 8), (17, 7), (9, 3), (19, 4), (5, 14), (9, 12), (11, 9), (13, 3), (1, 10), (13, 12), (6, 6), (7, 5), (18, 5), (7, 14), (18, 14), (3, 1), (22, 14), (12, 13), (3, 10), (5, 7), (14, 10), (17, 9), (9, 5), (11, 2), (24, 15), (23, 13), (9, 14), (1, 3), (13, 5), (15, 2), (10, 15), (1, 12), (13, 14), (25, 13), (7, 7), (18, 7), (22, 7), (3, 3), (14, 3), (12, 15), (3, 12), (5, 9), (14, 12), (23, 15), (9, 7), (11, 4), (27, 15), (10, 8), (1, 5), (13, 7), (6, 1), (1, 14), (26, 13), (2, 13), (25, 15), (7, 9), (18, 9), (29, 15), (22, 9), (21, 11), (23, 8), (3, 5), (5, 2), (14, 5), (17, 4), (3, 14), (14, 14), (4, 13), (9, 9), (8, 13), (10, 10), (1, 7), (13, 9), (19, 13), (16, 5), (7, 2), (24, 9), (18, 2), (2, 15), (18, 11), (20, 5), (6, 15), (21, 13), (23, 10), (3, 7), (5, 4), (14, 7), (9, 2), (5, 13), (4, 15), (10, 3), (13, 2), (8, 15), (10, 12), (1, 9), (19, 15), (2, 8), (16, 7), (7, 4), (18, 4), (6, 8), (20, 7), (21, 6), (12, 3), (22, 13), (21, 15), (23, 12), (3, 9), (14, 9), (18, 8), (27, 12), (19, 8), (10, 5), (1, 2), (13, 4), (10, 14), (11, 13), (2, 10), (16, 9), (25, 12), (6, 10), (20, 9), (21, 8), (12, 5), (3, 2), (14, 2), (23, 14), (3, 11), (27, 14), (17, 13), (19, 10), (10, 7), (1, 4), (28, 13), (2, 3), (1, 13), (11, 15), (2, 12), (25, 14), (6, 3), (15, 15), (6, 12), (26, 15), (22, 8), (21, 10), (12, 7), (3, 4), (14, 4), (4, 3), (29, 14), (8, 3), (19, 3), (17, 15), (19, 12), (10, 9), (9, 11), (11, 8), (2, 5), (28, 15), (2, 14), (6, 5), (6, 14), (20, 13), (7, 13), (18, 13), (12, 9), (21, 12), (23, 9), (4, 5), (17, 8), (8, 5), (10, 2), (9, 4), (19, 5), (5, 15), (19, 14), (9, 13), (11, 10), (2, 7), (15, 1), (13, 13), (24, 13), (6, 7), (18, 6), (21, 5), (7, 15), (18, 15), (21, 14), (4, 7), (22, 15), (5, 8), (8, 7), (10, 4), (9, 6), (11, 3), (17, 10), (19, 7), (10, 13), (9, 15), (11, 12), (2, 9), (13, 15), (26, 12), (6, 9), (7, 8), (21, 7)]",30,0,30
255,"(23, 7)","(22, 7)",East,"[((24, 7), 'East', 1)]","['(23, 7)', '(25, 9)', '(27, 11)', '(18, 1)', '(17, 2)', '(16, 3)', '(29, 13)', '(20, 3)', '(19, 2)', '(21, 4)', '(22, 5)']","['(25, 9)', '(18, 1)', '(27, 11)', '(19, 2)', '(17, 2)', '(16, 3)', '(29, 13)', '(20, 3)', '(22, 5)', '(21, 4)', '(24, 7)']","[(4, 9), (17, 3), (27, 13), (3, 13), (5, 10), (8, 9), (14, 13), (9, 8), (17, 12), (2, 2), (11, 5), (19, 9), (11, 14), (13, 8), (6, 2), (1, 15), (15, 14), (6, 11), (16, 13), (7, 10), (18, 10), (21, 9), (26, 14), (22, 10), (3, 6), (5, 3), (17, 5), (9, 1), (3, 15), (5, 12), (14, 15), (17, 14), (9, 10), (11, 7), (2, 4), (1, 8), (13, 10), (6, 4), (7, 3), (18, 3), (6, 13), (16, 15), (7, 12), (18, 12), (20, 15), (22, 12), (3, 8), (5, 5), (14, 8), (17, 7), (9, 3), (19, 4), (5, 14), (9, 12), (11, 9), (13, 3), (1, 10), (13, 12), (6, 6), (7, 5), (18, 5), (7, 14), (18, 14), (3, 1), (22, 14), (12, 13), (3, 10), (5, 7), (14, 10), (17, 9), (9, 5), (11, 2), (24, 15), (23, 13), (9, 14), (1, 3), (13, 5), (15, 2), (10, 15), (1, 12), (13, 14), (25, 13), (7, 7), (18, 7), (22, 7), (3, 3), (14, 3), (12, 15), (3, 12), (5, 9), (14, 12), (23, 15), (9, 7), (11, 4), (27, 15), (10, 8), (1, 5), (13, 7), (6, 1), (1, 14), (26, 13), (2, 13), (25, 15), (7, 9), (18, 9), (29, 15), (22, 9), (21, 11), (23, 8), (3, 5), (5, 2), (14, 5), (17, 4), (3, 14), (14, 14), (4, 13), (9, 9), (8, 13), (10, 10), (1, 7), (13, 9), (19, 13), (16, 5), (7, 2), (24, 9), (18, 2), (2, 15), (18, 11), (20, 5), (6, 15), (21, 13), (23, 10), (3, 7), (5, 4), (14, 7), (9, 2), (5, 13), (4, 15), (10, 3), (13, 2), (8, 15), (10, 12), (1, 9), (19, 15), (2, 8), (16, 7), (7, 4), (18, 4), (6, 8), (20, 7), (21, 6), (12, 3), (22, 13), (21, 15), (23, 12), (3, 9), (14, 9), (18, 8), (27, 12), (19, 8), (10, 5), (1, 2), (13, 4), (10, 14), (11, 13), (2, 10), (16, 9), (25, 12), (6, 10), (20, 9), (21, 8), (12, 5), (3, 2), (14, 2), (23, 14), (3, 11), (27, 14), (17, 13), (19, 10), (10, 7), (1, 4), (28, 13), (2, 3), (1, 13), (11, 15), (2, 12), (25, 14), (6, 3), (15, 15), (6, 12), (26, 15), (22, 8), (21, 10), (12, 7), (3, 4), (14, 4), (4, 3), (29, 14), (23, 7), (8, 3), (19, 3), (17, 15), (19, 12), (10, 9), (9, 11), (11, 8), (2, 5), (28, 15), (2, 14), (6, 5), (6, 14), (20, 13), (7, 13), (18, 13), (12, 9), (21, 12), (23, 9), (4, 5), (17, 8), (8, 5), (10, 2), (9, 4), (19, 5), (5, 15), (19, 14), (9, 13), (11, 10), (2, 7), (15, 1), (13, 13), (24, 13), (6, 7), (18, 6), (21, 5), (7, 15), (18, 15), (21, 14), (4, 7), (22, 15), (5, 8), (8, 7), (10, 4), (9, 6), (11, 3), (17, 10), (19, 7), (10, 13), (9, 15), (11, 12), (2, 9), (13, 15), (26, 12), (6, 9), (7, 8), (21, 7)]",30,0,30
256,"(25, 9)","(24, 9)",East,"[((25, 10), 'North', 1), ((25, 8), 'South', 1), ((26, 9), 'East', 1)]","['(25, 9)', '(18, 1)', '(27, 11)', '(19, 2)', '(17, 2)', '(16, 3)', '(29, 13)', '(20, 3)', '(22, 5)', '(21, 4)', '(24, 7)']","['(27, 11)', '(18, 1)', '(29, 13)', '(19, 2)', '(17, 2)', '(16, 3)', '(24, 7)', '(20, 3)', '(22, 5)', '(21, 4)', '(25, 10)', '(25, 8)', '(26, 9)']","[(4, 9), (17, 3), (27, 13), (3, 13), (5, 10), (8, 9), (14, 13), (9, 8), (17, 12), (2, 2), (11, 5), (19, 9), (11, 14), (13, 8), (6, 2), (1, 15), (15, 14), (6, 11), (16, 13), (7, 10), (18, 10), (21, 9), (26, 14), (22, 10), (3, 6), (5, 3), (17, 5), (9, 1), (3, 15), (5, 12), (14, 15), (17, 14), (9, 10), (11, 7), (2, 4), (1, 8), (13, 10), (6, 4), (7, 3), (18, 3), (6, 13), (16, 15), (7, 12), (18, 12), (20, 15), (22, 12), (3, 8), (5, 5), (14, 8), (17, 7), (9, 3), (19, 4), (5, 14), (9, 12), (11, 9), (13, 3), (1, 10), (13, 12), (6, 6), (7, 5), (18, 5), (7, 14), (18, 14), (3, 1), (22, 14), (12, 13), (3, 10), (5, 7), (14, 10), (17, 9), (9, 5), (11, 2), (24, 15), (23, 13), (9, 14), (1, 3), (13, 5), (15, 2), (10, 15), (1, 12), (13, 14), (25, 13), (7, 7), (18, 7), (22, 7), (3, 3), (14, 3), (12, 15), (3, 12), (5, 9), (14, 12), (23, 15), (9, 7), (11, 4), (27, 15), (10, 8), (1, 5), (13, 7), (6, 1), (1, 14), (26, 13), (2, 13), (25, 15), (7, 9), (18, 9), (29, 15), (22, 9), (21, 11), (23, 8), (3, 5), (5, 2), (14, 5), (17, 4), (3, 14), (14, 14), (4, 13), (9, 9), (8, 13), (10, 10), (1, 7), (13, 9), (19, 13), (16, 5), (7, 2), (24, 9), (18, 2), (2, 15), (18, 11), (20, 5), (6, 15), (21, 13), (23, 10), (3, 7), (5, 4), (14, 7), (9, 2), (5, 13), (4, 15), (10, 3), (13, 2), (8, 15), (10, 12), (1, 9), (19, 15), (2, 8), (16, 7), (7, 4), (18, 4), (6, 8), (20, 7), (21, 6), (12, 3), (22, 13), (21, 15), (23, 12), (3, 9), (14, 9), (18, 8), (27, 12), (19, 8), (10, 5), (1, 2), (13, 4), (10, 14), (11, 13), (2, 10), (16, 9), (25, 12), (6, 10), (20, 9), (21, 8), (12, 5), (3, 2), (14, 2), (23, 14), (3, 11), (27, 14), (17, 13), (19, 10), (10, 7), (1, 4), (28, 13), (2, 3), (1, 13), (11, 15), (2, 12), (25, 14), (6, 3), (15, 15), (6, 12), (26, 15), (22, 8), (21, 10), (12, 7), (3, 4), (14, 4), (4, 3), (29, 14), (23, 7), (8, 3), (19, 3), (17, 15), (19, 12), (10, 9), (9, 11), (11, 8), (2, 5), (28, 15), (2, 14), (6, 5), (6, 14), (20, 13), (7, 13), (18, 13), (12, 9), (21, 12), (23, 9), (4, 5), (17, 8), (8, 5), (10, 2), (9, 4), (19, 5), (5, 15), (19, 14), (9, 13), (11, 10), (2, 7), (25, 9), (15, 1), (13, 13), (24, 13), (6, 7), (18, 6), (21, 5), (7, 15), (18, 15), (21, 14), (4, 7), (22, 15), (5, 8), (8, 7), (10, 4), (9, 6), (11, 3), (17, 10), (19, 7), (10, 13), (9, 15), (11, 12), (2, 9), (13, 15), (26, 12), (6, 9), (7, 8), (21, 7)]",30,0,30
257,"(27, 11)","(27, 12)",South,"[((27, 10), 'South', 1)]","['(27, 11)', '(18, 1)', '(29, 13)', '(19, 2)', '(17, 2)', '(16, 3)', '(24, 7)', '(20, 3)', '(22, 5)', '(21, 4)', '(25, 10)', '(25, 8)', '(26, 9)']","['(29, 13)', '(18, 1)', '(16, 3)', '(19, 2)', '(17, 2)', '(25, 8)', '(24, 7)', '(20, 3)', '(22, 5)', '(21, 4)', '(25, 10)', '(26, 9)', '(27, 10)']","[(4, 9), (17, 3), (27, 13), (3, 13), (5, 10), (8, 9), (14, 13), (9, 8), (17, 12), (2, 2), (11, 5), (19, 9), (11, 14), (13, 8), (6, 2), (1, 15), (15, 14), (6, 11), (16, 13), (7, 10), (18, 10), (21, 9), (26, 14), (22, 10), (3, 6), (5, 3), (17, 5), (9, 1), (3, 15), (5, 12), (14, 15), (17, 14), (9, 10), (11, 7), (2, 4), (1, 8), (13, 10), (6, 4), (7, 3), (18, 3), (6, 13), (16, 15), (7, 12), (18, 12), (20, 15), (22, 12), (3, 8), (5, 5), (14, 8), (17, 7), (9, 3), (19, 4), (5, 14), (9, 12), (11, 9), (13, 3), (1, 10), (13, 12), (6, 6), (7, 5), (18, 5), (7, 14), (18, 14), (3, 1), (22, 14), (12, 13), (3, 10), (5, 7), (14, 10), (17, 9), (9, 5), (11, 2), (24, 15), (23, 13), (9, 14), (1, 3), (13, 5), (15, 2), (10, 15), (1, 12), (13, 14), (25, 13), (7, 7), (18, 7), (22, 7), (3, 3), (14, 3), (12, 15), (3, 12), (5, 9), (14, 12), (23, 15), (9, 7), (11, 4), (27, 15), (10, 8), (1, 5), (13, 7), (6, 1), (1, 14), (26, 13), (2, 13), (25, 15), (7, 9), (18, 9), (29, 15), (22, 9), (21, 11), (23, 8), (3, 5), (5, 2), (14, 5), (17, 4), (3, 14), (14, 14), (4, 13), (9, 9), (8, 13), (10, 10), (1, 7), (13, 9), (19, 13), (16, 5), (7, 2), (24, 9), (18, 2), (2, 15), (18, 11), (20, 5), (6, 15), (21, 13), (23, 10), (3, 7), (5, 4), (14, 7), (9, 2), (5, 13), (4, 15), (10, 3), (13, 2), (8, 15), (10, 12), (1, 9), (19, 15), (2, 8), (16, 7), (7, 4), (18, 4), (6, 8), (20, 7), (21, 6), (12, 3), (22, 13), (21, 15), (23, 12), (3, 9), (14, 9), (18, 8), (27, 12), (19, 8), (10, 5), (1, 2), (13, 4), (10, 14), (11, 13), (2, 10), (16, 9), (25, 12), (6, 10), (20, 9), (21, 8), (12, 5), (3, 2), (14, 2), (23, 14), (3, 11), (27, 14), (17, 13), (19, 10), (10, 7), (1, 4), (28, 13), (2, 3), (1, 13), (11, 15), (2, 12), (25, 14), (6, 3), (15, 15), (6, 12), (26, 15), (22, 8), (21, 10), (12, 7), (3, 4), (14, 4), (4, 3), (29, 14), (23, 7), (8, 3), (19, 3), (17, 15), (19, 12), (10, 9), (9, 11), (11, 8), (2, 5), (28, 15), (2, 14), (6, 5), (6, 14), (20, 13), (7, 13), (18, 13), (12, 9), (21, 12), (23, 9), (4, 5), (17, 8), (8, 5), (10, 2), (9, 4), (19, 5), (5, 15), (19, 14), (9, 13), (11, 10), (2, 7), (25, 9), (15, 1), (13, 13), (24, 13), (6, 7), (18, 6), (21, 5), (7, 15), (18, 15), (21, 14), (4, 7), (22, 15), (27, 11), (5, 8), (8, 7), (10, 4), (9, 6), (11, 3), (17, 10), (19, 7), (10, 13), (9, 15), (11, 12), (2, 9), (13, 15), (26, 12), (6, 9), (7, 8), (21, 7)]",30,0,30
258,"(29, 13)","(28, 13)",East,"[((29, 12), 'South', 1)]","['(29, 13)', '(18, 1)', '(16, 3)', '(19, 2)', '(17, 2)', '(25, 8)', '(24, 7)', '(20, 3)', '(22, 5)', '(21, 4)', '(25, 10)', '(26, 9)', '(27, 10)']","['(18, 1)', '(19, 2)', '(16, 3)', '(20, 3)', '(17, 2)', '(25, 8)', '(24, 7)', '(27, 10)', '(22, 5)', '(21, 4)', '(25, 10)', '(26, 9)', '(29, 12)']","[(4, 9), (17, 3), (27, 13), (3, 13), (5, 10), (8, 9), (14, 13), (9, 8), (17, 12), (2, 2), (11, 5), (19, 9), (11, 14), (13, 8), (6, 2), (1, 15), (15, 14), (6, 11), (16, 13), (7, 10), (18, 10), (21, 9), (26, 14), (22, 10), (3, 6), (5, 3), (17, 5), (9, 1), (3, 15), (5, 12), (14, 15), (17, 14), (9, 10), (11, 7), (2, 4), (1, 8), (13, 10), (6, 4), (7, 3), (18, 3), (6, 13), (16, 15), (7, 12), (18, 12), (20, 15), (22, 12), (3, 8), (5, 5), (14, 8), (17, 7), (9, 3), (19, 4), (5, 14), (9, 12), (11, 9), (13, 3), (1, 10), (13, 12), (6, 6), (7, 5), (18, 5), (7, 14), (18, 14), (3, 1), (22, 14), (12, 13), (3, 10), (5, 7), (14, 10), (17, 9), (9, 5), (11, 2), (24, 15), (23, 13), (9, 14), (1, 3), (13, 5), (15, 2), (10, 15), (1, 12), (13, 14), (25, 13), (7, 7), (18, 7), (29, 13), (22, 7), (3, 3), (14, 3), (12, 15), (3, 12), (5, 9), (14, 12), (23, 15), (9, 7), (11, 4), (27, 15), (10, 8), (1, 5), (13, 7), (6, 1), (1, 14), (26, 13), (2, 13), (25, 15), (7, 9), (18, 9), (29, 15), (22, 9), (21, 11), (23, 8), (3, 5), (5, 2), (14, 5), (17, 4), (3, 14), (14, 14), (4, 13), (9, 9), (8, 13), (10, 10), (1, 7), (13, 9), (19, 13), (16, 5), (7, 2), (24, 9), (18, 2), (2, 15), (18, 11), (20, 5), (6, 15), (21, 13), (23, 10), (3, 7), (5, 4), (14, 7), (9, 2), (5, 13), (4, 15), (10, 3), (13, 2), (8, 15), (10, 12), (1, 9), (19, 15), (2, 8), (16, 7), (7, 4), (18, 4), (6, 8), (20, 7), (21, 6), (12, 3), (22, 13), (21, 15), (23, 12), (3, 9), (14, 9), (18, 8), (27, 12), (19, 8), (10, 5), (1, 2), (13, 4), (10, 14), (11, 13), (2, 10), (16, 9), (25, 12), (6, 10), (20, 9), (21, 8), (12, 5), (3, 2), (14, 2), (23, 14), (3, 11), (27, 14), (17, 13), (19, 10), (10, 7), (1, 4), (28, 13), (2, 3), (1, 13), (11, 15), (2, 12), (25, 14), (6, 3), (15, 15), (6, 12), (26, 15), (22, 8), (21, 10), (12, 7), (3, 4), (14, 4), (4, 3), (29, 14), (23, 7), (8, 3), (19, 3), (17, 15), (19, 12), (10, 9), (9, 11), (11, 8), (2, 5), (28, 15), (2, 14), (6, 5), (6, 14), (20, 13), (7, 13), (18, 13), (12, 9), (21, 12), (23, 9), (4, 5), (17, 8), (8, 5), (10, 2), (9, 4), (19, 5), (5, 15), (19, 14), (9, 13), (11, 10), (2, 7), (25, 9), (15, 1), (13, 13), (24, 13), (6, 7), (18, 6), (21, 5), (7, 15), (18, 15), (21, 14), (4, 7), (22, 15), (27, 11), (5, 8), (8, 7), (10, 4), (9, 6), (11, 3), (17, 10), (19, 7), (10, 13), (9, 15), (11, 12), (2, 9), (13, 15), (26, 12), (6, 9), (7, 8), (21, 7)]",30,0,30
259,"(18, 1)","(18, 2)",South,[],"['(18, 1)', '(19, 2)', '(16, 3)', '(20, 3)', '(17, 2)', '(25, 8)', '(24, 7)', '(27, 10)', '(22, 5)', '(21, 4)', '(25, 10)', '(26, 9)', '(29, 12)']","['(19, 2)', '(17, 2)', '(16, 3)', '(20, 3)', '(21, 4)', '(25, 8)', '(24, 7)', '(27, 10)', '(22, 5)', '(29, 12)', '(25, 10)', '(26, 9)']","[(4, 9), (17, 3), (27, 13), (3, 13), (5, 10), (8, 9), (14, 13), (9, 8), (17, 12), (2, 2), (11, 5), (19, 9), (11, 14), (13, 8), (6, 2), (18, 1), (1, 15), (15, 14), (6, 11), (16, 13), (7, 10), (18, 10), (21, 9), (26, 14), (22, 10), (3, 6), (5, 3), (17, 5), (9, 1), (3, 15), (5, 12), (14, 15), (17, 14), (9, 10), (11, 7), (2, 4), (1, 8), (13, 10), (6, 4), (7, 3), (18, 3), (6, 13), (16, 15), (7, 12), (18, 12), (20, 15), (22, 12), (3, 8), (5, 5), (14, 8), (17, 7), (9, 3), (19, 4), (5, 14), (9, 12), (11, 9), (13, 3), (1, 10), (13, 12), (6, 6), (7, 5), (18, 5), (7, 14), (18, 14), (3, 1), (22, 14), (12, 13), (3, 10), (5, 7), (14, 10), (17, 9), (9, 5), (11, 2), (24, 15), (23, 13), (9, 14), (1, 3), (13, 5), (15, 2), (10, 15), (1, 12), (13, 14), (25, 13), (7, 7), (18, 7), (29, 13), (22, 7), (3, 3), (14, 3), (12, 15), (3, 12), (5, 9), (14, 12), (23, 15), (9, 7), (11, 4), (27, 15), (10, 8), (1, 5), (13, 7), (6, 1), (1, 14), (26, 13), (2, 13), (25, 15), (7, 9), (18, 9), (29, 15), (22, 9), (21, 11), (23, 8), (3, 5), (5, 2), (14, 5), (17, 4), (3, 14), (14, 14), (4, 13), (9, 9), (8, 13), (10, 10), (1, 7), (13, 9), (19, 13), (16, 5), (7, 2), (24, 9), (18, 2), (2, 15), (18, 11), (20, 5), (6, 15), (21, 13), (23, 10), (3, 7), (5, 4), (14, 7), (9, 2), (5, 13), (4, 15), (10, 3), (13, 2), (8, 15), (10, 12), (1, 9), (19, 15), (2, 8), (16, 7), (7, 4), (18, 4), (6, 8), (20, 7), (21, 6), (12, 3), (22, 13), (21, 15), (23, 12), (3, 9), (14, 9), (18, 8), (27, 12), (19, 8), (10, 5), (1, 2), (13, 4), (10, 14), (11, 13), (2, 10), (16, 9), (25, 12), (6, 10), (20, 9), (21, 8), (12, 5), (3, 2), (14, 2), (23, 14), (3, 11), (27, 14), (17, 13), (19, 10), (10, 7), (1, 4), (28, 13), (2, 3), (1, 13), (11, 15), (2, 12), (25, 14), (6, 3), (15, 15), (6, 12), (26, 15), (22, 8), (21, 10), (12, 7), (3, 4), (14, 4), (4, 3), (29, 14), (23, 7), (8, 3), (19, 3), (17, 15), (19, 12), (10, 9), (9, 11), (11, 8), (2, 5), (28, 15), (2, 14), (6, 5), (6, 14), (20, 13), (7, 13), (18, 13), (12, 9), (21, 12), (23, 9), (4, 5), (17, 8), (8, 5), (10, 2), (9, 4), (19, 5), (5, 15), (19, 14), (9, 13), (11, 10), (2, 7), (25, 9), (15, 1), (13, 13), (24, 13), (6, 7), (18, 6), (21, 5), (7, 15), (18, 15), (21, 14), (4, 7), (22, 15), (27, 11), (5, 8), (8, 7), (10, 4), (9, 6), (11, 3), (17, 10), (19, 7), (10, 13), (9, 15), (11, 12), (2, 9), (13, 15), (26, 12), (6, 9), (7, 8), (21, 7)]",31,0,31
260,"(19, 2)","(18, 2)",East,[],"['(19, 2)', '(17, 2)', '(16, 3)', '(20, 3)', '(21, 4)', '(25, 8)', '(24, 7)', '(27, 10)', '(22, 5)', '(29, 12)', '(25, 10)', '(26, 9)']","['(17, 2)', '(20, 3)', '(16, 3)', '(22, 5)', '(21, 4)', '(25, 8)', '(24, 7)', '(27, 10)', '(26, 9)', '(29, 12)', '(25, 10)']","[(4, 9), (17, 3), (27, 13), (3, 13), (5, 10), (8, 9), (14, 13), (9, 8), (17, 12), (2, 2), (11, 5), (19, 9), (11, 14), (13, 8), (6, 2), (18, 1), (1, 15), (15, 14), (6, 11), (16, 13), (7, 10), (18, 10), (21, 9), (26, 14), (22, 10), (3, 6), (5, 3), (17, 5), (19, 2), (9, 1), (3, 15), (5, 12), (14, 15), (17, 14), (9, 10), (11, 7), (2, 4), (1, 8), (13, 10), (6, 4), (7, 3), (18, 3), (6, 13), (16, 15), (7, 12), (18, 12), (20, 15), (22, 12), (3, 8), (5, 5), (14, 8), (17, 7), (9, 3), (19, 4), (5, 14), (9, 12), (11, 9), (13, 3), (1, 10), (13, 12), (6, 6), (7, 5), (18, 5), (7, 14), (18, 14), (3, 1), (22, 14), (12, 13), (3, 10), (5, 7), (14, 10), (17, 9), (9, 5), (11, 2), (24, 15), (23, 13), (9, 14), (1, 3), (13, 5), (15, 2), (10, 15), (1, 12), (13, 14), (25, 13), (7, 7), (18, 7), (29, 13), (22, 7), (3, 3), (14, 3), (12, 15), (3, 12), (5, 9), (14, 12), (23, 15), (9, 7), (11, 4), (27, 15), (10, 8), (1, 5), (13, 7), (6, 1), (1, 14), (26, 13), (2, 13), (25, 15), (7, 9), (18, 9), (29, 15), (22, 9), (21, 11), (23, 8), (3, 5), (5, 2), (14, 5), (17, 4), (3, 14), (14, 14), (4, 13), (9, 9), (8, 13), (10, 10), (1, 7), (13, 9), (19, 13), (16, 5), (7, 2), (24, 9), (18, 2), (2, 15), (18, 11), (20, 5), (6, 15), (21, 13), (23, 10), (3, 7), (5, 4), (14, 7), (9, 2), (5, 13), (4, 15), (10, 3), (13, 2), (8, 15), (10, 12), (1, 9), (19, 15), (2, 8), (16, 7), (7, 4), (18, 4), (6, 8), (20, 7), (21, 6), (12, 3), (22, 13), (21, 15), (23, 12), (3, 9), (14, 9), (18, 8), (27, 12), (19, 8), (10, 5), (1, 2), (13, 4), (10, 14), (11, 13), (2, 10), (16, 9), (25, 12), (6, 10), (20, 9), (21, 8), (12, 5), (3, 2), (14, 2), (23, 14), (3, 11), (27, 14), (17, 13), (19, 10), (10, 7), (1, 4), (28, 13), (2, 3), (1, 13), (11, 15), (2, 12), (25, 14), (6, 3), (15, 15), (6, 12), (26, 15), (22, 8), (21, 10), (12, 7), (3, 4), (14, 4), (4, 3), (29, 14), (23, 7), (8, 3), (19, 3), (17, 15), (19, 12), (10, 9), (9, 11), (11, 8), (2, 5), (28, 15), (2, 14), (6, 5), (6, 14), (20, 13), (7, 13), (18, 13), (12, 9), (21, 12), (23, 9), (4, 5), (17, 8), (8, 5), (10, 2), (9, 4), (19, 5), (5, 15), (19, 14), (9, 13), (11, 10), (2, 7), (25, 9), (15, 1), (13, 13), (24, 13), (6, 7), (18, 6), (21, 5), (7, 15), (18, 15), (21, 14), (4, 7), (22, 15), (27, 11), (5, 8), (8, 7), (10, 4), (9, 6), (11, 3), (17, 10), (19, 7), (10, 13), (9, 15), (11, 12), (2, 9), (13, 15), (26, 12), (6, 9), (7, 8), (21, 7)]",31,0,31
261,"(17, 2)","(18, 2)",West,[],"['(17, 2)', '(20, 3)', '(16, 3)', '(22, 5)', '(21, 4)', '(25, 8)', '(24, 7)', '(27, 10)', '(26, 9)', '(29, 12)', '(25, 10)']","['(20, 3)', '(21, 4)', '(16, 3)', '(22, 5)', '(25, 10)', '(25, 8)', '(24, 7)', '(27, 10)', '(26, 9)', '(29, 12)']","[(4, 9), (17, 3), (27, 13), (3, 13), (5, 10), (8, 9), (14, 13), (9, 8), (17, 12), (2, 2), (11, 5), (19, 9), (11, 14), (13, 8), (6, 2), (18, 1), (1, 15), (15, 14), (6, 11), (16, 13), (7, 10), (18, 10), (21, 9), (26, 14), (22, 10), (3, 6), (5, 3), (17, 5), (19, 2), (9, 1), (3, 15), (5, 12), (14, 15), (17, 14), (9, 10), (11, 7), (2, 4), (1, 8), (13, 10), (6, 4), (7, 3), (18, 3), (6, 13), (16, 15), (7, 12), (18, 12), (20, 15), (22, 12), (3, 8), (5, 5), (14, 8), (17, 7), (9, 3), (19, 4), (5, 14), (9, 12), (11, 9), (13, 3), (1, 10), (13, 12), (6, 6), (7, 5), (18, 5), (7, 14), (18, 14), (3, 1), (22, 14), (12, 13), (3, 10), (5, 7), (14, 10), (17, 9), (9, 5), (11, 2), (24, 15), (23, 13), (9, 14), (1, 3), (13, 5), (15, 2), (10, 15), (1, 12), (13, 14), (25, 13), (7, 7), (18, 7), (29, 13), (22, 7), (3, 3), (14, 3), (17, 2), (12, 15), (3, 12), (5, 9), (14, 12), (23, 15), (9, 7), (11, 4), (27, 15), (10, 8), (1, 5), (13, 7), (6, 1), (1, 14), (26, 13), (2, 13), (25, 15), (7, 9), (18, 9), (29, 15), (22, 9), (21, 11), (23, 8), (3, 5), (5, 2), (14, 5), (17, 4), (3, 14), (14, 14), (4, 13), (9, 9), (8, 13), (10, 10), (1, 7), (13, 9), (19, 13), (16, 5), (7, 2), (24, 9), (18, 2), (2, 15), (18, 11), (20, 5), (6, 15), (21, 13), (23, 10), (3, 7), (5, 4), (14, 7), (9, 2), (5, 13), (4, 15), (10, 3), (13, 2), (8, 15), (10, 12), (1, 9), (19, 15), (2, 8), (16, 7), (7, 4), (18, 4), (6, 8), (20, 7), (21, 6), (12, 3), (22, 13), (21, 15), (23, 12), (3, 9), (14, 9), (18, 8), (27, 12), (19, 8), (10, 5), (1, 2), (13, 4), (10, 14), (11, 13), (2, 10), (16, 9), (25, 12), (6, 10), (20, 9), (21, 8), (12, 5), (3, 2), (14, 2), (23, 14), (3, 11), (27, 14), (17, 13), (19, 10), (10, 7), (1, 4), (28, 13), (2, 3), (1, 13), (11, 15), (2, 12), (25, 14), (6, 3), (15, 15), (6, 12), (26, 15), (22, 8), (21, 10), (12, 7), (3, 4), (14, 4), (4, 3), (29, 14), (23, 7), (8, 3), (19, 3), (17, 15), (19, 12), (10, 9), (9, 11), (11, 8), (2, 5), (28, 15), (2, 14), (6, 5), (6, 14), (20, 13), (7, 13), (18, 13), (12, 9), (21, 12), (23, 9), (4, 5), (17, 8), (8, 5), (10, 2), (9, 4), (19, 5), (5, 15), (19, 14), (9, 13), (11, 10), (2, 7), (25, 9), (15, 1), (13, 13), (24, 13), (6, 7), (18, 6), (21, 5), (7, 15), (18, 15), (21, 14), (4, 7), (22, 15), (27, 11), (5, 8), (8, 7), (10, 4), (9, 6), (11, 3), (17, 10), (19, 7), (10, 13), (9, 15), (11, 12), (2, 9), (13, 15), (26, 12), (6, 9), (7, 8), (21, 7)]",31,0,31
262,"(20, 3)","(19, 3)",East,"[((21, 3), 'East', 1)]","['(20, 3)', '(21, 4)', '(16, 3)', '(22, 5)', '(25, 10)', '(25, 8)', '(24, 7)', '(27, 10)', '(26, 9)', '(29, 12)']","['(16, 3)', '(21, 4)', '(24, 7)', '(22, 5)', '(25, 10)', '(25, 8)', '(29, 12)', '(27, 10)', '(26, 9)', '(21, 3)']","[(4, 9), (17, 3), (27, 13), (3, 13), (5, 10), (8, 9), (14, 13), (9, 8), (17, 12), (2, 2), (11, 5), (19, 9), (11, 14), (13, 8), (6, 2), (18, 1), (1, 15), (15, 14), (6, 11), (16, 13), (7, 10), (18, 10), (21, 9), (26, 14), (22, 10), (3, 6), (5, 3), (17, 5), (19, 2), (9, 1), (3, 15), (5, 12), (14, 15), (17, 14), (9, 10), (11, 7), (2, 4), (1, 8), (13, 10), (6, 4), (7, 3), (18, 3), (6, 13), (16, 15), (7, 12), (18, 12), (20, 15), (22, 12), (3, 8), (5, 5), (14, 8), (17, 7), (9, 3), (19, 4), (5, 14), (9, 12), (11, 9), (13, 3), (1, 10), (13, 12), (6, 6), (7, 5), (18, 5), (7, 14), (18, 14), (3, 1), (22, 14), (12, 13), (3, 10), (5, 7), (14, 10), (17, 9), (9, 5), (11, 2), (24, 15), (23, 13), (9, 14), (1, 3), (13, 5), (15, 2), (10, 15), (1, 12), (13, 14), (25, 13), (7, 7), (18, 7), (29, 13), (22, 7), (3, 3), (14, 3), (17, 2), (12, 15), (3, 12), (5, 9), (14, 12), (23, 15), (9, 7), (11, 4), (27, 15), (10, 8), (1, 5), (13, 7), (6, 1), (1, 14), (26, 13), (2, 13), (25, 15), (7, 9), (18, 9), (20, 3), (29, 15), (22, 9), (21, 11), (23, 8), (3, 5), (5, 2), (14, 5), (17, 4), (3, 14), (14, 14), (4, 13), (9, 9), (8, 13), (10, 10), (1, 7), (13, 9), (19, 13), (16, 5), (7, 2), (24, 9), (18, 2), (2, 15), (18, 11), (20, 5), (6, 15), (21, 13), (23, 10), (3, 7), (5, 4), (14, 7), (9, 2), (5, 13), (4, 15), (10, 3), (13, 2), (8, 15), (10, 12), (1, 9), (19, 15), (2, 8), (16, 7), (7, 4), (18, 4), (6, 8), (20, 7), (21, 6), (12, 3), (22, 13), (21, 15), (23, 12), (3, 9), (14, 9), (18, 8), (27, 12), (19, 8), (10, 5), (1, 2), (13, 4), (10, 14), (11, 13), (2, 10), (16, 9), (25, 12), (6, 10), (20, 9), (21, 8), (12, 5), (3, 2), (14, 2), (23, 14), (3, 11), (27, 14), (17, 13), (19, 10), (10, 7), (1, 4), (28, 13), (2, 3), (1, 13), (11, 15), (2, 12), (25, 14), (6, 3), (15, 15), (6, 12), (26, 15), (22, 8), (21, 10), (12, 7), (3, 4), (14, 4), (4, 3), (29, 14), (23, 7), (8, 3), (19, 3), (17, 15), (19, 12), (10, 9), (9, 11), (11, 8), (2, 5), (28, 15), (2, 14), (6, 5), (6, 14), (20, 13), (7, 13), (18, 13), (12, 9), (21, 12), (23, 9), (4, 5), (17, 8), (8, 5), (10, 2), (9, 4), (19, 5), (5, 15), (19, 14), (9, 13), (11, 10), (2, 7), (25, 9), (15, 1), (13, 13), (24, 13), (6, 7), (18, 6), (21, 5), (7, 15), (18, 15), (21, 14), (4, 7), (22, 15), (27, 11), (5, 8), (8, 7), (10, 4), (9, 6), (11, 3), (17, 10), (19, 7), (10, 13), (9, 15), (11, 12), (2, 9), (13, 15), (26, 12), (6, 9), (7, 8), (21, 7)]",31,0,31
263,"(16, 3)","(17, 3)",West,[],"['(16, 3)', '(21, 4)', '(24, 7)', '(22, 5)', '(25, 10)', '(25, 8)', '(29, 12)', '(27, 10)', '(26, 9)', '(21, 3)']","['(21, 4)', '(22, 5)', '(24, 7)', '(26, 9)', '(25, 10)', '(25, 8)', '(29, 12)', '(27, 10)', '(21, 3)']","[(4, 9), (17, 3), (27, 13), (3, 13), (5, 10), (8, 9), (14, 13), (9, 8), (17, 12), (2, 2), (11, 5), (19, 9), (11, 14), (13, 8), (6, 2), (18, 1), (1, 15), (15, 14), (6, 11), (16, 13), (7, 10), (18, 10), (21, 9), (26, 14), (22, 10), (3, 6), (5, 3), (17, 5), (19, 2), (9, 1), (3, 15), (5, 12), (14, 15), (17, 14), (9, 10), (11, 7), (2, 4), (1, 8), (13, 10), (6, 4), (7, 3), (18, 3), (6, 13), (16, 15), (7, 12), (18, 12), (20, 15), (22, 12), (3, 8), (5, 5), (14, 8), (17, 7), (9, 3), (19, 4), (5, 14), (9, 12), (11, 9), (13, 3), (1, 10), (13, 12), (6, 6), (7, 5), (18, 5), (7, 14), (18, 14), (3, 1), (22, 14), (12, 13), (3, 10), (5, 7), (14, 10), (17, 9), (9, 5), (11, 2), (24, 15), (23, 13), (9, 14), (1, 3), (13, 5), (15, 2), (10, 15), (1, 12), (13, 14), (25, 13), (7, 7), (18, 7), (29, 13), (22, 7), (3, 3), (14, 3), (17, 2), (12, 15), (3, 12), (5, 9), (14, 12), (23, 15), (9, 7), (11, 4), (27, 15), (10, 8), (1, 5), (13, 7), (6, 1), (16, 3), (1, 14), (26, 13), (2, 13), (25, 15), (7, 9), (18, 9), (20, 3), (29, 15), (22, 9), (21, 11), (23, 8), (3, 5), (5, 2), (14, 5), (17, 4), (3, 14), (14, 14), (4, 13), (9, 9), (8, 13), (10, 10), (1, 7), (13, 9), (19, 13), (16, 5), (7, 2), (24, 9), (18, 2), (2, 15), (18, 11), (20, 5), (6, 15), (21, 13), (23, 10), (3, 7), (5, 4), (14, 7), (9, 2), (5, 13), (4, 15), (10, 3), (13, 2), (8, 15), (10, 12), (1, 9), (19, 15), (2, 8), (16, 7), (7, 4), (18, 4), (6, 8), (20, 7), (21, 6), (12, 3), (22, 13), (21, 15), (23, 12), (3, 9), (14, 9), (18, 8), (27, 12), (19, 8), (10, 5), (1, 2), (13, 4), (10, 14), (11, 13), (2, 10), (16, 9), (25, 12), (6, 10), (20, 9), (21, 8), (12, 5), (3, 2), (14, 2), (23, 14), (3, 11), (27, 14), (17, 13), (19, 10), (10, 7), (1, 4), (28, 13), (2, 3), (1, 13), (11, 15), (2, 12), (25, 14), (6, 3), (15, 15), (6, 12), (26, 15), (22, 8), (21, 10), (12, 7), (3, 4), (14, 4), (4, 3), (29, 14), (23, 7), (8, 3), (19, 3), (17, 15), (19, 12), (10, 9), (9, 11), (11, 8), (2, 5), (28, 15), (2, 14), (6, 5), (6, 14), (20, 13), (7, 13), (18, 13), (12, 9), (21, 12), (23, 9), (4, 5), (17, 8), (8, 5), (10, 2), (9, 4), (19, 5), (5, 15), (19, 14), (9, 13), (11, 10), (2, 7), (25, 9), (15, 1), (13, 13), (24, 13), (6, 7), (18, 6), (21, 5), (7, 15), (18, 15), (21, 14), (4, 7), (22, 15), (27, 11), (5, 8), (8, 7), (10, 4), (9, 6), (11, 3), (17, 10), (19, 7), (10, 13), (9, 15), (11, 12), (2, 9), (13, 15), (26, 12), (6, 9), (7, 8), (21, 7)]",31,0,31
264,"(21, 4)","(21, 5)",South,"[((22, 4), 'East', 1)]","['(21, 4)', '(22, 5)', '(24, 7)', '(26, 9)', '(25, 10)', '(25, 8)', '(29, 12)', '(27, 10)', '(21, 3)']","['(22, 5)', '(25, 10)', '(24, 7)', '(26, 9)', '(21, 3)', '(25, 8)', '(29, 12)', '(27, 10)', '(22, 4)']","[(4, 9), (17, 3), (27, 13), (3, 13), (5, 10), (8, 9), (14, 13), (9, 8), (17, 12), (2, 2), (11, 5), (19, 9), (11, 14), (13, 8), (6, 2), (18, 1), (1, 15), (15, 14), (6, 11), (16, 13), (7, 10), (18, 10), (21, 9), (26, 14), (22, 10), (3, 6), (5, 3), (17, 5), (19, 2), (9, 1), (3, 15), (5, 12), (14, 15), (17, 14), (9, 10), (11, 7), (2, 4), (1, 8), (13, 10), (6, 4), (7, 3), (18, 3), (6, 13), (16, 15), (7, 12), (18, 12), (20, 15), (22, 12), (3, 8), (5, 5), (14, 8), (17, 7), (9, 3), (19, 4), (5, 14), (9, 12), (11, 9), (13, 3), (1, 10), (13, 12), (6, 6), (7, 5), (18, 5), (21, 4), (7, 14), (18, 14), (3, 1), (22, 14), (12, 13), (3, 10), (5, 7), (14, 10), (17, 9), (9, 5), (11, 2), (24, 15), (23, 13), (9, 14), (1, 3), (13, 5), (15, 2), (10, 15), (1, 12), (13, 14), (25, 13), (7, 7), (18, 7), (29, 13), (22, 7), (3, 3), (14, 3), (17, 2), (12, 15), (3, 12), (5, 9), (14, 12), (23, 15), (9, 7), (11, 4), (27, 15), (10, 8), (1, 5), (13, 7), (6, 1), (16, 3), (1, 14), (26, 13), (2, 13), (25, 15), (7, 9), (18, 9), (20, 3), (29, 15), (22, 9), (21, 11), (23, 8), (3, 5), (5, 2), (14, 5), (17, 4), (3, 14), (14, 14), (4, 13), (9, 9), (8, 13), (10, 10), (1, 7), (13, 9), (19, 13), (16, 5), (7, 2), (24, 9), (18, 2), (2, 15), (18, 11), (20, 5), (6, 15), (21, 13), (23, 10), (3, 7), (5, 4), (14, 7), (9, 2), (5, 13), (4, 15), (10, 3), (13, 2), (8, 15), (10, 12), (1, 9), (19, 15), (2, 8), (16, 7), (7, 4), (18, 4), (6, 8), (20, 7), (21, 6), (12, 3), (22, 13), (21, 15), (23, 12), (3, 9), (14, 9), (18, 8), (27, 12), (19, 8), (10, 5), (1, 2), (13, 4), (10, 14), (11, 13), (2, 10), (16, 9), (25, 12), (6, 10), (20, 9), (21, 8), (12, 5), (3, 2), (14, 2), (23, 14), (3, 11), (27, 14), (17, 13), (19, 10), (10, 7), (1, 4), (28, 13), (2, 3), (1, 13), (11, 15), (2, 12), (25, 14), (6, 3), (15, 15), (6, 12), (26, 15), (22, 8), (21, 10), (12, 7), (3, 4), (14, 4), (4, 3), (29, 14), (23, 7), (8, 3), (19, 3), (17, 15), (19, 12), (10, 9), (9, 11), (11, 8), (2, 5), (28, 15), (2, 14), (6, 5), (6, 14), (20, 13), (7, 13), (18, 13), (12, 9), (21, 12), (23, 9), (4, 5), (17, 8), (8, 5), (10, 2), (9, 4), (19, 5), (5, 15), (19, 14), (9, 13), (11, 10), (2, 7), (25, 9), (15, 1), (13, 13), (24, 13), (6, 7), (18, 6), (21, 5), (7, 15), (18, 15), (21, 14), (4, 7), (22, 15), (27, 11), (5, 8), (8, 7), (10, 4), (9, 6), (11, 3), (17, 10), (19, 7), (10, 13), (9, 15), (11, 12), (2, 9), (13, 15), (26, 12), (6, 9), (7, 8), (21, 7)]",31,0,31
265,"(22, 5)","(21, 5)",East,"[((23, 5), 'East', 1)]","['(22, 5)', '(25, 10)', '(24, 7)', '(26, 9)', '(21, 3)', '(25, 8)', '(29, 12)', '(27, 10)', '(22, 4)']","['(24, 7)', '(25, 10)', '(25, 8)', '(26, 9)', '(21, 3)', '(22, 4)', '(29, 12)', '(27, 10)', '(23, 5)']","[(4, 9), (17, 3), (27, 13), (3, 13), (5, 10), (8, 9), (14, 13), (9, 8), (17, 12), (2, 2), (11, 5), (19, 9), (11, 14), (13, 8), (6, 2), (18, 1), (1, 15), (15, 14), (6, 11), (16, 13), (7, 10), (18, 10), (21, 9), (26, 14), (22, 10), (3, 6), (5, 3), (17, 5), (19, 2), (9, 1), (3, 15), (5, 12), (14, 15), (17, 14), (9, 10), (11, 7), (2, 4), (1, 8), (13, 10), (6, 4), (7, 3), (18, 3), (6, 13), (16, 15), (7, 12), (18, 12), (20, 15), (22, 12), (3, 8), (5, 5), (14, 8), (17, 7), (9, 3), (19, 4), (5, 14), (9, 12), (11, 9), (13, 3), (1, 10), (13, 12), (6, 6), (7, 5), (18, 5), (21, 4), (7, 14), (18, 14), (22, 5), (3, 1), (22, 14), (12, 13), (3, 10), (5, 7), (14, 10), (17, 9), (9, 5), (11, 2), (24, 15), (23, 13), (9, 14), (1, 3), (13, 5), (15, 2), (10, 15), (1, 12), (13, 14), (25, 13), (7, 7), (18, 7), (29, 13), (22, 7), (3, 3), (14, 3), (17, 2), (12, 15), (3, 12), (5, 9), (14, 12), (23, 15), (9, 7), (11, 4), (27, 15), (10, 8), (1, 5), (13, 7), (6, 1), (16, 3), (1, 14), (26, 13), (2, 13), (25, 15), (7, 9), (18, 9), (20, 3), (29, 15), (22, 9), (21, 11), (23, 8), (3, 5), (5, 2), (14, 5), (17, 4), (3, 14), (14, 14), (4, 13), (9, 9), (8, 13), (10, 10), (1, 7), (13, 9), (19, 13), (16, 5), (7, 2), (24, 9), (18, 2), (2, 15), (18, 11), (20, 5), (6, 15), (21, 13), (23, 10), (3, 7), (5, 4), (14, 7), (9, 2), (5, 13), (4, 15), (10, 3), (13, 2), (8, 15), (10, 12), (1, 9), (19, 15), (2, 8), (16, 7), (7, 4), (18, 4), (6, 8), (20, 7), (21, 6), (12, 3), (22, 13), (21, 15), (23, 12), (3, 9), (14, 9), (18, 8), (27, 12), (19, 8), (10, 5), (1, 2), (13, 4), (10, 14), (11, 13), (2, 10), (16, 9), (25, 12), (6, 10), (20, 9), (21, 8), (12, 5), (3, 2), (14, 2), (23, 14), (3, 11), (27, 14), (17, 13), (19, 10), (10, 7), (1, 4), (28, 13), (2, 3), (1, 13), (11, 15), (2, 12), (25, 14), (6, 3), (15, 15), (6, 12), (26, 15), (22, 8), (21, 10), (12, 7), (3, 4), (14, 4), (4, 3), (29, 14), (23, 7), (8, 3), (19, 3), (17, 15), (19, 12), (10, 9), (9, 11), (11, 8), (2, 5), (28, 15), (2, 14), (6, 5), (6, 14), (20, 13), (7, 13), (18, 13), (12, 9), (21, 12), (23, 9), (4, 5), (17, 8), (8, 5), (10, 2), (9, 4), (19, 5), (5, 15), (19, 14), (9, 13), (11, 10), (2, 7), (25, 9), (15, 1), (13, 13), (24, 13), (6, 7), (18, 6), (21, 5), (7, 15), (18, 15), (21, 14), (4, 7), (22, 15), (27, 11), (5, 8), (8, 7), (10, 4), (9, 6), (11, 3), (17, 10), (19, 7), (10, 13), (9, 15), (11, 12), (2, 9), (13, 15), (26, 12), (6, 9), (7, 8), (21, 7)]",31,0,31
266,"(24, 7)","(23, 7)",East,"[((25, 7), 'East', 1)]","['(24, 7)', '(25, 10)', '(25, 8)', '(26, 9)', '(21, 3)', '(22, 4)', '(29, 12)', '(27, 10)', '(23, 5)']","['(25, 10)', '(26, 9)', '(25, 8)', '(27, 10)', '(21, 3)', '(22, 4)', '(29, 12)', '(23, 5)', '(25, 7)']","[(4, 9), (17, 3), (27, 13), (3, 13), (5, 10), (8, 9), (14, 13), (9, 8), (17, 12), (2, 2), (11, 5), (19, 9), (11, 14), (13, 8), (6, 2), (18, 1), (1, 15), (15, 14), (6, 11), (16, 13), (7, 10), (18, 10), (21, 9), (26, 14), (22, 10), (3, 6), (5, 3), (17, 5), (19, 2), (9, 1), (3, 15), (5, 12), (14, 15), (17, 14), (9, 10), (11, 7), (2, 4), (1, 8), (13, 10), (6, 4), (7, 3), (18, 3), (6, 13), (16, 15), (7, 12), (18, 12), (20, 15), (22, 12), (3, 8), (5, 5), (14, 8), (17, 7), (9, 3), (19, 4), (5, 14), (9, 12), (11, 9), (13, 3), (1, 10), (13, 12), (6, 6), (7, 5), (18, 5), (21, 4), (7, 14), (18, 14), (22, 5), (3, 1), (22, 14), (12, 13), (3, 10), (5, 7), (14, 10), (17, 9), (9, 5), (11, 2), (24, 15), (23, 13), (9, 14), (1, 3), (13, 5), (15, 2), (10, 15), (1, 12), (13, 14), (25, 13), (7, 7), (18, 7), (29, 13), (22, 7), (3, 3), (14, 3), (17, 2), (12, 15), (3, 12), (5, 9), (14, 12), (23, 15), (9, 7), (11, 4), (27, 15), (10, 8), (1, 5), (13, 7), (6, 1), (16, 3), (24, 7), (1, 14), (26, 13), (2, 13), (25, 15), (7, 9), (18, 9), (20, 3), (29, 15), (22, 9), (21, 11), (23, 8), (3, 5), (5, 2), (14, 5), (17, 4), (3, 14), (14, 14), (4, 13), (9, 9), (8, 13), (10, 10), (1, 7), (13, 9), (19, 13), (16, 5), (7, 2), (24, 9), (18, 2), (2, 15), (18, 11), (20, 5), (6, 15), (21, 13), (23, 10), (3, 7), (5, 4), (14, 7), (9, 2), (5, 13), (4, 15), (10, 3), (13, 2), (8, 15), (10, 12), (1, 9), (19, 15), (2, 8), (16, 7), (7, 4), (18, 4), (6, 8), (20, 7), (21, 6), (12, 3), (22, 13), (21, 15), (23, 12), (3, 9), (14, 9), (18, 8), (27, 12), (19, 8), (10, 5), (1, 2), (13, 4), (10, 14), (11, 13), (2, 10), (16, 9), (25, 12), (6, 10), (20, 9), (21, 8), (12, 5), (3, 2), (14, 2), (23, 14), (3, 11), (27, 14), (17, 13), (19, 10), (10, 7), (1, 4), (28, 13), (2, 3), (1, 13), (11, 15), (2, 12), (25, 14), (6, 3), (15, 15), (6, 12), (26, 15), (22, 8), (21, 10), (12, 7), (3, 4), (14, 4), (4, 3), (29, 14), (23, 7), (8, 3), (19, 3), (17, 15), (19, 12), (10, 9), (9, 11), (11, 8), (2, 5), (28, 15), (2, 14), (6, 5), (6, 14), (20, 13), (7, 13), (18, 13), (12, 9), (21, 12), (23, 9), (4, 5), (17, 8), (8, 5), (10, 2), (9, 4), (19, 5), (5, 15), (19, 14), (9, 13), (11, 10), (2, 7), (25, 9), (15, 1), (13, 13), (24, 13), (6, 7), (18, 6), (21, 5), (7, 15), (18, 15), (21, 14), (4, 7), (22, 15), (27, 11), (5, 8), (8, 7), (10, 4), (9, 6), (11, 3), (17, 10), (19, 7), (10, 13), (9, 15), (11, 12), (2, 9), (13, 15), (26, 12), (6, 9), (7, 8), (21, 7)]",31,0,31
267,"(25, 10)","(25, 9)",North,"[((26, 10), 'East', 1)]","['(25, 10)', '(26, 9)', '(25, 8)', '(27, 10)', '(21, 3)', '(22, 4)', '(29, 12)', '(23, 5)', '(25, 7)']","['(25, 8)', '(26, 9)', '(29, 12)', '(27, 10)', '(21, 3)', '(22, 4)', '(25, 7)', '(23, 5)', '(26, 10)']","[(4, 9), (17, 3), (27, 13), (3, 13), (5, 10), (8, 9), (14, 13), (9, 8), (17, 12), (2, 2), (11, 5), (19, 9), (11, 14), (13, 8), (6, 2), (18, 1), (1, 15), (15, 14), (6, 11), (16, 13), (7, 10), (18, 10), (21, 9), (26, 14), (22, 10), (3, 6), (5, 3), (17, 5), (19, 2), (9, 1), (3, 15), (5, 12), (14, 15), (17, 14), (9, 10), (11, 7), (2, 4), (1, 8), (13, 10), (6, 4), (7, 3), (18, 3), (6, 13), (16, 15), (7, 12), (18, 12), (20, 15), (22, 12), (3, 8), (5, 5), (14, 8), (17, 7), (9, 3), (19, 4), (5, 14), (9, 12), (11, 9), (13, 3), (1, 10), (13, 12), (6, 6), (7, 5), (18, 5), (21, 4), (7, 14), (18, 14), (22, 5), (3, 1), (22, 14), (12, 13), (3, 10), (5, 7), (14, 10), (17, 9), (9, 5), (11, 2), (24, 15), (23, 13), (9, 14), (1, 3), (13, 5), (15, 2), (10, 15), (1, 12), (13, 14), (25, 13), (7, 7), (18, 7), (29, 13), (22, 7), (3, 3), (14, 3), (17, 2), (12, 15), (3, 12), (5, 9), (14, 12), (23, 15), (9, 7), (11, 4), (27, 15), (10, 8), (1, 5), (13, 7), (6, 1), (16, 3), (24, 7), (1, 14), (26, 13), (2, 13), (25, 15), (7, 9), (18, 9), (20, 3), (29, 15), (22, 9), (21, 11), (23, 8), (3, 5), (5, 2), (14, 5), (17, 4), (3, 14), (14, 14), (4, 13), (9, 9), (8, 13), (10, 10), (1, 7), (13, 9), (19, 13), (16, 5), (7, 2), (24, 9), (18, 2), (2, 15), (18, 11), (20, 5), (6, 15), (21, 13), (23, 10), (3, 7), (5, 4), (14, 7), (9, 2), (5, 13), (4, 15), (10, 3), (13, 2), (8, 15), (10, 12), (1, 9), (19, 15), (2, 8), (16, 7), (7, 4), (18, 4), (25, 10), (6, 8), (20, 7), (21, 6), (12, 3), (22, 13), (21, 15), (23, 12), (3, 9), (14, 9), (18, 8), (27, 12), (19, 8), (10, 5), (1, 2), (13, 4), (10, 14), (11, 13), (2, 10), (16, 9), (25, 12), (6, 10), (20, 9), (21, 8), (12, 5), (3, 2), (14, 2), (23, 14), (3, 11), (27, 14), (17, 13), (19, 10), (10, 7), (1, 4), (28, 13), (2, 3), (1, 13), (11, 15), (2, 12), (25, 14), (6, 3), (15, 15), (6, 12), (26, 15), (22, 8), (21, 10), (12, 7), (3, 4), (14, 4), (4, 3), (29, 14), (23, 7), (8, 3), (19, 3), (17, 15), (19, 12), (10, 9), (9, 11), (11, 8), (2, 5), (28, 15), (2, 14), (6, 5), (6, 14), (20, 13), (7, 13), (18, 13), (12, 9), (21, 12), (23, 9), (4, 5), (17, 8), (8, 5), (10, 2), (9, 4), (19, 5), (5, 15), (19, 14), (9, 13), (11, 10), (2, 7), (25, 9), (15, 1), (13, 13), (24, 13), (6, 7), (18, 6), (21, 5), (7, 15), (18, 15), (21, 14), (4, 7), (22, 15), (27, 11), (5, 8), (8, 7), (10, 4), (9, 6), (11, 3), (17, 10), (19, 7), (10, 13), (9, 15), (11, 12), (2, 9), (13, 15), (26, 12), (6, 9), (7, 8), (21, 7)]",31,0,31
268,"(25, 8)","(25, 9)",South,"[((26, 8), 'East', 1)]","['(25, 8)', '(26, 9)', '(29, 12)', '(27, 10)', '(21, 3)', '(22, 4)', '(25, 7)', '(23, 5)', '(26, 10)']","['(26, 9)', '(27, 10)', '(29, 12)', '(23, 5)', '(21, 3)', '(22, 4)', '(25, 7)', '(26, 10)', '(26, 8)']","[(4, 9), (17, 3), (27, 13), (3, 13), (5, 10), (8, 9), (14, 13), (9, 8), (17, 12), (2, 2), (11, 5), (19, 9), (11, 14), (13, 8), (6, 2), (18, 1), (1, 15), (15, 14), (6, 11), (16, 13), (7, 10), (18, 10), (21, 9), (26, 14), (22, 10), (3, 6), (5, 3), (17, 5), (19, 2), (9, 1), (3, 15), (5, 12), (14, 15), (17, 14), (9, 10), (11, 7), (2, 4), (1, 8), (13, 10), (6, 4), (7, 3), (18, 3), (6, 13), (16, 15), (7, 12), (18, 12), (20, 15), (22, 12), (3, 8), (5, 5), (14, 8), (17, 7), (9, 3), (19, 4), (5, 14), (9, 12), (11, 9), (13, 3), (1, 10), (13, 12), (6, 6), (7, 5), (18, 5), (21, 4), (7, 14), (18, 14), (22, 5), (3, 1), (22, 14), (12, 13), (3, 10), (5, 7), (14, 10), (17, 9), (9, 5), (11, 2), (24, 15), (23, 13), (9, 14), (1, 3), (13, 5), (15, 2), (10, 15), (1, 12), (13, 14), (25, 13), (7, 7), (18, 7), (29, 13), (22, 7), (3, 3), (14, 3), (17, 2), (12, 15), (3, 12), (5, 9), (14, 12), (23, 15), (9, 7), (11, 4), (27, 15), (10, 8), (1, 5), (13, 7), (6, 1), (16, 3), (24, 7), (1, 14), (26, 13), (2, 13), (25, 15), (7, 9), (18, 9), (20, 3), (29, 15), (22, 9), (21, 11), (23, 8), (3, 5), (5, 2), (14, 5), (17, 4), (3, 14), (14, 14), (4, 13), (9, 9), (8, 13), (10, 10), (1, 7), (13, 9), (19, 13), (16, 5), (7, 2), (24, 9), (18, 2), (2, 15), (25, 8), (18, 11), (20, 5), (6, 15), (21, 13), (23, 10), (3, 7), (5, 4), (14, 7), (9, 2), (5, 13), (4, 15), (10, 3), (13, 2), (8, 15), (10, 12), (1, 9), (19, 15), (2, 8), (16, 7), (7, 4), (18, 4), (25, 10), (6, 8), (20, 7), (21, 6), (12, 3), (22, 13), (21, 15), (23, 12), (3, 9), (14, 9), (18, 8), (27, 12), (19, 8), (10, 5), (1, 2), (13, 4), (10, 14), (11, 13), (2, 10), (16, 9), (25, 12), (6, 10), (20, 9), (21, 8), (12, 5), (3, 2), (14, 2), (23, 14), (3, 11), (27, 14), (17, 13), (19, 10), (10, 7), (1, 4), (28, 13), (2, 3), (1, 13), (11, 15), (2, 12), (25, 14), (6, 3), (15, 15), (6, 12), (26, 15), (22, 8), (21, 10), (12, 7), (3, 4), (14, 4), (4, 3), (29, 14), (23, 7), (8, 3), (19, 3), (17, 15), (19, 12), (10, 9), (9, 11), (11, 8), (2, 5), (28, 15), (2, 14), (6, 5), (6, 14), (20, 13), (7, 13), (18, 13), (12, 9), (21, 12), (23, 9), (4, 5), (17, 8), (8, 5), (10, 2), (9, 4), (19, 5), (5, 15), (19, 14), (9, 13), (11, 10), (2, 7), (25, 9), (15, 1), (13, 13), (24, 13), (6, 7), (18, 6), (21, 5), (7, 15), (18, 15), (21, 14), (4, 7), (22, 15), (27, 11), (5, 8), (8, 7), (10, 4), (9, 6), (11, 3), (17, 10), (19, 7), (10, 13), (9, 15), (11, 12), (2, 9), (13, 15), (26, 12), (6, 9), (7, 8), (21, 7)]",31,0,31
269,"(26, 9)","(25, 9)",East,"[((27, 9), 'East', 1)]","['(26, 9)', '(27, 10)', '(29, 12)', '(23, 5)', '(21, 3)', '(22, 4)', '(25, 7)', '(26, 10)', '(26, 8)']","['(27, 10)', '(21, 3)', '(29, 12)', '(23, 5)', '(26, 8)', '(22, 4)', '(25, 7)', '(26, 10)', '(27, 9)']","[(4, 9), (17, 3), (27, 13), (3, 13), (5, 10), (8, 9), (14, 13), (9, 8), (17, 12), (2, 2), (11, 5), (19, 9), (11, 14), (13, 8), (6, 2), (18, 1), (1, 15), (15, 14), (6, 11), (16, 13), (7, 10), (18, 10), (21, 9), (26, 14), (22, 10), (3, 6), (5, 3), (17, 5), (19, 2), (9, 1), (3, 15), (5, 12), (14, 15), (17, 14), (9, 10), (11, 7), (2, 4), (1, 8), (13, 10), (6, 4), (7, 3), (18, 3), (6, 13), (16, 15), (7, 12), (18, 12), (20, 15), (22, 12), (3, 8), (5, 5), (14, 8), (17, 7), (9, 3), (19, 4), (5, 14), (9, 12), (11, 9), (13, 3), (1, 10), (13, 12), (6, 6), (26, 9), (7, 5), (18, 5), (21, 4), (7, 14), (18, 14), (22, 5), (3, 1), (22, 14), (12, 13), (3, 10), (5, 7), (14, 10), (17, 9), (9, 5), (11, 2), (24, 15), (23, 13), (9, 14), (1, 3), (13, 5), (15, 2), (10, 15), (1, 12), (13, 14), (25, 13), (7, 7), (18, 7), (29, 13), (22, 7), (3, 3), (14, 3), (17, 2), (12, 15), (3, 12), (5, 9), (14, 12), (23, 15), (9, 7), (11, 4), (27, 15), (10, 8), (1, 5), (13, 7), (6, 1), (16, 3), (24, 7), (1, 14), (26, 13), (2, 13), (25, 15), (7, 9), (18, 9), (20, 3), (29, 15), (22, 9), (21, 11), (23, 8), (3, 5), (5, 2), (14, 5), (17, 4), (3, 14), (14, 14), (4, 13), (9, 9), (8, 13), (10, 10), (1, 7), (13, 9), (19, 13), (16, 5), (7, 2), (24, 9), (18, 2), (2, 15), (25, 8), (18, 11), (20, 5), (6, 15), (21, 13), (23, 10), (3, 7), (5, 4), (14, 7), (9, 2), (5, 13), (4, 15), (10, 3), (13, 2), (8, 15), (10, 12), (1, 9), (19, 15), (2, 8), (16, 7), (7, 4), (18, 4), (25, 10), (6, 8), (20, 7), (21, 6), (12, 3), (22, 13), (21, 15), (23, 12), (3, 9), (14, 9), (18, 8), (27, 12), (19, 8), (10, 5), (1, 2), (13, 4), (10, 14), (11, 13), (2, 10), (16, 9), (25, 12), (6, 10), (20, 9), (21, 8), (12, 5), (3, 2), (14, 2), (23, 14), (3, 11), (27, 14), (17, 13), (19, 10), (10, 7), (1, 4), (28, 13), (2, 3), (1, 13), (11, 15), (2, 12), (25, 14), (6, 3), (15, 15), (6, 12), (26, 15), (22, 8), (21, 10), (12, 7), (3, 4), (14, 4), (4, 3), (29, 14), (23, 7), (8, 3), (19, 3), (17, 15), (19, 12), (10, 9), (9, 11), (11, 8), (2, 5), (28, 15), (2, 14), (6, 5), (6, 14), (20, 13), (7, 13), (18, 13), (12, 9), (21, 12), (23, 9), (4, 5), (17, 8), (8, 5), (10, 2), (9, 4), (19, 5), (5, 15), (19, 14), (9, 13), (11, 10), (2, 7), (25, 9), (15, 1), (13, 13), (24, 13), (6, 7), (18, 6), (21, 5), (7, 15), (18, 15), (21, 14), (4, 7), (22, 15), (27, 11), (5, 8), (8, 7), (10, 4), (9, 6), (11, 3), (17, 10), (19, 7), (10, 13), (9, 15), (11, 12), (2, 9), (13, 15), (26, 12), (6, 9), (7, 8), (21, 7)]",31,0,31
270,"(27, 10)","(27, 11)",South,[],"['(27, 10)', '(21, 3)', '(29, 12)', '(23, 5)', '(26, 8)', '(22, 4)', '(25, 7)', '(26, 10)', '(27, 9)']","['(29, 12)', '(21, 3)', '(22, 4)', '(23, 5)', '(26, 8)', '(27, 9)', '(25, 7)', '(26, 10)']","[(4, 9), (17, 3), (27, 13), (3, 13), (5, 10), (8, 9), (14, 13), (9, 8), (17, 12), (2, 2), (11, 5), (19, 9), (11, 14), (13, 8), (6, 2), (18, 1), (1, 15), (15, 14), (6, 11), (16, 13), (7, 10), (18, 10), (21, 9), (26, 14), (22, 10), (3, 6), (5, 3), (17, 5), (19, 2), (9, 1), (3, 15), (5, 12), (14, 15), (17, 14), (9, 10), (11, 7), (2, 4), (1, 8), (13, 10), (6, 4), (7, 3), (18, 3), (6, 13), (16, 15), (7, 12), (18, 12), (20, 15), (22, 12), (3, 8), (5, 5), (14, 8), (17, 7), (9, 3), (19, 4), (5, 14), (9, 12), (11, 9), (13, 3), (1, 10), (13, 12), (6, 6), (26, 9), (7, 5), (18, 5), (21, 4), (7, 14), (18, 14), (22, 5), (3, 1), (22, 14), (12, 13), (3, 10), (5, 7), (14, 10), (17, 9), (9, 5), (11, 2), (24, 15), (23, 13), (9, 14), (1, 3), (13, 5), (15, 2), (10, 15), (1, 12), (13, 14), (25, 13), (7, 7), (18, 7), (29, 13), (22, 7), (3, 3), (14, 3), (17, 2), (12, 15), (3, 12), (5, 9), (14, 12), (23, 15), (9, 7), (11, 4), (27, 15), (10, 8), (1, 5), (13, 7), (6, 1), (16, 3), (24, 7), (1, 14), (26, 13), (2, 13), (25, 15), (7, 9), (18, 9), (20, 3), (29, 15), (22, 9), (21, 11), (23, 8), (3, 5), (5, 2), (14, 5), (17, 4), (3, 14), (14, 14), (4, 13), (9, 9), (8, 13), (10, 10), (1, 7), (13, 9), (19, 13), (16, 5), (7, 2), (24, 9), (18, 2), (2, 15), (25, 8), (18, 11), (20, 5), (6, 15), (21, 13), (23, 10), (3, 7), (5, 4), (14, 7), (9, 2), (5, 13), (4, 15), (27, 10), (10, 3), (13, 2), (8, 15), (10, 12), (1, 9), (19, 15), (2, 8), (16, 7), (7, 4), (18, 4), (25, 10), (6, 8), (20, 7), (21, 6), (12, 3), (22, 13), (21, 15), (23, 12), (3, 9), (14, 9), (18, 8), (27, 12), (19, 8), (10, 5), (1, 2), (13, 4), (10, 14), (11, 13), (2, 10), (16, 9), (25, 12), (6, 10), (20, 9), (21, 8), (12, 5), (3, 2), (14, 2), (23, 14), (3, 11), (27, 14), (17, 13), (19, 10), (10, 7), (1, 4), (28, 13), (2, 3), (1, 13), (11, 15), (2, 12), (25, 14), (6, 3), (15, 15), (6, 12), (26, 15), (22, 8), (21, 10), (12, 7), (3, 4), (14, 4), (4, 3), (29, 14), (23, 7), (8, 3), (19, 3), (17, 15), (19, 12), (10, 9), (9, 11), (11, 8), (2, 5), (28, 15), (2, 14), (6, 5), (6, 14), (20, 13), (7, 13), (18, 13), (12, 9), (21, 12), (23, 9), (4, 5), (17, 8), (8, 5), (10, 2), (9, 4), (19, 5), (5, 15), (19, 14), (9, 13), (11, 10), (2, 7), (25, 9), (15, 1), (13, 13), (24, 13), (6, 7), (18, 6), (21, 5), (7, 15), (18, 15), (21, 14), (4, 7), (22, 15), (27, 11), (5, 8), (8, 7), (10, 4), (9, 6), (11, 3), (17, 10), (19, 7), (10, 13), (9, 15), (11, 12), (2, 9), (13, 15), (26, 12), (6, 9), (7, 8), (21, 7)]",31,0,31
271,"(29, 12)","(29, 13)",South,[],"['(29, 12)', '(21, 3)', '(22, 4)', '(23, 5)', '(26, 8)', '(27, 9)', '(25, 7)', '(26, 10)']","['(21, 3)', '(23, 5)', '(22, 4)', '(26, 10)', '(26, 8)', '(27, 9)', '(25, 7)']","[(4, 9), (17, 3), (27, 13), (3, 13), (5, 10), (8, 9), (14, 13), (9, 8), (17, 12), (2, 2), (11, 5), (19, 9), (11, 14), (13, 8), (6, 2), (18, 1), (1, 15), (15, 14), (6, 11), (16, 13), (7, 10), (18, 10), (21, 9), (26, 14), (22, 10), (3, 6), (5, 3), (17, 5), (19, 2), (9, 1), (3, 15), (5, 12), (14, 15), (17, 14), (9, 10), (11, 7), (2, 4), (1, 8), (13, 10), (6, 4), (7, 3), (18, 3), (6, 13), (16, 15), (7, 12), (18, 12), (20, 15), (22, 12), (3, 8), (5, 5), (14, 8), (17, 7), (9, 3), (19, 4), (5, 14), (9, 12), (11, 9), (13, 3), (1, 10), (13, 12), (6, 6), (26, 9), (7, 5), (18, 5), (21, 4), (7, 14), (18, 14), (22, 5), (3, 1), (22, 14), (12, 13), (3, 10), (5, 7), (14, 10), (17, 9), (9, 5), (11, 2), (24, 15), (23, 13), (9, 14), (1, 3), (13, 5), (15, 2), (10, 15), (1, 12), (13, 14), (25, 13), (7, 7), (18, 7), (29, 13), (22, 7), (3, 3), (14, 3), (17, 2), (12, 15), (3, 12), (5, 9), (14, 12), (23, 15), (9, 7), (11, 4), (27, 15), (10, 8), (1, 5), (13, 7), (6, 1), (16, 3), (24, 7), (1, 14), (26, 13), (2, 13), (25, 15), (7, 9), (18, 9), (20, 3), (29, 15), (22, 9), (21, 11), (23, 8), (3, 5), (5, 2), (14, 5), (17, 4), (3, 14), (14, 14), (4, 13), (9, 9), (8, 13), (10, 10), (1, 7), (13, 9), (19, 13), (16, 5), (7, 2), (24, 9), (18, 2), (2, 15), (25, 8), (18, 11), (20, 5), (6, 15), (21, 13), (23, 10), (3, 7), (5, 4), (14, 7), (9, 2), (5, 13), (4, 15), (27, 10), (10, 3), (13, 2), (8, 15), (10, 12), (1, 9), (19, 15), (2, 8), (16, 7), (7, 4), (18, 4), (25, 10), (6, 8), (20, 7), (21, 6), (12, 3), (22, 13), (21, 15), (23, 12), (3, 9), (14, 9), (18, 8), (27, 12), (19, 8), (10, 5), (1, 2), (13, 4), (10, 14), (11, 13), (2, 10), (16, 9), (25, 12), (6, 10), (20, 9), (29, 12), (21, 8), (12, 5), (3, 2), (14, 2), (23, 14), (3, 11), (27, 14), (17, 13), (19, 10), (10, 7), (1, 4), (28, 13), (2, 3), (1, 13), (11, 15), (2, 12), (25, 14), (6, 3), (15, 15), (6, 12), (26, 15), (22, 8), (21, 10), (12, 7), (3, 4), (14, 4), (4, 3), (29, 14), (23, 7), (8, 3), (19, 3), (17, 15), (19, 12), (10, 9), (9, 11), (11, 8), (2, 5), (28, 15), (2, 14), (6, 5), (6, 14), (20, 13), (7, 13), (18, 13), (12, 9), (21, 12), (23, 9), (4, 5), (17, 8), (8, 5), (10, 2), (9, 4), (19, 5), (5, 15), (19, 14), (9, 13), (11, 10), (2, 7), (25, 9), (15, 1), (13, 13), (24, 13), (6, 7), (18, 6), (21, 5), (7, 15), (18, 15), (21, 14), (4, 7), (22, 15), (27, 11), (5, 8), (8, 7), (10, 4), (9, 6), (11, 3), (17, 10), (19, 7), (10, 13), (9, 15), (11, 12), (2, 9), (13, 15), (26, 12), (6, 9), (7, 8), (21, 7)]",31,0,31
272,"(21, 3)","(20, 3)",East,"[((21, 2), 'South', 1), ((22, 3), 'East', 1)]","['(21, 3)', '(23, 5)', '(22, 4)', '(26, 10)', '(26, 8)', '(27, 9)', '(25, 7)']","['(22, 4)', '(23, 5)', '(25, 7)', '(26, 10)', '(26, 8)', '(27, 9)', '(21, 2)', '(22, 3)']","[(4, 9), (17, 3), (27, 13), (3, 13), (5, 10), (8, 9), (14, 13), (9, 8), (17, 12), (2, 2), (11, 5), (19, 9), (11, 14), (13, 8), (6, 2), (18, 1), (1, 15), (15, 14), (6, 11), (16, 13), (7, 10), (18, 10), (21, 9), (26, 14), (22, 10), (3, 6), (5, 3), (17, 5), (19, 2), (9, 1), (3, 15), (5, 12), (14, 15), (17, 14), (9, 10), (11, 7), (2, 4), (1, 8), (13, 10), (6, 4), (7, 3), (18, 3), (6, 13), (16, 15), (7, 12), (18, 12), (20, 15), (22, 12), (3, 8), (5, 5), (14, 8), (17, 7), (9, 3), (19, 4), (5, 14), (9, 12), (11, 9), (13, 3), (1, 10), (13, 12), (6, 6), (26, 9), (7, 5), (18, 5), (21, 4), (7, 14), (18, 14), (22, 5), (3, 1), (22, 14), (12, 13), (3, 10), (5, 7), (14, 10), (17, 9), (9, 5), (11, 2), (24, 15), (23, 13), (9, 14), (1, 3), (13, 5), (15, 2), (10, 15), (1, 12), (13, 14), (25, 13), (7, 7), (18, 7), (29, 13), (22, 7), (3, 3), (14, 3), (17, 2), (12, 15), (3, 12), (5, 9), (14, 12), (23, 15), (9, 7), (11, 4), (27, 15), (10, 8), (1, 5), (13, 7), (6, 1), (16, 3), (24, 7), (1, 14), (26, 13), (2, 13), (25, 15), (7, 9), (18, 9), (20, 3), (29, 15), (22, 9), (21, 11), (23, 8), (3, 5), (5, 2), (14, 5), (17, 4), (3, 14), (14, 14), (4, 13), (9, 9), (8, 13), (10, 10), (1, 7), (13, 9), (19, 13), (16, 5), (7, 2), (24, 9), (18, 2), (2, 15), (25, 8), (18, 11), (20, 5), (6, 15), (21, 13), (23, 10), (3, 7), (5, 4), (14, 7), (9, 2), (5, 13), (4, 15), (27, 10), (10, 3), (13, 2), (8, 15), (10, 12), (1, 9), (19, 15), (2, 8), (16, 7), (7, 4), (18, 4), (25, 10), (6, 8), (20, 7), (21, 6), (12, 3), (22, 13), (21, 15), (23, 12), (3, 9), (14, 9), (18, 8), (27, 12), (19, 8), (10, 5), (1, 2), (13, 4), (10, 14), (11, 13), (2, 10), (16, 9), (25, 12), (6, 10), (20, 9), (29, 12), (21, 8), (12, 5), (3, 2), (14, 2), (23, 14), (3, 11), (27, 14), (17, 13), (19, 10), (10, 7), (1, 4), (28, 13), (2, 3), (1, 13), (11, 15), (2, 12), (25, 14), (6, 3), (15, 15), (6, 12), (26, 15), (22, 8), (21, 10), (12, 7), (3, 4), (14, 4), (4, 3), (29, 14), (23, 7), (8, 3), (19, 3), (17, 15), (19, 12), (10, 9), (9, 11), (11, 8), (2, 5), (28, 15), (2, 14), (6, 5), (21, 3), (6, 14), (20, 13), (7, 13), (18, 13), (12, 9), (21, 12), (23, 9), (4, 5), (17, 8), (8, 5), (10, 2), (9, 4), (19, 5), (5, 15), (19, 14), (9, 13), (11, 10), (2, 7), (25, 9), (15, 1), (13, 13), (24, 13), (6, 7), (18, 6), (21, 5), (7, 15), (18, 15), (21, 14), (4, 7), (22, 15), (27, 11), (5, 8), (8, 7), (10, 4), (9, 6), (11, 3), (17, 10), (19, 7), (10, 13), (9, 15), (11, 12), (2, 9), (13, 15), (26, 12), (6, 9), (7, 8), (21, 7)]",32,0,32
273,"(22, 4)","(21, 4)",East,"[((23, 4), 'East', 1)]","['(22, 4)', '(23, 5)', '(25, 7)', '(26, 10)', '(26, 8)', '(27, 9)', '(21, 2)', '(22, 3)']","['(23, 5)', '(26, 10)', '(25, 7)', '(22, 3)', '(26, 8)', '(27, 9)', '(21, 2)', '(23, 4)']","[(4, 9), (17, 3), (27, 13), (3, 13), (5, 10), (8, 9), (14, 13), (9, 8), (17, 12), (2, 2), (11, 5), (19, 9), (11, 14), (13, 8), (6, 2), (18, 1), (1, 15), (15, 14), (6, 11), (16, 13), (7, 10), (18, 10), (21, 9), (26, 14), (22, 10), (3, 6), (5, 3), (17, 5), (19, 2), (9, 1), (3, 15), (5, 12), (14, 15), (17, 14), (9, 10), (11, 7), (2, 4), (1, 8), (13, 10), (6, 4), (7, 3), (18, 3), (6, 13), (16, 15), (7, 12), (18, 12), (20, 15), (22, 12), (3, 8), (5, 5), (14, 8), (17, 7), (9, 3), (19, 4), (5, 14), (9, 12), (11, 9), (13, 3), (1, 10), (13, 12), (6, 6), (26, 9), (7, 5), (18, 5), (21, 4), (7, 14), (18, 14), (22, 5), (3, 1), (22, 14), (12, 13), (3, 10), (5, 7), (14, 10), (17, 9), (9, 5), (11, 2), (24, 15), (23, 13), (9, 14), (1, 3), (13, 5), (15, 2), (10, 15), (1, 12), (13, 14), (25, 13), (7, 7), (18, 7), (29, 13), (22, 7), (3, 3), (14, 3), (17, 2), (12, 15), (3, 12), (5, 9), (14, 12), (23, 15), (9, 7), (11, 4), (27, 15), (10, 8), (1, 5), (13, 7), (6, 1), (16, 3), (24, 7), (1, 14), (26, 13), (2, 13), (25, 15), (7, 9), (18, 9), (20, 3), (29, 15), (22, 9), (21, 11), (23, 8), (3, 5), (5, 2), (14, 5), (17, 4), (3, 14), (14, 14), (4, 13), (9, 9), (8, 13), (10, 10), (1, 7), (13, 9), (19, 13), (16, 5), (7, 2), (24, 9), (18, 2), (2, 15), (25, 8), (18, 11), (20, 5), (6, 15), (21, 13), (23, 10), (3, 7), (5, 4), (14, 7), (9, 2), (5, 13), (4, 15), (27, 10), (10, 3), (13, 2), (8, 15), (10, 12), (1, 9), (19, 15), (2, 8), (16, 7), (7, 4), (18, 4), (25, 10), (6, 8), (20, 7), (22, 4), (21, 6), (12, 3), (22, 13), (21, 15), (23, 12), (3, 9), (14, 9), (18, 8), (27, 12), (19, 8), (10, 5), (1, 2), (13, 4), (10, 14), (11, 13), (2, 10), (16, 9), (25, 12), (6, 10), (20, 9), (29, 12), (21, 8), (12, 5), (3, 2), (14, 2), (23, 14), (3, 11), (27, 14), (17, 13), (19, 10), (10, 7), (1, 4), (28, 13), (2, 3), (1, 13), (11, 15), (2, 12), (25, 14), (6, 3), (15, 15), (6, 12), (26, 15), (22, 8), (21, 10), (12, 7), (3, 4), (14, 4), (4, 3), (29, 14), (23, 7), (8, 3), (19, 3), (17, 15), (19, 12), (10, 9), (9, 11), (11, 8), (2, 5), (28, 15), (2, 14), (6, 5), (21, 3), (6, 14), (20, 13), (7, 13), (18, 13), (12, 9), (21, 12), (23, 9), (4, 5), (17, 8), (8, 5), (10, 2), (9, 4), (19, 5), (5, 15), (19, 14), (9, 13), (11, 10), (2, 7), (25, 9), (15, 1), (13, 13), (24, 13), (6, 7), (18, 6), (21, 5), (7, 15), (18, 15), (21, 14), (4, 7), (22, 15), (27, 11), (5, 8), (8, 7), (10, 4), (9, 6), (11, 3), (17, 10), (19, 7), (10, 13), (9, 15), (11, 12), (2, 9), (13, 15), (26, 12), (6, 9), (7, 8), (21, 7)]",32,0,32
274,"(23, 5)","(22, 5)",East,"[((24, 5), 'East', 1)]","['(23, 5)', '(26, 10)', '(25, 7)', '(22, 3)', '(26, 8)', '(27, 9)', '(21, 2)', '(23, 4)']","['(25, 7)', '(26, 10)', '(27, 9)', '(22, 3)', '(26, 8)', '(23, 4)', '(21, 2)', '(24, 5)']","[(4, 9), (17, 3), (27, 13), (3, 13), (5, 10), (8, 9), (14, 13), (9, 8), (17, 12), (2, 2), (11, 5), (19, 9), (11, 14), (13, 8), (6, 2), (18, 1), (1, 15), (15, 14), (6, 11), (16, 13), (7, 10), (18, 10), (21, 9), (26, 14), (22, 10), (3, 6), (5, 3), (17, 5), (19, 2), (9, 1), (3, 15), (5, 12), (14, 15), (17, 14), (9, 10), (11, 7), (2, 4), (1, 8), (13, 10), (6, 4), (7, 3), (18, 3), (6, 13), (16, 15), (7, 12), (18, 12), (20, 15), (22, 12), (3, 8), (5, 5), (14, 8), (17, 7), (9, 3), (19, 4), (5, 14), (9, 12), (11, 9), (13, 3), (1, 10), (13, 12), (6, 6), (26, 9), (7, 5), (18, 5), (21, 4), (7, 14), (18, 14), (22, 5), (3, 1), (22, 14), (12, 13), (3, 10), (5, 7), (14, 10), (17, 9), (9, 5), (11, 2), (24, 15), (23, 13), (9, 14), (1, 3), (13, 5), (15, 2), (10, 15), (1, 12), (13, 14), (25, 13), (7, 7), (18, 7), (29, 13), (22, 7), (3, 3), (14, 3), (17, 2), (12, 15), (3, 12), (5, 9), (14, 12), (23, 15), (9, 7), (11, 4), (27, 15), (10, 8), (1, 5), (13, 7), (6, 1), (16, 3), (24, 7), (1, 14), (26, 13), (2, 13), (25, 15), (7, 9), (18, 9), (20, 3), (29, 15), (22, 9), (21, 11), (23, 8), (3, 5), (5, 2), (14, 5), (17, 4), (3, 14), (14, 14), (4, 13), (9, 9), (8, 13), (10, 10), (1, 7), (13, 9), (19, 13), (16, 5), (7, 2), (24, 9), (18, 2), (2, 15), (25, 8), (18, 11), (20, 5), (6, 15), (21, 13), (23, 10), (3, 7), (5, 4), (14, 7), (9, 2), (5, 13), (4, 15), (27, 10), (10, 3), (13, 2), (8, 15), (10, 12), (1, 9), (19, 15), (2, 8), (16, 7), (7, 4), (18, 4), (25, 10), (6, 8), (20, 7), (22, 4), (21, 6), (12, 3), (22, 13), (21, 15), (23, 12), (3, 9), (14, 9), (18, 8), (27, 12), (19, 8), (10, 5), (1, 2), (13, 4), (10, 14), (11, 13), (2, 10), (16, 9), (25, 12), (6, 10), (20, 9), (29, 12), (21, 8), (12, 5), (3, 2), (14, 2), (23, 5), (23, 14), (3, 11), (27, 14), (17, 13), (19, 10), (10, 7), (1, 4), (28, 13), (2, 3), (1, 13), (11, 15), (2, 12), (25, 14), (6, 3), (15, 15), (6, 12), (26, 15), (22, 8), (21, 10), (12, 7), (3, 4), (14, 4), (4, 3), (29, 14), (23, 7), (8, 3), (19, 3), (17, 15), (19, 12), (10, 9), (9, 11), (11, 8), (2, 5), (28, 15), (2, 14), (6, 5), (21, 3), (6, 14), (20, 13), (7, 13), (18, 13), (12, 9), (21, 12), (23, 9), (4, 5), (17, 8), (8, 5), (10, 2), (9, 4), (19, 5), (5, 15), (19, 14), (9, 13), (11, 10), (2, 7), (25, 9), (15, 1), (13, 13), (24, 13), (6, 7), (18, 6), (21, 5), (7, 15), (18, 15), (21, 14), (4, 7), (22, 15), (27, 11), (5, 8), (8, 7), (10, 4), (9, 6), (11, 3), (17, 10), (19, 7), (10, 13), (9, 15), (11, 12), (2, 9), (13, 15), (26, 12), (6, 9), (7, 8), (21, 7)]",32,0,32
275,"(25, 7)","(24, 7)",East,"[((26, 7), 'East', 1)]","['(25, 7)', '(26, 10)', '(27, 9)', '(22, 3)', '(26, 8)', '(23, 4)', '(21, 2)', '(24, 5)']","['(26, 10)', '(26, 8)', '(27, 9)', '(22, 3)', '(24, 5)', '(23, 4)', '(21, 2)', '(26, 7)']","[(4, 9), (17, 3), (27, 13), (3, 13), (5, 10), (8, 9), (14, 13), (9, 8), (17, 12), (2, 2), (11, 5), (19, 9), (11, 14), (13, 8), (6, 2), (18, 1), (1, 15), (15, 14), (6, 11), (16, 13), (7, 10), (18, 10), (21, 9), (26, 14), (22, 10), (3, 6), (5, 3), (17, 5), (19, 2), (9, 1), (3, 15), (5, 12), (14, 15), (17, 14), (9, 10), (11, 7), (2, 4), (1, 8), (13, 10), (6, 4), (7, 3), (18, 3), (6, 13), (16, 15), (7, 12), (18, 12), (20, 15), (22, 12), (3, 8), (5, 5), (14, 8), (17, 7), (9, 3), (19, 4), (5, 14), (9, 12), (11, 9), (13, 3), (1, 10), (13, 12), (6, 6), (26, 9), (7, 5), (18, 5), (21, 4), (7, 14), (18, 14), (22, 5), (3, 1), (22, 14), (12, 13), (3, 10), (5, 7), (14, 10), (17, 9), (9, 5), (11, 2), (24, 15), (23, 13), (9, 14), (1, 3), (13, 5), (15, 2), (10, 15), (1, 12), (13, 14), (25, 13), (7, 7), (18, 7), (29, 13), (22, 7), (3, 3), (14, 3), (17, 2), (12, 15), (3, 12), (5, 9), (14, 12), (23, 15), (9, 7), (11, 4), (27, 15), (10, 8), (1, 5), (13, 7), (6, 1), (16, 3), (24, 7), (1, 14), (26, 13), (2, 13), (25, 15), (7, 9), (18, 9), (20, 3), (29, 15), (22, 9), (21, 11), (23, 8), (3, 5), (5, 2), (14, 5), (17, 4), (3, 14), (14, 14), (4, 13), (9, 9), (8, 13), (10, 10), (1, 7), (13, 9), (19, 13), (16, 5), (7, 2), (24, 9), (18, 2), (2, 15), (25, 8), (18, 11), (20, 5), (6, 15), (21, 13), (23, 10), (3, 7), (5, 4), (14, 7), (9, 2), (5, 13), (4, 15), (27, 10), (10, 3), (13, 2), (8, 15), (10, 12), (1, 9), (19, 15), (2, 8), (16, 7), (7, 4), (18, 4), (25, 10), (6, 8), (20, 7), (22, 4), (21, 6), (12, 3), (22, 13), (21, 15), (23, 12), (3, 9), (14, 9), (18, 8), (27, 12), (19, 8), (10, 5), (1, 2), (13, 4), (10, 14), (11, 13), (2, 10), (16, 9), (25, 12), (6, 10), (20, 9), (29, 12), (21, 8), (12, 5), (3, 2), (14, 2), (23, 5), (23, 14), (3, 11), (27, 14), (17, 13), (19, 10), (10, 7), (1, 4), (28, 13), (2, 3), (1, 13), (11, 15), (2, 12), (25, 14), (6, 3), (15, 15), (6, 12), (26, 15), (22, 8), (21, 10), (12, 7), (3, 4), (14, 4), (4, 3), (29, 14), (23, 7), (8, 3), (19, 3), (17, 15), (19, 12), (10, 9), (9, 11), (11, 8), (2, 5), (28, 15), (25, 7), (2, 14), (6, 5), (21, 3), (6, 14), (20, 13), (7, 13), (18, 13), (12, 9), (21, 12), (23, 9), (4, 5), (17, 8), (8, 5), (10, 2), (9, 4), (19, 5), (5, 15), (19, 14), (9, 13), (11, 10), (2, 7), (25, 9), (15, 1), (13, 13), (24, 13), (6, 7), (18, 6), (21, 5), (7, 15), (18, 15), (21, 14), (4, 7), (22, 15), (27, 11), (5, 8), (8, 7), (10, 4), (9, 6), (11, 3), (17, 10), (19, 7), (10, 13), (9, 15), (11, 12), (2, 9), (13, 15), (26, 12), (6, 9), (7, 8), (21, 7)]",32,0,32
276,"(26, 10)","(25, 10)",East,[],"['(26, 10)', '(26, 8)', '(27, 9)', '(22, 3)', '(24, 5)', '(23, 4)', '(21, 2)', '(26, 7)']","['(26, 8)', '(22, 3)', '(27, 9)', '(26, 7)', '(24, 5)', '(23, 4)', '(21, 2)']","[(4, 9), (17, 3), (27, 13), (3, 13), (5, 10), (8, 9), (14, 13), (9, 8), (17, 12), (2, 2), (11, 5), (19, 9), (11, 14), (13, 8), (6, 2), (18, 1), (1, 15), (15, 14), (6, 11), (16, 13), (7, 10), (18, 10), (21, 9), (26, 14), (22, 10), (3, 6), (5, 3), (17, 5), (19, 2), (9, 1), (3, 15), (5, 12), (14, 15), (17, 14), (9, 10), (11, 7), (2, 4), (1, 8), (13, 10), (6, 4), (7, 3), (18, 3), (6, 13), (16, 15), (7, 12), (18, 12), (20, 15), (22, 12), (3, 8), (5, 5), (14, 8), (17, 7), (9, 3), (19, 4), (5, 14), (9, 12), (11, 9), (13, 3), (1, 10), (13, 12), (6, 6), (26, 9), (7, 5), (18, 5), (21, 4), (7, 14), (18, 14), (22, 5), (3, 1), (22, 14), (12, 13), (3, 10), (5, 7), (14, 10), (17, 9), (9, 5), (11, 2), (24, 15), (23, 13), (9, 14), (1, 3), (13, 5), (15, 2), (10, 15), (1, 12), (13, 14), (25, 13), (7, 7), (18, 7), (29, 13), (22, 7), (3, 3), (14, 3), (17, 2), (12, 15), (3, 12), (5, 9), (14, 12), (23, 15), (9, 7), (11, 4), (27, 15), (10, 8), (1, 5), (13, 7), (6, 1), (16, 3), (24, 7), (1, 14), (26, 13), (2, 13), (25, 15), (7, 9), (18, 9), (20, 3), (29, 15), (22, 9), (21, 11), (23, 8), (3, 5), (5, 2), (14, 5), (17, 4), (3, 14), (14, 14), (4, 13), (9, 9), (8, 13), (10, 10), (1, 7), (13, 9), (19, 13), (16, 5), (7, 2), (24, 9), (18, 2), (2, 15), (25, 8), (18, 11), (20, 5), (6, 15), (21, 13), (23, 10), (3, 7), (5, 4), (14, 7), (9, 2), (5, 13), (4, 15), (27, 10), (10, 3), (13, 2), (8, 15), (10, 12), (1, 9), (19, 15), (2, 8), (16, 7), (7, 4), (18, 4), (25, 10), (6, 8), (20, 7), (22, 4), (21, 6), (12, 3), (22, 13), (21, 15), (23, 12), (3, 9), (14, 9), (18, 8), (27, 12), (19, 8), (10, 5), (1, 2), (13, 4), (10, 14), (11, 13), (2, 10), (16, 9), (25, 12), (6, 10), (20, 9), (29, 12), (21, 8), (12, 5), (3, 2), (14, 2), (23, 5), (23, 14), (3, 11), (27, 14), (17, 13), (19, 10), (10, 7), (1, 4), (28, 13), (2, 3), (1, 13), (11, 15), (2, 12), (25, 14), (6, 3), (15, 15), (6, 12), (26, 15), (22, 8), (21, 10), (12, 7), (3, 4), (14, 4), (4, 3), (29, 14), (23, 7), (8, 3), (19, 3), (17, 15), (19, 12), (10, 9), (9, 11), (11, 8), (2, 5), (28, 15), (25, 7), (2, 14), (6, 5), (21, 3), (6, 14), (20, 13), (7, 13), (18, 13), (12, 9), (21, 12), (23, 9), (4, 5), (17, 8), (8, 5), (10, 2), (9, 4), (19, 5), (5, 15), (19, 14), (9, 13), (11, 10), (2, 7), (25, 9), (15, 1), (13, 13), (24, 13), (6, 7), (26, 10), (18, 6), (21, 5), (7, 15), (18, 15), (21, 14), (4, 7), (22, 15), (27, 11), (5, 8), (8, 7), (10, 4), (9, 6), (11, 3), (17, 10), (19, 7), (10, 13), (9, 15), (11, 12), (2, 9), (13, 15), (26, 12), (6, 9), (7, 8), (21, 7)]",32,0,32
277,"(26, 8)","(25, 8)",East,"[((27, 8), 'East', 1)]","['(26, 8)', '(22, 3)', '(27, 9)', '(26, 7)', '(24, 5)', '(23, 4)', '(21, 2)']","['(27, 9)', '(22, 3)', '(21, 2)', '(26, 7)', '(24, 5)', '(23, 4)', '(27, 8)']","[(4, 9), (17, 3), (27, 13), (3, 13), (5, 10), (8, 9), (14, 13), (9, 8), (17, 12), (2, 2), (11, 5), (19, 9), (11, 14), (13, 8), (6, 2), (18, 1), (1, 15), (15, 14), (6, 11), (16, 13), (7, 10), (18, 10), (21, 9), (26, 14), (22, 10), (3, 6), (5, 3), (17, 5), (19, 2), (9, 1), (3, 15), (5, 12), (14, 15), (17, 14), (9, 10), (11, 7), (2, 4), (1, 8), (13, 10), (6, 4), (7, 3), (18, 3), (6, 13), (16, 15), (7, 12), (18, 12), (20, 15), (22, 12), (3, 8), (5, 5), (14, 8), (17, 7), (9, 3), (19, 4), (5, 14), (9, 12), (11, 9), (13, 3), (1, 10), (13, 12), (6, 6), (26, 9), (7, 5), (18, 5), (21, 4), (7, 14), (18, 14), (22, 5), (3, 1), (22, 14), (12, 13), (3, 10), (5, 7), (14, 10), (17, 9), (9, 5), (11, 2), (24, 15), (23, 13), (9, 14), (1, 3), (13, 5), (15, 2), (10, 15), (1, 12), (13, 14), (25, 13), (7, 7), (18, 7), (29, 13), (22, 7), (3, 3), (14, 3), (17, 2), (12, 15), (3, 12), (5, 9), (14, 12), (23, 15), (9, 7), (11, 4), (27, 15), (10, 8), (1, 5), (13, 7), (6, 1), (16, 3), (24, 7), (1, 14), (26, 13), (2, 13), (25, 15), (7, 9), (18, 9), (20, 3), (29, 15), (22, 9), (21, 11), (23, 8), (3, 5), (5, 2), (14, 5), (17, 4), (3, 14), (14, 14), (4, 13), (9, 9), (8, 13), (10, 10), (1, 7), (13, 9), (19, 13), (16, 5), (7, 2), (24, 9), (18, 2), (2, 15), (25, 8), (18, 11), (20, 5), (6, 15), (21, 13), (23, 10), (3, 7), (5, 4), (14, 7), (9, 2), (5, 13), (4, 15), (27, 10), (10, 3), (13, 2), (8, 15), (10, 12), (1, 9), (19, 15), (2, 8), (16, 7), (7, 4), (18, 4), (25, 10), (6, 8), (20, 7), (22, 4), (21, 6), (12, 3), (22, 13), (21, 15), (23, 12), (3, 9), (14, 9), (18, 8), (27, 12), (19, 8), (10, 5), (1, 2), (13, 4), (10, 14), (11, 13), (2, 10), (16, 9), (25, 12), (6, 10), (20, 9), (29, 12), (21, 8), (12, 5), (3, 2), (14, 2), (23, 5), (23, 14), (3, 11), (27, 14), (17, 13), (19, 10), (10, 7), (1, 4), (28, 13), (2, 3), (1, 13), (11, 15), (2, 12), (25, 14), (6, 3), (15, 15), (6, 12), (26, 15), (22, 8), (21, 10), (12, 7), (3, 4), (14, 4), (4, 3), (29, 14), (23, 7), (8, 3), (19, 3), (17, 15), (19, 12), (10, 9), (9, 11), (11, 8), (2, 5), (28, 15), (25, 7), (2, 14), (26, 8), (6, 5), (21, 3), (6, 14), (20, 13), (7, 13), (18, 13), (12, 9), (21, 12), (23, 9), (4, 5), (17, 8), (8, 5), (10, 2), (9, 4), (19, 5), (5, 15), (19, 14), (9, 13), (11, 10), (2, 7), (25, 9), (15, 1), (13, 13), (24, 13), (6, 7), (26, 10), (18, 6), (21, 5), (7, 15), (18, 15), (21, 14), (4, 7), (22, 15), (27, 11), (5, 8), (8, 7), (10, 4), (9, 6), (11, 3), (17, 10), (19, 7), (10, 13), (9, 15), (11, 12), (2, 9), (13, 15), (26, 12), (6, 9), (7, 8), (21, 7)]",32,0,32
278,"(27, 9)","(26, 9)",East,"[((28, 9), 'East', 1)]","['(27, 9)', '(22, 3)', '(21, 2)', '(26, 7)', '(24, 5)', '(23, 4)', '(27, 8)']","['(21, 2)', '(22, 3)', '(23, 4)', '(26, 7)', '(24, 5)', '(27, 8)', '(28, 9)']","[(4, 9), (17, 3), (27, 13), (3, 13), (5, 10), (8, 9), (14, 13), (9, 8), (17, 12), (2, 2), (11, 5), (19, 9), (11, 14), (13, 8), (6, 2), (18, 1), (1, 15), (15, 14), (6, 11), (16, 13), (7, 10), (18, 10), (21, 9), (26, 14), (22, 10), (3, 6), (5, 3), (17, 5), (19, 2), (9, 1), (3, 15), (5, 12), (14, 15), (17, 14), (9, 10), (11, 7), (2, 4), (1, 8), (13, 10), (6, 4), (7, 3), (18, 3), (6, 13), (16, 15), (7, 12), (18, 12), (20, 15), (22, 12), (3, 8), (5, 5), (14, 8), (17, 7), (9, 3), (19, 4), (5, 14), (9, 12), (11, 9), (13, 3), (1, 10), (13, 12), (6, 6), (26, 9), (7, 5), (18, 5), (21, 4), (7, 14), (18, 14), (22, 5), (3, 1), (22, 14), (12, 13), (3, 10), (5, 7), (14, 10), (17, 9), (9, 5), (11, 2), (24, 15), (23, 13), (9, 14), (1, 3), (13, 5), (15, 2), (10, 15), (1, 12), (13, 14), (25, 13), (7, 7), (18, 7), (29, 13), (22, 7), (3, 3), (14, 3), (17, 2), (12, 15), (3, 12), (5, 9), (14, 12), (23, 15), (9, 7), (11, 4), (27, 15), (10, 8), (1, 5), (13, 7), (6, 1), (16, 3), (24, 7), (1, 14), (26, 13), (2, 13), (25, 15), (7, 9), (18, 9), (20, 3), (29, 15), (22, 9), (21, 11), (23, 8), (3, 5), (5, 2), (14, 5), (17, 4), (3, 14), (14, 14), (4, 13), (9, 9), (8, 13), (10, 10), (1, 7), (13, 9), (19, 13), (16, 5), (7, 2), (24, 9), (18, 2), (2, 15), (25, 8), (18, 11), (20, 5), (6, 15), (21, 13), (23, 10), (3, 7), (5, 4), (14, 7), (9, 2), (5, 13), (4, 15), (27, 10), (10, 3), (13, 2), (8, 15), (10, 12), (1, 9), (19, 15), (2, 8), (16, 7), (7, 4), (18, 4), (25, 10), (6, 8), (20, 7), (22, 4), (21, 6), (12, 3), (22, 13), (21, 15), (23, 12), (3, 9), (14, 9), (18, 8), (27, 12), (19, 8), (10, 5), (1, 2), (13, 4), (10, 14), (11, 13), (2, 10), (16, 9), (25, 12), (6, 10), (20, 9), (29, 12), (21, 8), (12, 5), (3, 2), (14, 2), (23, 5), (23, 14), (3, 11), (27, 14), (17, 13), (19, 10), (10, 7), (1, 4), (28, 13), (2, 3), (1, 13), (11, 15), (2, 12), (25, 14), (6, 3), (15, 15), (6, 12), (26, 15), (22, 8), (21, 10), (12, 7), (3, 4), (14, 4), (4, 3), (29, 14), (23, 7), (8, 3), (19, 3), (17, 15), (19, 12), (10, 9), (9, 11), (11, 8), (2, 5), (28, 15), (25, 7), (2, 14), (26, 8), (6, 5), (21, 3), (6, 14), (20, 13), (7, 13), (18, 13), (12, 9), (21, 12), (23, 9), (4, 5), (27, 9), (17, 8), (8, 5), (10, 2), (9, 4), (19, 5), (5, 15), (19, 14), (9, 13), (11, 10), (2, 7), (25, 9), (15, 1), (13, 13), (24, 13), (6, 7), (26, 10), (18, 6), (21, 5), (7, 15), (18, 15), (21, 14), (4, 7), (22, 15), (27, 11), (5, 8), (8, 7), (10, 4), (9, 6), (11, 3), (17, 10), (19, 7), (10, 13), (9, 15), (11, 12), (2, 9), (13, 15), (26, 12), (6, 9), (7, 8), (21, 7)]",32,0,32
279,"(21, 2)","(21, 3)",South,"[((21, 1), 'South', 1), ((22, 2), 'East', 1)]","['(21, 2)', '(22, 3)', '(23, 4)', '(26, 7)', '(24, 5)', '(27, 8)', '(28, 9)']","['(22, 3)', '(24, 5)', '(23, 4)', '(26, 7)', '(28, 9)', '(27, 8)', '(21, 1)', '(22, 2)']","[(4, 9), (17, 3), (27, 13), (3, 13), (5, 10), (8, 9), (14, 13), (9, 8), (17, 12), (2, 2), (11, 5), (19, 9), (11, 14), (13, 8), (6, 2), (18, 1), (1, 15), (15, 14), (6, 11), (16, 13), (7, 10), (18, 10), (21, 9), (26, 14), (22, 10), (3, 6), (5, 3), (17, 5), (19, 2), (9, 1), (3, 15), (5, 12), (14, 15), (17, 14), (9, 10), (11, 7), (2, 4), (1, 8), (13, 10), (6, 4), (7, 3), (18, 3), (21, 2), (6, 13), (16, 15), (7, 12), (18, 12), (20, 15), (22, 12), (3, 8), (5, 5), (14, 8), (17, 7), (9, 3), (19, 4), (5, 14), (9, 12), (11, 9), (13, 3), (1, 10), (13, 12), (6, 6), (26, 9), (7, 5), (18, 5), (21, 4), (7, 14), (18, 14), (22, 5), (3, 1), (22, 14), (12, 13), (3, 10), (5, 7), (14, 10), (17, 9), (9, 5), (11, 2), (24, 15), (23, 13), (9, 14), (1, 3), (13, 5), (15, 2), (10, 15), (1, 12), (13, 14), (25, 13), (7, 7), (18, 7), (29, 13), (22, 7), (3, 3), (14, 3), (17, 2), (12, 15), (3, 12), (5, 9), (14, 12), (23, 15), (9, 7), (11, 4), (27, 15), (10, 8), (1, 5), (13, 7), (6, 1), (16, 3), (24, 7), (1, 14), (26, 13), (2, 13), (25, 15), (7, 9), (18, 9), (20, 3), (29, 15), (22, 9), (21, 11), (23, 8), (3, 5), (5, 2), (14, 5), (17, 4), (3, 14), (14, 14), (4, 13), (9, 9), (8, 13), (10, 10), (1, 7), (13, 9), (19, 13), (16, 5), (7, 2), (24, 9), (18, 2), (2, 15), (25, 8), (18, 11), (20, 5), (6, 15), (21, 13), (23, 10), (3, 7), (5, 4), (14, 7), (9, 2), (5, 13), (4, 15), (27, 10), (10, 3), (13, 2), (8, 15), (10, 12), (1, 9), (19, 15), (2, 8), (16, 7), (7, 4), (18, 4), (25, 10), (6, 8), (20, 7), (22, 4), (21, 6), (12, 3), (22, 13), (21, 15), (23, 12), (3, 9), (14, 9), (18, 8), (27, 12), (19, 8), (10, 5), (1, 2), (13, 4), (10, 14), (11, 13), (2, 10), (16, 9), (25, 12), (6, 10), (20, 9), (29, 12), (21, 8), (12, 5), (3, 2), (14, 2), (23, 5), (23, 14), (3, 11), (27, 14), (17, 13), (19, 10), (10, 7), (1, 4), (28, 13), (2, 3), (1, 13), (11, 15), (2, 12), (25, 14), (6, 3), (15, 15), (6, 12), (26, 15), (22, 8), (21, 10), (12, 7), (3, 4), (14, 4), (4, 3), (29, 14), (23, 7), (8, 3), (19, 3), (17, 15), (19, 12), (10, 9), (9, 11), (11, 8), (2, 5), (28, 15), (25, 7), (2, 14), (26, 8), (6, 5), (21, 3), (6, 14), (20, 13), (7, 13), (18, 13), (12, 9), (21, 12), (23, 9), (4, 5), (27, 9), (17, 8), (8, 5), (10, 2), (9, 4), (19, 5), (5, 15), (19, 14), (9, 13), (11, 10), (2, 7), (25, 9), (15, 1), (13, 13), (24, 13), (6, 7), (26, 10), (18, 6), (21, 5), (7, 15), (18, 15), (21, 14), (4, 7), (22, 15), (27, 11), (5, 8), (8, 7), (10, 4), (9, 6), (11, 3), (17, 10), (19, 7), (10, 13), (9, 15), (11, 12), (2, 9), (13, 15), (26, 12), (6, 9), (7, 8), (21, 7)]",33,0,33
280,"(22, 3)","(21, 3)",East,"[((23, 3), 'East', 1)]","['(22, 3)', '(24, 5)', '(23, 4)', '(26, 7)', '(28, 9)', '(27, 8)', '(21, 1)', '(22, 2)']","['(23, 4)', '(24, 5)', '(27, 8)', '(26, 7)', '(28, 9)', '(22, 2)', '(21, 1)', '(23, 3)']","[(4, 9), (17, 3), (27, 13), (3, 13), (5, 10), (8, 9), (14, 13), (9, 8), (17, 12), (2, 2), (11, 5), (19, 9), (11, 14), (13, 8), (6, 2), (18, 1), (1, 15), (15, 14), (6, 11), (16, 13), (7, 10), (18, 10), (21, 9), (26, 14), (22, 10), (3, 6), (5, 3), (17, 5), (19, 2), (9, 1), (3, 15), (5, 12), (14, 15), (17, 14), (9, 10), (11, 7), (2, 4), (1, 8), (13, 10), (6, 4), (7, 3), (18, 3), (21, 2), (6, 13), (16, 15), (7, 12), (18, 12), (22, 3), (20, 15), (22, 12), (3, 8), (5, 5), (14, 8), (17, 7), (9, 3), (19, 4), (5, 14), (9, 12), (11, 9), (13, 3), (1, 10), (13, 12), (6, 6), (26, 9), (7, 5), (18, 5), (21, 4), (7, 14), (18, 14), (22, 5), (3, 1), (22, 14), (12, 13), (3, 10), (5, 7), (14, 10), (17, 9), (9, 5), (11, 2), (24, 15), (23, 13), (9, 14), (1, 3), (13, 5), (15, 2), (10, 15), (1, 12), (13, 14), (25, 13), (7, 7), (18, 7), (29, 13), (22, 7), (3, 3), (14, 3), (17, 2), (12, 15), (3, 12), (5, 9), (14, 12), (23, 15), (9, 7), (11, 4), (27, 15), (10, 8), (1, 5), (13, 7), (6, 1), (16, 3), (24, 7), (1, 14), (26, 13), (2, 13), (25, 15), (7, 9), (18, 9), (20, 3), (29, 15), (22, 9), (21, 11), (23, 8), (3, 5), (5, 2), (14, 5), (17, 4), (3, 14), (14, 14), (4, 13), (9, 9), (8, 13), (10, 10), (1, 7), (13, 9), (19, 13), (16, 5), (7, 2), (24, 9), (18, 2), (2, 15), (25, 8), (18, 11), (20, 5), (6, 15), (21, 13), (23, 10), (3, 7), (5, 4), (14, 7), (9, 2), (5, 13), (4, 15), (27, 10), (10, 3), (13, 2), (8, 15), (10, 12), (1, 9), (19, 15), (2, 8), (16, 7), (7, 4), (18, 4), (25, 10), (6, 8), (20, 7), (22, 4), (21, 6), (12, 3), (22, 13), (21, 15), (23, 12), (3, 9), (14, 9), (18, 8), (27, 12), (19, 8), (10, 5), (1, 2), (13, 4), (10, 14), (11, 13), (2, 10), (16, 9), (25, 12), (6, 10), (20, 9), (29, 12), (21, 8), (12, 5), (3, 2), (14, 2), (23, 5), (23, 14), (3, 11), (27, 14), (17, 13), (19, 10), (10, 7), (1, 4), (28, 13), (2, 3), (1, 13), (11, 15), (2, 12), (25, 14), (6, 3), (15, 15), (6, 12), (26, 15), (22, 8), (21, 10), (12, 7), (3, 4), (14, 4), (4, 3), (29, 14), (23, 7), (8, 3), (19, 3), (17, 15), (19, 12), (10, 9), (9, 11), (11, 8), (2, 5), (28, 15), (25, 7), (2, 14), (26, 8), (6, 5), (21, 3), (6, 14), (20, 13), (7, 13), (18, 13), (12, 9), (21, 12), (23, 9), (4, 5), (27, 9), (17, 8), (8, 5), (10, 2), (9, 4), (19, 5), (5, 15), (19, 14), (9, 13), (11, 10), (2, 7), (25, 9), (15, 1), (13, 13), (24, 13), (6, 7), (26, 10), (18, 6), (21, 5), (7, 15), (18, 15), (21, 14), (4, 7), (22, 15), (27, 11), (5, 8), (8, 7), (10, 4), (9, 6), (11, 3), (17, 10), (19, 7), (10, 13), (9, 15), (11, 12), (2, 9), (13, 15), (26, 12), (6, 9), (7, 8), (21, 7)]",33,0,33
281,"(23, 4)","(22, 4)",East,[],"['(23, 4)', '(24, 5)', '(27, 8)', '(26, 7)', '(28, 9)', '(22, 2)', '(21, 1)', '(23, 3)']","['(24, 5)', '(26, 7)', '(27, 8)', '(23, 3)', '(28, 9)', '(22, 2)', '(21, 1)']","[(23, 4), (4, 9), (17, 3), (27, 13), (3, 13), (5, 10), (8, 9), (14, 13), (9, 8), (17, 12), (2, 2), (11, 5), (19, 9), (11, 14), (13, 8), (6, 2), (18, 1), (1, 15), (15, 14), (6, 11), (16, 13), (7, 10), (18, 10), (21, 9), (26, 14), (22, 10), (3, 6), (5, 3), (17, 5), (19, 2), (9, 1), (3, 15), (5, 12), (14, 15), (17, 14), (9, 10), (11, 7), (2, 4), (1, 8), (13, 10), (6, 4), (7, 3), (18, 3), (21, 2), (6, 13), (16, 15), (7, 12), (18, 12), (22, 3), (20, 15), (22, 12), (3, 8), (5, 5), (14, 8), (17, 7), (9, 3), (19, 4), (5, 14), (9, 12), (11, 9), (13, 3), (1, 10), (13, 12), (6, 6), (26, 9), (7, 5), (18, 5), (21, 4), (7, 14), (18, 14), (22, 5), (3, 1), (22, 14), (12, 13), (3, 10), (5, 7), (14, 10), (17, 9), (9, 5), (11, 2), (24, 15), (23, 13), (9, 14), (1, 3), (13, 5), (15, 2), (10, 15), (1, 12), (13, 14), (25, 13), (7, 7), (18, 7), (29, 13), (22, 7), (3, 3), (14, 3), (17, 2), (12, 15), (3, 12), (5, 9), (14, 12), (23, 15), (9, 7), (11, 4), (27, 15), (10, 8), (1, 5), (13, 7), (6, 1), (16, 3), (24, 7), (1, 14), (26, 13), (2, 13), (25, 15), (7, 9), (18, 9), (20, 3), (29, 15), (22, 9), (21, 11), (23, 8), (3, 5), (5, 2), (14, 5), (17, 4), (3, 14), (14, 14), (4, 13), (9, 9), (8, 13), (10, 10), (1, 7), (13, 9), (19, 13), (16, 5), (7, 2), (24, 9), (18, 2), (2, 15), (25, 8), (18, 11), (20, 5), (6, 15), (21, 13), (23, 10), (3, 7), (5, 4), (14, 7), (9, 2), (5, 13), (4, 15), (27, 10), (10, 3), (13, 2), (8, 15), (10, 12), (1, 9), (19, 15), (2, 8), (16, 7), (7, 4), (18, 4), (25, 10), (6, 8), (20, 7), (22, 4), (21, 6), (12, 3), (22, 13), (21, 15), (23, 12), (3, 9), (14, 9), (18, 8), (27, 12), (19, 8), (10, 5), (1, 2), (13, 4), (10, 14), (11, 13), (2, 10), (16, 9), (25, 12), (6, 10), (20, 9), (29, 12), (21, 8), (12, 5), (3, 2), (14, 2), (23, 5), (23, 14), (3, 11), (27, 14), (17, 13), (19, 10), (10, 7), (1, 4), (28, 13), (2, 3), (1, 13), (11, 15), (2, 12), (25, 14), (6, 3), (15, 15), (6, 12), (26, 15), (22, 8), (21, 10), (12, 7), (3, 4), (14, 4), (4, 3), (29, 14), (23, 7), (8, 3), (19, 3), (17, 15), (19, 12), (10, 9), (9, 11), (11, 8), (2, 5), (28, 15), (25, 7), (2, 14), (26, 8), (6, 5), (21, 3), (6, 14), (20, 13), (7, 13), (18, 13), (12, 9), (21, 12), (23, 9), (4, 5), (27, 9), (17, 8), (8, 5), (10, 2), (9, 4), (19, 5), (5, 15), (19, 14), (9, 13), (11, 10), (2, 7), (25, 9), (15, 1), (13, 13), (24, 13), (6, 7), (26, 10), (18, 6), (21, 5), (7, 15), (18, 15), (21, 14), (4, 7), (22, 15), (27, 11), (5, 8), (8, 7), (10, 4), (9, 6), (11, 3), (17, 10), (19, 7), (10, 13), (9, 15), (11, 12), (2, 9), (13, 15), (26, 12), (6, 9), (7, 8), (21, 7)]",33,0,33
282,"(24, 5)","(23, 5)",East,"[((25, 5), 'East', 1)]","['(24, 5)', '(26, 7)', '(27, 8)', '(23, 3)', '(28, 9)', '(22, 2)', '(21, 1)']","['(26, 7)', '(28, 9)', '(27, 8)', '(23, 3)', '(21, 1)', '(22, 2)', '(25, 5)']","[(23, 4), (4, 9), (17, 3), (27, 13), (3, 13), (5, 10), (8, 9), (14, 13), (9, 8), (17, 12), (2, 2), (11, 5), (19, 9), (11, 14), (13, 8), (6, 2), (18, 1), (1, 15), (15, 14), (6, 11), (16, 13), (7, 10), (18, 10), (21, 9), (26, 14), (22, 10), (3, 6), (5, 3), (17, 5), (19, 2), (9, 1), (3, 15), (5, 12), (14, 15), (17, 14), (9, 10), (11, 7), (2, 4), (1, 8), (13, 10), (6, 4), (7, 3), (18, 3), (21, 2), (6, 13), (16, 15), (7, 12), (18, 12), (22, 3), (20, 15), (22, 12), (3, 8), (5, 5), (14, 8), (17, 7), (9, 3), (19, 4), (5, 14), (9, 12), (11, 9), (13, 3), (1, 10), (13, 12), (6, 6), (26, 9), (7, 5), (18, 5), (21, 4), (7, 14), (18, 14), (22, 5), (3, 1), (22, 14), (12, 13), (3, 10), (5, 7), (14, 10), (17, 9), (9, 5), (11, 2), (24, 15), (23, 13), (9, 14), (1, 3), (13, 5), (15, 2), (24, 5), (10, 15), (1, 12), (13, 14), (25, 13), (7, 7), (18, 7), (29, 13), (22, 7), (3, 3), (14, 3), (17, 2), (12, 15), (3, 12), (5, 9), (14, 12), (23, 15), (9, 7), (11, 4), (27, 15), (10, 8), (1, 5), (13, 7), (6, 1), (16, 3), (24, 7), (1, 14), (26, 13), (2, 13), (25, 15), (7, 9), (18, 9), (20, 3), (29, 15), (22, 9), (21, 11), (23, 8), (3, 5), (5, 2), (14, 5), (17, 4), (3, 14), (14, 14), (4, 13), (9, 9), (8, 13), (10, 10), (1, 7), (13, 9), (19, 13), (16, 5), (7, 2), (24, 9), (18, 2), (2, 15), (25, 8), (18, 11), (20, 5), (6, 15), (21, 13), (23, 10), (3, 7), (5, 4), (14, 7), (9, 2), (5, 13), (4, 15), (27, 10), (10, 3), (13, 2), (8, 15), (10, 12), (1, 9), (19, 15), (2, 8), (16, 7), (7, 4), (18, 4), (25, 10), (6, 8), (20, 7), (22, 4), (21, 6), (12, 3), (22, 13), (21, 15), (23, 12), (3, 9), (14, 9), (18, 8), (27, 12), (19, 8), (10, 5), (1, 2), (13, 4), (10, 14), (11, 13), (2, 10), (16, 9), (25, 12), (6, 10), (20, 9), (29, 12), (21, 8), (12, 5), (3, 2), (14, 2), (23, 5), (23, 14), (3, 11), (27, 14), (17, 13), (19, 10), (10, 7), (1, 4), (28, 13), (2, 3), (1, 13), (11, 15), (2, 12), (25, 14), (6, 3), (15, 15), (6, 12), (26, 15), (22, 8), (21, 10), (12, 7), (3, 4), (14, 4), (4, 3), (29, 14), (23, 7), (8, 3), (19, 3), (17, 15), (19, 12), (10, 9), (9, 11), (11, 8), (2, 5), (28, 15), (25, 7), (2, 14), (26, 8), (6, 5), (21, 3), (6, 14), (20, 13), (7, 13), (18, 13), (12, 9), (21, 12), (23, 9), (4, 5), (27, 9), (17, 8), (8, 5), (10, 2), (9, 4), (19, 5), (5, 15), (19, 14), (9, 13), (11, 10), (2, 7), (25, 9), (15, 1), (13, 13), (24, 13), (6, 7), (26, 10), (18, 6), (21, 5), (7, 15), (18, 15), (21, 14), (4, 7), (22, 15), (27, 11), (5, 8), (8, 7), (10, 4), (9, 6), (11, 3), (17, 10), (19, 7), (10, 13), (9, 15), (11, 12), (2, 9), (13, 15), (26, 12), (6, 9), (7, 8), (21, 7)]",33,0,33
283,"(26, 7)","(25, 7)",East,"[((27, 7), 'East', 1)]","['(26, 7)', '(28, 9)', '(27, 8)', '(23, 3)', '(21, 1)', '(22, 2)', '(25, 5)']","['(27, 8)', '(28, 9)', '(22, 2)', '(23, 3)', '(21, 1)', '(25, 5)', '(27, 7)']","[(23, 4), (4, 9), (17, 3), (27, 13), (3, 13), (5, 10), (8, 9), (14, 13), (9, 8), (17, 12), (2, 2), (11, 5), (19, 9), (11, 14), (13, 8), (6, 2), (18, 1), (1, 15), (15, 14), (6, 11), (16, 13), (7, 10), (18, 10), (21, 9), (26, 14), (22, 10), (3, 6), (5, 3), (17, 5), (19, 2), (9, 1), (3, 15), (5, 12), (14, 15), (17, 14), (9, 10), (11, 7), (2, 4), (1, 8), (13, 10), (6, 4), (26, 7), (7, 3), (18, 3), (21, 2), (6, 13), (16, 15), (7, 12), (18, 12), (22, 3), (20, 15), (22, 12), (3, 8), (5, 5), (14, 8), (17, 7), (9, 3), (19, 4), (5, 14), (9, 12), (11, 9), (13, 3), (1, 10), (13, 12), (6, 6), (26, 9), (7, 5), (18, 5), (21, 4), (7, 14), (18, 14), (22, 5), (3, 1), (22, 14), (12, 13), (3, 10), (5, 7), (14, 10), (17, 9), (9, 5), (11, 2), (24, 15), (23, 13), (9, 14), (1, 3), (13, 5), (15, 2), (24, 5), (10, 15), (1, 12), (13, 14), (25, 13), (7, 7), (18, 7), (29, 13), (22, 7), (3, 3), (14, 3), (17, 2), (12, 15), (3, 12), (5, 9), (14, 12), (23, 15), (9, 7), (11, 4), (27, 15), (10, 8), (1, 5), (13, 7), (6, 1), (16, 3), (24, 7), (1, 14), (26, 13), (2, 13), (25, 15), (7, 9), (18, 9), (20, 3), (29, 15), (22, 9), (21, 11), (23, 8), (3, 5), (5, 2), (14, 5), (17, 4), (3, 14), (14, 14), (4, 13), (9, 9), (8, 13), (10, 10), (1, 7), (13, 9), (19, 13), (16, 5), (7, 2), (24, 9), (18, 2), (2, 15), (25, 8), (18, 11), (20, 5), (6, 15), (21, 13), (23, 10), (3, 7), (5, 4), (14, 7), (9, 2), (5, 13), (4, 15), (27, 10), (10, 3), (13, 2), (8, 15), (10, 12), (1, 9), (19, 15), (2, 8), (16, 7), (7, 4), (18, 4), (25, 10), (6, 8), (20, 7), (22, 4), (21, 6), (12, 3), (22, 13), (21, 15), (23, 12), (3, 9), (14, 9), (18, 8), (27, 12), (19, 8), (10, 5), (1, 2), (13, 4), (10, 14), (11, 13), (2, 10), (16, 9), (25, 12), (6, 10), (20, 9), (29, 12), (21, 8), (12, 5), (3, 2), (14, 2), (23, 5), (23, 14), (3, 11), (27, 14), (17, 13), (19, 10), (10, 7), (1, 4), (28, 13), (2, 3), (1, 13), (11, 15), (2, 12), (25, 14), (6, 3), (15, 15), (6, 12), (26, 15), (22, 8), (21, 10), (12, 7), (3, 4), (14, 4), (4, 3), (29, 14), (23, 7), (8, 3), (19, 3), (17, 15), (19, 12), (10, 9), (9, 11), (11, 8), (2, 5), (28, 15), (25, 7), (2, 14), (26, 8), (6, 5), (21, 3), (6, 14), (20, 13), (7, 13), (18, 13), (12, 9), (21, 12), (23, 9), (4, 5), (27, 9), (17, 8), (8, 5), (10, 2), (9, 4), (19, 5), (5, 15), (19, 14), (9, 13), (11, 10), (2, 7), (25, 9), (15, 1), (13, 13), (24, 13), (6, 7), (26, 10), (18, 6), (21, 5), (7, 15), (18, 15), (21, 14), (4, 7), (22, 15), (27, 11), (5, 8), (8, 7), (10, 4), (9, 6), (11, 3), (17, 10), (19, 7), (10, 13), (9, 15), (11, 12), (2, 9), (13, 15), (26, 12), (6, 9), (7, 8), (21, 7)]",33,0,33
284,"(27, 8)","(26, 8)",East,[],"['(27, 8)', '(28, 9)', '(22, 2)', '(23, 3)', '(21, 1)', '(25, 5)', '(27, 7)']","['(28, 9)', '(21, 1)', '(22, 2)', '(23, 3)', '(27, 7)', '(25, 5)']","[(23, 4), (4, 9), (17, 3), (27, 13), (3, 13), (5, 10), (8, 9), (14, 13), (9, 8), (17, 12), (2, 2), (11, 5), (19, 9), (11, 14), (13, 8), (6, 2), (18, 1), (1, 15), (15, 14), (6, 11), (16, 13), (7, 10), (18, 10), (21, 9), (26, 14), (22, 10), (3, 6), (5, 3), (17, 5), (19, 2), (9, 1), (3, 15), (5, 12), (14, 15), (17, 14), (9, 10), (11, 7), (2, 4), (1, 8), (13, 10), (6, 4), (26, 7), (7, 3), (18, 3), (21, 2), (6, 13), (16, 15), (7, 12), (18, 12), (22, 3), (20, 15), (22, 12), (27, 8), (3, 8), (5, 5), (14, 8), (17, 7), (9, 3), (19, 4), (5, 14), (9, 12), (11, 9), (13, 3), (1, 10), (13, 12), (6, 6), (26, 9), (7, 5), (18, 5), (21, 4), (7, 14), (18, 14), (22, 5), (3, 1), (22, 14), (12, 13), (3, 10), (5, 7), (14, 10), (17, 9), (9, 5), (11, 2), (24, 15), (23, 13), (9, 14), (1, 3), (13, 5), (15, 2), (24, 5), (10, 15), (1, 12), (13, 14), (25, 13), (7, 7), (18, 7), (29, 13), (22, 7), (3, 3), (14, 3), (17, 2), (12, 15), (3, 12), (5, 9), (14, 12), (23, 15), (9, 7), (11, 4), (27, 15), (10, 8), (1, 5), (13, 7), (6, 1), (16, 3), (24, 7), (1, 14), (26, 13), (2, 13), (25, 15), (7, 9), (18, 9), (20, 3), (29, 15), (22, 9), (21, 11), (23, 8), (3, 5), (5, 2), (14, 5), (17, 4), (3, 14), (14, 14), (4, 13), (9, 9), (8, 13), (10, 10), (1, 7), (13, 9), (19, 13), (16, 5), (7, 2), (24, 9), (18, 2), (2, 15), (25, 8), (18, 11), (20, 5), (6, 15), (21, 13), (23, 10), (3, 7), (5, 4), (14, 7), (9, 2), (5, 13), (4, 15), (27, 10), (10, 3), (13, 2), (8, 15), (10, 12), (1, 9), (19, 15), (2, 8), (16, 7), (7, 4), (18, 4), (25, 10), (6, 8), (20, 7), (22, 4), (21, 6), (12, 3), (22, 13), (21, 15), (23, 12), (3, 9), (14, 9), (18, 8), (27, 12), (19, 8), (10, 5), (1, 2), (13, 4), (10, 14), (11, 13), (2, 10), (16, 9), (25, 12), (6, 10), (20, 9), (29, 12), (21, 8), (12, 5), (3, 2), (14, 2), (23, 5), (23, 14), (3, 11), (27, 14), (17, 13), (19, 10), (10, 7), (1, 4), (28, 13), (2, 3), (1, 13), (11, 15), (2, 12), (25, 14), (6, 3), (15, 15), (6, 12), (26, 15), (22, 8), (21, 10), (12, 7), (3, 4), (14, 4), (4, 3), (29, 14), (23, 7), (8, 3), (19, 3), (17, 15), (19, 12), (10, 9), (9, 11), (11, 8), (2, 5), (28, 15), (25, 7), (2, 14), (26, 8), (6, 5), (21, 3), (6, 14), (20, 13), (7, 13), (18, 13), (12, 9), (21, 12), (23, 9), (4, 5), (27, 9), (17, 8), (8, 5), (10, 2), (9, 4), (19, 5), (5, 15), (19, 14), (9, 13), (11, 10), (2, 7), (25, 9), (15, 1), (13, 13), (24, 13), (6, 7), (26, 10), (18, 6), (21, 5), (7, 15), (18, 15), (21, 14), (4, 7), (22, 15), (27, 11), (5, 8), (8, 7), (10, 4), (9, 6), (11, 3), (17, 10), (19, 7), (10, 13), (9, 15), (11, 12), (2, 9), (13, 15), (26, 12), (6, 9), (7, 8), (21, 7)]",33,0,33
285,"(28, 9)","(27, 9)",East,"[((29, 9), 'East', 1)]","['(28, 9)', '(21, 1)', '(22, 2)', '(23, 3)', '(27, 7)', '(25, 5)']","['(21, 1)', '(23, 3)', '(22, 2)', '(25, 5)', '(27, 7)', '(29, 9)']","[(23, 4), (4, 9), (17, 3), (27, 13), (3, 13), (5, 10), (8, 9), (14, 13), (9, 8), (17, 12), (2, 2), (11, 5), (19, 9), (11, 14), (13, 8), (6, 2), (18, 1), (1, 15), (15, 14), (6, 11), (16, 13), (7, 10), (18, 10), (21, 9), (26, 14), (22, 10), (3, 6), (5, 3), (17, 5), (19, 2), (9, 1), (3, 15), (5, 12), (14, 15), (17, 14), (9, 10), (11, 7), (2, 4), (1, 8), (13, 10), (6, 4), (26, 7), (7, 3), (18, 3), (21, 2), (6, 13), (16, 15), (7, 12), (18, 12), (22, 3), (20, 15), (22, 12), (27, 8), (3, 8), (5, 5), (14, 8), (17, 7), (9, 3), (19, 4), (5, 14), (9, 12), (11, 9), (13, 3), (1, 10), (13, 12), (6, 6), (26, 9), (7, 5), (18, 5), (21, 4), (7, 14), (18, 14), (22, 5), (3, 1), (22, 14), (12, 13), (3, 10), (5, 7), (14, 10), (17, 9), (9, 5), (11, 2), (24, 15), (23, 13), (28, 9), (9, 14), (1, 3), (13, 5), (15, 2), (24, 5), (10, 15), (1, 12), (13, 14), (25, 13), (7, 7), (18, 7), (29, 13), (22, 7), (3, 3), (14, 3), (17, 2), (12, 15), (3, 12), (5, 9), (14, 12), (23, 15), (9, 7), (11, 4), (27, 15), (10, 8), (1, 5), (13, 7), (6, 1), (16, 3), (24, 7), (1, 14), (26, 13), (2, 13), (25, 15), (7, 9), (18, 9), (20, 3), (29, 15), (22, 9), (21, 11), (23, 8), (3, 5), (5, 2), (14, 5), (17, 4), (3, 14), (14, 14), (4, 13), (9, 9), (8, 13), (10, 10), (1, 7), (13, 9), (19, 13), (16, 5), (7, 2), (24, 9), (18, 2), (2, 15), (25, 8), (18, 11), (20, 5), (6, 15), (21, 13), (23, 10), (3, 7), (5, 4), (14, 7), (9, 2), (5, 13), (4, 15), (27, 10), (10, 3), (13, 2), (8, 15), (10, 12), (1, 9), (19, 15), (2, 8), (16, 7), (7, 4), (18, 4), (25, 10), (6, 8), (20, 7), (22, 4), (21, 6), (12, 3), (22, 13), (21, 15), (23, 12), (3, 9), (14, 9), (18, 8), (27, 12), (19, 8), (10, 5), (1, 2), (13, 4), (10, 14), (11, 13), (2, 10), (16, 9), (25, 12), (6, 10), (20, 9), (29, 12), (21, 8), (12, 5), (3, 2), (14, 2), (23, 5), (23, 14), (3, 11), (27, 14), (17, 13), (19, 10), (10, 7), (1, 4), (28, 13), (2, 3), (1, 13), (11, 15), (2, 12), (25, 14), (6, 3), (15, 15), (6, 12), (26, 15), (22, 8), (21, 10), (12, 7), (3, 4), (14, 4), (4, 3), (29, 14), (23, 7), (8, 3), (19, 3), (17, 15), (19, 12), (10, 9), (9, 11), (11, 8), (2, 5), (28, 15), (25, 7), (2, 14), (26, 8), (6, 5), (21, 3), (6, 14), (20, 13), (7, 13), (18, 13), (12, 9), (21, 12), (23, 9), (4, 5), (27, 9), (17, 8), (8, 5), (10, 2), (9, 4), (19, 5), (5, 15), (19, 14), (9, 13), (11, 10), (2, 7), (25, 9), (15, 1), (13, 13), (24, 13), (6, 7), (26, 10), (18, 6), (21, 5), (7, 15), (18, 15), (21, 14), (4, 7), (22, 15), (27, 11), (5, 8), (8, 7), (10, 4), (9, 6), (11, 3), (17, 10), (19, 7), (10, 13), (9, 15), (11, 12), (2, 9), (13, 15), (26, 12), (6, 9), (7, 8), (21, 7)]",33,0,33
286,"(21, 1)","(21, 2)",South,[],"['(21, 1)', '(23, 3)', '(22, 2)', '(25, 5)', '(27, 7)', '(29, 9)']","['(22, 2)', '(23, 3)', '(29, 9)', '(25, 5)', '(27, 7)']","[(23, 4), (4, 9), (17, 3), (27, 13), (3, 13), (5, 10), (8, 9), (14, 13), (9, 8), (17, 12), (2, 2), (11, 5), (19, 9), (11, 14), (13, 8), (6, 2), (18, 1), (1, 15), (15, 14), (6, 11), (16, 13), (7, 10), (18, 10), (21, 9), (26, 14), (22, 10), (3, 6), (5, 3), (17, 5), (19, 2), (9, 1), (3, 15), (5, 12), (14, 15), (17, 14), (9, 10), (11, 7), (2, 4), (1, 8), (13, 10), (6, 4), (26, 7), (7, 3), (18, 3), (21, 2), (6, 13), (16, 15), (7, 12), (18, 12), (22, 3), (20, 15), (22, 12), (27, 8), (3, 8), (5, 5), (14, 8), (17, 7), (9, 3), (19, 4), (5, 14), (9, 12), (11, 9), (13, 3), (1, 10), (13, 12), (6, 6), (26, 9), (7, 5), (18, 5), (21, 4), (7, 14), (18, 14), (22, 5), (3, 1), (22, 14), (12, 13), (3, 10), (5, 7), (14, 10), (17, 9), (9, 5), (11, 2), (24, 15), (23, 13), (28, 9), (9, 14), (1, 3), (13, 5), (15, 2), (24, 5), (10, 15), (1, 12), (13, 14), (25, 13), (7, 7), (18, 7), (29, 13), (22, 7), (3, 3), (14, 3), (17, 2), (12, 15), (3, 12), (5, 9), (14, 12), (23, 15), (9, 7), (11, 4), (27, 15), (10, 8), (1, 5), (13, 7), (6, 1), (16, 3), (24, 7), (1, 14), (26, 13), (2, 13), (25, 15), (7, 9), (18, 9), (20, 3), (29, 15), (22, 9), (21, 11), (23, 8), (3, 5), (5, 2), (14, 5), (17, 4), (3, 14), (14, 14), (4, 13), (9, 9), (8, 13), (10, 10), (1, 7), (13, 9), (19, 13), (16, 5), (7, 2), (24, 9), (18, 2), (2, 15), (25, 8), (18, 11), (20, 5), (6, 15), (21, 13), (23, 10), (3, 7), (5, 4), (14, 7), (9, 2), (5, 13), (4, 15), (27, 10), (10, 3), (13, 2), (8, 15), (10, 12), (1, 9), (19, 15), (2, 8), (16, 7), (7, 4), (18, 4), (25, 10), (6, 8), (20, 7), (22, 4), (21, 6), (12, 3), (22, 13), (21, 15), (23, 12), (3, 9), (14, 9), (18, 8), (27, 12), (19, 8), (10, 5), (1, 2), (13, 4), (10, 14), (11, 13), (2, 10), (16, 9), (25, 12), (6, 10), (20, 9), (29, 12), (21, 8), (12, 5), (3, 2), (14, 2), (23, 5), (23, 14), (3, 11), (27, 14), (17, 13), (19, 10), (10, 7), (1, 4), (28, 13), (2, 3), (1, 13), (11, 15), (2, 12), (25, 14), (6, 3), (21, 1), (15, 15), (6, 12), (26, 15), (22, 8), (21, 10), (12, 7), (3, 4), (14, 4), (4, 3), (29, 14), (23, 7), (8, 3), (19, 3), (17, 15), (19, 12), (10, 9), (9, 11), (11, 8), (2, 5), (28, 15), (25, 7), (2, 14), (26, 8), (6, 5), (21, 3), (6, 14), (20, 13), (7, 13), (18, 13), (12, 9), (21, 12), (23, 9), (4, 5), (27, 9), (17, 8), (8, 5), (10, 2), (9, 4), (19, 5), (5, 15), (19, 14), (9, 13), (11, 10), (2, 7), (25, 9), (15, 1), (13, 13), (24, 13), (6, 7), (26, 10), (18, 6), (21, 5), (7, 15), (18, 15), (21, 14), (4, 7), (22, 15), (27, 11), (5, 8), (8, 7), (10, 4), (9, 6), (11, 3), (17, 10), (19, 7), (10, 13), (9, 15), (11, 12), (2, 9), (13, 15), (26, 12), (6, 9), (7, 8), (21, 7)]",34,0,34
287,"(22, 2)","(21, 2)",East,"[((23, 2), 'East', 1)]","['(22, 2)', '(23, 3)', '(29, 9)', '(25, 5)', '(27, 7)']","['(23, 3)', '(25, 5)', '(29, 9)', '(27, 7)', '(23, 2)']","[(23, 4), (4, 9), (17, 3), (27, 13), (3, 13), (5, 10), (8, 9), (14, 13), (9, 8), (17, 12), (2, 2), (11, 5), (19, 9), (11, 14), (13, 8), (6, 2), (18, 1), (1, 15), (15, 14), (6, 11), (16, 13), (7, 10), (18, 10), (21, 9), (26, 14), (22, 10), (3, 6), (5, 3), (17, 5), (19, 2), (9, 1), (3, 15), (5, 12), (14, 15), (17, 14), (9, 10), (11, 7), (2, 4), (1, 8), (13, 10), (6, 4), (26, 7), (7, 3), (18, 3), (21, 2), (6, 13), (16, 15), (7, 12), (18, 12), (22, 3), (20, 15), (22, 12), (27, 8), (3, 8), (5, 5), (14, 8), (17, 7), (9, 3), (19, 4), (5, 14), (9, 12), (11, 9), (13, 3), (1, 10), (13, 12), (6, 6), (26, 9), (7, 5), (18, 5), (21, 4), (7, 14), (18, 14), (22, 5), (3, 1), (22, 14), (12, 13), (3, 10), (5, 7), (14, 10), (17, 9), (9, 5), (11, 2), (24, 15), (23, 13), (28, 9), (9, 14), (1, 3), (13, 5), (15, 2), (24, 5), (10, 15), (1, 12), (13, 14), (25, 13), (7, 7), (18, 7), (29, 13), (22, 7), (3, 3), (14, 3), (17, 2), (12, 15), (3, 12), (5, 9), (14, 12), (23, 15), (9, 7), (11, 4), (27, 15), (10, 8), (1, 5), (13, 7), (6, 1), (16, 3), (24, 7), (1, 14), (26, 13), (2, 13), (25, 15), (7, 9), (18, 9), (20, 3), (29, 15), (22, 9), (21, 11), (23, 8), (3, 5), (5, 2), (14, 5), (17, 4), (3, 14), (14, 14), (4, 13), (9, 9), (8, 13), (10, 10), (1, 7), (13, 9), (19, 13), (16, 5), (7, 2), (24, 9), (18, 2), (2, 15), (25, 8), (18, 11), (20, 5), (22, 2), (6, 15), (21, 13), (23, 10), (3, 7), (5, 4), (14, 7), (9, 2), (5, 13), (4, 15), (27, 10), (10, 3), (13, 2), (8, 15), (10, 12), (1, 9), (19, 15), (2, 8), (16, 7), (7, 4), (18, 4), (25, 10), (6, 8), (20, 7), (22, 4), (21, 6), (12, 3), (22, 13), (21, 15), (23, 12), (3, 9), (14, 9), (18, 8), (27, 12), (19, 8), (10, 5), (1, 2), (13, 4), (10, 14), (11, 13), (2, 10), (16, 9), (25, 12), (6, 10), (20, 9), (29, 12), (21, 8), (12, 5), (3, 2), (14, 2), (23, 5), (23, 14), (3, 11), (27, 14), (17, 13), (19, 10), (10, 7), (1, 4), (28, 13), (2, 3), (1, 13), (11, 15), (2, 12), (25, 14), (6, 3), (21, 1), (15, 15), (6, 12), (26, 15), (22, 8), (21, 10), (12, 7), (3, 4), (14, 4), (4, 3), (29, 14), (23, 7), (8, 3), (19, 3), (17, 15), (19, 12), (10, 9), (9, 11), (11, 8), (2, 5), (28, 15), (25, 7), (2, 14), (26, 8), (6, 5), (21, 3), (6, 14), (20, 13), (7, 13), (18, 13), (12, 9), (21, 12), (23, 9), (4, 5), (27, 9), (17, 8), (8, 5), (10, 2), (9, 4), (19, 5), (5, 15), (19, 14), (9, 13), (11, 10), (2, 7), (25, 9), (15, 1), (13, 13), (24, 13), (6, 7), (26, 10), (18, 6), (21, 5), (7, 15), (18, 15), (21, 14), (4, 7), (22, 15), (27, 11), (5, 8), (8, 7), (10, 4), (9, 6), (11, 3), (17, 10), (19, 7), (10, 13), (9, 15), (11, 12), (2, 9), (13, 15), (26, 12), (6, 9), (7, 8), (21, 7)]",34,0,34
288,"(23, 3)","(22, 3)",East,"[((24, 3), 'East', 1)]","['(23, 3)', '(25, 5)', '(29, 9)', '(27, 7)', '(23, 2)']","['(25, 5)', '(27, 7)', '(29, 9)', '(23, 2)', '(24, 3)']","[(23, 4), (4, 9), (17, 3), (27, 13), (3, 13), (5, 10), (8, 9), (14, 13), (9, 8), (17, 12), (2, 2), (11, 5), (19, 9), (11, 14), (13, 8), (6, 2), (18, 1), (1, 15), (15, 14), (6, 11), (16, 13), (7, 10), (18, 10), (21, 9), (26, 14), (22, 10), (3, 6), (5, 3), (17, 5), (19, 2), (9, 1), (3, 15), (5, 12), (14, 15), (17, 14), (9, 10), (11, 7), (2, 4), (1, 8), (13, 10), (6, 4), (26, 7), (7, 3), (18, 3), (21, 2), (6, 13), (16, 15), (7, 12), (18, 12), (22, 3), (20, 15), (22, 12), (27, 8), (3, 8), (5, 5), (14, 8), (17, 7), (9, 3), (19, 4), (5, 14), (9, 12), (11, 9), (13, 3), (1, 10), (13, 12), (6, 6), (26, 9), (7, 5), (18, 5), (21, 4), (7, 14), (18, 14), (22, 5), (3, 1), (22, 14), (12, 13), (3, 10), (5, 7), (14, 10), (17, 9), (9, 5), (11, 2), (24, 15), (23, 13), (28, 9), (9, 14), (1, 3), (13, 5), (15, 2), (24, 5), (10, 15), (1, 12), (13, 14), (25, 13), (7, 7), (18, 7), (29, 13), (22, 7), (3, 3), (14, 3), (17, 2), (12, 15), (3, 12), (5, 9), (14, 12), (23, 15), (9, 7), (11, 4), (27, 15), (10, 8), (1, 5), (13, 7), (6, 1), (16, 3), (24, 7), (1, 14), (26, 13), (2, 13), (25, 15), (7, 9), (18, 9), (20, 3), (29, 15), (22, 9), (21, 11), (23, 8), (3, 5), (5, 2), (14, 5), (17, 4), (3, 14), (14, 14), (4, 13), (9, 9), (8, 13), (10, 10), (1, 7), (13, 9), (19, 13), (16, 5), (7, 2), (24, 9), (18, 2), (2, 15), (25, 8), (18, 11), (20, 5), (22, 2), (6, 15), (21, 13), (23, 10), (3, 7), (5, 4), (14, 7), (9, 2), (5, 13), (4, 15), (27, 10), (10, 3), (13, 2), (8, 15), (10, 12), (1, 9), (19, 15), (2, 8), (16, 7), (7, 4), (18, 4), (25, 10), (6, 8), (20, 7), (22, 4), (21, 6), (12, 3), (23, 3), (22, 13), (21, 15), (23, 12), (3, 9), (14, 9), (18, 8), (27, 12), (19, 8), (10, 5), (1, 2), (13, 4), (10, 14), (11, 13), (2, 10), (16, 9), (25, 12), (6, 10), (20, 9), (29, 12), (21, 8), (12, 5), (3, 2), (14, 2), (23, 5), (23, 14), (3, 11), (27, 14), (17, 13), (19, 10), (10, 7), (1, 4), (28, 13), (2, 3), (1, 13), (11, 15), (2, 12), (25, 14), (6, 3), (21, 1), (15, 15), (6, 12), (26, 15), (22, 8), (21, 10), (12, 7), (3, 4), (14, 4), (4, 3), (29, 14), (23, 7), (8, 3), (19, 3), (17, 15), (19, 12), (10, 9), (9, 11), (11, 8), (2, 5), (28, 15), (25, 7), (2, 14), (26, 8), (6, 5), (21, 3), (6, 14), (20, 13), (7, 13), (18, 13), (12, 9), (21, 12), (23, 9), (4, 5), (27, 9), (17, 8), (8, 5), (10, 2), (9, 4), (19, 5), (5, 15), (19, 14), (9, 13), (11, 10), (2, 7), (25, 9), (15, 1), (13, 13), (24, 13), (6, 7), (26, 10), (18, 6), (21, 5), (7, 15), (18, 15), (21, 14), (4, 7), (22, 15), (27, 11), (5, 8), (8, 7), (10, 4), (9, 6), (11, 3), (17, 10), (19, 7), (10, 13), (9, 15), (11, 12), (2, 9), (13, 15), (26, 12), (6, 9), (7, 8), (21, 7)]",34,0,34
289,"(25, 5)","(24, 5)",East,"[((25, 4), 'South', 1), ((26, 5), 'East', 1)]","['(25, 5)', '(27, 7)', '(29, 9)', '(23, 2)', '(24, 3)']","['(27, 7)', '(23, 2)', '(29, 9)', '(24, 3)', '(25, 4)', '(26, 5)']","[(23, 4), (4, 9), (17, 3), (27, 13), (3, 13), (5, 10), (8, 9), (14, 13), (9, 8), (17, 12), (2, 2), (11, 5), (19, 9), (11, 14), (13, 8), (6, 2), (18, 1), (1, 15), (15, 14), (6, 11), (16, 13), (7, 10), (18, 10), (21, 9), (26, 14), (22, 10), (3, 6), (5, 3), (17, 5), (19, 2), (9, 1), (3, 15), (5, 12), (14, 15), (17, 14), (9, 10), (11, 7), (2, 4), (1, 8), (13, 10), (6, 4), (26, 7), (7, 3), (18, 3), (21, 2), (6, 13), (16, 15), (7, 12), (18, 12), (22, 3), (20, 15), (22, 12), (27, 8), (3, 8), (5, 5), (14, 8), (17, 7), (9, 3), (19, 4), (5, 14), (9, 12), (11, 9), (13, 3), (1, 10), (13, 12), (6, 6), (26, 9), (7, 5), (18, 5), (21, 4), (7, 14), (18, 14), (22, 5), (3, 1), (22, 14), (12, 13), (3, 10), (5, 7), (14, 10), (17, 9), (9, 5), (11, 2), (24, 15), (23, 13), (28, 9), (9, 14), (1, 3), (13, 5), (15, 2), (24, 5), (10, 15), (1, 12), (13, 14), (25, 13), (7, 7), (18, 7), (29, 13), (22, 7), (3, 3), (14, 3), (17, 2), (12, 15), (3, 12), (5, 9), (14, 12), (23, 15), (9, 7), (11, 4), (27, 15), (10, 8), (1, 5), (13, 7), (6, 1), (16, 3), (24, 7), (1, 14), (26, 13), (2, 13), (25, 15), (7, 9), (18, 9), (20, 3), (29, 15), (22, 9), (21, 11), (23, 8), (3, 5), (5, 2), (14, 5), (17, 4), (3, 14), (14, 14), (4, 13), (9, 9), (8, 13), (10, 10), (1, 7), (13, 9), (19, 13), (16, 5), (7, 2), (24, 9), (18, 2), (2, 15), (25, 8), (18, 11), (20, 5), (22, 2), (6, 15), (21, 13), (23, 10), (3, 7), (5, 4), (14, 7), (9, 2), (5, 13), (4, 15), (27, 10), (10, 3), (13, 2), (8, 15), (10, 12), (1, 9), (19, 15), (2, 8), (16, 7), (7, 4), (18, 4), (25, 10), (6, 8), (20, 7), (22, 4), (21, 6), (12, 3), (23, 3), (22, 13), (21, 15), (23, 12), (3, 9), (14, 9), (18, 8), (27, 12), (19, 8), (10, 5), (1, 2), (13, 4), (10, 14), (11, 13), (2, 10), (16, 9), (25, 12), (6, 10), (20, 9), (29, 12), (21, 8), (12, 5), (3, 2), (14, 2), (23, 5), (23, 14), (3, 11), (27, 14), (17, 13), (19, 10), (10, 7), (1, 4), (28, 13), (2, 3), (25, 5), (1, 13), (11, 15), (2, 12), (25, 14), (6, 3), (21, 1), (15, 15), (6, 12), (26, 15), (22, 8), (21, 10), (12, 7), (3, 4), (14, 4), (4, 3), (29, 14), (23, 7), (8, 3), (19, 3), (17, 15), (19, 12), (10, 9), (9, 11), (11, 8), (2, 5), (28, 15), (25, 7), (2, 14), (26, 8), (6, 5), (21, 3), (6, 14), (20, 13), (7, 13), (18, 13), (12, 9), (21, 12), (23, 9), (4, 5), (27, 9), (17, 8), (8, 5), (10, 2), (9, 4), (19, 5), (5, 15), (19, 14), (9, 13), (11, 10), (2, 7), (25, 9), (15, 1), (13, 13), (24, 13), (6, 7), (26, 10), (18, 6), (21, 5), (7, 15), (18, 15), (21, 14), (4, 7), (22, 15), (27, 11), (5, 8), (8, 7), (10, 4), (9, 6), (11, 3), (17, 10), (19, 7), (10, 13), (9, 15), (11, 12), (2, 9), (13, 15), (26, 12), (6, 9), (7, 8), (21, 7)]",34,0,34
290,"(27, 7)","(26, 7)",East,"[((27, 6), 'South', 1), ((28, 7), 'East', 1)]","['(27, 7)', '(23, 2)', '(29, 9)', '(24, 3)', '(25, 4)', '(26, 5)']","['(29, 9)', '(23, 2)', '(26, 5)', '(24, 3)', '(25, 4)', '(27, 6)', '(28, 7)']","[(23, 4), (4, 9), (17, 3), (27, 13), (3, 13), (5, 10), (8, 9), (14, 13), (9, 8), (17, 12), (2, 2), (11, 5), (19, 9), (11, 14), (13, 8), (6, 2), (18, 1), (1, 15), (15, 14), (6, 11), (16, 13), (7, 10), (18, 10), (21, 9), (26, 14), (22, 10), (3, 6), (5, 3), (17, 5), (19, 2), (9, 1), (3, 15), (5, 12), (14, 15), (17, 14), (9, 10), (11, 7), (2, 4), (1, 8), (13, 10), (6, 4), (26, 7), (7, 3), (18, 3), (21, 2), (6, 13), (16, 15), (7, 12), (18, 12), (22, 3), (20, 15), (22, 12), (27, 8), (3, 8), (5, 5), (14, 8), (17, 7), (9, 3), (19, 4), (5, 14), (9, 12), (11, 9), (13, 3), (1, 10), (13, 12), (6, 6), (26, 9), (7, 5), (18, 5), (21, 4), (7, 14), (18, 14), (22, 5), (3, 1), (22, 14), (12, 13), (3, 10), (5, 7), (14, 10), (17, 9), (9, 5), (11, 2), (24, 15), (23, 13), (28, 9), (9, 14), (1, 3), (13, 5), (15, 2), (24, 5), (10, 15), (1, 12), (13, 14), (25, 13), (7, 7), (18, 7), (29, 13), (22, 7), (3, 3), (14, 3), (17, 2), (12, 15), (3, 12), (5, 9), (14, 12), (23, 15), (9, 7), (11, 4), (27, 15), (10, 8), (1, 5), (13, 7), (6, 1), (16, 3), (24, 7), (1, 14), (26, 13), (2, 13), (25, 15), (7, 9), (18, 9), (20, 3), (29, 15), (22, 9), (21, 11), (23, 8), (3, 5), (5, 2), (14, 5), (17, 4), (3, 14), (14, 14), (4, 13), (9, 9), (8, 13), (10, 10), (1, 7), (13, 9), (19, 13), (16, 5), (7, 2), (24, 9), (18, 2), (2, 15), (25, 8), (18, 11), (20, 5), (22, 2), (6, 15), (21, 13), (23, 10), (3, 7), (5, 4), (14, 7), (9, 2), (5, 13), (4, 15), (27, 10), (10, 3), (13, 2), (8, 15), (10, 12), (1, 9), (19, 15), (2, 8), (16, 7), (7, 4), (18, 4), (25, 10), (6, 8), (20, 7), (22, 4), (21, 6), (12, 3), (23, 3), (22, 13), (21, 15), (23, 12), (3, 9), (14, 9), (18, 8), (27, 12), (19, 8), (10, 5), (1, 2), (13, 4), (10, 14), (11, 13), (2, 10), (16, 9), (25, 12), (6, 10), (20, 9), (29, 12), (21, 8), (12, 5), (3, 2), (14, 2), (23, 5), (23, 14), (3, 11), (27, 14), (17, 13), (19, 10), (10, 7), (1, 4), (28, 13), (2, 3), (25, 5), (1, 13), (11, 15), (2, 12), (25, 14), (6, 3), (21, 1), (15, 15), (6, 12), (26, 15), (22, 8), (21, 10), (12, 7), (3, 4), (14, 4), (4, 3), (29, 14), (23, 7), (27, 7), (8, 3), (19, 3), (17, 15), (19, 12), (10, 9), (9, 11), (11, 8), (2, 5), (28, 15), (25, 7), (2, 14), (26, 8), (6, 5), (21, 3), (6, 14), (20, 13), (7, 13), (18, 13), (12, 9), (21, 12), (23, 9), (4, 5), (27, 9), (17, 8), (8, 5), (10, 2), (9, 4), (19, 5), (5, 15), (19, 14), (9, 13), (11, 10), (2, 7), (25, 9), (15, 1), (13, 13), (24, 13), (6, 7), (26, 10), (18, 6), (21, 5), (7, 15), (18, 15), (21, 14), (4, 7), (22, 15), (27, 11), (5, 8), (8, 7), (10, 4), (9, 6), (11, 3), (17, 10), (19, 7), (10, 13), (9, 15), (11, 12), (2, 9), (13, 15), (26, 12), (6, 9), (7, 8), (21, 7)]",34,0,34
291,"(29, 9)","(28, 9)",East,"[((29, 10), 'North', 1), ((29, 8), 'South', 1)]","['(29, 9)', '(23, 2)', '(26, 5)', '(24, 3)', '(25, 4)', '(27, 6)', '(28, 7)']","['(23, 2)', '(24, 3)', '(26, 5)', '(28, 7)', '(25, 4)', '(27, 6)', '(29, 10)', '(29, 8)']","[(23, 4), (4, 9), (17, 3), (27, 13), (3, 13), (5, 10), (8, 9), (14, 13), (9, 8), (17, 12), (2, 2), (11, 5), (19, 9), (11, 14), (13, 8), (6, 2), (18, 1), (1, 15), (15, 14), (6, 11), (16, 13), (7, 10), (18, 10), (21, 9), (26, 14), (22, 10), (3, 6), (5, 3), (17, 5), (19, 2), (9, 1), (3, 15), (5, 12), (14, 15), (17, 14), (9, 10), (11, 7), (2, 4), (1, 8), (13, 10), (6, 4), (26, 7), (7, 3), (18, 3), (21, 2), (6, 13), (16, 15), (7, 12), (18, 12), (22, 3), (20, 15), (22, 12), (27, 8), (3, 8), (5, 5), (14, 8), (17, 7), (9, 3), (19, 4), (5, 14), (9, 12), (11, 9), (13, 3), (1, 10), (13, 12), (6, 6), (26, 9), (7, 5), (18, 5), (21, 4), (7, 14), (18, 14), (22, 5), (3, 1), (22, 14), (12, 13), (3, 10), (5, 7), (14, 10), (17, 9), (9, 5), (11, 2), (24, 15), (23, 13), (28, 9), (9, 14), (1, 3), (13, 5), (15, 2), (24, 5), (10, 15), (1, 12), (13, 14), (25, 13), (7, 7), (18, 7), (29, 13), (22, 7), (3, 3), (14, 3), (17, 2), (12, 15), (3, 12), (5, 9), (14, 12), (23, 15), (9, 7), (11, 4), (27, 15), (10, 8), (1, 5), (13, 7), (6, 1), (16, 3), (24, 7), (1, 14), (26, 13), (2, 13), (25, 15), (7, 9), (18, 9), (20, 3), (29, 15), (22, 9), (21, 11), (23, 8), (3, 5), (5, 2), (14, 5), (17, 4), (3, 14), (14, 14), (4, 13), (9, 9), (8, 13), (10, 10), (1, 7), (13, 9), (19, 13), (16, 5), (7, 2), (24, 9), (18, 2), (2, 15), (25, 8), (18, 11), (20, 5), (22, 2), (6, 15), (21, 13), (23, 10), (3, 7), (5, 4), (14, 7), (9, 2), (5, 13), (4, 15), (27, 10), (10, 3), (13, 2), (8, 15), (10, 12), (1, 9), (19, 15), (2, 8), (16, 7), (7, 4), (18, 4), (25, 10), (6, 8), (20, 7), (22, 4), (21, 6), (12, 3), (23, 3), (22, 13), (21, 15), (23, 12), (3, 9), (14, 9), (18, 8), (27, 12), (19, 8), (10, 5), (1, 2), (13, 4), (10, 14), (11, 13), (2, 10), (16, 9), (25, 12), (6, 10), (20, 9), (29, 12), (21, 8), (12, 5), (3, 2), (14, 2), (23, 5), (23, 14), (3, 11), (27, 14), (17, 13), (19, 10), (10, 7), (1, 4), (28, 13), (2, 3), (25, 5), (1, 13), (11, 15), (2, 12), (25, 14), (6, 3), (21, 1), (15, 15), (6, 12), (26, 15), (22, 8), (21, 10), (12, 7), (3, 4), (14, 4), (4, 3), (29, 14), (23, 7), (27, 7), (8, 3), (19, 3), (17, 15), (19, 12), (10, 9), (9, 11), (11, 8), (2, 5), (28, 15), (25, 7), (2, 14), (26, 8), (6, 5), (21, 3), (6, 14), (20, 13), (7, 13), (18, 13), (12, 9), (21, 12), (23, 9), (4, 5), (27, 9), (17, 8), (8, 5), (10, 2), (9, 4), (19, 5), (5, 15), (19, 14), (9, 13), (11, 10), (2, 7), (25, 9), (15, 1), (13, 13), (24, 13), (6, 7), (26, 10), (18, 6), (21, 5), (29, 9), (7, 15), (18, 15), (21, 14), (4, 7), (22, 15), (27, 11), (5, 8), (8, 7), (10, 4), (9, 6), (11, 3), (17, 10), (19, 7), (10, 13), (9, 15), (11, 12), (2, 9), (13, 15), (26, 12), (6, 9), (7, 8), (21, 7)]",34,0,34
292,"(23, 2)","(22, 2)",East,[],"['(23, 2)', '(24, 3)', '(26, 5)', '(28, 7)', '(25, 4)', '(27, 6)', '(29, 10)', '(29, 8)']","['(24, 3)', '(25, 4)', '(26, 5)', '(28, 7)', '(29, 8)', '(27, 6)', '(29, 10)']","[(23, 4), (4, 9), (17, 3), (27, 13), (3, 13), (5, 10), (8, 9), (14, 13), (9, 8), (17, 12), (2, 2), (11, 5), (19, 9), (11, 14), (13, 8), (6, 2), (18, 1), (1, 15), (15, 14), (6, 11), (16, 13), (7, 10), (18, 10), (21, 9), (26, 14), (22, 10), (3, 6), (5, 3), (17, 5), (19, 2), (9, 1), (3, 15), (5, 12), (14, 15), (17, 14), (9, 10), (11, 7), (2, 4), (1, 8), (13, 10), (6, 4), (26, 7), (7, 3), (18, 3), (21, 2), (6, 13), (16, 15), (7, 12), (18, 12), (22, 3), (20, 15), (22, 12), (27, 8), (3, 8), (5, 5), (14, 8), (17, 7), (9, 3), (19, 4), (5, 14), (9, 12), (11, 9), (13, 3), (1, 10), (13, 12), (6, 6), (26, 9), (7, 5), (18, 5), (21, 4), (7, 14), (18, 14), (22, 5), (3, 1), (22, 14), (12, 13), (3, 10), (5, 7), (14, 10), (17, 9), (9, 5), (11, 2), (24, 15), (23, 13), (28, 9), (9, 14), (1, 3), (13, 5), (15, 2), (24, 5), (10, 15), (1, 12), (13, 14), (25, 13), (7, 7), (18, 7), (29, 13), (22, 7), (3, 3), (14, 3), (17, 2), (12, 15), (3, 12), (5, 9), (14, 12), (23, 15), (9, 7), (11, 4), (27, 15), (10, 8), (1, 5), (13, 7), (6, 1), (16, 3), (24, 7), (1, 14), (26, 13), (2, 13), (25, 15), (7, 9), (18, 9), (20, 3), (29, 15), (22, 9), (21, 11), (23, 8), (3, 5), (5, 2), (14, 5), (17, 4), (3, 14), (14, 14), (4, 13), (9, 9), (8, 13), (10, 10), (1, 7), (13, 9), (19, 13), (16, 5), (7, 2), (24, 9), (18, 2), (2, 15), (25, 8), (18, 11), (20, 5), (22, 2), (6, 15), (21, 13), (23, 10), (3, 7), (5, 4), (14, 7), (9, 2), (5, 13), (4, 15), (27, 10), (10, 3), (13, 2), (8, 15), (10, 12), (1, 9), (19, 15), (2, 8), (16, 7), (7, 4), (18, 4), (25, 10), (6, 8), (20, 7), (22, 4), (21, 6), (12, 3), (23, 3), (22, 13), (21, 15), (23, 12), (3, 9), (14, 9), (18, 8), (27, 12), (19, 8), (10, 5), (1, 2), (13, 4), (10, 14), (11, 13), (2, 10), (16, 9), (25, 12), (6, 10), (20, 9), (29, 12), (21, 8), (12, 5), (3, 2), (14, 2), (23, 5), (23, 14), (3, 11), (27, 14), (17, 13), (19, 10), (10, 7), (1, 4), (28, 13), (2, 3), (25, 5), (1, 13), (11, 15), (2, 12), (25, 14), (6, 3), (21, 1), (15, 15), (6, 12), (26, 15), (22, 8), (21, 10), (12, 7), (3, 4), (14, 4), (4, 3), (29, 14), (23, 7), (27, 7), (8, 3), (19, 3), (17, 15), (19, 12), (10, 9), (9, 11), (11, 8), (2, 5), (28, 15), (25, 7), (2, 14), (26, 8), (6, 5), (21, 3), (6, 14), (20, 13), (7, 13), (18, 13), (12, 9), (21, 12), (23, 9), (4, 5), (27, 9), (17, 8), (8, 5), (10, 2), (9, 4), (19, 5), (5, 15), (19, 14), (9, 13), (11, 10), (2, 7), (25, 9), (15, 1), (13, 13), (24, 13), (6, 7), (26, 10), (18, 6), (21, 5), (29, 9), (23, 2), (7, 15), (18, 15), (21, 14), (4, 7), (22, 15), (27, 11), (5, 8), (8, 7), (10, 4), (9, 6), (11, 3), (17, 10), (19, 7), (10, 13), (9, 15), (11, 12), (2, 9), (13, 15), (26, 12), (6, 9), (7, 8), (21, 7)]",35,0,35
293,"(24, 3)","(23, 3)",East,"[((25, 3), 'East', 1)]","['(24, 3)', '(25, 4)', '(26, 5)', '(28, 7)', '(29, 8)', '(27, 6)', '(29, 10)']","['(25, 4)', '(28, 7)', '(26, 5)', '(29, 10)', '(29, 8)', '(27, 6)', '(25, 3)']","[(23, 4), (4, 9), (17, 3), (27, 13), (3, 13), (5, 10), (8, 9), (14, 13), (9, 8), (17, 12), (2, 2), (11, 5), (19, 9), (11, 14), (13, 8), (6, 2), (18, 1), (1, 15), (15, 14), (6, 11), (16, 13), (7, 10), (18, 10), (21, 9), (26, 14), (22, 10), (3, 6), (5, 3), (17, 5), (19, 2), (9, 1), (3, 15), (5, 12), (14, 15), (17, 14), (9, 10), (11, 7), (2, 4), (1, 8), (13, 10), (6, 4), (26, 7), (7, 3), (18, 3), (21, 2), (6, 13), (16, 15), (7, 12), (18, 12), (22, 3), (20, 15), (22, 12), (27, 8), (3, 8), (5, 5), (14, 8), (17, 7), (9, 3), (19, 4), (5, 14), (9, 12), (11, 9), (13, 3), (24, 3), (1, 10), (13, 12), (6, 6), (26, 9), (7, 5), (18, 5), (21, 4), (7, 14), (18, 14), (22, 5), (3, 1), (22, 14), (12, 13), (3, 10), (5, 7), (14, 10), (17, 9), (9, 5), (11, 2), (24, 15), (23, 13), (28, 9), (9, 14), (1, 3), (13, 5), (15, 2), (24, 5), (10, 15), (1, 12), (13, 14), (25, 13), (7, 7), (18, 7), (29, 13), (22, 7), (3, 3), (14, 3), (17, 2), (12, 15), (3, 12), (5, 9), (14, 12), (23, 15), (9, 7), (11, 4), (27, 15), (10, 8), (1, 5), (13, 7), (6, 1), (16, 3), (24, 7), (1, 14), (26, 13), (2, 13), (25, 15), (7, 9), (18, 9), (20, 3), (29, 15), (22, 9), (21, 11), (23, 8), (3, 5), (5, 2), (14, 5), (17, 4), (3, 14), (14, 14), (4, 13), (9, 9), (8, 13), (10, 10), (1, 7), (13, 9), (19, 13), (16, 5), (7, 2), (24, 9), (18, 2), (2, 15), (25, 8), (18, 11), (20, 5), (22, 2), (6, 15), (21, 13), (23, 10), (3, 7), (5, 4), (14, 7), (9, 2), (5, 13), (4, 15), (27, 10), (10, 3), (13, 2), (8, 15), (10, 12), (1, 9), (19, 15), (2, 8), (16, 7), (7, 4), (18, 4), (25, 10), (6, 8), (20, 7), (22, 4), (21, 6), (12, 3), (23, 3), (22, 13), (21, 15), (23, 12), (3, 9), (14, 9), (18, 8), (27, 12), (19, 8), (10, 5), (1, 2), (13, 4), (10, 14), (11, 13), (2, 10), (16, 9), (25, 12), (6, 10), (20, 9), (29, 12), (21, 8), (12, 5), (3, 2), (14, 2), (23, 5), (23, 14), (3, 11), (27, 14), (17, 13), (19, 10), (10, 7), (1, 4), (28, 13), (2, 3), (25, 5), (1, 13), (11, 15), (2, 12), (25, 14), (6, 3), (21, 1), (15, 15), (6, 12), (26, 15), (22, 8), (21, 10), (12, 7), (3, 4), (14, 4), (4, 3), (29, 14), (23, 7), (27, 7), (8, 3), (19, 3), (17, 15), (19, 12), (10, 9), (9, 11), (11, 8), (2, 5), (28, 15), (25, 7), (2, 14), (26, 8), (6, 5), (21, 3), (6, 14), (20, 13), (7, 13), (18, 13), (12, 9), (21, 12), (23, 9), (4, 5), (27, 9), (17, 8), (8, 5), (10, 2), (9, 4), (19, 5), (5, 15), (19, 14), (9, 13), (11, 10), (2, 7), (25, 9), (15, 1), (13, 13), (24, 13), (6, 7), (26, 10), (18, 6), (21, 5), (29, 9), (23, 2), (7, 15), (18, 15), (21, 14), (4, 7), (22, 15), (27, 11), (5, 8), (8, 7), (10, 4), (9, 6), (11, 3), (17, 10), (19, 7), (10, 13), (9, 15), (11, 12), (2, 9), (13, 15), (26, 12), (6, 9), (7, 8), (21, 7)]",35,0,35
294,"(25, 4)","(25, 5)",South,"[((26, 4), 'East', 1)]","['(25, 4)', '(28, 7)', '(26, 5)', '(29, 10)', '(29, 8)', '(27, 6)', '(25, 3)']","['(26, 5)', '(28, 7)', '(27, 6)', '(29, 10)', '(29, 8)', '(25, 3)', '(26, 4)']","[(23, 4), (4, 9), (17, 3), (27, 13), (3, 13), (5, 10), (8, 9), (14, 13), (9, 8), (17, 12), (2, 2), (11, 5), (19, 9), (11, 14), (13, 8), (6, 2), (18, 1), (1, 15), (15, 14), (6, 11), (16, 13), (7, 10), (18, 10), (21, 9), (26, 14), (22, 10), (3, 6), (5, 3), (17, 5), (19, 2), (9, 1), (3, 15), (5, 12), (14, 15), (17, 14), (9, 10), (11, 7), (2, 4), (1, 8), (13, 10), (6, 4), (26, 7), (7, 3), (18, 3), (21, 2), (6, 13), (16, 15), (7, 12), (18, 12), (22, 3), (20, 15), (22, 12), (27, 8), (3, 8), (5, 5), (14, 8), (17, 7), (9, 3), (19, 4), (5, 14), (9, 12), (11, 9), (13, 3), (24, 3), (1, 10), (13, 12), (6, 6), (26, 9), (7, 5), (18, 5), (21, 4), (7, 14), (18, 14), (22, 5), (3, 1), (22, 14), (12, 13), (3, 10), (5, 7), (14, 10), (17, 9), (9, 5), (11, 2), (24, 15), (23, 13), (28, 9), (9, 14), (1, 3), (13, 5), (15, 2), (24, 5), (10, 15), (1, 12), (13, 14), (25, 13), (25, 4), (7, 7), (18, 7), (29, 13), (22, 7), (3, 3), (14, 3), (17, 2), (12, 15), (3, 12), (5, 9), (14, 12), (23, 15), (9, 7), (11, 4), (27, 15), (10, 8), (1, 5), (13, 7), (6, 1), (16, 3), (24, 7), (1, 14), (26, 13), (2, 13), (25, 15), (7, 9), (18, 9), (20, 3), (29, 15), (22, 9), (21, 11), (23, 8), (3, 5), (5, 2), (14, 5), (17, 4), (3, 14), (14, 14), (4, 13), (9, 9), (8, 13), (10, 10), (1, 7), (13, 9), (19, 13), (16, 5), (7, 2), (24, 9), (18, 2), (2, 15), (25, 8), (18, 11), (20, 5), (22, 2), (6, 15), (21, 13), (23, 10), (3, 7), (5, 4), (14, 7), (9, 2), (5, 13), (4, 15), (27, 10), (10, 3), (13, 2), (8, 15), (10, 12), (1, 9), (19, 15), (2, 8), (16, 7), (7, 4), (18, 4), (25, 10), (6, 8), (20, 7), (22, 4), (21, 6), (12, 3), (23, 3), (22, 13), (21, 15), (23, 12), (3, 9), (14, 9), (18, 8), (27, 12), (19, 8), (10, 5), (1, 2), (13, 4), (10, 14), (11, 13), (2, 10), (16, 9), (25, 12), (6, 10), (20, 9), (29, 12), (21, 8), (12, 5), (3, 2), (14, 2), (23, 5), (23, 14), (3, 11), (27, 14), (17, 13), (19, 10), (10, 7), (1, 4), (28, 13), (2, 3), (25, 5), (1, 13), (11, 15), (2, 12), (25, 14), (6, 3), (21, 1), (15, 15), (6, 12), (26, 15), (22, 8), (21, 10), (12, 7), (3, 4), (14, 4), (4, 3), (29, 14), (23, 7), (27, 7), (8, 3), (19, 3), (17, 15), (19, 12), (10, 9), (9, 11), (11, 8), (2, 5), (28, 15), (25, 7), (2, 14), (26, 8), (6, 5), (21, 3), (6, 14), (20, 13), (7, 13), (18, 13), (12, 9), (21, 12), (23, 9), (4, 5), (27, 9), (17, 8), (8, 5), (10, 2), (9, 4), (19, 5), (5, 15), (19, 14), (9, 13), (11, 10), (2, 7), (25, 9), (15, 1), (13, 13), (24, 13), (6, 7), (26, 10), (18, 6), (21, 5), (29, 9), (23, 2), (7, 15), (18, 15), (21, 14), (4, 7), (22, 15), (27, 11), (5, 8), (8, 7), (10, 4), (9, 6), (11, 3), (17, 10), (19, 7), (10, 13), (9, 15), (11, 12), (2, 9), (13, 15), (26, 12), (6, 9), (7, 8), (21, 7)]",35,0,35
295,"(26, 5)","(25, 5)",East,"[((27, 5), 'East', 1)]","['(26, 5)', '(28, 7)', '(27, 6)', '(29, 10)', '(29, 8)', '(25, 3)', '(26, 4)']","['(27, 6)', '(28, 7)', '(25, 3)', '(29, 10)', '(29, 8)', '(26, 4)', '(27, 5)']","[(23, 4), (4, 9), (17, 3), (27, 13), (3, 13), (5, 10), (8, 9), (14, 13), (9, 8), (17, 12), (2, 2), (11, 5), (19, 9), (11, 14), (13, 8), (26, 5), (6, 2), (18, 1), (1, 15), (15, 14), (6, 11), (16, 13), (7, 10), (18, 10), (21, 9), (26, 14), (22, 10), (3, 6), (5, 3), (17, 5), (19, 2), (9, 1), (3, 15), (5, 12), (14, 15), (17, 14), (9, 10), (11, 7), (2, 4), (1, 8), (13, 10), (6, 4), (26, 7), (7, 3), (18, 3), (21, 2), (6, 13), (16, 15), (7, 12), (18, 12), (22, 3), (20, 15), (22, 12), (27, 8), (3, 8), (5, 5), (14, 8), (17, 7), (9, 3), (19, 4), (5, 14), (9, 12), (11, 9), (13, 3), (24, 3), (1, 10), (13, 12), (6, 6), (26, 9), (7, 5), (18, 5), (21, 4), (7, 14), (18, 14), (22, 5), (3, 1), (22, 14), (12, 13), (3, 10), (5, 7), (14, 10), (17, 9), (9, 5), (11, 2), (24, 15), (23, 13), (28, 9), (9, 14), (1, 3), (13, 5), (15, 2), (24, 5), (10, 15), (1, 12), (13, 14), (25, 13), (25, 4), (7, 7), (18, 7), (29, 13), (22, 7), (3, 3), (14, 3), (17, 2), (12, 15), (3, 12), (5, 9), (14, 12), (23, 15), (9, 7), (11, 4), (27, 15), (10, 8), (1, 5), (13, 7), (6, 1), (16, 3), (24, 7), (1, 14), (26, 13), (2, 13), (25, 15), (7, 9), (18, 9), (20, 3), (29, 15), (22, 9), (21, 11), (23, 8), (3, 5), (5, 2), (14, 5), (17, 4), (3, 14), (14, 14), (4, 13), (9, 9), (8, 13), (10, 10), (1, 7), (13, 9), (19, 13), (16, 5), (7, 2), (24, 9), (18, 2), (2, 15), (25, 8), (18, 11), (20, 5), (22, 2), (6, 15), (21, 13), (23, 10), (3, 7), (5, 4), (14, 7), (9, 2), (5, 13), (4, 15), (27, 10), (10, 3), (13, 2), (8, 15), (10, 12), (1, 9), (19, 15), (2, 8), (16, 7), (7, 4), (18, 4), (25, 10), (6, 8), (20, 7), (22, 4), (21, 6), (12, 3), (23, 3), (22, 13), (21, 15), (23, 12), (3, 9), (14, 9), (18, 8), (27, 12), (19, 8), (10, 5), (1, 2), (13, 4), (10, 14), (11, 13), (2, 10), (16, 9), (25, 12), (6, 10), (20, 9), (29, 12), (21, 8), (12, 5), (3, 2), (14, 2), (23, 5), (23, 14), (3, 11), (27, 14), (17, 13), (19, 10), (10, 7), (1, 4), (28, 13), (2, 3), (25, 5), (1, 13), (11, 15), (2, 12), (25, 14), (6, 3), (21, 1), (15, 15), (6, 12), (26, 15), (22, 8), (21, 10), (12, 7), (3, 4), (14, 4), (4, 3), (29, 14), (23, 7), (27, 7), (8, 3), (19, 3), (17, 15), (19, 12), (10, 9), (9, 11), (11, 8), (2, 5), (28, 15), (25, 7), (2, 14), (26, 8), (6, 5), (21, 3), (6, 14), (20, 13), (7, 13), (18, 13), (12, 9), (21, 12), (23, 9), (4, 5), (27, 9), (17, 8), (8, 5), (10, 2), (9, 4), (19, 5), (5, 15), (19, 14), (9, 13), (11, 10), (2, 7), (25, 9), (15, 1), (13, 13), (24, 13), (6, 7), (26, 10), (18, 6), (21, 5), (29, 9), (23, 2), (7, 15), (18, 15), (21, 14), (4, 7), (22, 15), (27, 11), (5, 8), (8, 7), (10, 4), (9, 6), (11, 3), (17, 10), (19, 7), (10, 13), (9, 15), (11, 12), (2, 9), (13, 15), (26, 12), (6, 9), (7, 8), (21, 7)]",35,0,35
296,"(27, 6)","(27, 7)",South,[],"['(27, 6)', '(28, 7)', '(25, 3)', '(29, 10)', '(29, 8)', '(26, 4)', '(27, 5)']","['(28, 7)', '(29, 10)', '(25, 3)', '(27, 5)', '(29, 8)', '(26, 4)']","[(23, 4), (4, 9), (17, 3), (27, 13), (3, 13), (5, 10), (8, 9), (14, 13), (9, 8), (17, 12), (2, 2), (11, 5), (19, 9), (11, 14), (13, 8), (26, 5), (6, 2), (18, 1), (1, 15), (15, 14), (6, 11), (16, 13), (7, 10), (18, 10), (21, 9), (26, 14), (22, 10), (27, 6), (3, 6), (5, 3), (17, 5), (19, 2), (9, 1), (3, 15), (5, 12), (14, 15), (17, 14), (9, 10), (11, 7), (2, 4), (1, 8), (13, 10), (6, 4), (26, 7), (7, 3), (18, 3), (21, 2), (6, 13), (16, 15), (7, 12), (18, 12), (22, 3), (20, 15), (22, 12), (27, 8), (3, 8), (5, 5), (14, 8), (17, 7), (9, 3), (19, 4), (5, 14), (9, 12), (11, 9), (13, 3), (24, 3), (1, 10), (13, 12), (6, 6), (26, 9), (7, 5), (18, 5), (21, 4), (7, 14), (18, 14), (22, 5), (3, 1), (22, 14), (12, 13), (3, 10), (5, 7), (14, 10), (17, 9), (9, 5), (11, 2), (24, 15), (23, 13), (28, 9), (9, 14), (1, 3), (13, 5), (15, 2), (24, 5), (10, 15), (1, 12), (13, 14), (25, 13), (25, 4), (7, 7), (18, 7), (29, 13), (22, 7), (3, 3), (14, 3), (17, 2), (12, 15), (3, 12), (5, 9), (14, 12), (23, 15), (9, 7), (11, 4), (27, 15), (10, 8), (1, 5), (13, 7), (6, 1), (16, 3), (24, 7), (1, 14), (26, 13), (2, 13), (25, 15), (7, 9), (18, 9), (20, 3), (29, 15), (22, 9), (21, 11), (23, 8), (3, 5), (5, 2), (14, 5), (17, 4), (3, 14), (14, 14), (4, 13), (9, 9), (8, 13), (10, 10), (1, 7), (13, 9), (19, 13), (16, 5), (7, 2), (24, 9), (18, 2), (2, 15), (25, 8), (18, 11), (20, 5), (22, 2), (6, 15), (21, 13), (23, 10), (3, 7), (5, 4), (14, 7), (9, 2), (5, 13), (4, 15), (27, 10), (10, 3), (13, 2), (8, 15), (10, 12), (1, 9), (19, 15), (2, 8), (16, 7), (7, 4), (18, 4), (25, 10), (6, 8), (20, 7), (22, 4), (21, 6), (12, 3), (23, 3), (22, 13), (21, 15), (23, 12), (3, 9), (14, 9), (18, 8), (27, 12), (19, 8), (10, 5), (1, 2), (13, 4), (10, 14), (11, 13), (2, 10), (16, 9), (25, 12), (6, 10), (20, 9), (29, 12), (21, 8), (12, 5), (3, 2), (14, 2), (23, 5), (23, 14), (3, 11), (27, 14), (17, 13), (19, 10), (10, 7), (1, 4), (28, 13), (2, 3), (25, 5), (1, 13), (11, 15), (2, 12), (25, 14), (6, 3), (21, 1), (15, 15), (6, 12), (26, 15), (22, 8), (21, 10), (12, 7), (3, 4), (14, 4), (4, 3), (29, 14), (23, 7), (27, 7), (8, 3), (19, 3), (17, 15), (19, 12), (10, 9), (9, 11), (11, 8), (2, 5), (28, 15), (25, 7), (2, 14), (26, 8), (6, 5), (21, 3), (6, 14), (20, 13), (7, 13), (18, 13), (12, 9), (21, 12), (23, 9), (4, 5), (27, 9), (17, 8), (8, 5), (10, 2), (9, 4), (19, 5), (5, 15), (19, 14), (9, 13), (11, 10), (2, 7), (25, 9), (15, 1), (13, 13), (24, 13), (6, 7), (26, 10), (18, 6), (21, 5), (29, 9), (23, 2), (7, 15), (18, 15), (21, 14), (4, 7), (22, 15), (27, 11), (5, 8), (8, 7), (10, 4), (9, 6), (11, 3), (17, 10), (19, 7), (10, 13), (9, 15), (11, 12), (2, 9), (13, 15), (26, 12), (6, 9), (7, 8), (21, 7)]",35,0,35
297,"(28, 7)","(27, 7)",East,"[((29, 7), 'East', 1)]","['(28, 7)', '(29, 10)', '(25, 3)', '(27, 5)', '(29, 8)', '(26, 4)']","['(29, 10)', '(29, 8)', '(25, 3)', '(27, 5)', '(26, 4)', '(29, 7)']","[(23, 4), (4, 9), (17, 3), (27, 13), (3, 13), (5, 10), (8, 9), (14, 13), (9, 8), (17, 12), (2, 2), (11, 5), (19, 9), (11, 14), (13, 8), (26, 5), (6, 2), (18, 1), (1, 15), (15, 14), (6, 11), (16, 13), (7, 10), (18, 10), (21, 9), (26, 14), (22, 10), (27, 6), (3, 6), (5, 3), (17, 5), (19, 2), (9, 1), (3, 15), (5, 12), (14, 15), (17, 14), (9, 10), (11, 7), (2, 4), (1, 8), (13, 10), (6, 4), (26, 7), (7, 3), (18, 3), (21, 2), (6, 13), (16, 15), (7, 12), (18, 12), (22, 3), (20, 15), (22, 12), (27, 8), (3, 8), (5, 5), (14, 8), (17, 7), (9, 3), (19, 4), (5, 14), (28, 7), (9, 12), (11, 9), (13, 3), (24, 3), (1, 10), (13, 12), (6, 6), (26, 9), (7, 5), (18, 5), (21, 4), (7, 14), (18, 14), (22, 5), (3, 1), (22, 14), (12, 13), (3, 10), (5, 7), (14, 10), (17, 9), (9, 5), (11, 2), (24, 15), (23, 13), (28, 9), (9, 14), (1, 3), (13, 5), (15, 2), (24, 5), (10, 15), (1, 12), (13, 14), (25, 13), (25, 4), (7, 7), (18, 7), (29, 13), (22, 7), (3, 3), (14, 3), (17, 2), (12, 15), (3, 12), (5, 9), (14, 12), (23, 15), (9, 7), (11, 4), (27, 15), (10, 8), (1, 5), (13, 7), (6, 1), (16, 3), (24, 7), (1, 14), (26, 13), (2, 13), (25, 15), (7, 9), (18, 9), (20, 3), (29, 15), (22, 9), (21, 11), (23, 8), (3, 5), (5, 2), (14, 5), (17, 4), (3, 14), (14, 14), (4, 13), (9, 9), (8, 13), (10, 10), (1, 7), (13, 9), (19, 13), (16, 5), (7, 2), (24, 9), (18, 2), (2, 15), (25, 8), (18, 11), (20, 5), (22, 2), (6, 15), (21, 13), (23, 10), (3, 7), (5, 4), (14, 7), (9, 2), (5, 13), (4, 15), (27, 10), (10, 3), (13, 2), (8, 15), (10, 12), (1, 9), (19, 15), (2, 8), (16, 7), (7, 4), (18, 4), (25, 10), (6, 8), (20, 7), (22, 4), (21, 6), (12, 3), (23, 3), (22, 13), (21, 15), (23, 12), (3, 9), (14, 9), (18, 8), (27, 12), (19, 8), (10, 5), (1, 2), (13, 4), (10, 14), (11, 13), (2, 10), (16, 9), (25, 12), (6, 10), (20, 9), (29, 12), (21, 8), (12, 5), (3, 2), (14, 2), (23, 5), (23, 14), (3, 11), (27, 14), (17, 13), (19, 10), (10, 7), (1, 4), (28, 13), (2, 3), (25, 5), (1, 13), (11, 15), (2, 12), (25, 14), (6, 3), (21, 1), (15, 15), (6, 12), (26, 15), (22, 8), (21, 10), (12, 7), (3, 4), (14, 4), (4, 3), (29, 14), (23, 7), (27, 7), (8, 3), (19, 3), (17, 15), (19, 12), (10, 9), (9, 11), (11, 8), (2, 5), (28, 15), (25, 7), (2, 14), (26, 8), (6, 5), (21, 3), (6, 14), (20, 13), (7, 13), (18, 13), (12, 9), (21, 12), (23, 9), (4, 5), (27, 9), (17, 8), (8, 5), (10, 2), (9, 4), (19, 5), (5, 15), (19, 14), (9, 13), (11, 10), (2, 7), (25, 9), (15, 1), (13, 13), (24, 13), (6, 7), (26, 10), (18, 6), (21, 5), (29, 9), (23, 2), (7, 15), (18, 15), (21, 14), (4, 7), (22, 15), (27, 11), (5, 8), (8, 7), (10, 4), (9, 6), (11, 3), (17, 10), (19, 7), (10, 13), (9, 15), (11, 12), (2, 9), (13, 15), (26, 12), (6, 9), (7, 8), (21, 7)]",35,0,35
298,"(29, 10)","(29, 9)",North,[],"['(29, 10)', '(29, 8)', '(25, 3)', '(27, 5)', '(26, 4)', '(29, 7)']","['(29, 8)', '(26, 4)', '(25, 3)', '(27, 5)', '(29, 7)']","[(23, 4), (4, 9), (17, 3), (27, 13), (3, 13), (5, 10), (8, 9), (14, 13), (9, 8), (17, 12), (2, 2), (11, 5), (19, 9), (11, 14), (13, 8), (26, 5), (6, 2), (18, 1), (1, 15), (15, 14), (6, 11), (16, 13), (7, 10), (18, 10), (21, 9), (26, 14), (22, 10), (27, 6), (3, 6), (5, 3), (17, 5), (19, 2), (9, 1), (3, 15), (5, 12), (14, 15), (17, 14), (9, 10), (11, 7), (2, 4), (1, 8), (13, 10), (6, 4), (26, 7), (7, 3), (18, 3), (21, 2), (6, 13), (16, 15), (7, 12), (18, 12), (22, 3), (20, 15), (22, 12), (27, 8), (3, 8), (5, 5), (14, 8), (17, 7), (9, 3), (19, 4), (5, 14), (28, 7), (9, 12), (11, 9), (13, 3), (24, 3), (1, 10), (13, 12), (6, 6), (26, 9), (7, 5), (18, 5), (21, 4), (7, 14), (18, 14), (22, 5), (3, 1), (22, 14), (12, 13), (3, 10), (5, 7), (14, 10), (17, 9), (9, 5), (11, 2), (24, 15), (23, 13), (28, 9), (9, 14), (1, 3), (13, 5), (15, 2), (24, 5), (10, 15), (1, 12), (13, 14), (25, 13), (25, 4), (7, 7), (18, 7), (29, 13), (22, 7), (3, 3), (14, 3), (17, 2), (12, 15), (3, 12), (5, 9), (14, 12), (23, 15), (9, 7), (11, 4), (27, 15), (10, 8), (1, 5), (13, 7), (6, 1), (16, 3), (24, 7), (1, 14), (26, 13), (2, 13), (25, 15), (7, 9), (18, 9), (20, 3), (29, 15), (22, 9), (21, 11), (23, 8), (3, 5), (5, 2), (14, 5), (17, 4), (3, 14), (14, 14), (4, 13), (9, 9), (8, 13), (10, 10), (1, 7), (13, 9), (19, 13), (16, 5), (7, 2), (24, 9), (18, 2), (2, 15), (25, 8), (18, 11), (20, 5), (22, 2), (6, 15), (21, 13), (23, 10), (3, 7), (5, 4), (14, 7), (9, 2), (5, 13), (4, 15), (27, 10), (10, 3), (13, 2), (8, 15), (10, 12), (1, 9), (19, 15), (2, 8), (16, 7), (7, 4), (18, 4), (25, 10), (6, 8), (20, 7), (22, 4), (21, 6), (12, 3), (23, 3), (29, 10), (22, 13), (21, 15), (23, 12), (3, 9), (14, 9), (18, 8), (27, 12), (19, 8), (10, 5), (1, 2), (13, 4), (10, 14), (11, 13), (2, 10), (16, 9), (25, 12), (6, 10), (20, 9), (29, 12), (21, 8), (12, 5), (3, 2), (14, 2), (23, 5), (23, 14), (3, 11), (27, 14), (17, 13), (19, 10), (10, 7), (1, 4), (28, 13), (2, 3), (25, 5), (1, 13), (11, 15), (2, 12), (25, 14), (6, 3), (21, 1), (15, 15), (6, 12), (26, 15), (22, 8), (21, 10), (12, 7), (3, 4), (14, 4), (4, 3), (29, 14), (23, 7), (27, 7), (8, 3), (19, 3), (17, 15), (19, 12), (10, 9), (9, 11), (11, 8), (2, 5), (28, 15), (25, 7), (2, 14), (26, 8), (6, 5), (21, 3), (6, 14), (20, 13), (7, 13), (18, 13), (12, 9), (21, 12), (23, 9), (4, 5), (27, 9), (17, 8), (8, 5), (10, 2), (9, 4), (19, 5), (5, 15), (19, 14), (9, 13), (11, 10), (2, 7), (25, 9), (15, 1), (13, 13), (24, 13), (6, 7), (26, 10), (18, 6), (21, 5), (29, 9), (23, 2), (7, 15), (18, 15), (21, 14), (4, 7), (22, 15), (27, 11), (5, 8), (8, 7), (10, 4), (9, 6), (11, 3), (17, 10), (19, 7), (10, 13), (9, 15), (11, 12), (2, 9), (13, 15), (26, 12), (6, 9), (7, 8), (21, 7)]",35,0,35
299,"(29, 8)","(29, 9)",South,[],"['(29, 8)', '(26, 4)', '(25, 3)', '(27, 5)', '(29, 7)']","['(25, 3)', '(26, 4)', '(29, 7)', '(27, 5)']","[(23, 4), (4, 9), (17, 3), (27, 13), (3, 13), (5, 10), (8, 9), (14, 13), (9, 8), (17, 12), (2, 2), (11, 5), (19, 9), (11, 14), (13, 8), (26, 5), (6, 2), (18, 1), (1, 15), (15, 14), (6, 11), (16, 13), (7, 10), (18, 10), (21, 9), (26, 14), (22, 10), (27, 6), (3, 6), (5, 3), (17, 5), (19, 2), (9, 1), (3, 15), (5, 12), (14, 15), (17, 14), (9, 10), (11, 7), (2, 4), (1, 8), (13, 10), (6, 4), (26, 7), (7, 3), (18, 3), (21, 2), (6, 13), (16, 15), (7, 12), (18, 12), (22, 3), (20, 15), (22, 12), (27, 8), (3, 8), (5, 5), (14, 8), (17, 7), (9, 3), (19, 4), (5, 14), (28, 7), (9, 12), (11, 9), (13, 3), (24, 3), (1, 10), (13, 12), (6, 6), (26, 9), (7, 5), (18, 5), (21, 4), (7, 14), (18, 14), (22, 5), (3, 1), (22, 14), (12, 13), (3, 10), (5, 7), (14, 10), (17, 9), (9, 5), (11, 2), (24, 15), (23, 13), (28, 9), (9, 14), (1, 3), (13, 5), (15, 2), (24, 5), (10, 15), (1, 12), (13, 14), (25, 13), (25, 4), (7, 7), (18, 7), (29, 13), (22, 7), (3, 3), (14, 3), (17, 2), (12, 15), (3, 12), (5, 9), (14, 12), (23, 15), (9, 7), (11, 4), (27, 15), (10, 8), (1, 5), (13, 7), (6, 1), (16, 3), (24, 7), (1, 14), (26, 13), (2, 13), (25, 15), (7, 9), (18, 9), (20, 3), (29, 15), (22, 9), (21, 11), (23, 8), (3, 5), (5, 2), (14, 5), (17, 4), (3, 14), (14, 14), (4, 13), (9, 9), (8, 13), (10, 10), (1, 7), (13, 9), (19, 13), (16, 5), (7, 2), (24, 9), (18, 2), (2, 15), (25, 8), (18, 11), (29, 8), (20, 5), (22, 2), (6, 15), (21, 13), (23, 10), (3, 7), (5, 4), (14, 7), (9, 2), (5, 13), (4, 15), (27, 10), (10, 3), (13, 2), (8, 15), (10, 12), (1, 9), (19, 15), (2, 8), (16, 7), (7, 4), (18, 4), (25, 10), (6, 8), (20, 7), (22, 4), (21, 6), (12, 3), (23, 3), (29, 10), (22, 13), (21, 15), (23, 12), (3, 9), (14, 9), (18, 8), (27, 12), (19, 8), (10, 5), (1, 2), (13, 4), (10, 14), (11, 13), (2, 10), (16, 9), (25, 12), (6, 10), (20, 9), (29, 12), (21, 8), (12, 5), (3, 2), (14, 2), (23, 5), (23, 14), (3, 11), (27, 14), (17, 13), (19, 10), (10, 7), (1, 4), (28, 13), (2, 3), (25, 5), (1, 13), (11, 15), (2, 12), (25, 14), (6, 3), (21, 1), (15, 15), (6, 12), (26, 15), (22, 8), (21, 10), (12, 7), (3, 4), (14, 4), (4, 3), (29, 14), (23, 7), (27, 7), (8, 3), (19, 3), (17, 15), (19, 12), (10, 9), (9, 11), (11, 8), (2, 5), (28, 15), (25, 7), (2, 14), (26, 8), (6, 5), (21, 3), (6, 14), (20, 13), (7, 13), (18, 13), (12, 9), (21, 12), (23, 9), (4, 5), (27, 9), (17, 8), (8, 5), (10, 2), (9, 4), (19, 5), (5, 15), (19, 14), (9, 13), (11, 10), (2, 7), (25, 9), (15, 1), (13, 13), (24, 13), (6, 7), (26, 10), (18, 6), (21, 5), (29, 9), (23, 2), (7, 15), (18, 15), (21, 14), (4, 7), (22, 15), (27, 11), (5, 8), (8, 7), (10, 4), (9, 6), (11, 3), (17, 10), (19, 7), (10, 13), (9, 15), (11, 12), (2, 9), (13, 15), (26, 12), (6, 9), (7, 8), (21, 7)]",35,0,35
300,"(25, 3)","(24, 3)",East,"[((25, 2), 'South', 1), ((26, 3), 'East', 1)]","['(25, 3)', '(26, 4)', '(29, 7)', '(27, 5)']","['(26, 4)', '(27, 5)', '(29, 7)', '(25, 2)', '(26, 3)']","[(23, 4), (4, 9), (17, 3), (27, 13), (3, 13), (5, 10), (8, 9), (14, 13), (9, 8), (17, 12), (2, 2), (11, 5), (19, 9), (11, 14), (13, 8), (26, 5), (6, 2), (18, 1), (1, 15), (15, 14), (6, 11), (16, 13), (7, 10), (18, 10), (21, 9), (26, 14), (22, 10), (27, 6), (3, 6), (5, 3), (17, 5), (19, 2), (9, 1), (3, 15), (5, 12), (14, 15), (17, 14), (9, 10), (11, 7), (2, 4), (1, 8), (13, 10), (6, 4), (26, 7), (7, 3), (18, 3), (21, 2), (6, 13), (16, 15), (7, 12), (18, 12), (22, 3), (20, 15), (22, 12), (27, 8), (3, 8), (5, 5), (14, 8), (17, 7), (9, 3), (19, 4), (5, 14), (28, 7), (9, 12), (11, 9), (13, 3), (24, 3), (1, 10), (13, 12), (6, 6), (26, 9), (7, 5), (18, 5), (21, 4), (7, 14), (18, 14), (22, 5), (3, 1), (22, 14), (12, 13), (3, 10), (5, 7), (14, 10), (17, 9), (9, 5), (11, 2), (24, 15), (23, 13), (28, 9), (9, 14), (1, 3), (13, 5), (15, 2), (24, 5), (10, 15), (1, 12), (13, 14), (25, 13), (25, 4), (7, 7), (18, 7), (29, 13), (22, 7), (3, 3), (14, 3), (17, 2), (12, 15), (3, 12), (5, 9), (14, 12), (23, 15), (9, 7), (11, 4), (27, 15), (10, 8), (1, 5), (13, 7), (6, 1), (16, 3), (24, 7), (1, 14), (26, 13), (2, 13), (25, 15), (7, 9), (18, 9), (20, 3), (29, 15), (22, 9), (21, 11), (23, 8), (3, 5), (5, 2), (14, 5), (17, 4), (3, 14), (14, 14), (4, 13), (9, 9), (8, 13), (10, 10), (1, 7), (13, 9), (19, 13), (16, 5), (7, 2), (24, 9), (18, 2), (2, 15), (25, 8), (18, 11), (29, 8), (20, 5), (22, 2), (6, 15), (21, 13), (23, 10), (3, 7), (5, 4), (14, 7), (9, 2), (5, 13), (4, 15), (27, 10), (10, 3), (13, 2), (8, 15), (10, 12), (1, 9), (19, 15), (2, 8), (16, 7), (7, 4), (18, 4), (25, 10), (6, 8), (20, 7), (22, 4), (21, 6), (12, 3), (23, 3), (29, 10), (22, 13), (21, 15), (23, 12), (3, 9), (14, 9), (18, 8), (27, 12), (19, 8), (10, 5), (1, 2), (13, 4), (25, 3), (10, 14), (11, 13), (2, 10), (16, 9), (25, 12), (6, 10), (20, 9), (29, 12), (21, 8), (12, 5), (3, 2), (14, 2), (23, 5), (23, 14), (3, 11), (27, 14), (17, 13), (19, 10), (10, 7), (1, 4), (28, 13), (2, 3), (25, 5), (1, 13), (11, 15), (2, 12), (25, 14), (6, 3), (21, 1), (15, 15), (6, 12), (26, 15), (22, 8), (21, 10), (12, 7), (3, 4), (14, 4), (4, 3), (29, 14), (23, 7), (27, 7), (8, 3), (19, 3), (17, 15), (19, 12), (10, 9), (9, 11), (11, 8), (2, 5), (28, 15), (25, 7), (2, 14), (26, 8), (6, 5), (21, 3), (6, 14), (20, 13), (7, 13), (18, 13), (12, 9), (21, 12), (23, 9), (4, 5), (27, 9), (17, 8), (8, 5), (10, 2), (9, 4), (19, 5), (5, 15), (19, 14), (9, 13), (11, 10), (2, 7), (25, 9), (15, 1), (13, 13), (24, 13), (6, 7), (26, 10), (18, 6), (21, 5), (29, 9), (23, 2), (7, 15), (18, 15), (21, 14), (4, 7), (22, 15), (27, 11), (5, 8), (8, 7), (10, 4), (9, 6), (11, 3), (17, 10), (19, 7), (10, 13), (9, 15), (11, 12), (2, 9), (13, 15), (26, 12), (6, 9), (7, 8), (21, 7)]",36,0,36
301,"(26, 4)","(25, 4)",East,"[((27, 4), 'East', 1)]","['(26, 4)', '(27, 5)', '(29, 7)', '(25, 2)', '(26, 3)']","['(27, 5)', '(25, 2)', '(29, 7)', '(26, 3)', '(27, 4)']","[(23, 4), (4, 9), (17, 3), (27, 13), (3, 13), (5, 10), (8, 9), (14, 13), (9, 8), (17, 12), (2, 2), (11, 5), (19, 9), (11, 14), (13, 8), (26, 5), (6, 2), (18, 1), (1, 15), (15, 14), (6, 11), (16, 13), (7, 10), (18, 10), (21, 9), (26, 14), (22, 10), (27, 6), (3, 6), (5, 3), (17, 5), (19, 2), (9, 1), (3, 15), (5, 12), (14, 15), (17, 14), (9, 10), (11, 7), (2, 4), (1, 8), (13, 10), (6, 4), (26, 7), (7, 3), (18, 3), (21, 2), (6, 13), (16, 15), (7, 12), (18, 12), (26, 4), (22, 3), (20, 15), (22, 12), (27, 8), (3, 8), (5, 5), (14, 8), (17, 7), (9, 3), (19, 4), (5, 14), (28, 7), (9, 12), (11, 9), (13, 3), (24, 3), (1, 10), (13, 12), (6, 6), (26, 9), (7, 5), (18, 5), (21, 4), (7, 14), (18, 14), (22, 5), (3, 1), (22, 14), (12, 13), (3, 10), (5, 7), (14, 10), (17, 9), (9, 5), (11, 2), (24, 15), (23, 13), (28, 9), (9, 14), (1, 3), (13, 5), (15, 2), (24, 5), (10, 15), (1, 12), (13, 14), (25, 13), (25, 4), (7, 7), (18, 7), (29, 13), (22, 7), (3, 3), (14, 3), (17, 2), (12, 15), (3, 12), (5, 9), (14, 12), (23, 15), (9, 7), (11, 4), (27, 15), (10, 8), (1, 5), (13, 7), (6, 1), (16, 3), (24, 7), (1, 14), (26, 13), (2, 13), (25, 15), (7, 9), (18, 9), (20, 3), (29, 15), (22, 9), (21, 11), (23, 8), (3, 5), (5, 2), (14, 5), (17, 4), (3, 14), (14, 14), (4, 13), (9, 9), (8, 13), (10, 10), (1, 7), (13, 9), (19, 13), (16, 5), (7, 2), (24, 9), (18, 2), (2, 15), (25, 8), (18, 11), (29, 8), (20, 5), (22, 2), (6, 15), (21, 13), (23, 10), (3, 7), (5, 4), (14, 7), (9, 2), (5, 13), (4, 15), (27, 10), (10, 3), (13, 2), (8, 15), (10, 12), (1, 9), (19, 15), (2, 8), (16, 7), (7, 4), (18, 4), (25, 10), (6, 8), (20, 7), (22, 4), (21, 6), (12, 3), (23, 3), (29, 10), (22, 13), (21, 15), (23, 12), (3, 9), (14, 9), (18, 8), (27, 12), (19, 8), (10, 5), (1, 2), (13, 4), (25, 3), (10, 14), (11, 13), (2, 10), (16, 9), (25, 12), (6, 10), (20, 9), (29, 12), (21, 8), (12, 5), (3, 2), (14, 2), (23, 5), (23, 14), (3, 11), (27, 14), (17, 13), (19, 10), (10, 7), (1, 4), (28, 13), (2, 3), (25, 5), (1, 13), (11, 15), (2, 12), (25, 14), (6, 3), (21, 1), (15, 15), (6, 12), (26, 15), (22, 8), (21, 10), (12, 7), (3, 4), (14, 4), (4, 3), (29, 14), (23, 7), (27, 7), (8, 3), (19, 3), (17, 15), (19, 12), (10, 9), (9, 11), (11, 8), (2, 5), (28, 15), (25, 7), (2, 14), (26, 8), (6, 5), (21, 3), (6, 14), (20, 13), (7, 13), (18, 13), (12, 9), (21, 12), (23, 9), (4, 5), (27, 9), (17, 8), (8, 5), (10, 2), (9, 4), (19, 5), (5, 15), (19, 14), (9, 13), (11, 10), (2, 7), (25, 9), (15, 1), (13, 13), (24, 13), (6, 7), (26, 10), (18, 6), (21, 5), (29, 9), (23, 2), (7, 15), (18, 15), (21, 14), (4, 7), (22, 15), (27, 11), (5, 8), (8, 7), (10, 4), (9, 6), (11, 3), (17, 10), (19, 7), (10, 13), (9, 15), (11, 12), (2, 9), (13, 15), (26, 12), (6, 9), (7, 8), (21, 7)]",36,0,36
302,"(27, 5)","(26, 5)",East,"[((28, 5), 'East', 1)]","['(27, 5)', '(25, 2)', '(29, 7)', '(26, 3)', '(27, 4)']","['(29, 7)', '(25, 2)', '(27, 4)', '(26, 3)', '(28, 5)']","[(23, 4), (4, 9), (17, 3), (27, 13), (3, 13), (5, 10), (8, 9), (14, 13), (9, 8), (17, 12), (2, 2), (11, 5), (19, 9), (11, 14), (13, 8), (26, 5), (6, 2), (18, 1), (1, 15), (15, 14), (6, 11), (16, 13), (7, 10), (18, 10), (21, 9), (26, 14), (22, 10), (27, 6), (3, 6), (5, 3), (17, 5), (19, 2), (9, 1), (3, 15), (5, 12), (14, 15), (17, 14), (9, 10), (11, 7), (2, 4), (1, 8), (13, 10), (6, 4), (26, 7), (7, 3), (18, 3), (21, 2), (6, 13), (16, 15), (7, 12), (18, 12), (26, 4), (22, 3), (20, 15), (22, 12), (27, 8), (3, 8), (5, 5), (14, 8), (17, 7), (9, 3), (19, 4), (5, 14), (28, 7), (9, 12), (11, 9), (13, 3), (24, 3), (1, 10), (13, 12), (6, 6), (26, 9), (7, 5), (18, 5), (21, 4), (7, 14), (18, 14), (22, 5), (3, 1), (22, 14), (12, 13), (3, 10), (5, 7), (14, 10), (17, 9), (9, 5), (11, 2), (24, 15), (23, 13), (28, 9), (9, 14), (1, 3), (13, 5), (15, 2), (24, 5), (10, 15), (1, 12), (13, 14), (25, 13), (25, 4), (7, 7), (18, 7), (29, 13), (22, 7), (3, 3), (14, 3), (17, 2), (12, 15), (3, 12), (5, 9), (14, 12), (23, 15), (9, 7), (11, 4), (27, 15), (10, 8), (1, 5), (13, 7), (6, 1), (16, 3), (24, 7), (1, 14), (26, 13), (2, 13), (25, 15), (7, 9), (18, 9), (20, 3), (29, 15), (22, 9), (21, 11), (23, 8), (3, 5), (5, 2), (14, 5), (17, 4), (3, 14), (14, 14), (4, 13), (9, 9), (8, 13), (10, 10), (1, 7), (13, 9), (19, 13), (16, 5), (7, 2), (24, 9), (18, 2), (2, 15), (25, 8), (18, 11), (29, 8), (20, 5), (22, 2), (6, 15), (21, 13), (23, 10), (3, 7), (5, 4), (14, 7), (9, 2), (5, 13), (4, 15), (27, 10), (10, 3), (13, 2), (8, 15), (10, 12), (1, 9), (19, 15), (2, 8), (16, 7), (7, 4), (18, 4), (25, 10), (6, 8), (20, 7), (22, 4), (21, 6), (12, 3), (23, 3), (29, 10), (22, 13), (21, 15), (23, 12), (3, 9), (14, 9), (18, 8), (27, 12), (19, 8), (10, 5), (1, 2), (13, 4), (25, 3), (10, 14), (11, 13), (2, 10), (16, 9), (25, 12), (6, 10), (20, 9), (29, 12), (21, 8), (12, 5), (3, 2), (14, 2), (23, 5), (23, 14), (3, 11), (27, 5), (27, 14), (17, 13), (19, 10), (10, 7), (1, 4), (28, 13), (2, 3), (25, 5), (1, 13), (11, 15), (2, 12), (25, 14), (6, 3), (21, 1), (15, 15), (6, 12), (26, 15), (22, 8), (21, 10), (12, 7), (3, 4), (14, 4), (4, 3), (29, 14), (23, 7), (27, 7), (8, 3), (19, 3), (17, 15), (19, 12), (10, 9), (9, 11), (11, 8), (2, 5), (28, 15), (25, 7), (2, 14), (26, 8), (6, 5), (21, 3), (6, 14), (20, 13), (7, 13), (18, 13), (12, 9), (21, 12), (23, 9), (4, 5), (27, 9), (17, 8), (8, 5), (10, 2), (9, 4), (19, 5), (5, 15), (19, 14), (9, 13), (11, 10), (2, 7), (25, 9), (15, 1), (13, 13), (24, 13), (6, 7), (26, 10), (18, 6), (21, 5), (29, 9), (23, 2), (7, 15), (18, 15), (21, 14), (4, 7), (22, 15), (27, 11), (5, 8), (8, 7), (10, 4), (9, 6), (11, 3), (17, 10), (19, 7), (10, 13), (9, 15), (11, 12), (2, 9), (13, 15), (26, 12), (6, 9), (7, 8), (21, 7)]",36,0,36
303,"(29, 7)","(28, 7)",East,[],"['(29, 7)', '(25, 2)', '(27, 4)', '(26, 3)', '(28, 5)']","['(25, 2)', '(26, 3)', '(27, 4)', '(28, 5)']","[(23, 4), (4, 9), (17, 3), (27, 13), (3, 13), (5, 10), (8, 9), (14, 13), (9, 8), (17, 12), (2, 2), (11, 5), (19, 9), (11, 14), (13, 8), (26, 5), (6, 2), (18, 1), (1, 15), (15, 14), (6, 11), (16, 13), (7, 10), (18, 10), (21, 9), (26, 14), (22, 10), (27, 6), (3, 6), (5, 3), (17, 5), (19, 2), (9, 1), (3, 15), (5, 12), (14, 15), (17, 14), (9, 10), (11, 7), (2, 4), (1, 8), (13, 10), (6, 4), (26, 7), (7, 3), (18, 3), (21, 2), (6, 13), (16, 15), (7, 12), (18, 12), (26, 4), (22, 3), (20, 15), (22, 12), (27, 8), (3, 8), (5, 5), (14, 8), (17, 7), (9, 3), (19, 4), (5, 14), (28, 7), (9, 12), (11, 9), (13, 3), (24, 3), (1, 10), (13, 12), (6, 6), (26, 9), (7, 5), (18, 5), (21, 4), (7, 14), (18, 14), (22, 5), (3, 1), (22, 14), (12, 13), (3, 10), (5, 7), (14, 10), (17, 9), (9, 5), (11, 2), (24, 15), (23, 13), (28, 9), (9, 14), (1, 3), (13, 5), (15, 2), (24, 5), (10, 15), (1, 12), (13, 14), (25, 13), (25, 4), (7, 7), (18, 7), (29, 13), (22, 7), (3, 3), (14, 3), (17, 2), (12, 15), (3, 12), (5, 9), (14, 12), (23, 15), (9, 7), (11, 4), (27, 15), (10, 8), (1, 5), (13, 7), (6, 1), (16, 3), (24, 7), (1, 14), (26, 13), (2, 13), (25, 15), (7, 9), (18, 9), (20, 3), (29, 15), (22, 9), (21, 11), (23, 8), (3, 5), (5, 2), (14, 5), (17, 4), (3, 14), (14, 14), (4, 13), (9, 9), (8, 13), (10, 10), (1, 7), (13, 9), (19, 13), (16, 5), (7, 2), (24, 9), (18, 2), (2, 15), (25, 8), (18, 11), (29, 8), (20, 5), (22, 2), (6, 15), (21, 13), (23, 10), (3, 7), (5, 4), (14, 7), (9, 2), (5, 13), (4, 15), (27, 10), (10, 3), (13, 2), (8, 15), (10, 12), (1, 9), (19, 15), (2, 8), (16, 7), (7, 4), (18, 4), (25, 10), (6, 8), (20, 7), (22, 4), (21, 6), (12, 3), (23, 3), (29, 10), (22, 13), (21, 15), (23, 12), (3, 9), (14, 9), (18, 8), (27, 12), (19, 8), (10, 5), (1, 2), (13, 4), (25, 3), (10, 14), (11, 13), (2, 10), (16, 9), (25, 12), (6, 10), (20, 9), (29, 12), (21, 8), (12, 5), (3, 2), (14, 2), (23, 5), (23, 14), (3, 11), (27, 5), (27, 14), (17, 13), (19, 10), (10, 7), (1, 4), (28, 13), (2, 3), (25, 5), (1, 13), (11, 15), (2, 12), (25, 14), (6, 3), (21, 1), (15, 15), (6, 12), (26, 15), (22, 8), (21, 10), (12, 7), (3, 4), (14, 4), (4, 3), (29, 14), (23, 7), (27, 7), (8, 3), (19, 3), (17, 15), (19, 12), (10, 9), (9, 11), (11, 8), (2, 5), (28, 15), (25, 7), (2, 14), (26, 8), (6, 5), (29, 7), (21, 3), (6, 14), (20, 13), (7, 13), (18, 13), (12, 9), (21, 12), (23, 9), (4, 5), (27, 9), (17, 8), (8, 5), (10, 2), (9, 4), (19, 5), (5, 15), (19, 14), (9, 13), (11, 10), (2, 7), (25, 9), (15, 1), (13, 13), (24, 13), (6, 7), (26, 10), (18, 6), (21, 5), (29, 9), (23, 2), (7, 15), (18, 15), (21, 14), (4, 7), (22, 15), (27, 11), (5, 8), (8, 7), (10, 4), (9, 6), (11, 3), (17, 10), (19, 7), (10, 13), (9, 15), (11, 12), (2, 9), (13, 15), (26, 12), (6, 9), (7, 8), (21, 7)]",36,0,36
304,"(25, 2)","(25, 3)",South,"[((26, 2), 'East', 1)]","['(25, 2)', '(26, 3)', '(27, 4)', '(28, 5)']","['(26, 3)', '(28, 5)', '(27, 4)', '(26, 2)']","[(23, 4), (4, 9), (17, 3), (27, 13), (3, 13), (5, 10), (8, 9), (14, 13), (9, 8), (17, 12), (2, 2), (11, 5), (19, 9), (11, 14), (13, 8), (26, 5), (6, 2), (18, 1), (1, 15), (15, 14), (6, 11), (16, 13), (7, 10), (18, 10), (21, 9), (26, 14), (22, 10), (27, 6), (3, 6), (5, 3), (17, 5), (19, 2), (9, 1), (3, 15), (5, 12), (14, 15), (17, 14), (9, 10), (11, 7), (2, 4), (1, 8), (13, 10), (6, 4), (26, 7), (7, 3), (18, 3), (21, 2), (6, 13), (16, 15), (7, 12), (18, 12), (26, 4), (22, 3), (20, 15), (22, 12), (27, 8), (3, 8), (5, 5), (14, 8), (17, 7), (9, 3), (19, 4), (5, 14), (28, 7), (9, 12), (11, 9), (13, 3), (24, 3), (1, 10), (13, 12), (6, 6), (26, 9), (7, 5), (18, 5), (21, 4), (7, 14), (18, 14), (22, 5), (3, 1), (22, 14), (12, 13), (3, 10), (5, 7), (14, 10), (17, 9), (9, 5), (11, 2), (24, 15), (23, 13), (28, 9), (9, 14), (1, 3), (13, 5), (15, 2), (24, 5), (10, 15), (1, 12), (13, 14), (25, 13), (25, 4), (7, 7), (18, 7), (29, 13), (22, 7), (3, 3), (14, 3), (17, 2), (12, 15), (3, 12), (5, 9), (14, 12), (23, 15), (9, 7), (11, 4), (27, 15), (10, 8), (1, 5), (13, 7), (6, 1), (16, 3), (24, 7), (1, 14), (26, 13), (2, 13), (25, 15), (7, 9), (18, 9), (20, 3), (29, 15), (22, 9), (21, 11), (23, 8), (3, 5), (5, 2), (14, 5), (17, 4), (3, 14), (14, 14), (4, 13), (9, 9), (8, 13), (10, 10), (1, 7), (13, 9), (19, 13), (16, 5), (7, 2), (24, 9), (18, 2), (2, 15), (25, 8), (18, 11), (29, 8), (20, 5), (22, 2), (6, 15), (21, 13), (23, 10), (3, 7), (5, 4), (14, 7), (9, 2), (5, 13), (4, 15), (27, 10), (10, 3), (13, 2), (8, 15), (10, 12), (1, 9), (19, 15), (2, 8), (16, 7), (7, 4), (18, 4), (25, 10), (6, 8), (20, 7), (22, 4), (21, 6), (12, 3), (23, 3), (29, 10), (22, 13), (21, 15), (23, 12), (3, 9), (14, 9), (18, 8), (27, 12), (19, 8), (10, 5), (1, 2), (13, 4), (25, 3), (10, 14), (11, 13), (2, 10), (16, 9), (25, 12), (6, 10), (20, 9), (29, 12), (21, 8), (12, 5), (3, 2), (14, 2), (23, 5), (23, 14), (3, 11), (27, 5), (27, 14), (17, 13), (19, 10), (10, 7), (1, 4), (28, 13), (2, 3), (25, 5), (1, 13), (11, 15), (2, 12), (25, 14), (6, 3), (21, 1), (15, 15), (6, 12), (26, 15), (22, 8), (21, 10), (12, 7), (3, 4), (14, 4), (4, 3), (29, 14), (23, 7), (27, 7), (8, 3), (19, 3), (17, 15), (19, 12), (10, 9), (9, 11), (11, 8), (2, 5), (28, 15), (25, 7), (2, 14), (26, 8), (6, 5), (29, 7), (21, 3), (6, 14), (20, 13), (7, 13), (18, 13), (12, 9), (21, 12), (23, 9), (4, 5), (27, 9), (17, 8), (8, 5), (10, 2), (9, 4), (19, 5), (5, 15), (19, 14), (9, 13), (11, 10), (2, 7), (25, 9), (15, 1), (13, 13), (24, 13), (6, 7), (26, 10), (18, 6), (21, 5), (29, 9), (23, 2), (7, 15), (18, 15), (21, 14), (4, 7), (22, 15), (27, 11), (5, 8), (8, 7), (10, 4), (9, 6), (11, 3), (17, 10), (19, 7), (10, 13), (9, 15), (11, 12), (2, 9), (25, 2), (13, 15), (26, 12), (6, 9), (7, 8), (21, 7)]",37,0,37
305,"(26, 3)","(25, 3)",East,"[((27, 3), 'East', 1)]","['(26, 3)', '(28, 5)', '(27, 4)', '(26, 2)']","['(27, 4)', '(28, 5)', '(26, 2)', '(27, 3)']","[(23, 4), (4, 9), (17, 3), (27, 13), (3, 13), (5, 10), (8, 9), (14, 13), (9, 8), (17, 12), (2, 2), (11, 5), (19, 9), (11, 14), (13, 8), (26, 5), (6, 2), (18, 1), (1, 15), (15, 14), (6, 11), (16, 13), (7, 10), (18, 10), (21, 9), (26, 14), (22, 10), (27, 6), (3, 6), (5, 3), (17, 5), (19, 2), (9, 1), (3, 15), (5, 12), (14, 15), (17, 14), (9, 10), (11, 7), (2, 4), (1, 8), (13, 10), (6, 4), (26, 7), (7, 3), (18, 3), (21, 2), (6, 13), (16, 15), (7, 12), (18, 12), (26, 4), (22, 3), (20, 15), (22, 12), (27, 8), (3, 8), (5, 5), (14, 8), (17, 7), (9, 3), (19, 4), (5, 14), (28, 7), (9, 12), (11, 9), (13, 3), (24, 3), (1, 10), (13, 12), (6, 6), (26, 9), (7, 5), (18, 5), (21, 4), (7, 14), (18, 14), (22, 5), (3, 1), (22, 14), (12, 13), (3, 10), (5, 7), (14, 10), (17, 9), (9, 5), (11, 2), (24, 15), (23, 13), (28, 9), (9, 14), (1, 3), (13, 5), (15, 2), (24, 5), (10, 15), (1, 12), (13, 14), (25, 13), (25, 4), (7, 7), (18, 7), (29, 13), (22, 7), (3, 3), (14, 3), (17, 2), (12, 15), (3, 12), (5, 9), (14, 12), (23, 15), (9, 7), (11, 4), (27, 15), (10, 8), (1, 5), (13, 7), (6, 1), (16, 3), (24, 7), (1, 14), (26, 13), (2, 13), (25, 15), (7, 9), (18, 9), (20, 3), (29, 15), (22, 9), (21, 11), (23, 8), (3, 5), (5, 2), (14, 5), (17, 4), (3, 14), (14, 14), (4, 13), (9, 9), (8, 13), (10, 10), (1, 7), (13, 9), (19, 13), (16, 5), (7, 2), (24, 9), (18, 2), (2, 15), (25, 8), (18, 11), (29, 8), (20, 5), (22, 2), (6, 15), (21, 13), (23, 10), (3, 7), (5, 4), (14, 7), (9, 2), (5, 13), (4, 15), (27, 10), (10, 3), (13, 2), (8, 15), (10, 12), (1, 9), (19, 15), (2, 8), (16, 7), (7, 4), (18, 4), (25, 10), (6, 8), (20, 7), (22, 4), (21, 6), (12, 3), (23, 3), (29, 10), (22, 13), (21, 15), (23, 12), (3, 9), (14, 9), (18, 8), (27, 12), (19, 8), (10, 5), (1, 2), (13, 4), (25, 3), (10, 14), (11, 13), (2, 10), (16, 9), (25, 12), (6, 10), (20, 9), (29, 12), (21, 8), (12, 5), (3, 2), (14, 2), (23, 5), (23, 14), (3, 11), (27, 5), (27, 14), (17, 13), (19, 10), (10, 7), (1, 4), (28, 13), (2, 3), (25, 5), (1, 13), (11, 15), (2, 12), (25, 14), (6, 3), (21, 1), (15, 15), (6, 12), (26, 15), (22, 8), (21, 10), (12, 7), (3, 4), (14, 4), (4, 3), (29, 14), (23, 7), (27, 7), (8, 3), (19, 3), (17, 15), (19, 12), (10, 9), (9, 11), (11, 8), (2, 5), (28, 15), (25, 7), (2, 14), (26, 8), (6, 5), (29, 7), (21, 3), (6, 14), (20, 13), (7, 13), (18, 13), (12, 9), (21, 12), (23, 9), (4, 5), (27, 9), (17, 8), (8, 5), (10, 2), (9, 4), (19, 5), (5, 15), (19, 14), (9, 13), (11, 10), (2, 7), (25, 9), (15, 1), (13, 13), (24, 13), (6, 7), (26, 10), (18, 6), (21, 5), (29, 9), (23, 2), (7, 15), (18, 15), (21, 14), (4, 7), (22, 15), (27, 11), (5, 8), (8, 7), (10, 4), (9, 6), (11, 3), (17, 10), (19, 7), (10, 13), (9, 15), (11, 12), (2, 9), (25, 2), (26, 3), (13, 15), (26, 12), (6, 9), (7, 8), (21, 7)]",37,0,37
306,"(27, 4)","(26, 4)",East,[],"['(27, 4)', '(28, 5)', '(26, 2)', '(27, 3)']","['(28, 5)', '(27, 3)', '(26, 2)']","[(23, 4), (4, 9), (27, 4), (17, 3), (27, 13), (3, 13), (5, 10), (8, 9), (14, 13), (9, 8), (17, 12), (2, 2), (11, 5), (19, 9), (11, 14), (13, 8), (26, 5), (6, 2), (18, 1), (1, 15), (15, 14), (6, 11), (16, 13), (7, 10), (18, 10), (21, 9), (26, 14), (22, 10), (27, 6), (3, 6), (5, 3), (17, 5), (19, 2), (9, 1), (3, 15), (5, 12), (14, 15), (17, 14), (9, 10), (11, 7), (2, 4), (1, 8), (13, 10), (6, 4), (26, 7), (7, 3), (18, 3), (21, 2), (6, 13), (16, 15), (7, 12), (18, 12), (26, 4), (22, 3), (20, 15), (22, 12), (27, 8), (3, 8), (5, 5), (14, 8), (17, 7), (9, 3), (19, 4), (5, 14), (28, 7), (9, 12), (11, 9), (13, 3), (24, 3), (1, 10), (13, 12), (6, 6), (26, 9), (7, 5), (18, 5), (21, 4), (7, 14), (18, 14), (22, 5), (3, 1), (22, 14), (12, 13), (3, 10), (5, 7), (14, 10), (17, 9), (9, 5), (11, 2), (24, 15), (23, 13), (28, 9), (9, 14), (1, 3), (13, 5), (15, 2), (24, 5), (10, 15), (1, 12), (13, 14), (25, 13), (25, 4), (7, 7), (18, 7), (29, 13), (22, 7), (3, 3), (14, 3), (17, 2), (12, 15), (3, 12), (5, 9), (14, 12), (23, 15), (9, 7), (11, 4), (27, 15), (10, 8), (1, 5), (13, 7), (6, 1), (16, 3), (24, 7), (1, 14), (26, 13), (2, 13), (25, 15), (7, 9), (18, 9), (20, 3), (29, 15), (22, 9), (21, 11), (23, 8), (3, 5), (5, 2), (14, 5), (17, 4), (3, 14), (14, 14), (4, 13), (9, 9), (8, 13), (10, 10), (1, 7), (13, 9), (19, 13), (16, 5), (7, 2), (24, 9), (18, 2), (2, 15), (25, 8), (18, 11), (29, 8), (20, 5), (22, 2), (6, 15), (21, 13), (23, 10), (3, 7), (5, 4), (14, 7), (9, 2), (5, 13), (4, 15), (27, 10), (10, 3), (13, 2), (8, 15), (10, 12), (1, 9), (19, 15), (2, 8), (16, 7), (7, 4), (18, 4), (25, 10), (6, 8), (20, 7), (22, 4), (21, 6), (12, 3), (23, 3), (29, 10), (22, 13), (21, 15), (23, 12), (3, 9), (14, 9), (18, 8), (27, 12), (19, 8), (10, 5), (1, 2), (13, 4), (25, 3), (10, 14), (11, 13), (2, 10), (16, 9), (25, 12), (6, 10), (20, 9), (29, 12), (21, 8), (12, 5), (3, 2), (14, 2), (23, 5), (23, 14), (3, 11), (27, 5), (27, 14), (17, 13), (19, 10), (10, 7), (1, 4), (28, 13), (2, 3), (25, 5), (1, 13), (11, 15), (2, 12), (25, 14), (6, 3), (21, 1), (15, 15), (6, 12), (26, 15), (22, 8), (21, 10), (12, 7), (3, 4), (14, 4), (4, 3), (29, 14), (23, 7), (27, 7), (8, 3), (19, 3), (17, 15), (19, 12), (10, 9), (9, 11), (11, 8), (2, 5), (28, 15), (25, 7), (2, 14), (26, 8), (6, 5), (29, 7), (21, 3), (6, 14), (20, 13), (7, 13), (18, 13), (12, 9), (21, 12), (23, 9), (4, 5), (27, 9), (17, 8), (8, 5), (10, 2), (9, 4), (19, 5), (5, 15), (19, 14), (9, 13), (11, 10), (2, 7), (25, 9), (15, 1), (13, 13), (24, 13), (6, 7), (26, 10), (18, 6), (21, 5), (29, 9), (23, 2), (7, 15), (18, 15), (21, 14), (4, 7), (22, 15), (27, 11), (5, 8), (8, 7), (10, 4), (9, 6), (11, 3), (17, 10), (19, 7), (10, 13), (9, 15), (11, 12), (2, 9), (25, 2), (26, 3), (13, 15), (26, 12), (6, 9), (7, 8), (21, 7)]",37,0,37
307,"(28, 5)","(27, 5)",East,"[((29, 5), 'East', 1)]","['(28, 5)', '(27, 3)', '(26, 2)']","['(26, 2)', '(27, 3)', '(29, 5)']","[(27, 4), (27, 13), (8, 9), (19, 9), (11, 5), (11, 14), (22, 10), (3, 6), (3, 15), (14, 15), (26, 7), (7, 3), (18, 3), (7, 12), (18, 12), (27, 8), (19, 4), (11, 9), (22, 5), (3, 1), (22, 14), (3, 10), (14, 10), (15, 2), (7, 7), (18, 7), (29, 13), (11, 4), (10, 8), (2, 13), (25, 15), (22, 9), (3, 5), (14, 5), (3, 14), (14, 14), (7, 2), (18, 2), (18, 11), (29, 8), (6, 15), (21, 13), (10, 3), (10, 12), (2, 8), (25, 10), (22, 4), (22, 13), (3, 9), (14, 9), (6, 10), (29, 12), (21, 8), (10, 7), (2, 3), (25, 5), (2, 12), (25, 14), (22, 8), (3, 4), (14, 4), (17, 15), (28, 15), (9, 11), (6, 5), (29, 7), (21, 3), (6, 14), (21, 12), (10, 2), (2, 7), (25, 9), (13, 13), (24, 13), (5, 8), (17, 10), (9, 6), (9, 15), (6, 9), (21, 7), (2, 2), (13, 8), (1, 15), (16, 13), (5, 3), (17, 5), (28, 5), (9, 1), (5, 12), (17, 14), (9, 10), (6, 4), (21, 2), (6, 13), (20, 15), (13, 3), (24, 3), (1, 10), (13, 12), (5, 7), (17, 9), (28, 9), (9, 5), (9, 14), (12, 15), (23, 15), (1, 5), (13, 7), (24, 7), (16, 3), (1, 14), (5, 2), (17, 4), (9, 9), (8, 13), (19, 13), (20, 5), (23, 10), (4, 15), (13, 2), (1, 9), (16, 7), (27, 12), (19, 8), (11, 13), (20, 9), (12, 5), (23, 5), (23, 14), (1, 4), (1, 13), (15, 15), (26, 15), (27, 7), (8, 3), (19, 3), (19, 12), (11, 8), (20, 13), (12, 9), (23, 9), (4, 5), (15, 1), (26, 10), (18, 6), (7, 15), (18, 15), (27, 11), (8, 7), (19, 7), (11, 3), (11, 12), (23, 4), (4, 9), (3, 13), (14, 13), (26, 5), (18, 1), (15, 14), (26, 14), (7, 10), (18, 10), (27, 6), (19, 2), (11, 7), (22, 3), (22, 12), (3, 8), (14, 8), (26, 9), (7, 5), (18, 5), (7, 14), (18, 14), (11, 2), (25, 4), (10, 15), (25, 13), (22, 7), (3, 3), (14, 3), (3, 12), (14, 12), (26, 4), (26, 13), (7, 9), (18, 9), (29, 15), (21, 11), (10, 10), (25, 8), (7, 8), (2, 15), (22, 2), (3, 7), (14, 7), (7, 4), (18, 4), (6, 8), (29, 10), (21, 6), (21, 15), (10, 5), (25, 3), (10, 14), (2, 10), (25, 12), (3, 2), (14, 2), (3, 11), (17, 13), (28, 13), (6, 3), (21, 1), (6, 12), (29, 14), (21, 10), (10, 9), (2, 5), (25, 7), (2, 14), (17, 8), (9, 4), (5, 15), (9, 13), (6, 7), (29, 9), (21, 5), (21, 14), (10, 4), (25, 2), (10, 13), (2, 9), (24, 15), (13, 15), (17, 3), (5, 10), (17, 12), (9, 8), (6, 2), (6, 11), (21, 9), (2, 4), (1, 8), (13, 10), (16, 15), (5, 5), (17, 7), (28, 7), (9, 3), (5, 14), (9, 12), (6, 6), (21, 4), (12, 13), (23, 13), (1, 3), (13, 5), (24, 5), (1, 12), (13, 14), (17, 2), (5, 9), (9, 7), (27, 15), (6, 1), (20, 3), (23, 8), (4, 13), (1, 7), (13, 9), (24, 9), (16, 5), (5, 4), (9, 2), (5, 13), (27, 10), (8, 15), (19, 15), (20, 7), (12, 3), (23, 3), (23, 12), (1, 2), (13, 4), (16, 9), (27, 5), (27, 14), (19, 10), (11, 15), (12, 7), (23, 7), (4, 3), (26, 8), (7, 13), (18, 13), (27, 9), (8, 5), (19, 5), (19, 14), (11, 10), (23, 2), (4, 7), (22, 15), (26, 3), (26, 12), (18, 8)]",37,0,37
308,"(26, 2)","(25, 2)",East,"[((27, 2), 'East', 1)]","['(26, 2)', '(27, 3)', '(29, 5)']","['(27, 3)', '(29, 5)', '(27, 2)']","[(27, 4), (27, 13), (8, 9), (19, 9), (11, 5), (11, 14), (22, 10), (3, 6), (3, 15), (14, 15), (26, 7), (7, 3), (18, 3), (7, 12), (18, 12), (27, 8), (19, 4), (11, 9), (22, 5), (3, 1), (22, 14), (3, 10), (14, 10), (15, 2), (26, 2), (7, 7), (18, 7), (29, 13), (11, 4), (10, 8), (2, 13), (25, 15), (22, 9), (3, 5), (14, 5), (3, 14), (14, 14), (7, 2), (18, 2), (18, 11), (29, 8), (6, 15), (21, 13), (10, 3), (10, 12), (2, 8), (25, 10), (22, 4), (22, 13), (3, 9), (14, 9), (6, 10), (29, 12), (21, 8), (10, 7), (2, 3), (25, 5), (2, 12), (25, 14), (22, 8), (3, 4), (14, 4), (17, 15), (28, 15), (9, 11), (6, 5), (29, 7), (21, 3), (6, 14), (21, 12), (10, 2), (2, 7), (25, 9), (13, 13), (24, 13), (5, 8), (17, 10), (9, 6), (9, 15), (6, 9), (21, 7), (2, 2), (13, 8), (1, 15), (16, 13), (5, 3), (17, 5), (28, 5), (9, 1), (5, 12), (17, 14), (9, 10), (6, 4), (21, 2), (6, 13), (20, 15), (13, 3), (24, 3), (1, 10), (13, 12), (5, 7), (17, 9), (28, 9), (9, 5), (9, 14), (12, 15), (23, 15), (1, 5), (13, 7), (24, 7), (16, 3), (1, 14), (5, 2), (17, 4), (9, 9), (8, 13), (19, 13), (20, 5), (23, 10), (4, 15), (13, 2), (1, 9), (16, 7), (27, 12), (19, 8), (11, 13), (20, 9), (12, 5), (23, 5), (23, 14), (1, 4), (1, 13), (15, 15), (26, 15), (27, 7), (8, 3), (19, 3), (19, 12), (11, 8), (20, 13), (12, 9), (23, 9), (4, 5), (15, 1), (26, 10), (18, 6), (7, 15), (18, 15), (27, 11), (8, 7), (19, 7), (11, 3), (11, 12), (23, 4), (4, 9), (3, 13), (14, 13), (26, 5), (18, 1), (15, 14), (26, 14), (7, 10), (18, 10), (27, 6), (19, 2), (11, 7), (22, 3), (22, 12), (3, 8), (14, 8), (26, 9), (7, 5), (18, 5), (7, 14), (18, 14), (11, 2), (25, 4), (10, 15), (25, 13), (22, 7), (3, 3), (14, 3), (3, 12), (14, 12), (26, 4), (26, 13), (7, 9), (18, 9), (29, 15), (21, 11), (10, 10), (25, 8), (7, 8), (2, 15), (22, 2), (3, 7), (14, 7), (7, 4), (18, 4), (6, 8), (29, 10), (21, 6), (21, 15), (10, 5), (25, 3), (10, 14), (2, 10), (25, 12), (3, 2), (14, 2), (3, 11), (17, 13), (28, 13), (6, 3), (21, 1), (6, 12), (29, 14), (21, 10), (10, 9), (2, 5), (25, 7), (2, 14), (17, 8), (9, 4), (5, 15), (9, 13), (6, 7), (29, 9), (21, 5), (21, 14), (10, 4), (25, 2), (10, 13), (2, 9), (24, 15), (13, 15), (17, 3), (5, 10), (17, 12), (9, 8), (6, 2), (6, 11), (21, 9), (2, 4), (1, 8), (13, 10), (16, 15), (5, 5), (17, 7), (28, 7), (9, 3), (5, 14), (9, 12), (6, 6), (21, 4), (12, 13), (23, 13), (1, 3), (13, 5), (24, 5), (1, 12), (13, 14), (17, 2), (5, 9), (9, 7), (27, 15), (6, 1), (20, 3), (23, 8), (4, 13), (1, 7), (13, 9), (24, 9), (16, 5), (5, 4), (9, 2), (5, 13), (27, 10), (8, 15), (19, 15), (20, 7), (12, 3), (23, 3), (23, 12), (1, 2), (13, 4), (16, 9), (27, 5), (27, 14), (19, 10), (11, 15), (12, 7), (23, 7), (4, 3), (26, 8), (7, 13), (18, 13), (27, 9), (8, 5), (19, 5), (19, 14), (11, 10), (23, 2), (4, 7), (22, 15), (26, 3), (26, 12), (18, 8)]",38,0,38
309,"(27, 3)","(26, 3)",East,"[((28, 3), 'East', 1)]","['(27, 3)', '(29, 5)', '(27, 2)']","['(29, 5)', '(27, 2)', '(28, 3)']","[(27, 4), (27, 13), (8, 9), (19, 9), (11, 5), (11, 14), (22, 10), (3, 6), (3, 15), (14, 15), (26, 7), (7, 3), (18, 3), (7, 12), (18, 12), (27, 8), (19, 4), (11, 9), (22, 5), (3, 1), (22, 14), (3, 10), (14, 10), (15, 2), (26, 2), (7, 7), (18, 7), (29, 13), (11, 4), (10, 8), (2, 13), (25, 15), (22, 9), (3, 5), (14, 5), (3, 14), (14, 14), (7, 2), (18, 2), (18, 11), (29, 8), (6, 15), (21, 13), (10, 3), (10, 12), (2, 8), (25, 10), (22, 4), (22, 13), (3, 9), (14, 9), (6, 10), (29, 12), (21, 8), (10, 7), (2, 3), (25, 5), (2, 12), (25, 14), (22, 8), (3, 4), (14, 4), (17, 15), (28, 15), (9, 11), (6, 5), (29, 7), (21, 3), (6, 14), (21, 12), (10, 2), (2, 7), (25, 9), (13, 13), (24, 13), (5, 8), (17, 10), (9, 6), (9, 15), (6, 9), (21, 7), (2, 2), (13, 8), (1, 15), (16, 13), (5, 3), (17, 5), (28, 5), (9, 1), (5, 12), (17, 14), (9, 10), (6, 4), (21, 2), (6, 13), (20, 15), (13, 3), (24, 3), (1, 10), (13, 12), (5, 7), (17, 9), (28, 9), (9, 5), (9, 14), (12, 15), (23, 15), (1, 5), (13, 7), (24, 7), (16, 3), (1, 14), (5, 2), (17, 4), (9, 9), (8, 13), (19, 13), (20, 5), (23, 10), (4, 15), (13, 2), (1, 9), (16, 7), (27, 3), (27, 12), (19, 8), (11, 13), (20, 9), (12, 5), (23, 5), (23, 14), (1, 4), (1, 13), (15, 15), (26, 15), (27, 7), (8, 3), (19, 3), (19, 12), (11, 8), (20, 13), (12, 9), (23, 9), (4, 5), (15, 1), (26, 10), (18, 6), (7, 15), (18, 15), (27, 11), (8, 7), (19, 7), (11, 3), (11, 12), (23, 4), (4, 9), (3, 13), (14, 13), (26, 5), (18, 1), (15, 14), (26, 14), (7, 10), (18, 10), (27, 6), (19, 2), (11, 7), (22, 3), (22, 12), (3, 8), (14, 8), (26, 9), (7, 5), (18, 5), (7, 14), (18, 14), (11, 2), (25, 4), (10, 15), (25, 13), (22, 7), (3, 3), (14, 3), (3, 12), (14, 12), (26, 4), (26, 13), (7, 9), (18, 9), (29, 15), (21, 11), (10, 10), (25, 8), (7, 8), (2, 15), (22, 2), (3, 7), (14, 7), (7, 4), (18, 4), (6, 8), (29, 10), (21, 6), (21, 15), (10, 5), (25, 3), (10, 14), (2, 10), (25, 12), (3, 2), (14, 2), (3, 11), (17, 13), (28, 13), (6, 3), (21, 1), (6, 12), (29, 14), (21, 10), (10, 9), (2, 5), (25, 7), (2, 14), (17, 8), (9, 4), (5, 15), (9, 13), (6, 7), (29, 9), (21, 5), (21, 14), (10, 4), (25, 2), (10, 13), (2, 9), (24, 15), (13, 15), (17, 3), (5, 10), (17, 12), (9, 8), (6, 2), (6, 11), (21, 9), (2, 4), (1, 8), (13, 10), (16, 15), (5, 5), (17, 7), (28, 7), (9, 3), (5, 14), (9, 12), (6, 6), (21, 4), (12, 13), (23, 13), (1, 3), (13, 5), (24, 5), (1, 12), (13, 14), (17, 2), (5, 9), (9, 7), (27, 15), (6, 1), (20, 3), (23, 8), (4, 13), (1, 7), (13, 9), (24, 9), (16, 5), (5, 4), (9, 2), (5, 13), (27, 10), (8, 15), (19, 15), (20, 7), (12, 3), (23, 3), (23, 12), (1, 2), (13, 4), (16, 9), (27, 5), (27, 14), (19, 10), (11, 15), (12, 7), (23, 7), (4, 3), (26, 8), (7, 13), (18, 13), (27, 9), (8, 5), (19, 5), (19, 14), (11, 10), (23, 2), (4, 7), (22, 15), (26, 3), (26, 12), (18, 8)]",38,0,38
310,"(29, 5)","(28, 5)",East,"[((29, 4), 'South', 1)]","['(29, 5)', '(27, 2)', '(28, 3)']","['(27, 2)', '(28, 3)', '(29, 4)']","[(27, 4), (27, 13), (8, 9), (19, 9), (11, 5), (11, 14), (22, 10), (3, 6), (3, 15), (14, 15), (26, 7), (7, 3), (18, 3), (7, 12), (18, 12), (27, 8), (19, 4), (11, 9), (22, 5), (3, 1), (22, 14), (3, 10), (14, 10), (15, 2), (26, 2), (7, 7), (18, 7), (29, 13), (11, 4), (10, 8), (2, 13), (25, 15), (22, 9), (3, 5), (14, 5), (3, 14), (14, 14), (7, 2), (18, 2), (18, 11), (29, 8), (6, 15), (21, 13), (10, 3), (10, 12), (2, 8), (25, 10), (22, 4), (22, 13), (3, 9), (14, 9), (6, 10), (29, 12), (21, 8), (10, 7), (2, 3), (25, 5), (2, 12), (25, 14), (22, 8), (3, 4), (14, 4), (17, 15), (28, 15), (9, 11), (6, 5), (29, 7), (21, 3), (6, 14), (21, 12), (10, 2), (2, 7), (25, 9), (13, 13), (24, 13), (5, 8), (17, 10), (9, 6), (9, 15), (6, 9), (21, 7), (2, 2), (13, 8), (1, 15), (16, 13), (5, 3), (17, 5), (28, 5), (9, 1), (5, 12), (17, 14), (9, 10), (6, 4), (21, 2), (6, 13), (20, 15), (13, 3), (24, 3), (1, 10), (13, 12), (5, 7), (17, 9), (28, 9), (9, 5), (9, 14), (12, 15), (23, 15), (1, 5), (13, 7), (24, 7), (16, 3), (1, 14), (5, 2), (17, 4), (9, 9), (8, 13), (19, 13), (20, 5), (23, 10), (4, 15), (13, 2), (1, 9), (16, 7), (27, 3), (27, 12), (19, 8), (11, 13), (20, 9), (12, 5), (23, 5), (23, 14), (1, 4), (1, 13), (15, 15), (26, 15), (27, 7), (8, 3), (19, 3), (19, 12), (11, 8), (20, 13), (12, 9), (23, 9), (4, 5), (15, 1), (26, 10), (18, 6), (7, 15), (18, 15), (27, 11), (8, 7), (19, 7), (11, 3), (11, 12), (23, 4), (4, 9), (3, 13), (14, 13), (26, 5), (18, 1), (15, 14), (26, 14), (7, 10), (18, 10), (27, 6), (19, 2), (11, 7), (22, 3), (22, 12), (3, 8), (14, 8), (26, 9), (7, 5), (18, 5), (7, 14), (18, 14), (11, 2), (25, 4), (10, 15), (25, 13), (22, 7), (3, 3), (14, 3), (3, 12), (14, 12), (26, 4), (26, 13), (7, 9), (18, 9), (29, 15), (21, 11), (10, 10), (25, 8), (7, 8), (2, 15), (22, 2), (3, 7), (14, 7), (7, 4), (18, 4), (6, 8), (29, 10), (21, 6), (21, 15), (10, 5), (25, 3), (10, 14), (2, 10), (25, 12), (3, 2), (14, 2), (3, 11), (17, 13), (28, 13), (6, 3), (29, 5), (21, 1), (6, 12), (29, 14), (21, 10), (10, 9), (2, 5), (25, 7), (2, 14), (17, 8), (9, 4), (5, 15), (9, 13), (6, 7), (29, 9), (21, 5), (21, 14), (10, 4), (25, 2), (10, 13), (2, 9), (24, 15), (13, 15), (17, 3), (5, 10), (17, 12), (9, 8), (6, 2), (6, 11), (21, 9), (2, 4), (1, 8), (13, 10), (16, 15), (5, 5), (17, 7), (28, 7), (9, 3), (5, 14), (9, 12), (6, 6), (21, 4), (12, 13), (23, 13), (1, 3), (13, 5), (24, 5), (1, 12), (13, 14), (17, 2), (5, 9), (9, 7), (27, 15), (6, 1), (20, 3), (23, 8), (4, 13), (1, 7), (13, 9), (24, 9), (16, 5), (5, 4), (9, 2), (5, 13), (27, 10), (8, 15), (19, 15), (20, 7), (12, 3), (23, 3), (23, 12), (1, 2), (13, 4), (16, 9), (27, 5), (27, 14), (19, 10), (11, 15), (12, 7), (23, 7), (4, 3), (26, 8), (7, 13), (18, 13), (27, 9), (8, 5), (19, 5), (19, 14), (11, 10), (23, 2), (4, 7), (22, 15), (26, 3), (26, 12), (18, 8)]",38,0,38
311,"(27, 2)","(26, 2)",East,"[((27, 1), 'South', 1)]","['(27, 2)', '(28, 3)', '(29, 4)']","['(28, 3)', '(29, 4)', '(27, 1)']","[(27, 4), (27, 13), (8, 9), (19, 9), (11, 5), (11, 14), (22, 10), (3, 6), (3, 15), (14, 15), (26, 7), (7, 3), (18, 3), (7, 12), (18, 12), (27, 8), (19, 4), (11, 9), (22, 5), (3, 1), (22, 14), (3, 10), (14, 10), (15, 2), (26, 2), (7, 7), (18, 7), (29, 13), (11, 4), (10, 8), (2, 13), (25, 15), (22, 9), (3, 5), (14, 5), (3, 14), (14, 14), (7, 2), (18, 2), (18, 11), (29, 8), (6, 15), (21, 13), (10, 3), (10, 12), (2, 8), (25, 10), (22, 4), (22, 13), (3, 9), (14, 9), (6, 10), (29, 12), (21, 8), (10, 7), (2, 3), (25, 5), (2, 12), (25, 14), (22, 8), (3, 4), (14, 4), (17, 15), (28, 15), (9, 11), (6, 5), (29, 7), (21, 3), (6, 14), (21, 12), (10, 2), (2, 7), (25, 9), (13, 13), (24, 13), (5, 8), (17, 10), (9, 6), (9, 15), (6, 9), (21, 7), (2, 2), (13, 8), (1, 15), (16, 13), (5, 3), (17, 5), (28, 5), (9, 1), (5, 12), (17, 14), (9, 10), (6, 4), (21, 2), (6, 13), (20, 15), (13, 3), (24, 3), (1, 10), (13, 12), (5, 7), (17, 9), (28, 9), (9, 5), (9, 14), (12, 15), (23, 15), (1, 5), (13, 7), (24, 7), (16, 3), (1, 14), (5, 2), (17, 4), (9, 9), (8, 13), (19, 13), (20, 5), (23, 10), (4, 15), (13, 2), (1, 9), (16, 7), (27, 3), (27, 12), (19, 8), (11, 13), (20, 9), (12, 5), (23, 5), (23, 14), (1, 4), (1, 13), (15, 15), (26, 15), (27, 7), (8, 3), (19, 3), (19, 12), (11, 8), (20, 13), (12, 9), (23, 9), (4, 5), (15, 1), (26, 10), (18, 6), (7, 15), (18, 15), (27, 2), (27, 11), (8, 7), (19, 7), (11, 3), (11, 12), (23, 4), (4, 9), (3, 13), (14, 13), (26, 5), (18, 1), (15, 14), (26, 14), (7, 10), (18, 10), (27, 6), (19, 2), (11, 7), (22, 3), (22, 12), (3, 8), (14, 8), (26, 9), (7, 5), (18, 5), (7, 14), (18, 14), (11, 2), (25, 4), (10, 15), (25, 13), (22, 7), (3, 3), (14, 3), (3, 12), (14, 12), (26, 4), (26, 13), (7, 9), (18, 9), (29, 15), (21, 11), (10, 10), (25, 8), (7, 8), (2, 15), (22, 2), (3, 7), (14, 7), (7, 4), (18, 4), (6, 8), (29, 10), (21, 6), (21, 15), (10, 5), (25, 3), (10, 14), (2, 10), (25, 12), (3, 2), (14, 2), (3, 11), (17, 13), (28, 13), (6, 3), (29, 5), (21, 1), (6, 12), (29, 14), (21, 10), (10, 9), (2, 5), (25, 7), (2, 14), (17, 8), (9, 4), (5, 15), (9, 13), (6, 7), (29, 9), (21, 5), (21, 14), (10, 4), (25, 2), (10, 13), (2, 9), (24, 15), (13, 15), (17, 3), (5, 10), (17, 12), (9, 8), (6, 2), (6, 11), (21, 9), (2, 4), (1, 8), (13, 10), (16, 15), (5, 5), (17, 7), (28, 7), (9, 3), (5, 14), (9, 12), (6, 6), (21, 4), (12, 13), (23, 13), (1, 3), (13, 5), (24, 5), (1, 12), (13, 14), (17, 2), (5, 9), (9, 7), (27, 15), (6, 1), (20, 3), (23, 8), (4, 13), (1, 7), (13, 9), (24, 9), (16, 5), (5, 4), (9, 2), (5, 13), (27, 10), (8, 15), (19, 15), (20, 7), (12, 3), (23, 3), (23, 12), (1, 2), (13, 4), (16, 9), (27, 5), (27, 14), (19, 10), (11, 15), (12, 7), (23, 7), (4, 3), (26, 8), (7, 13), (18, 13), (27, 9), (8, 5), (19, 5), (19, 14), (11, 10), (23, 2), (4, 7), (22, 15), (26, 3), (26, 12), (18, 8)]",39,0,39
312,"(28, 3)","(27, 3)",East,"[((29, 3), 'East', 1)]","['(28, 3)', '(29, 4)', '(27, 1)']","['(29, 4)', '(27, 1)', '(29, 3)']","[(27, 4), (27, 13), (8, 9), (19, 9), (11, 5), (11, 14), (22, 10), (3, 6), (3, 15), (14, 15), (26, 7), (7, 3), (18, 3), (7, 12), (18, 12), (27, 8), (19, 4), (11, 9), (22, 5), (3, 1), (22, 14), (3, 10), (14, 10), (15, 2), (26, 2), (7, 7), (18, 7), (29, 13), (11, 4), (10, 8), (2, 13), (25, 15), (22, 9), (3, 5), (14, 5), (3, 14), (14, 14), (7, 2), (18, 2), (18, 11), (29, 8), (6, 15), (21, 13), (10, 3), (10, 12), (2, 8), (25, 10), (22, 4), (22, 13), (3, 9), (14, 9), (6, 10), (29, 12), (21, 8), (10, 7), (2, 3), (25, 5), (2, 12), (25, 14), (22, 8), (3, 4), (14, 4), (17, 15), (28, 15), (9, 11), (6, 5), (29, 7), (21, 3), (6, 14), (21, 12), (10, 2), (2, 7), (25, 9), (13, 13), (24, 13), (5, 8), (17, 10), (9, 6), (9, 15), (6, 9), (21, 7), (2, 2), (13, 8), (1, 15), (16, 13), (5, 3), (17, 5), (28, 5), (9, 1), (5, 12), (17, 14), (9, 10), (6, 4), (21, 2), (6, 13), (20, 15), (13, 3), (24, 3), (1, 10), (13, 12), (5, 7), (17, 9), (28, 9), (9, 5), (9, 14), (12, 15), (23, 15), (1, 5), (13, 7), (24, 7), (16, 3), (1, 14), (5, 2), (17, 4), (9, 9), (8, 13), (19, 13), (20, 5), (23, 10), (4, 15), (13, 2), (1, 9), (16, 7), (27, 3), (27, 12), (19, 8), (11, 13), (20, 9), (12, 5), (23, 5), (23, 14), (1, 4), (1, 13), (15, 15), (26, 15), (27, 7), (8, 3), (19, 3), (19, 12), (11, 8), (20, 13), (12, 9), (23, 9), (4, 5), (15, 1), (26, 10), (18, 6), (7, 15), (18, 15), (27, 2), (27, 11), (8, 7), (19, 7), (11, 3), (11, 12), (23, 4), (4, 9), (3, 13), (14, 13), (26, 5), (18, 1), (15, 14), (26, 14), (7, 10), (18, 10), (27, 6), (19, 2), (11, 7), (22, 3), (22, 12), (3, 8), (14, 8), (26, 9), (7, 5), (18, 5), (7, 14), (18, 14), (11, 2), (25, 4), (10, 15), (25, 13), (22, 7), (3, 3), (14, 3), (3, 12), (14, 12), (26, 4), (26, 13), (7, 9), (18, 9), (29, 15), (21, 11), (10, 10), (25, 8), (7, 8), (2, 15), (22, 2), (3, 7), (14, 7), (7, 4), (18, 4), (6, 8), (29, 10), (21, 6), (21, 15), (10, 5), (25, 3), (10, 14), (2, 10), (25, 12), (3, 2), (14, 2), (3, 11), (17, 13), (28, 13), (6, 3), (29, 5), (21, 1), (6, 12), (29, 14), (21, 10), (10, 9), (2, 5), (25, 7), (2, 14), (17, 8), (9, 4), (5, 15), (9, 13), (6, 7), (29, 9), (21, 5), (21, 14), (10, 4), (25, 2), (10, 13), (2, 9), (24, 15), (13, 15), (17, 3), (28, 3), (5, 10), (17, 12), (9, 8), (6, 2), (6, 11), (21, 9), (2, 4), (1, 8), (13, 10), (16, 15), (5, 5), (17, 7), (28, 7), (9, 3), (5, 14), (9, 12), (6, 6), (21, 4), (12, 13), (23, 13), (1, 3), (13, 5), (24, 5), (1, 12), (13, 14), (17, 2), (5, 9), (9, 7), (27, 15), (6, 1), (20, 3), (23, 8), (4, 13), (1, 7), (13, 9), (24, 9), (16, 5), (5, 4), (9, 2), (5, 13), (27, 10), (8, 15), (19, 15), (20, 7), (12, 3), (23, 3), (23, 12), (1, 2), (13, 4), (16, 9), (27, 5), (27, 14), (19, 10), (11, 15), (12, 7), (23, 7), (4, 3), (26, 8), (7, 13), (18, 13), (27, 9), (8, 5), (19, 5), (19, 14), (11, 10), (23, 2), (4, 7), (22, 15), (26, 3), (26, 12), (18, 8)]",39,0,39
313,"(29, 4)","(29, 5)",South,[],"['(29, 4)', '(27, 1)', '(29, 3)']","['(27, 1)', '(29, 3)']","[(27, 4), (27, 13), (8, 9), (19, 9), (11, 5), (11, 14), (22, 10), (3, 6), (3, 15), (14, 15), (26, 7), (7, 3), (18, 3), (7, 12), (18, 12), (27, 8), (19, 4), (11, 9), (22, 5), (3, 1), (22, 14), (3, 10), (14, 10), (15, 2), (26, 2), (7, 7), (18, 7), (29, 13), (11, 4), (10, 8), (2, 13), (25, 15), (22, 9), (3, 5), (14, 5), (3, 14), (14, 14), (7, 2), (18, 2), (18, 11), (29, 8), (6, 15), (21, 13), (10, 3), (10, 12), (2, 8), (25, 10), (22, 4), (22, 13), (3, 9), (14, 9), (6, 10), (29, 12), (21, 8), (10, 7), (2, 3), (25, 5), (2, 12), (25, 14), (22, 8), (3, 4), (14, 4), (17, 15), (28, 15), (9, 11), (6, 5), (29, 7), (21, 3), (6, 14), (21, 12), (10, 2), (2, 7), (25, 9), (13, 13), (24, 13), (5, 8), (17, 10), (9, 6), (9, 15), (6, 9), (21, 7), (2, 2), (13, 8), (1, 15), (16, 13), (5, 3), (17, 5), (28, 5), (9, 1), (5, 12), (17, 14), (9, 10), (6, 4), (21, 2), (6, 13), (20, 15), (13, 3), (24, 3), (1, 10), (13, 12), (5, 7), (17, 9), (28, 9), (9, 5), (9, 14), (12, 15), (23, 15), (1, 5), (13, 7), (24, 7), (16, 3), (1, 14), (5, 2), (17, 4), (9, 9), (8, 13), (19, 13), (20, 5), (23, 10), (4, 15), (13, 2), (1, 9), (16, 7), (27, 3), (27, 12), (19, 8), (11, 13), (20, 9), (12, 5), (23, 5), (23, 14), (1, 4), (1, 13), (15, 15), (26, 15), (27, 7), (8, 3), (19, 3), (19, 12), (11, 8), (20, 13), (12, 9), (23, 9), (4, 5), (15, 1), (26, 10), (18, 6), (7, 15), (18, 15), (27, 2), (27, 11), (8, 7), (19, 7), (11, 3), (11, 12), (23, 4), (4, 9), (3, 13), (14, 13), (26, 5), (18, 1), (15, 14), (26, 14), (7, 10), (18, 10), (27, 6), (19, 2), (11, 7), (22, 3), (22, 12), (3, 8), (14, 8), (26, 9), (7, 5), (18, 5), (7, 14), (18, 14), (11, 2), (25, 4), (10, 15), (25, 13), (22, 7), (3, 3), (14, 3), (3, 12), (14, 12), (26, 4), (26, 13), (7, 9), (18, 9), (29, 15), (21, 11), (10, 10), (25, 8), (7, 8), (2, 15), (22, 2), (3, 7), (14, 7), (7, 4), (18, 4), (6, 8), (29, 10), (21, 6), (21, 15), (10, 5), (25, 3), (10, 14), (2, 10), (25, 12), (3, 2), (14, 2), (3, 11), (17, 13), (28, 13), (6, 3), (29, 5), (21, 1), (6, 12), (29, 14), (21, 10), (10, 9), (2, 5), (25, 7), (2, 14), (17, 8), (9, 4), (5, 15), (9, 13), (6, 7), (29, 9), (21, 5), (21, 14), (10, 4), (25, 2), (10, 13), (2, 9), (24, 15), (13, 15), (17, 3), (28, 3), (5, 10), (17, 12), (9, 8), (6, 2), (29, 4), (6, 11), (21, 9), (2, 4), (1, 8), (13, 10), (16, 15), (5, 5), (17, 7), (28, 7), (9, 3), (5, 14), (9, 12), (6, 6), (21, 4), (12, 13), (23, 13), (1, 3), (13, 5), (24, 5), (1, 12), (13, 14), (17, 2), (5, 9), (9, 7), (27, 15), (6, 1), (20, 3), (23, 8), (4, 13), (1, 7), (13, 9), (24, 9), (16, 5), (5, 4), (9, 2), (5, 13), (27, 10), (8, 15), (19, 15), (20, 7), (12, 3), (23, 3), (23, 12), (1, 2), (13, 4), (16, 9), (27, 5), (27, 14), (19, 10), (11, 15), (12, 7), (23, 7), (4, 3), (26, 8), (7, 13), (18, 13), (27, 9), (8, 5), (19, 5), (19, 14), (11, 10), (23, 2), (4, 7), (22, 15), (26, 3), (26, 12), (18, 8)]",39,0,39
314,"(27, 1)","(27, 2)",South,[],"['(27, 1)', '(29, 3)']","['(29, 3)']","[(27, 4), (27, 13), (8, 9), (19, 9), (11, 5), (11, 14), (22, 10), (3, 6), (3, 15), (14, 15), (26, 7), (7, 3), (18, 3), (7, 12), (18, 12), (27, 8), (19, 4), (11, 9), (22, 5), (3, 1), (22, 14), (3, 10), (14, 10), (15, 2), (26, 2), (7, 7), (18, 7), (29, 13), (11, 4), (10, 8), (2, 13), (25, 15), (22, 9), (3, 5), (14, 5), (3, 14), (14, 14), (7, 2), (18, 2), (18, 11), (29, 8), (6, 15), (21, 13), (10, 3), (10, 12), (2, 8), (25, 10), (22, 4), (22, 13), (3, 9), (14, 9), (6, 10), (29, 12), (21, 8), (10, 7), (2, 3), (25, 5), (2, 12), (25, 14), (22, 8), (3, 4), (14, 4), (17, 15), (28, 15), (9, 11), (6, 5), (29, 7), (21, 3), (6, 14), (21, 12), (10, 2), (2, 7), (25, 9), (13, 13), (24, 13), (5, 8), (17, 10), (9, 6), (9, 15), (6, 9), (21, 7), (2, 2), (13, 8), (1, 15), (16, 13), (5, 3), (17, 5), (28, 5), (9, 1), (5, 12), (17, 14), (9, 10), (6, 4), (21, 2), (6, 13), (20, 15), (13, 3), (24, 3), (1, 10), (13, 12), (5, 7), (17, 9), (28, 9), (9, 5), (9, 14), (12, 15), (23, 15), (1, 5), (13, 7), (24, 7), (16, 3), (1, 14), (5, 2), (17, 4), (9, 9), (8, 13), (19, 13), (20, 5), (23, 10), (4, 15), (13, 2), (1, 9), (16, 7), (27, 3), (27, 12), (19, 8), (11, 13), (20, 9), (12, 5), (23, 5), (23, 14), (1, 4), (1, 13), (15, 15), (26, 15), (27, 7), (8, 3), (19, 3), (19, 12), (11, 8), (20, 13), (12, 9), (23, 9), (4, 5), (15, 1), (26, 10), (18, 6), (7, 15), (18, 15), (27, 2), (27, 11), (8, 7), (19, 7), (11, 3), (11, 12), (23, 4), (4, 9), (3, 13), (14, 13), (26, 5), (18, 1), (15, 14), (26, 14), (7, 10), (18, 10), (27, 6), (19, 2), (11, 7), (22, 3), (22, 12), (3, 8), (14, 8), (26, 9), (7, 5), (18, 5), (7, 14), (18, 14), (27, 1), (11, 2), (25, 4), (10, 15), (25, 13), (22, 7), (3, 3), (14, 3), (3, 12), (14, 12), (26, 4), (26, 13), (7, 9), (18, 9), (29, 15), (21, 11), (10, 10), (25, 8), (7, 8), (2, 15), (22, 2), (3, 7), (14, 7), (7, 4), (18, 4), (6, 8), (29, 10), (21, 6), (21, 15), (10, 5), (25, 3), (10, 14), (2, 10), (25, 12), (3, 2), (14, 2), (3, 11), (17, 13), (28, 13), (6, 3), (29, 5), (21, 1), (6, 12), (29, 14), (21, 10), (10, 9), (2, 5), (25, 7), (2, 14), (17, 8), (9, 4), (5, 15), (9, 13), (6, 7), (29, 9), (21, 5), (21, 14), (10, 4), (25, 2), (10, 13), (2, 9), (24, 15), (13, 15), (17, 3), (28, 3), (5, 10), (17, 12), (9, 8), (6, 2), (29, 4), (6, 11), (21, 9), (2, 4), (1, 8), (13, 10), (16, 15), (5, 5), (17, 7), (28, 7), (9, 3), (5, 14), (9, 12), (6, 6), (21, 4), (12, 13), (23, 13), (1, 3), (13, 5), (24, 5), (1, 12), (13, 14), (17, 2), (5, 9), (9, 7), (27, 15), (6, 1), (20, 3), (23, 8), (4, 13), (1, 7), (13, 9), (24, 9), (16, 5), (5, 4), (9, 2), (5, 13), (27, 10), (8, 15), (19, 15), (20, 7), (12, 3), (23, 3), (23, 12), (1, 2), (13, 4), (16, 9), (27, 5), (27, 14), (19, 10), (11, 15), (12, 7), (23, 7), (4, 3), (26, 8), (7, 13), (18, 13), (27, 9), (8, 5), (19, 5), (19, 14), (11, 10), (23, 2), (4, 7), (22, 15), (26, 3), (26, 12), (18, 8)]",40,0,40
315,"(29, 3)","(28, 3)",East,"[((29, 2), 'South', 1)]","['(29, 3)']","['(29, 2)']","[(27, 4), (27, 13), (8, 9), (19, 9), (11, 5), (11, 14), (22, 10), (3, 6), (3, 15), (14, 15), (26, 7), (7, 3), (18, 3), (7, 12), (18, 12), (27, 8), (19, 4), (11, 9), (22, 5), (3, 1), (22, 14), (3, 10), (14, 10), (15, 2), (26, 2), (7, 7), (18, 7), (29, 13), (11, 4), (10, 8), (2, 13), (25, 15), (22, 9), (3, 5), (14, 5), (3, 14), (14, 14), (7, 2), (18, 2), (18, 11), (29, 8), (6, 15), (21, 13), (10, 3), (10, 12), (2, 8), (25, 10), (22, 4), (22, 13), (3, 9), (14, 9), (29, 3), (6, 10), (29, 12), (21, 8), (10, 7), (2, 3), (25, 5), (2, 12), (25, 14), (22, 8), (3, 4), (14, 4), (17, 15), (28, 15), (9, 11), (6, 5), (29, 7), (21, 3), (6, 14), (21, 12), (10, 2), (2, 7), (25, 9), (13, 13), (24, 13), (5, 8), (17, 10), (9, 6), (9, 15), (6, 9), (21, 7), (2, 2), (13, 8), (1, 15), (16, 13), (5, 3), (17, 5), (28, 5), (9, 1), (5, 12), (17, 14), (9, 10), (6, 4), (21, 2), (6, 13), (20, 15), (13, 3), (24, 3), (1, 10), (13, 12), (5, 7), (17, 9), (28, 9), (9, 5), (9, 14), (12, 15), (23, 15), (1, 5), (13, 7), (24, 7), (16, 3), (1, 14), (5, 2), (17, 4), (9, 9), (8, 13), (19, 13), (20, 5), (23, 10), (4, 15), (13, 2), (1, 9), (16, 7), (27, 3), (27, 12), (19, 8), (11, 13), (20, 9), (12, 5), (23, 5), (23, 14), (1, 4), (1, 13), (15, 15), (26, 15), (27, 7), (8, 3), (19, 3), (19, 12), (11, 8), (20, 13), (12, 9), (23, 9), (4, 5), (15, 1), (26, 10), (18, 6), (7, 15), (18, 15), (27, 2), (27, 11), (8, 7), (19, 7), (11, 3), (11, 12), (23, 4), (4, 9), (3, 13), (14, 13), (26, 5), (18, 1), (15, 14), (26, 14), (7, 10), (18, 10), (27, 6), (19, 2), (11, 7), (22, 3), (22, 12), (3, 8), (14, 8), (26, 9), (7, 5), (18, 5), (7, 14), (18, 14), (27, 1), (11, 2), (25, 4), (10, 15), (25, 13), (22, 7), (3, 3), (14, 3), (3, 12), (14, 12), (26, 4), (26, 13), (7, 9), (18, 9), (29, 15), (21, 11), (10, 10), (25, 8), (7, 8), (2, 15), (22, 2), (3, 7), (14, 7), (7, 4), (18, 4), (6, 8), (29, 10), (21, 6), (21, 15), (10, 5), (25, 3), (10, 14), (2, 10), (25, 12), (3, 2), (14, 2), (3, 11), (17, 13), (28, 13), (6, 3), (29, 5), (21, 1), (6, 12), (29, 14), (21, 10), (10, 9), (2, 5), (25, 7), (2, 14), (17, 8), (9, 4), (5, 15), (9, 13), (6, 7), (29, 9), (21, 5), (21, 14), (10, 4), (25, 2), (10, 13), (2, 9), (24, 15), (13, 15), (17, 3), (28, 3), (5, 10), (17, 12), (9, 8), (6, 2), (29, 4), (6, 11), (21, 9), (2, 4), (1, 8), (13, 10), (16, 15), (5, 5), (17, 7), (28, 7), (9, 3), (5, 14), (9, 12), (6, 6), (21, 4), (12, 13), (23, 13), (1, 3), (13, 5), (24, 5), (1, 12), (13, 14), (17, 2), (5, 9), (9, 7), (27, 15), (6, 1), (20, 3), (23, 8), (4, 13), (1, 7), (13, 9), (24, 9), (16, 5), (5, 4), (9, 2), (5, 13), (27, 10), (8, 15), (19, 15), (20, 7), (12, 3), (23, 3), (23, 12), (1, 2), (13, 4), (16, 9), (27, 5), (27, 14), (19, 10), (11, 15), (12, 7), (23, 7), (4, 3), (26, 8), (7, 13), (18, 13), (27, 9), (8, 5), (19, 5), (19, 14), (11, 10), (23, 2), (4, 7), (22, 15), (26, 3), (26, 12), (18, 8)]",40,0,40
316,"(29, 2)","(29, 3)",South,"[((29, 1), 'South', 1)]","['(29, 2)']","['(29, 1)']","[(27, 4), (27, 13), (8, 9), (19, 9), (11, 5), (11, 14), (22, 10), (3, 6), (3, 15), (14, 15), (26, 7), (7, 3), (18, 3), (7, 12), (18, 12), (27, 8), (19, 4), (11, 9), (22, 5), (3, 1), (22, 14), (3, 10), (14, 10), (15, 2), (26, 2), (7, 7), (18, 7), (29, 13), (11, 4), (10, 8), (2, 13), (25, 15), (22, 9), (3, 5), (14, 5), (3, 14), (14, 14), (7, 2), (18, 2), (18, 11), (29, 8), (6, 15), (21, 13), (10, 3), (10, 12), (2, 8), (25, 10), (22, 4), (22, 13), (3, 9), (14, 9), (29, 3), (6, 10), (29, 12), (21, 8), (10, 7), (2, 3), (25, 5), (2, 12), (25, 14), (22, 8), (3, 4), (14, 4), (17, 15), (28, 15), (9, 11), (6, 5), (29, 7), (21, 3), (6, 14), (21, 12), (10, 2), (2, 7), (25, 9), (13, 13), (24, 13), (5, 8), (17, 10), (9, 6), (9, 15), (29, 2), (6, 9), (21, 7), (2, 2), (13, 8), (1, 15), (16, 13), (5, 3), (17, 5), (28, 5), (9, 1), (5, 12), (17, 14), (9, 10), (6, 4), (21, 2), (6, 13), (20, 15), (13, 3), (24, 3), (1, 10), (13, 12), (5, 7), (17, 9), (28, 9), (9, 5), (9, 14), (12, 15), (23, 15), (1, 5), (13, 7), (24, 7), (16, 3), (1, 14), (5, 2), (17, 4), (9, 9), (8, 13), (19, 13), (20, 5), (23, 10), (4, 15), (13, 2), (1, 9), (16, 7), (27, 3), (27, 12), (19, 8), (11, 13), (20, 9), (12, 5), (23, 5), (23, 14), (1, 4), (1, 13), (15, 15), (26, 15), (27, 7), (8, 3), (19, 3), (19, 12), (11, 8), (20, 13), (12, 9), (23, 9), (4, 5), (15, 1), (26, 10), (18, 6), (7, 15), (18, 15), (27, 2), (27, 11), (8, 7), (19, 7), (11, 3), (11, 12), (23, 4), (4, 9), (3, 13), (14, 13), (26, 5), (18, 1), (15, 14), (26, 14), (7, 10), (18, 10), (27, 6), (19, 2), (11, 7), (22, 3), (22, 12), (3, 8), (14, 8), (26, 9), (7, 5), (18, 5), (7, 14), (18, 14), (27, 1), (11, 2), (25, 4), (10, 15), (25, 13), (22, 7), (3, 3), (14, 3), (3, 12), (14, 12), (26, 4), (26, 13), (7, 9), (18, 9), (29, 15), (21, 11), (10, 10), (25, 8), (7, 8), (2, 15), (22, 2), (3, 7), (14, 7), (7, 4), (18, 4), (6, 8), (29, 10), (21, 6), (21, 15), (10, 5), (25, 3), (10, 14), (2, 10), (25, 12), (3, 2), (14, 2), (3, 11), (17, 13), (28, 13), (6, 3), (29, 5), (21, 1), (6, 12), (29, 14), (21, 10), (10, 9), (2, 5), (25, 7), (2, 14), (17, 8), (9, 4), (5, 15), (9, 13), (6, 7), (29, 9), (21, 5), (21, 14), (10, 4), (25, 2), (10, 13), (2, 9), (24, 15), (13, 15), (17, 3), (28, 3), (5, 10), (17, 12), (9, 8), (6, 2), (29, 4), (6, 11), (21, 9), (2, 4), (1, 8), (13, 10), (16, 15), (5, 5), (17, 7), (28, 7), (9, 3), (5, 14), (9, 12), (6, 6), (21, 4), (12, 13), (23, 13), (1, 3), (13, 5), (24, 5), (1, 12), (13, 14), (17, 2), (5, 9), (9, 7), (27, 15), (6, 1), (20, 3), (23, 8), (4, 13), (1, 7), (13, 9), (24, 9), (16, 5), (5, 4), (9, 2), (5, 13), (27, 10), (8, 15), (19, 15), (20, 7), (12, 3), (23, 3), (23, 12), (1, 2), (13, 4), (16, 9), (27, 5), (27, 14), (19, 10), (11, 15), (12, 7), (23, 7), (4, 3), (26, 8), (7, 13), (18, 13), (27, 9), (8, 5), (19, 5), (19, 14), (11, 10), (23, 2), (4, 7), (22, 15), (26, 3), (26, 12), (18, 8)]",41,0,41
317,"(29, 1)","(29, 2)",South,[],"['(29, 1)']",[],"[(27, 4), (27, 13), (8, 9), (19, 9), (11, 5), (11, 14), (22, 10), (3, 6), (3, 15), (14, 15), (26, 7), (7, 3), (18, 3), (7, 12), (18, 12), (27, 8), (19, 4), (11, 9), (22, 5), (3, 1), (22, 14), (3, 10), (14, 10), (15, 2), (26, 2), (7, 7), (18, 7), (29, 13), (11, 4), (10, 8), (2, 13), (25, 15), (22, 9), (3, 5), (14, 5), (3, 14), (14, 14), (7, 2), (18, 2), (18, 11), (29, 8), (6, 15), (21, 13), (10, 3), (10, 12), (2, 8), (25, 10), (22, 4), (22, 13), (3, 9), (14, 9), (29, 3), (6, 10), (29, 12), (21, 8), (10, 7), (2, 3), (25, 5), (2, 12), (25, 14), (22, 8), (3, 4), (14, 4), (17, 15), (28, 15), (9, 11), (6, 5), (29, 7), (21, 3), (6, 14), (21, 12), (10, 2), (2, 7), (25, 9), (13, 13), (24, 13), (5, 8), (17, 10), (9, 6), (9, 15), (29, 2), (6, 9), (21, 7), (2, 2), (13, 8), (1, 15), (16, 13), (5, 3), (17, 5), (28, 5), (9, 1), (5, 12), (17, 14), (9, 10), (6, 4), (21, 2), (6, 13), (20, 15), (13, 3), (24, 3), (1, 10), (13, 12), (5, 7), (17, 9), (28, 9), (9, 5), (9, 14), (12, 15), (23, 15), (1, 5), (13, 7), (24, 7), (16, 3), (1, 14), (5, 2), (17, 4), (9, 9), (8, 13), (19, 13), (20, 5), (23, 10), (4, 15), (13, 2), (1, 9), (16, 7), (27, 3), (27, 12), (19, 8), (11, 13), (20, 9), (12, 5), (23, 5), (23, 14), (1, 4), (1, 13), (15, 15), (26, 15), (27, 7), (8, 3), (19, 3), (19, 12), (11, 8), (20, 13), (12, 9), (23, 9), (4, 5), (15, 1), (26, 10), (18, 6), (7, 15), (18, 15), (27, 2), (27, 11), (8, 7), (19, 7), (11, 3), (11, 12), (23, 4), (4, 9), (3, 13), (14, 13), (26, 5), (18, 1), (15, 14), (26, 14), (7, 10), (18, 10), (27, 6), (19, 2), (11, 7), (22, 3), (22, 12), (3, 8), (14, 8), (26, 9), (7, 5), (18, 5), (7, 14), (18, 14), (27, 1), (11, 2), (25, 4), (10, 15), (25, 13), (22, 7), (3, 3), (14, 3), (3, 12), (14, 12), (26, 4), (26, 13), (7, 9), (18, 9), (29, 15), (21, 11), (10, 10), (25, 8), (7, 8), (2, 15), (22, 2), (3, 7), (14, 7), (7, 4), (18, 4), (29, 1), (6, 8), (29, 10), (21, 6), (21, 15), (10, 5), (25, 3), (10, 14), (2, 10), (25, 12), (3, 2), (14, 2), (3, 11), (17, 13), (28, 13), (6, 3), (29, 5), (21, 1), (6, 12), (29, 14), (21, 10), (10, 9), (2, 5), (25, 7), (2, 14), (17, 8), (9, 4), (5, 15), (9, 13), (6, 7), (29, 9), (21, 5), (21, 14), (10, 4), (25, 2), (10, 13), (2, 9), (24, 15), (13, 15), (17, 3), (28, 3), (5, 10), (17, 12), (9, 8), (6, 2), (29, 4), (6, 11), (21, 9), (2, 4), (1, 8), (13, 10), (16, 15), (5, 5), (17, 7), (28, 7), (9, 3), (5, 14), (9, 12), (6, 6), (21, 4), (12, 13), (23, 13), (1, 3), (13, 5), (24, 5), (1, 12), (13, 14), (17, 2), (5, 9), (9, 7), (27, 15), (6, 1), (20, 3), (23, 8), (4, 13), (1, 7), (13, 9), (24, 9), (16, 5), (5, 4), (9, 2), (5, 13), (27, 10), (8, 15), (19, 15), (20, 7), (12, 3), (23, 3), (23, 12), (1, 2), (13, 4), (16, 9), (27, 5), (27, 14), (19, 10), (11, 15), (12, 7), (23, 7), (4, 3), (26, 8), (7, 13), (18, 13), (27, 9), (8, 5), (19, 5), (19, 14), (11, 10), (23, 2), (4, 7), (22, 15), (26, 3), (26, 12), (18, 8)]",42,0,42
