iteration,expanded_state,parent,action,generated_successors,frontier_before,frontier_after,explored,g,h,f
1,"(17, 11)",None,None,"[((17, 12), 'North', 1), ((17, 10), 'South', 1), ((18, 11), 'East', 1)]","['(17, 11)']","['(17, 12)', '(17, 10)', '(18, 11)']","[(17, 11)]",0,0,0
2,"(17, 12)","(17, 11)",North,"[((17, 13), 'North', 1)]","['(17, 12)', '(17, 10)', '(18, 11)']","['(17, 10)', '(18, 11)', '(17, 13)']","[(17, 11), (17, 12)]",1,0,1
3,"(17, 10)","(17, 11)",South,"[((17, 9), 'South', 1)]","['(17, 10)', '(18, 11)', '(17, 13)']","['(18, 11)', '(17, 13)', '(17, 9)']","[(17, 11), (17, 12), (17, 10)]",1,0,1
4,"(18, 11)","(17, 11)",East,"[((19, 11), 'East', 1)]","['(18, 11)', '(17, 13)', '(17, 9)']","['(17, 13)', '(17, 9)', '(19, 11)']","[(17, 11), (17, 12), (18, 11), (17, 10)]",1,0,1
5,"(17, 13)","(17, 12)",North,"[((18, 13), 'East', 1)]","['(17, 13)', '(17, 9)', '(19, 11)']","['(17, 9)', '(19, 11)', '(18, 13)']","[(17, 10), (17, 13), (17, 12), (17, 11), (18, 11)]",2,0,2
6,"(17, 9)","(17, 10)",South,"[((17, 8), 'South', 1)]","['(17, 9)', '(19, 11)', '(18, 13)']","['(19, 11)', '(18, 13)', '(17, 8)']","[(17, 10), (17, 13), (17, 9), (17, 12), (17, 11), (18, 11)]",2,0,2
7,"(19, 11)","(18, 11)",East,[],"['(19, 11)', '(18, 13)', '(17, 8)']","['(18, 13)', '(17, 8)']","[(17, 10), (17, 13), (17, 9), (17, 12), (17, 11), (18, 11), (19, 11)]",2,0,2
8,"(18, 13)","(17, 13)",East,"[((19, 13), 'East', 1)]","['(18, 13)', '(17, 8)']","['(17, 8)', '(19, 13)']","[(17, 10), (17, 13), (18, 13), (17, 9), (17, 12), (17, 11), (18, 11), (19, 11)]",3,0,3
9,"(17, 8)","(17, 9)",South,"[((17, 7), 'South', 1)]","['(17, 8)', '(19, 13)']","['(19, 13)', '(17, 7)']","[(17, 10), (17, 13), (18, 13), (17, 9), (17, 12), (17, 11), (18, 11), (17, 8), (19, 11)]",3,0,3
10,"(19, 13)","(18, 13)",East,"[((20, 13), 'East', 1)]","['(19, 13)', '(17, 7)']","['(17, 7)', '(20, 13)']","[(17, 10), (17, 13), (18, 13), (17, 9), (19, 13), (17, 12), (17, 11), (18, 11), (17, 8), (19, 11)]",4,0,4
11,"(17, 7)","(17, 8)",South,"[((17, 6), 'South', 1)]","['(17, 7)', '(20, 13)']","['(20, 13)', '(17, 6)']","[(17, 7), (17, 10), (17, 13), (18, 13), (17, 9), (19, 13), (17, 12), (17, 11), (18, 11), (17, 8), (19, 11)]",4,0,4
12,"(20, 13)","(19, 13)",East,"[((21, 13), 'East', 1)]","['(20, 13)', '(17, 6)']","['(17, 6)', '(21, 13)']","[(17, 7), (17, 10), (17, 13), (20, 13), (18, 13), (17, 9), (19, 13), (17, 12), (17, 11), (18, 11), (17, 8), (19, 11)]",5,0,5
13,"(17, 6)","(17, 7)",South,"[((17, 5), 'South', 1)]","['(17, 6)', '(21, 13)']","['(21, 13)', '(17, 5)']","[(17, 7), (17, 10), (17, 13), (20, 13), (18, 13), (17, 9), (19, 13), (17, 6), (17, 12), (17, 11), (18, 11), (17, 8), (19, 11)]",5,0,5
14,"(21, 13)","(20, 13)",East,"[((21, 12), 'South', 1)]","['(21, 13)', '(17, 5)']","['(17, 5)', '(21, 12)']","[(17, 7), (17, 10), (21, 13), (17, 13), (20, 13), (18, 13), (17, 9), (19, 13), (17, 6), (17, 12), (17, 11), (18, 11), (17, 8), (19, 11)]",6,0,6
15,"(17, 5)","(17, 6)",South,"[((16, 5), 'West', 1)]","['(17, 5)', '(21, 12)']","['(21, 12)', '(16, 5)']","[(17, 7), (17, 10), (21, 13), (17, 13), (20, 13), (18, 13), (17, 9), (19, 13), (17, 6), (17, 12), (17, 5), (17, 11), (18, 11), (17, 8), (19, 11)]",6,0,6
16,"(21, 12)","(21, 13)",South,"[((21, 11), 'South', 1)]","['(21, 12)', '(16, 5)']","['(16, 5)', '(21, 11)']","[(17, 7), (17, 10), (21, 13), (17, 13), (20, 13), (18, 13), (17, 9), (21, 12), (19, 13), (17, 6), (17, 12), (17, 5), (17, 11), (18, 11), (17, 8), (19, 11)]",7,0,7
17,"(16, 5)","(17, 5)",West,"[((15, 5), 'West', 1)]","['(16, 5)', '(21, 11)']","['(21, 11)', '(15, 5)']","[(17, 7), (17, 10), (21, 13), (17, 13), (20, 13), (18, 13), (17, 9), (21, 12), (19, 13), (17, 6), (17, 12), (16, 5), (17, 5), (17, 11), (18, 11), (17, 8), (19, 11)]",7,0,7
18,"(21, 11)","(21, 12)",South,"[((21, 10), 'South', 1)]","['(21, 11)', '(15, 5)']","['(15, 5)', '(21, 10)']","[(17, 7), (17, 10), (21, 13), (17, 13), (20, 13), (18, 13), (17, 9), (21, 12), (19, 13), (17, 6), (17, 12), (21, 11), (16, 5), (17, 5), (17, 11), (18, 11), (17, 8), (19, 11)]",8,0,8
19,"(15, 5)","(16, 5)",West,"[((14, 5), 'West', 1)]","['(15, 5)', '(21, 10)']","['(21, 10)', '(14, 5)']","[(21, 13), (17, 9), (17, 6), (17, 12), (15, 5), (20, 13), (18, 13), (21, 12), (17, 5), (17, 11), (17, 8), (19, 11), (21, 11), (17, 7), (17, 10), (17, 13), (19, 13), (16, 5), (18, 11)]",8,0,8
20,"(21, 10)","(21, 11)",South,"[((21, 9), 'South', 1)]","['(21, 10)', '(14, 5)']","['(14, 5)', '(21, 9)']","[(21, 10), (21, 13), (17, 9), (17, 6), (17, 12), (15, 5), (20, 13), (18, 13), (21, 12), (17, 5), (17, 11), (17, 8), (19, 11), (21, 11), (17, 7), (17, 10), (17, 13), (19, 13), (16, 5), (18, 11)]",9,0,9
21,"(14, 5)","(15, 5)",West,"[((13, 5), 'West', 1)]","['(14, 5)', '(21, 9)']","['(21, 9)', '(13, 5)']","[(21, 10), (21, 13), (17, 9), (17, 6), (17, 12), (15, 5), (20, 13), (18, 13), (21, 12), (17, 5), (17, 11), (17, 8), (19, 11), (21, 11), (14, 5), (17, 7), (17, 10), (17, 13), (19, 13), (16, 5), (18, 11)]",9,0,9
22,"(21, 9)","(21, 10)",South,"[((21, 8), 'South', 1)]","['(21, 9)', '(13, 5)']","['(13, 5)', '(21, 8)']","[(21, 10), (21, 13), (17, 9), (17, 6), (17, 12), (15, 5), (21, 9), (20, 13), (18, 13), (21, 12), (17, 5), (17, 11), (17, 8), (19, 11), (21, 11), (14, 5), (17, 7), (17, 10), (17, 13), (19, 13), (16, 5), (18, 11)]",10,0,10
23,"(13, 5)","(14, 5)",West,"[((13, 6), 'North', 1)]","['(13, 5)', '(21, 8)']","['(21, 8)', '(13, 6)']","[(21, 10), (21, 13), (17, 9), (17, 6), (17, 12), (13, 5), (15, 5), (21, 9), (20, 13), (18, 13), (21, 12), (17, 5), (17, 11), (17, 8), (19, 11), (21, 11), (14, 5), (17, 7), (17, 10), (17, 13), (19, 13), (16, 5), (18, 11)]",10,0,10
24,"(21, 8)","(21, 9)",South,"[((21, 7), 'South', 1)]","['(21, 8)', '(13, 6)']","['(13, 6)', '(21, 7)']","[(21, 10), (21, 13), (17, 9), (17, 6), (17, 12), (13, 5), (15, 5), (21, 9), (20, 13), (18, 13), (21, 12), (17, 5), (17, 11), (17, 8), (19, 11), (21, 8), (21, 11), (14, 5), (17, 7), (17, 10), (17, 13), (19, 13), (16, 5), (18, 11)]",11,0,11
25,"(13, 6)","(13, 5)",North,"[((13, 7), 'North', 1)]","['(13, 6)', '(21, 7)']","['(21, 7)', '(13, 7)']","[(21, 10), (21, 13), (17, 9), (17, 6), (17, 12), (13, 5), (15, 5), (21, 9), (20, 13), (18, 13), (21, 12), (17, 5), (17, 11), (17, 8), (19, 11), (21, 8), (21, 11), (14, 5), (17, 7), (17, 10), (17, 13), (19, 13), (16, 5), (13, 6), (18, 11)]",11,0,11
26,"(21, 7)","(21, 8)",South,"[((21, 6), 'South', 1), ((22, 7), 'East', 1)]","['(21, 7)', '(13, 7)']","['(13, 7)', '(21, 6)', '(22, 7)']","[(21, 10), (21, 13), (17, 9), (17, 6), (17, 12), (13, 5), (15, 5), (21, 9), (20, 13), (18, 13), (21, 12), (17, 5), (17, 11), (17, 8), (19, 11), (21, 8), (21, 11), (14, 5), (17, 7), (17, 10), (17, 13), (19, 13), (16, 5), (13, 6), (18, 11), (21, 7)]",12,0,12
27,"(13, 7)","(13, 6)",North,"[((13, 8), 'North', 1)]","['(13, 7)', '(21, 6)', '(22, 7)']","['(21, 6)', '(22, 7)', '(13, 8)']","[(21, 10), (21, 13), (17, 9), (17, 6), (17, 12), (13, 5), (15, 5), (21, 9), (20, 13), (18, 13), (21, 12), (17, 5), (17, 11), (17, 8), (19, 11), (13, 7), (21, 8), (21, 11), (14, 5), (17, 7), (17, 10), (17, 13), (19, 13), (16, 5), (13, 6), (18, 11), (21, 7)]",12,0,12
28,"(21, 6)","(21, 7)",South,"[((21, 5), 'South', 1)]","['(21, 6)', '(22, 7)', '(13, 8)']","['(22, 7)', '(13, 8)', '(21, 5)']","[(21, 10), (21, 13), (17, 9), (17, 6), (17, 12), (13, 5), (15, 5), (21, 9), (20, 13), (18, 13), (21, 12), (21, 6), (17, 5), (17, 11), (17, 8), (19, 11), (13, 7), (21, 8), (21, 11), (14, 5), (17, 7), (17, 10), (17, 13), (19, 13), (16, 5), (13, 6), (18, 11), (21, 7)]",13,0,13
29,"(22, 7)","(21, 7)",East,"[((23, 7), 'East', 1)]","['(22, 7)', '(13, 8)', '(21, 5)']","['(13, 8)', '(21, 5)', '(23, 7)']","[(21, 10), (21, 13), (17, 9), (17, 6), (17, 12), (13, 5), (15, 5), (21, 9), (20, 13), (18, 13), (21, 12), (21, 6), (22, 7), (17, 5), (17, 11), (17, 8), (19, 11), (13, 7), (21, 8), (21, 11), (14, 5), (17, 7), (17, 10), (17, 13), (19, 13), (16, 5), (13, 6), (18, 11), (21, 7)]",13,0,13
30,"(13, 8)","(13, 7)",North,"[((13, 9), 'North', 1)]","['(13, 8)', '(21, 5)', '(23, 7)']","['(21, 5)', '(23, 7)', '(13, 9)']","[(21, 10), (21, 13), (17, 9), (17, 6), (17, 12), (13, 5), (13, 8), (15, 5), (21, 9), (20, 13), (18, 13), (21, 12), (21, 6), (22, 7), (17, 5), (17, 11), (17, 8), (19, 11), (13, 7), (21, 8), (21, 11), (14, 5), (17, 7), (17, 10), (17, 13), (19, 13), (16, 5), (13, 6), (18, 11), (21, 7)]",13,0,13
31,"(21, 5)","(21, 6)",South,"[((22, 5), 'East', 1)]","['(21, 5)', '(23, 7)', '(13, 9)']","['(23, 7)', '(13, 9)', '(22, 5)']","[(21, 10), (21, 13), (17, 9), (17, 6), (17, 12), (13, 5), (13, 8), (15, 5), (21, 9), (20, 13), (18, 13), (21, 12), (21, 6), (22, 7), (17, 5), (17, 11), (17, 8), (19, 11), (13, 7), (21, 5), (21, 8), (21, 11), (14, 5), (17, 7), (17, 10), (17, 13), (19, 13), (16, 5), (13, 6), (18, 11), (21, 7)]",14,0,14
32,"(23, 7)","(22, 7)",East,[],"['(23, 7)', '(13, 9)', '(22, 5)']","['(13, 9)', '(22, 5)']","[(21, 10), (23, 7), (21, 13), (17, 9), (17, 6), (17, 12), (13, 5), (13, 8), (15, 5), (21, 9), (20, 13), (18, 13), (21, 12), (21, 6), (22, 7), (17, 5), (17, 11), (17, 8), (19, 11), (13, 7), (21, 5), (21, 8), (21, 11), (14, 5), (17, 7), (17, 10), (17, 13), (19, 13), (16, 5), (13, 6), (18, 11), (21, 7)]",14,0,14
33,"(13, 9)","(13, 8)",North,"[((13, 10), 'North', 1), ((14, 9), 'East', 1)]","['(13, 9)', '(22, 5)']","['(22, 5)', '(13, 10)', '(14, 9)']","[(21, 10), (23, 7), (21, 13), (17, 9), (17, 6), (17, 12), (13, 5), (13, 8), (15, 5), (21, 9), (20, 13), (18, 13), (21, 12), (21, 6), (22, 7), (17, 5), (17, 11), (17, 8), (19, 11), (13, 7), (21, 5), (21, 8), (21, 11), (14, 5), (17, 7), (17, 10), (17, 13), (19, 13), (13, 9), (16, 5), (13, 6), (18, 11), (21, 7)]",14,0,14
34,"(22, 5)","(21, 5)",East,"[((23, 5), 'East', 1)]","['(22, 5)', '(13, 10)', '(14, 9)']","['(13, 10)', '(14, 9)', '(23, 5)']","[(21, 10), (23, 7), (22, 5), (21, 13), (17, 9), (17, 6), (17, 12), (13, 5), (13, 8), (15, 5), (21, 9), (20, 13), (18, 13), (21, 12), (21, 6), (22, 7), (17, 5), (17, 11), (17, 8), (19, 11), (13, 7), (21, 5), (21, 8), (21, 11), (14, 5), (17, 7), (17, 10), (17, 13), (19, 13), (13, 9), (16, 5), (13, 6), (18, 11), (21, 7)]",15,0,15
35,"(13, 10)","(13, 9)",North,"[((13, 11), 'North', 1)]","['(13, 10)', '(14, 9)', '(23, 5)']","['(14, 9)', '(23, 5)', '(13, 11)']","[(21, 10), (23, 7), (22, 5), (21, 13), (17, 9), (17, 6), (17, 12), (13, 5), (13, 8), (15, 5), (21, 9), (20, 13), (18, 13), (21, 12), (21, 6), (22, 7), (17, 5), (17, 11), (17, 8), (19, 11), (13, 7), (13, 10), (21, 5), (21, 8), (21, 11), (14, 5), (17, 7), (17, 10), (17, 13), (19, 13), (13, 9), (16, 5), (13, 6), (18, 11), (21, 7)]",15,0,15
36,"(14, 9)","(13, 9)",East,"[((15, 9), 'East', 1)]","['(14, 9)', '(23, 5)', '(13, 11)']","['(23, 5)', '(13, 11)', '(15, 9)']","[(21, 10), (23, 7), (22, 5), (21, 13), (17, 9), (17, 6), (17, 12), (13, 5), (13, 8), (15, 5), (21, 9), (20, 13), (18, 13), (21, 12), (21, 6), (22, 7), (14, 9), (17, 5), (17, 11), (17, 8), (19, 11), (13, 7), (13, 10), (21, 5), (21, 8), (21, 11), (14, 5), (17, 7), (17, 10), (17, 13), (19, 13), (13, 9), (16, 5), (13, 6), (18, 11), (21, 7)]",15,0,15
37,"(23, 5)","(22, 5)",East,"[((24, 5), 'East', 1)]","['(23, 5)', '(13, 11)', '(15, 9)']","['(13, 11)', '(15, 9)', '(24, 5)']","[(21, 10), (23, 7), (22, 5), (21, 13), (17, 9), (17, 6), (17, 12), (13, 5), (13, 8), (15, 5), (21, 9), (20, 13), (18, 13), (21, 12), (21, 6), (22, 7), (14, 9), (17, 5), (17, 11), (17, 8), (19, 11), (13, 7), (13, 10), (21, 5), (21, 8), (23, 5), (21, 11), (14, 5), (17, 7), (17, 10), (17, 13), (19, 13), (13, 9), (16, 5), (13, 6), (18, 11), (21, 7)]",16,0,16
38,"(13, 11)","(13, 10)",North,"[((13, 12), 'North', 1)]","['(13, 11)', '(15, 9)', '(24, 5)']","['(15, 9)', '(24, 5)', '(13, 12)']","[(21, 10), (23, 7), (22, 5), (21, 13), (17, 9), (17, 6), (17, 12), (13, 5), (13, 11), (13, 8), (15, 5), (21, 9), (20, 13), (18, 13), (21, 12), (21, 6), (22, 7), (14, 9), (17, 5), (17, 11), (17, 8), (19, 11), (13, 7), (13, 10), (21, 5), (21, 8), (23, 5), (21, 11), (14, 5), (17, 7), (17, 10), (17, 13), (19, 13), (13, 9), (16, 5), (13, 6), (18, 11), (21, 7)]",16,0,16
39,"(15, 9)","(14, 9)",East,[],"['(15, 9)', '(24, 5)', '(13, 12)']","['(24, 5)', '(13, 12)']","[(21, 10), (23, 7), (22, 5), (21, 13), (17, 9), (17, 6), (17, 12), (13, 5), (13, 11), (13, 8), (15, 5), (21, 9), (20, 13), (18, 13), (21, 12), (21, 6), (22, 7), (14, 9), (17, 5), (17, 11), (17, 8), (19, 11), (13, 7), (13, 10), (21, 5), (21, 8), (23, 5), (21, 11), (14, 5), (17, 7), (17, 10), (17, 13), (19, 13), (13, 9), (16, 5), (13, 6), (15, 9), (18, 11), (21, 7)]",16,0,16
40,"(24, 5)","(23, 5)",East,"[((25, 5), 'East', 1)]","['(24, 5)', '(13, 12)']","['(13, 12)', '(25, 5)']","[(21, 10), (23, 7), (22, 5), (21, 13), (17, 9), (17, 6), (17, 12), (13, 5), (13, 11), (24, 5), (13, 8), (15, 5), (21, 9), (20, 13), (18, 13), (21, 12), (21, 6), (22, 7), (14, 9), (17, 5), (17, 11), (17, 8), (19, 11), (13, 7), (13, 10), (21, 5), (21, 8), (23, 5), (21, 11), (14, 5), (17, 7), (17, 10), (17, 13), (19, 13), (13, 9), (16, 5), (13, 6), (15, 9), (18, 11), (21, 7)]",17,0,17
41,"(13, 12)","(13, 11)",North,"[((13, 13), 'North', 1)]","['(13, 12)', '(25, 5)']","['(25, 5)', '(13, 13)']","[(21, 10), (23, 7), (22, 5), (21, 13), (17, 9), (17, 6), (17, 12), (13, 5), (13, 11), (24, 5), (13, 8), (15, 5), (21, 9), (20, 13), (18, 13), (21, 12), (21, 6), (22, 7), (14, 9), (17, 5), (17, 11), (17, 8), (19, 11), (13, 7), (13, 10), (21, 5), (21, 8), (23, 5), (21, 11), (14, 5), (17, 7), (17, 10), (17, 13), (19, 13), (13, 9), (16, 5), (13, 6), (15, 9), (13, 12), (18, 11), (21, 7)]",17,0,17
42,"(25, 5)","(24, 5)",East,"[((25, 6), 'North', 1)]","['(25, 5)', '(13, 13)']","['(13, 13)', '(25, 6)']","[(21, 10), (23, 7), (22, 5), (21, 13), (17, 9), (17, 6), (17, 12), (13, 5), (13, 11), (24, 5), (13, 8), (15, 5), (21, 9), (20, 13), (18, 13), (21, 12), (21, 6), (22, 7), (14, 9), (17, 5), (17, 11), (17, 8), (19, 11), (13, 7), (13, 10), (21, 5), (21, 8), (23, 5), (21, 11), (14, 5), (17, 7), (17, 10), (17, 13), (19, 13), (25, 5), (13, 9), (16, 5), (13, 6), (15, 9), (13, 12), (18, 11), (21, 7)]",18,0,18
43,"(13, 13)","(13, 12)",North,"[((12, 13), 'West', 1)]","['(13, 13)', '(25, 6)']","['(25, 6)', '(12, 13)']","[(21, 10), (23, 7), (22, 5), (21, 13), (17, 9), (17, 6), (17, 12), (13, 5), (13, 11), (24, 5), (13, 8), (15, 5), (21, 9), (20, 13), (18, 13), (21, 12), (21, 6), (22, 7), (14, 9), (17, 5), (17, 11), (17, 8), (19, 11), (13, 7), (13, 10), (13, 13), (21, 5), (21, 8), (23, 5), (21, 11), (14, 5), (17, 7), (17, 10), (17, 13), (19, 13), (25, 5), (13, 9), (16, 5), (13, 6), (15, 9), (13, 12), (18, 11), (21, 7)]",18,0,18
44,"(25, 6)","(25, 5)",North,"[((25, 7), 'North', 1)]","['(25, 6)', '(12, 13)']","['(12, 13)', '(25, 7)']","[(21, 10), (23, 7), (22, 5), (21, 13), (17, 9), (17, 6), (17, 12), (13, 5), (13, 11), (24, 5), (13, 8), (15, 5), (21, 9), (20, 13), (18, 13), (21, 12), (21, 6), (22, 7), (14, 9), (17, 5), (17, 11), (17, 8), (19, 11), (13, 7), (25, 6), (13, 10), (13, 13), (21, 5), (21, 8), (23, 5), (21, 11), (14, 5), (17, 7), (17, 10), (17, 13), (19, 13), (25, 5), (13, 9), (16, 5), (13, 6), (15, 9), (13, 12), (18, 11), (21, 7)]",19,0,19
45,"(12, 13)","(13, 13)",West,"[((11, 13), 'West', 1)]","['(12, 13)', '(25, 7)']","['(25, 7)', '(11, 13)']","[(21, 10), (23, 7), (22, 5), (21, 13), (12, 13), (17, 9), (17, 6), (17, 12), (13, 5), (13, 11), (24, 5), (13, 8), (15, 5), (21, 9), (20, 13), (18, 13), (21, 12), (21, 6), (22, 7), (14, 9), (17, 5), (17, 11), (17, 8), (19, 11), (13, 7), (25, 6), (13, 10), (13, 13), (21, 5), (21, 8), (23, 5), (21, 11), (14, 5), (17, 7), (17, 10), (17, 13), (19, 13), (25, 5), (13, 9), (16, 5), (13, 6), (15, 9), (13, 12), (18, 11), (21, 7)]",19,0,19
46,"(25, 7)","(25, 6)",North,"[((25, 8), 'North', 1)]","['(25, 7)', '(11, 13)']","['(11, 13)', '(25, 8)']","[(21, 10), (23, 7), (22, 5), (21, 13), (12, 13), (17, 9), (17, 6), (17, 12), (25, 7), (13, 5), (13, 11), (24, 5), (13, 8), (15, 5), (21, 9), (20, 13), (18, 13), (21, 12), (21, 6), (22, 7), (14, 9), (17, 5), (17, 11), (17, 8), (19, 11), (13, 7), (25, 6), (13, 10), (13, 13), (21, 5), (21, 8), (23, 5), (21, 11), (14, 5), (17, 7), (17, 10), (17, 13), (19, 13), (25, 5), (13, 9), (16, 5), (13, 6), (15, 9), (13, 12), (18, 11), (21, 7)]",20,0,20
47,"(11, 13)","(12, 13)",West,"[((10, 13), 'West', 1)]","['(11, 13)', '(25, 8)']","['(25, 8)', '(10, 13)']","[(21, 10), (23, 7), (22, 5), (21, 13), (12, 13), (17, 9), (17, 6), (17, 12), (25, 7), (13, 5), (13, 11), (24, 5), (13, 8), (15, 5), (21, 9), (20, 13), (18, 13), (21, 12), (21, 6), (22, 7), (14, 9), (17, 5), (17, 11), (17, 8), (19, 11), (13, 7), (25, 6), (11, 13), (13, 10), (13, 13), (21, 5), (21, 8), (23, 5), (21, 11), (14, 5), (17, 7), (17, 10), (17, 13), (19, 13), (25, 5), (13, 9), (16, 5), (13, 6), (15, 9), (13, 12), (18, 11), (21, 7)]",20,0,20
48,"(25, 8)","(25, 7)",North,"[((25, 9), 'North', 1)]","['(25, 8)', '(10, 13)']","['(10, 13)', '(25, 9)']","[(21, 10), (23, 7), (22, 5), (21, 13), (12, 13), (17, 9), (17, 6), (17, 12), (25, 7), (13, 5), (13, 11), (24, 5), (13, 8), (15, 5), (21, 9), (20, 13), (18, 13), (21, 12), (21, 6), (22, 7), (14, 9), (17, 5), (17, 11), (17, 8), (19, 11), (13, 7), (25, 6), (11, 13), (13, 10), (13, 13), (21, 5), (21, 8), (23, 5), (21, 11), (14, 5), (17, 7), (17, 10), (17, 13), (19, 13), (25, 5), (13, 9), (25, 8), (16, 5), (13, 6), (15, 9), (13, 12), (18, 11), (21, 7)]",21,0,21
49,"(10, 13)","(11, 13)",West,"[((9, 13), 'West', 1)]","['(10, 13)', '(25, 9)']","['(25, 9)', '(9, 13)']","[(21, 10), (23, 7), (22, 5), (21, 13), (12, 13), (17, 9), (17, 6), (17, 12), (25, 7), (13, 5), (13, 11), (24, 5), (13, 8), (15, 5), (21, 9), (20, 13), (18, 13), (21, 12), (21, 6), (22, 7), (14, 9), (17, 5), (17, 11), (17, 8), (19, 11), (13, 7), (25, 6), (11, 13), (13, 10), (13, 13), (21, 5), (21, 8), (23, 5), (21, 11), (14, 5), (17, 7), (17, 10), (17, 13), (10, 13), (19, 13), (25, 5), (13, 9), (25, 8), (16, 5), (13, 6), (15, 9), (13, 12), (18, 11), (21, 7)]",21,0,21
50,"(25, 9)","(25, 8)",North,"[((25, 10), 'North', 1)]","['(25, 9)', '(9, 13)']","['(9, 13)', '(25, 10)']","[(21, 10), (23, 7), (22, 5), (21, 13), (12, 13), (17, 9), (17, 6), (17, 12), (25, 7), (13, 5), (13, 11), (24, 5), (13, 8), (15, 5), (21, 9), (20, 13), (18, 13), (21, 12), (21, 6), (22, 7), (14, 9), (17, 5), (17, 11), (17, 8), (19, 11), (25, 9), (13, 7), (25, 6), (11, 13), (13, 10), (13, 13), (21, 5), (21, 8), (23, 5), (21, 11), (14, 5), (17, 7), (17, 10), (17, 13), (10, 13), (19, 13), (25, 5), (13, 9), (25, 8), (16, 5), (13, 6), (15, 9), (13, 12), (18, 11), (21, 7)]",22,0,22
51,"(9, 13)","(10, 13)",West,"[((9, 12), 'South', 1)]","['(9, 13)', '(25, 10)']","['(25, 10)', '(9, 12)']","[(21, 10), (23, 7), (22, 5), (21, 13), (12, 13), (17, 9), (17, 6), (17, 12), (25, 7), (13, 5), (13, 11), (24, 5), (13, 8), (15, 5), (21, 9), (20, 13), (18, 13), (21, 12), (21, 6), (22, 7), (14, 9), (17, 5), (17, 11), (17, 8), (19, 11), (9, 13), (25, 9), (13, 7), (25, 6), (11, 13), (13, 10), (13, 13), (21, 5), (21, 8), (23, 5), (21, 11), (14, 5), (17, 7), (17, 10), (17, 13), (10, 13), (19, 13), (25, 5), (13, 9), (25, 8), (16, 5), (13, 6), (15, 9), (13, 12), (18, 11), (21, 7)]",22,0,22
52,"(25, 10)","(25, 9)",North,"[((25, 11), 'North', 1)]","['(25, 10)', '(9, 12)']","['(9, 12)', '(25, 11)']","[(21, 10), (23, 7), (22, 5), (21, 13), (12, 13), (17, 9), (17, 6), (17, 12), (25, 7), (13, 5), (13, 11), (24, 5), (25, 10), (13, 8), (15, 5), (21, 9), (20, 13), (18, 13), (21, 12), (21, 6), (22, 7), (14, 9), (17, 5), (17, 11), (17, 8), (19, 11), (9, 13), (25, 9), (13, 7), (25, 6), (11, 13), (13, 10), (13, 13), (21, 5), (21, 8), (23, 5), (21, 11), (14, 5), (17, 7), (17, 10), (17, 13), (10, 13), (19, 13), (25, 5), (13, 9), (25, 8), (16, 5), (13, 6), (15, 9), (13, 12), (18, 11), (21, 7)]",23,0,23
53,"(9, 12)","(9, 13)",South,"[((9, 11), 'South', 1)]","['(9, 12)', '(25, 11)']","['(25, 11)', '(9, 11)']","[(21, 10), (23, 7), (22, 5), (21, 13), (12, 13), (17, 9), (17, 6), (17, 12), (25, 7), (13, 5), (13, 11), (24, 5), (25, 10), (13, 8), (15, 5), (21, 9), (20, 13), (18, 13), (21, 12), (21, 6), (22, 7), (14, 9), (17, 5), (17, 11), (17, 8), (19, 11), (9, 13), (25, 9), (13, 7), (25, 6), (11, 13), (13, 10), (13, 13), (21, 5), (21, 8), (23, 5), (21, 11), (14, 5), (17, 7), (17, 10), (17, 13), (9, 12), (10, 13), (19, 13), (25, 5), (13, 9), (25, 8), (16, 5), (13, 6), (15, 9), (13, 12), (18, 11), (21, 7)]",23,0,23
54,"(25, 11)","(25, 10)",North,"[((25, 12), 'North', 1), ((24, 11), 'West', 1)]","['(25, 11)', '(9, 11)']","['(9, 11)', '(25, 12)', '(24, 11)']","[(21, 10), (23, 7), (22, 5), (21, 13), (12, 13), (17, 9), (17, 6), (17, 12), (25, 7), (13, 5), (13, 11), (24, 5), (25, 10), (13, 8), (15, 5), (21, 9), (20, 13), (18, 13), (21, 12), (21, 6), (22, 7), (14, 9), (17, 5), (17, 11), (17, 8), (19, 11), (9, 13), (25, 9), (13, 7), (25, 6), (11, 13), (13, 10), (13, 13), (21, 5), (21, 8), (23, 5), (21, 11), (25, 11), (14, 5), (17, 7), (17, 10), (17, 13), (9, 12), (10, 13), (19, 13), (25, 5), (13, 9), (25, 8), (16, 5), (13, 6), (15, 9), (13, 12), (18, 11), (21, 7)]",24,0,24
55,"(9, 11)","(9, 12)",South,"[((9, 10), 'South', 1)]","['(9, 11)', '(25, 12)', '(24, 11)']","['(25, 12)', '(24, 11)', '(9, 10)']","[(21, 10), (23, 7), (22, 5), (21, 13), (12, 13), (17, 9), (17, 6), (17, 12), (9, 11), (25, 7), (13, 5), (13, 11), (24, 5), (25, 10), (13, 8), (15, 5), (21, 9), (20, 13), (18, 13), (21, 12), (21, 6), (22, 7), (14, 9), (17, 5), (17, 11), (17, 8), (19, 11), (9, 13), (25, 9), (13, 7), (25, 6), (11, 13), (13, 10), (13, 13), (21, 5), (21, 8), (23, 5), (21, 11), (25, 11), (14, 5), (17, 7), (17, 10), (17, 13), (9, 12), (10, 13), (19, 13), (25, 5), (13, 9), (25, 8), (16, 5), (13, 6), (15, 9), (13, 12), (18, 11), (21, 7)]",24,0,24
56,"(25, 12)","(25, 11)",North,"[((25, 13), 'North', 1)]","['(25, 12)', '(24, 11)', '(9, 10)']","['(24, 11)', '(9, 10)', '(25, 13)']","[(21, 10), (23, 7), (22, 5), (21, 13), (12, 13), (17, 9), (17, 6), (17, 12), (9, 11), (25, 7), (13, 5), (13, 11), (24, 5), (25, 10), (13, 8), (15, 5), (21, 9), (20, 13), (18, 13), (21, 12), (21, 6), (22, 7), (14, 9), (17, 5), (17, 11), (17, 8), (19, 11), (9, 13), (25, 9), (13, 7), (25, 6), (11, 13), (13, 10), (25, 12), (13, 13), (21, 5), (21, 8), (23, 5), (21, 11), (25, 11), (14, 5), (17, 7), (17, 10), (17, 13), (9, 12), (10, 13), (19, 13), (25, 5), (13, 9), (25, 8), (16, 5), (13, 6), (15, 9), (13, 12), (18, 11), (21, 7)]",25,0,25
57,"(24, 11)","(25, 11)",West,"[((23, 11), 'West', 1)]","['(24, 11)', '(9, 10)', '(25, 13)']","['(9, 10)', '(25, 13)', '(23, 11)']","[(21, 10), (23, 7), (22, 5), (21, 13), (12, 13), (17, 9), (17, 6), (17, 12), (9, 11), (25, 7), (13, 5), (13, 11), (24, 5), (25, 10), (13, 8), (15, 5), (24, 11), (21, 9), (20, 13), (18, 13), (21, 12), (21, 6), (22, 7), (14, 9), (17, 5), (17, 11), (17, 8), (19, 11), (9, 13), (25, 9), (13, 7), (25, 6), (11, 13), (13, 10), (25, 12), (13, 13), (21, 5), (21, 8), (23, 5), (21, 11), (25, 11), (14, 5), (17, 7), (17, 10), (17, 13), (9, 12), (10, 13), (19, 13), (25, 5), (13, 9), (25, 8), (16, 5), (13, 6), (15, 9), (13, 12), (18, 11), (21, 7)]",25,0,25
58,"(9, 10)","(9, 11)",South,"[((9, 9), 'South', 1)]","['(9, 10)', '(25, 13)', '(23, 11)']","['(25, 13)', '(23, 11)', '(9, 9)']","[(21, 10), (23, 7), (22, 5), (21, 13), (12, 13), (17, 9), (17, 6), (17, 12), (9, 11), (25, 7), (13, 5), (13, 11), (24, 5), (25, 10), (13, 8), (15, 5), (24, 11), (21, 9), (20, 13), (18, 13), (21, 12), (21, 6), (22, 7), (14, 9), (17, 5), (17, 11), (17, 8), (19, 11), (9, 10), (9, 13), (25, 9), (13, 7), (25, 6), (11, 13), (13, 10), (25, 12), (13, 13), (21, 5), (21, 8), (23, 5), (21, 11), (25, 11), (14, 5), (17, 7), (17, 10), (17, 13), (9, 12), (10, 13), (19, 13), (25, 5), (13, 9), (25, 8), (16, 5), (13, 6), (15, 9), (13, 12), (18, 11), (21, 7)]",25,0,25
59,"(25, 13)","(25, 12)",North,"[((26, 13), 'East', 1)]","['(25, 13)', '(23, 11)', '(9, 9)']","['(23, 11)', '(9, 9)', '(26, 13)']","[(21, 10), (23, 7), (22, 5), (21, 13), (12, 13), (17, 9), (17, 6), (17, 12), (9, 11), (25, 7), (13, 5), (13, 11), (24, 5), (25, 10), (13, 8), (15, 5), (24, 11), (25, 13), (21, 9), (20, 13), (18, 13), (21, 12), (21, 6), (22, 7), (14, 9), (17, 5), (17, 11), (17, 8), (19, 11), (9, 10), (9, 13), (25, 9), (13, 7), (25, 6), (11, 13), (13, 10), (25, 12), (13, 13), (21, 5), (21, 8), (23, 5), (21, 11), (25, 11), (14, 5), (17, 7), (17, 10), (17, 13), (9, 12), (10, 13), (19, 13), (25, 5), (13, 9), (25, 8), (16, 5), (13, 6), (15, 9), (13, 12), (18, 11), (21, 7)]",26,0,26
60,"(23, 11)","(24, 11)",West,[],"['(23, 11)', '(9, 9)', '(26, 13)']","['(9, 9)', '(26, 13)']","[(21, 10), (23, 7), (22, 5), (21, 13), (12, 13), (17, 9), (17, 6), (17, 12), (9, 11), (25, 7), (13, 5), (13, 11), (24, 5), (25, 10), (13, 8), (15, 5), (24, 11), (25, 13), (21, 9), (20, 13), (18, 13), (21, 12), (21, 6), (22, 7), (14, 9), (17, 5), (17, 11), (17, 8), (19, 11), (9, 10), (9, 13), (25, 9), (13, 7), (25, 6), (11, 13), (13, 10), (25, 12), (13, 13), (21, 5), (21, 8), (23, 5), (23, 11), (21, 11), (25, 11), (14, 5), (17, 7), (17, 10), (17, 13), (9, 12), (10, 13), (19, 13), (25, 5), (13, 9), (25, 8), (16, 5), (13, 6), (15, 9), (13, 12), (18, 11), (21, 7)]",26,0,26
61,"(9, 9)","(9, 10)",South,"[((9, 8), 'South', 1), ((10, 9), 'East', 1)]","['(9, 9)', '(26, 13)']","['(26, 13)', '(9, 8)', '(10, 9)']","[(21, 10), (23, 7), (22, 5), (21, 13), (12, 13), (17, 9), (17, 6), (17, 12), (9, 11), (25, 7), (13, 5), (13, 11), (24, 5), (25, 10), (13, 8), (15, 5), (24, 11), (25, 13), (21, 9), (20, 13), (18, 13), (21, 12), (21, 6), (22, 7), (14, 9), (17, 5), (17, 11), (17, 8), (19, 11), (9, 10), (9, 13), (25, 9), (13, 7), (25, 6), (11, 13), (13, 10), (25, 12), (13, 13), (21, 5), (21, 8), (23, 5), (23, 11), (21, 11), (25, 11), (14, 5), (17, 7), (17, 10), (9, 9), (17, 13), (9, 12), (10, 13), (19, 13), (25, 5), (13, 9), (25, 8), (16, 5), (13, 6), (15, 9), (13, 12), (18, 11), (21, 7)]",26,0,26
62,"(26, 13)","(25, 13)",East,"[((27, 13), 'East', 1)]","['(26, 13)', '(9, 8)', '(10, 9)']","['(9, 8)', '(10, 9)', '(27, 13)']","[(21, 10), (23, 7), (22, 5), (21, 13), (12, 13), (17, 9), (17, 6), (17, 12), (9, 11), (25, 7), (13, 5), (13, 11), (24, 5), (25, 10), (13, 8), (15, 5), (24, 11), (25, 13), (21, 9), (20, 13), (18, 13), (21, 12), (21, 6), (22, 7), (14, 9), (17, 5), (17, 11), (17, 8), (19, 11), (9, 10), (9, 13), (25, 9), (13, 7), (25, 6), (11, 13), (13, 10), (25, 12), (26, 13), (13, 13), (21, 5), (21, 8), (23, 5), (23, 11), (21, 11), (25, 11), (14, 5), (17, 7), (17, 10), (9, 9), (17, 13), (9, 12), (10, 13), (19, 13), (25, 5), (13, 9), (25, 8), (16, 5), (13, 6), (15, 9), (13, 12), (18, 11), (21, 7)]",27,0,27
63,"(9, 8)","(9, 9)",South,"[((9, 7), 'South', 1)]","['(9, 8)', '(10, 9)', '(27, 13)']","['(10, 9)', '(27, 13)', '(9, 7)']","[(21, 10), (23, 7), (22, 5), (21, 13), (12, 13), (17, 9), (17, 6), (17, 12), (9, 8), (9, 11), (25, 7), (13, 5), (13, 11), (24, 5), (25, 10), (13, 8), (15, 5), (24, 11), (25, 13), (21, 9), (20, 13), (18, 13), (21, 12), (21, 6), (22, 7), (14, 9), (17, 5), (17, 11), (17, 8), (19, 11), (9, 10), (9, 13), (25, 9), (13, 7), (25, 6), (11, 13), (13, 10), (25, 12), (26, 13), (13, 13), (21, 5), (21, 8), (23, 5), (23, 11), (21, 11), (25, 11), (14, 5), (17, 7), (17, 10), (9, 9), (17, 13), (9, 12), (10, 13), (19, 13), (25, 5), (13, 9), (25, 8), (16, 5), (13, 6), (15, 9), (13, 12), (18, 11), (21, 7)]",27,0,27
64,"(10, 9)","(9, 9)",East,"[((11, 9), 'East', 1)]","['(10, 9)', '(27, 13)', '(9, 7)']","['(27, 13)', '(9, 7)', '(11, 9)']","[(21, 10), (23, 7), (22, 5), (21, 13), (12, 13), (17, 9), (17, 6), (17, 12), (9, 8), (10, 9), (9, 11), (25, 7), (13, 5), (13, 11), (24, 5), (25, 10), (13, 8), (15, 5), (24, 11), (25, 13), (21, 9), (20, 13), (18, 13), (21, 12), (21, 6), (22, 7), (14, 9), (17, 5), (17, 11), (17, 8), (19, 11), (9, 10), (9, 13), (25, 9), (13, 7), (25, 6), (11, 13), (13, 10), (25, 12), (26, 13), (13, 13), (21, 5), (21, 8), (23, 5), (23, 11), (21, 11), (25, 11), (14, 5), (17, 7), (17, 10), (9, 9), (17, 13), (9, 12), (10, 13), (19, 13), (25, 5), (13, 9), (25, 8), (16, 5), (13, 6), (15, 9), (13, 12), (18, 11), (21, 7)]",27,0,27
65,"(27, 13)","(26, 13)",East,"[((27, 12), 'South', 1)]","['(27, 13)', '(9, 7)', '(11, 9)']","['(9, 7)', '(11, 9)', '(27, 12)']","[(21, 10), (23, 7), (22, 5), (21, 13), (12, 13), (17, 9), (27, 13), (17, 6), (17, 12), (9, 8), (10, 9), (9, 11), (25, 7), (13, 5), (13, 11), (24, 5), (25, 10), (13, 8), (15, 5), (24, 11), (25, 13), (21, 9), (20, 13), (18, 13), (21, 12), (21, 6), (22, 7), (14, 9), (17, 5), (17, 11), (17, 8), (19, 11), (9, 10), (9, 13), (25, 9), (13, 7), (25, 6), (11, 13), (13, 10), (25, 12), (26, 13), (13, 13), (21, 5), (21, 8), (23, 5), (23, 11), (21, 11), (25, 11), (14, 5), (17, 7), (17, 10), (9, 9), (17, 13), (9, 12), (10, 13), (19, 13), (25, 5), (13, 9), (25, 8), (16, 5), (13, 6), (15, 9), (13, 12), (18, 11), (21, 7)]",28,0,28
66,"(9, 7)","(9, 8)",South,"[((9, 6), 'South', 1), ((10, 7), 'East', 1)]","['(9, 7)', '(11, 9)', '(27, 12)']","['(11, 9)', '(27, 12)', '(9, 6)', '(10, 7)']","[(21, 10), (23, 7), (22, 5), (21, 13), (12, 13), (17, 9), (27, 13), (17, 6), (17, 12), (9, 8), (10, 9), (9, 11), (25, 7), (13, 5), (13, 11), (24, 5), (25, 10), (13, 8), (15, 5), (24, 11), (25, 13), (21, 9), (20, 13), (18, 13), (21, 12), (21, 6), (22, 7), (14, 9), (17, 5), (17, 11), (17, 8), (9, 7), (19, 11), (9, 10), (9, 13), (25, 9), (13, 7), (25, 6), (11, 13), (13, 10), (25, 12), (26, 13), (13, 13), (21, 5), (21, 8), (23, 5), (23, 11), (21, 11), (25, 11), (14, 5), (17, 7), (17, 10), (9, 9), (17, 13), (9, 12), (10, 13), (19, 13), (25, 5), (13, 9), (25, 8), (16, 5), (13, 6), (15, 9), (13, 12), (18, 11), (21, 7)]",28,0,28
67,"(11, 9)","(10, 9)",East,[],"['(11, 9)', '(27, 12)', '(9, 6)', '(10, 7)']","['(27, 12)', '(10, 7)', '(9, 6)']","[(21, 10), (23, 7), (22, 5), (21, 13), (12, 13), (17, 9), (27, 13), (17, 6), (17, 12), (9, 8), (10, 9), (9, 11), (25, 7), (13, 5), (13, 11), (24, 5), (25, 10), (13, 8), (15, 5), (24, 11), (25, 13), (21, 9), (20, 13), (18, 13), (21, 12), (21, 6), (22, 7), (14, 9), (17, 5), (17, 11), (17, 8), (9, 7), (19, 11), (9, 10), (9, 13), (25, 9), (13, 7), (25, 6), (11, 13), (13, 10), (25, 12), (26, 13), (13, 13), (21, 5), (21, 8), (23, 5), (23, 11), (21, 11), (25, 11), (14, 5), (17, 7), (17, 10), (9, 9), (17, 13), (9, 12), (11, 9), (10, 13), (19, 13), (25, 5), (13, 9), (25, 8), (16, 5), (13, 6), (15, 9), (13, 12), (18, 11), (21, 7)]",28,0,28
68,"(27, 12)","(27, 13)",South,"[((27, 11), 'South', 1)]","['(27, 12)', '(10, 7)', '(9, 6)']","['(9, 6)', '(10, 7)', '(27, 11)']","[(21, 10), (23, 7), (22, 5), (21, 13), (12, 13), (17, 9), (27, 13), (17, 6), (17, 12), (9, 8), (10, 9), (9, 11), (25, 7), (13, 5), (13, 11), (24, 5), (25, 10), (13, 8), (15, 5), (24, 11), (25, 13), (21, 9), (20, 13), (18, 13), (21, 12), (21, 6), (22, 7), (14, 9), (17, 5), (17, 11), (17, 8), (9, 7), (19, 11), (27, 12), (9, 10), (9, 13), (25, 9), (13, 7), (25, 6), (11, 13), (13, 10), (25, 12), (26, 13), (13, 13), (21, 5), (21, 8), (23, 5), (23, 11), (21, 11), (25, 11), (14, 5), (17, 7), (17, 10), (9, 9), (17, 13), (9, 12), (11, 9), (10, 13), (19, 13), (25, 5), (13, 9), (25, 8), (16, 5), (13, 6), (15, 9), (13, 12), (18, 11), (21, 7)]",29,0,29
69,"(9, 6)","(9, 7)",South,"[((9, 5), 'South', 1)]","['(9, 6)', '(10, 7)', '(27, 11)']","['(10, 7)', '(27, 11)', '(9, 5)']","[(21, 10), (23, 7), (22, 5), (21, 13), (12, 13), (17, 9), (27, 13), (17, 6), (17, 12), (9, 8), (10, 9), (9, 11), (25, 7), (13, 5), (13, 11), (24, 5), (25, 10), (13, 8), (15, 5), (24, 11), (25, 13), (21, 9), (20, 13), (18, 13), (21, 12), (21, 6), (22, 7), (14, 9), (17, 5), (17, 11), (17, 8), (9, 7), (19, 11), (27, 12), (9, 10), (9, 13), (25, 9), (13, 7), (25, 6), (11, 13), (13, 10), (25, 12), (26, 13), (13, 13), (21, 5), (21, 8), (23, 5), (23, 11), (21, 11), (25, 11), (14, 5), (17, 7), (17, 10), (9, 9), (9, 6), (17, 13), (9, 12), (11, 9), (10, 13), (19, 13), (25, 5), (13, 9), (25, 8), (16, 5), (13, 6), (15, 9), (13, 12), (18, 11), (21, 7)]",29,0,29
70,"(10, 7)","(9, 7)",East,"[((11, 7), 'East', 1)]","['(10, 7)', '(27, 11)', '(9, 5)']","['(27, 11)', '(9, 5)', '(11, 7)']","[(21, 10), (23, 7), (22, 5), (21, 13), (12, 13), (17, 9), (27, 13), (17, 6), (17, 12), (9, 8), (10, 9), (9, 11), (25, 7), (13, 5), (13, 11), (24, 5), (25, 10), (13, 8), (15, 5), (24, 11), (25, 13), (21, 9), (20, 13), (18, 13), (21, 12), (21, 6), (22, 7), (14, 9), (17, 5), (17, 11), (17, 8), (9, 7), (19, 11), (27, 12), (9, 10), (9, 13), (25, 9), (13, 7), (25, 6), (11, 13), (13, 10), (25, 12), (26, 13), (13, 13), (21, 5), (21, 8), (23, 5), (23, 11), (21, 11), (25, 11), (14, 5), (17, 7), (17, 10), (9, 9), (9, 6), (17, 13), (9, 12), (11, 9), (10, 13), (10, 7), (19, 13), (25, 5), (13, 9), (25, 8), (16, 5), (13, 6), (15, 9), (13, 12), (18, 11), (21, 7)]",29,0,29
71,"(27, 11)","(27, 12)",South,"[((27, 10), 'South', 1)]","['(27, 11)', '(9, 5)', '(11, 7)']","['(9, 5)', '(11, 7)', '(27, 10)']","[(21, 10), (23, 7), (22, 5), (21, 13), (12, 13), (17, 9), (27, 13), (17, 6), (17, 12), (9, 8), (10, 9), (9, 11), (25, 7), (13, 5), (13, 11), (24, 5), (25, 10), (13, 8), (15, 5), (24, 11), (25, 13), (21, 9), (20, 13), (18, 13), (21, 12), (21, 6), (22, 7), (14, 9), (17, 5), (17, 11), (17, 8), (9, 7), (19, 11), (27, 12), (9, 10), (9, 13), (25, 9), (13, 7), (25, 6), (11, 13), (13, 10), (25, 12), (26, 13), (13, 13), (21, 5), (21, 8), (23, 5), (23, 11), (21, 11), (25, 11), (14, 5), (17, 7), (27, 11), (17, 10), (9, 9), (9, 6), (17, 13), (9, 12), (11, 9), (10, 13), (10, 7), (19, 13), (25, 5), (13, 9), (25, 8), (16, 5), (13, 6), (15, 9), (13, 12), (18, 11), (21, 7)]",30,0,30
72,"(9, 5)","(9, 6)",South,"[((8, 5), 'West', 1)]","['(9, 5)', '(11, 7)', '(27, 10)']","['(11, 7)', '(27, 10)', '(8, 5)']","[(21, 10), (23, 7), (22, 5), (21, 13), (12, 13), (17, 9), (27, 13), (17, 6), (17, 12), (9, 5), (9, 8), (10, 9), (9, 11), (25, 7), (13, 5), (13, 11), (24, 5), (25, 10), (13, 8), (15, 5), (24, 11), (25, 13), (21, 9), (20, 13), (18, 13), (21, 12), (21, 6), (22, 7), (14, 9), (17, 5), (17, 11), (17, 8), (9, 7), (19, 11), (27, 12), (9, 10), (9, 13), (25, 9), (13, 7), (25, 6), (11, 13), (13, 10), (25, 12), (26, 13), (13, 13), (21, 5), (21, 8), (23, 5), (23, 11), (21, 11), (25, 11), (14, 5), (17, 7), (27, 11), (17, 10), (9, 9), (9, 6), (17, 13), (9, 12), (11, 9), (10, 13), (10, 7), (19, 13), (25, 5), (13, 9), (25, 8), (16, 5), (13, 6), (15, 9), (13, 12), (18, 11), (21, 7)]",30,0,30
73,"(11, 7)","(10, 7)",East,[],"['(11, 7)', '(27, 10)', '(8, 5)']","['(27, 10)', '(8, 5)']","[(21, 10), (23, 7), (22, 5), (21, 13), (12, 13), (17, 9), (27, 13), (17, 6), (17, 12), (9, 5), (9, 8), (10, 9), (9, 11), (25, 7), (13, 5), (13, 11), (24, 5), (25, 10), (13, 8), (15, 5), (24, 11), (25, 13), (21, 9), (20, 13), (18, 13), (21, 12), (21, 6), (22, 7), (14, 9), (17, 5), (17, 11), (17, 8), (9, 7), (19, 11), (27, 12), (9, 10), (11, 7), (9, 13), (25, 9), (13, 7), (25, 6), (11, 13), (13, 10), (25, 12), (26, 13), (13, 13), (21, 5), (21, 8), (23, 5), (23, 11), (21, 11), (25, 11), (14, 5), (17, 7), (27, 11), (17, 10), (9, 9), (9, 6), (17, 13), (9, 12), (11, 9), (10, 13), (10, 7), (19, 13), (25, 5), (13, 9), (25, 8), (16, 5), (13, 6), (15, 9), (13, 12), (18, 11), (21, 7)]",30,0,30
74,"(27, 10)","(27, 11)",South,"[((27, 9), 'South', 1)]","['(27, 10)', '(8, 5)']","['(8, 5)', '(27, 9)']","[(21, 10), (23, 7), (22, 5), (21, 13), (12, 13), (17, 9), (27, 13), (17, 6), (17, 12), (9, 5), (27, 10), (9, 8), (10, 9), (9, 11), (25, 7), (13, 5), (13, 11), (24, 5), (25, 10), (13, 8), (15, 5), (24, 11), (25, 13), (21, 9), (20, 13), (18, 13), (21, 12), (21, 6), (22, 7), (14, 9), (17, 5), (17, 11), (17, 8), (9, 7), (19, 11), (27, 12), (9, 10), (11, 7), (9, 13), (25, 9), (13, 7), (25, 6), (11, 13), (13, 10), (25, 12), (26, 13), (13, 13), (21, 5), (21, 8), (23, 5), (23, 11), (21, 11), (25, 11), (14, 5), (17, 7), (27, 11), (17, 10), (9, 9), (9, 6), (17, 13), (9, 12), (11, 9), (10, 13), (10, 7), (19, 13), (25, 5), (13, 9), (25, 8), (16, 5), (13, 6), (15, 9), (13, 12), (18, 11), (21, 7)]",31,0,31
75,"(8, 5)","(9, 5)",West,"[((7, 5), 'West', 1)]","['(8, 5)', '(27, 9)']","['(27, 9)', '(7, 5)']","[(21, 10), (23, 7), (22, 5), (21, 13), (12, 13), (17, 9), (27, 13), (17, 6), (17, 12), (9, 5), (27, 10), (9, 8), (10, 9), (9, 11), (25, 7), (13, 5), (13, 11), (24, 5), (25, 10), (13, 8), (15, 5), (24, 11), (25, 13), (21, 9), (20, 13), (18, 13), (21, 12), (21, 6), (22, 7), (14, 9), (17, 5), (17, 11), (17, 8), (9, 7), (19, 11), (27, 12), (9, 10), (11, 7), (8, 5), (9, 13), (25, 9), (13, 7), (25, 6), (11, 13), (13, 10), (25, 12), (26, 13), (13, 13), (21, 5), (21, 8), (23, 5), (23, 11), (21, 11), (25, 11), (14, 5), (17, 7), (27, 11), (17, 10), (9, 9), (9, 6), (17, 13), (9, 12), (11, 9), (10, 13), (10, 7), (19, 13), (25, 5), (13, 9), (25, 8), (16, 5), (13, 6), (15, 9), (13, 12), (18, 11), (21, 7)]",31,0,31
76,"(27, 9)","(27, 10)",South,"[((27, 8), 'South', 1)]","['(27, 9)', '(7, 5)']","['(7, 5)', '(27, 8)']","[(21, 10), (23, 7), (22, 5), (21, 13), (12, 13), (17, 9), (27, 13), (17, 6), (17, 12), (9, 5), (27, 10), (9, 8), (10, 9), (9, 11), (25, 7), (13, 5), (13, 11), (24, 5), (25, 10), (13, 8), (15, 5), (24, 11), (25, 13), (21, 9), (20, 13), (18, 13), (21, 12), (21, 6), (22, 7), (14, 9), (17, 5), (17, 11), (27, 9), (17, 8), (9, 7), (19, 11), (27, 12), (9, 10), (11, 7), (8, 5), (9, 13), (25, 9), (13, 7), (25, 6), (11, 13), (13, 10), (25, 12), (26, 13), (13, 13), (21, 5), (21, 8), (23, 5), (23, 11), (21, 11), (25, 11), (14, 5), (17, 7), (27, 11), (17, 10), (9, 9), (9, 6), (17, 13), (9, 12), (11, 9), (10, 13), (10, 7), (19, 13), (25, 5), (13, 9), (25, 8), (16, 5), (13, 6), (15, 9), (13, 12), (18, 11), (21, 7)]",32,0,32
77,"(7, 5)","(8, 5)",West,"[((6, 5), 'West', 1)]","['(7, 5)', '(27, 8)']","['(27, 8)', '(6, 5)']","[(27, 13), (17, 12), (9, 8), (13, 8), (15, 5), (21, 9), (17, 5), (19, 11), (9, 10), (11, 7), (13, 10), (17, 7), (9, 12), (11, 9), (13, 12), (15, 9), (25, 11), (7, 5), (22, 5), (12, 13), (17, 9), (9, 5), (13, 5), (24, 5), (25, 13), (22, 7), (17, 11), (9, 7), (13, 7), (25, 6), (26, 13), (21, 11), (14, 5), (9, 9), (19, 13), (13, 9), (25, 8), (16, 5), (18, 11), (21, 13), (27, 10), (13, 11), (24, 11), (25, 10), (21, 6), (14, 9), (27, 12), (11, 13), (25, 12), (21, 8), (23, 5), (17, 13), (10, 7), (25, 5), (21, 10), (23, 7), (17, 6), (10, 9), (9, 11), (25, 7), (20, 13), (18, 13), (21, 12), (27, 9), (17, 8), (8, 5), (9, 13), (25, 9), (13, 13), (21, 5), (23, 11), (27, 11), (17, 10), (9, 6), (10, 13), (13, 6), (21, 7)]",32,0,32
78,"(27, 8)","(27, 9)",South,"[((27, 7), 'South', 1)]","['(27, 8)', '(6, 5)']","['(6, 5)', '(27, 7)']","[(27, 13), (17, 12), (9, 8), (13, 8), (15, 5), (21, 9), (17, 5), (19, 11), (9, 10), (11, 7), (13, 10), (27, 8), (17, 7), (9, 12), (11, 9), (13, 12), (15, 9), (25, 11), (7, 5), (22, 5), (12, 13), (17, 9), (9, 5), (13, 5), (24, 5), (25, 13), (22, 7), (17, 11), (9, 7), (13, 7), (25, 6), (26, 13), (21, 11), (14, 5), (9, 9), (19, 13), (13, 9), (25, 8), (16, 5), (18, 11), (21, 13), (27, 10), (13, 11), (24, 11), (25, 10), (21, 6), (14, 9), (27, 12), (11, 13), (25, 12), (21, 8), (23, 5), (17, 13), (10, 7), (25, 5), (21, 10), (23, 7), (17, 6), (10, 9), (9, 11), (25, 7), (20, 13), (18, 13), (21, 12), (27, 9), (17, 8), (8, 5), (9, 13), (25, 9), (13, 13), (21, 5), (23, 11), (27, 11), (17, 10), (9, 6), (10, 13), (13, 6), (21, 7)]",33,0,33
79,"(6, 5)","(7, 5)",West,"[((5, 5), 'West', 1)]","['(6, 5)', '(27, 7)']","['(27, 7)', '(5, 5)']","[(27, 13), (17, 12), (9, 8), (13, 8), (15, 5), (21, 9), (17, 5), (19, 11), (9, 10), (11, 7), (13, 10), (27, 8), (17, 7), (9, 12), (11, 9), (13, 12), (15, 9), (25, 11), (7, 5), (22, 5), (12, 13), (17, 9), (9, 5), (13, 5), (24, 5), (25, 13), (22, 7), (17, 11), (9, 7), (13, 7), (25, 6), (26, 13), (21, 11), (14, 5), (9, 9), (19, 13), (13, 9), (25, 8), (16, 5), (18, 11), (21, 13), (27, 10), (13, 11), (24, 11), (25, 10), (21, 6), (14, 9), (27, 12), (11, 13), (25, 12), (21, 8), (23, 5), (17, 13), (10, 7), (25, 5), (21, 10), (23, 7), (17, 6), (10, 9), (9, 11), (25, 7), (6, 5), (20, 13), (18, 13), (21, 12), (27, 9), (17, 8), (8, 5), (9, 13), (25, 9), (13, 13), (21, 5), (23, 11), (27, 11), (17, 10), (9, 6), (10, 13), (13, 6), (21, 7)]",33,0,33
80,"(27, 7)","(27, 8)",South,"[((27, 6), 'South', 1)]","['(27, 7)', '(5, 5)']","['(5, 5)', '(27, 6)']","[(27, 13), (17, 12), (9, 8), (13, 8), (15, 5), (21, 9), (17, 5), (19, 11), (9, 10), (11, 7), (13, 10), (27, 8), (17, 7), (9, 12), (11, 9), (13, 12), (15, 9), (25, 11), (7, 5), (22, 5), (12, 13), (17, 9), (9, 5), (13, 5), (24, 5), (25, 13), (22, 7), (17, 11), (9, 7), (13, 7), (25, 6), (26, 13), (21, 11), (14, 5), (9, 9), (19, 13), (13, 9), (25, 8), (16, 5), (18, 11), (21, 13), (27, 10), (13, 11), (24, 11), (25, 10), (21, 6), (14, 9), (27, 12), (11, 13), (25, 12), (21, 8), (23, 5), (17, 13), (10, 7), (25, 5), (21, 10), (23, 7), (27, 7), (17, 6), (10, 9), (9, 11), (25, 7), (6, 5), (20, 13), (18, 13), (21, 12), (27, 9), (17, 8), (8, 5), (9, 13), (25, 9), (13, 13), (21, 5), (23, 11), (27, 11), (17, 10), (9, 6), (10, 13), (13, 6), (21, 7)]",34,0,34
81,"(5, 5)","(6, 5)",West,"[((5, 6), 'North', 1)]","['(5, 5)', '(27, 6)']","['(27, 6)', '(5, 6)']","[(27, 13), (17, 12), (9, 8), (13, 8), (15, 5), (21, 9), (17, 5), (19, 11), (9, 10), (11, 7), (13, 10), (27, 8), (17, 7), (5, 5), (9, 12), (11, 9), (13, 12), (15, 9), (25, 11), (7, 5), (22, 5), (12, 13), (17, 9), (9, 5), (13, 5), (24, 5), (25, 13), (22, 7), (17, 11), (9, 7), (13, 7), (25, 6), (26, 13), (21, 11), (14, 5), (9, 9), (19, 13), (13, 9), (25, 8), (16, 5), (18, 11), (21, 13), (27, 10), (13, 11), (24, 11), (25, 10), (21, 6), (14, 9), (27, 12), (11, 13), (25, 12), (21, 8), (23, 5), (17, 13), (10, 7), (25, 5), (21, 10), (23, 7), (27, 7), (17, 6), (10, 9), (9, 11), (25, 7), (6, 5), (20, 13), (18, 13), (21, 12), (27, 9), (17, 8), (8, 5), (9, 13), (25, 9), (13, 13), (21, 5), (23, 11), (27, 11), (17, 10), (9, 6), (10, 13), (13, 6), (21, 7)]",34,0,34
82,"(27, 6)","(27, 7)",South,"[((27, 5), 'South', 1)]","['(27, 6)', '(5, 6)']","['(5, 6)', '(27, 5)']","[(27, 13), (17, 12), (9, 8), (13, 8), (15, 5), (21, 9), (27, 6), (17, 5), (19, 11), (9, 10), (11, 7), (13, 10), (27, 8), (17, 7), (5, 5), (9, 12), (11, 9), (13, 12), (15, 9), (25, 11), (7, 5), (22, 5), (12, 13), (17, 9), (9, 5), (13, 5), (24, 5), (25, 13), (22, 7), (17, 11), (9, 7), (13, 7), (25, 6), (26, 13), (21, 11), (14, 5), (9, 9), (19, 13), (13, 9), (25, 8), (16, 5), (18, 11), (21, 13), (27, 10), (13, 11), (24, 11), (25, 10), (21, 6), (14, 9), (27, 12), (11, 13), (25, 12), (21, 8), (23, 5), (17, 13), (10, 7), (25, 5), (21, 10), (23, 7), (27, 7), (17, 6), (10, 9), (9, 11), (25, 7), (6, 5), (20, 13), (18, 13), (21, 12), (27, 9), (17, 8), (8, 5), (9, 13), (25, 9), (13, 13), (21, 5), (23, 11), (27, 11), (17, 10), (9, 6), (10, 13), (13, 6), (21, 7)]",35,0,35
83,"(5, 6)","(5, 5)",North,"[((5, 7), 'North', 1)]","['(5, 6)', '(27, 5)']","['(27, 5)', '(5, 7)']","[(27, 13), (17, 12), (9, 8), (13, 8), (15, 5), (21, 9), (27, 6), (17, 5), (19, 11), (9, 10), (11, 7), (13, 10), (27, 8), (17, 7), (5, 5), (9, 12), (11, 9), (13, 12), (15, 9), (25, 11), (7, 5), (22, 5), (12, 13), (17, 9), (9, 5), (13, 5), (24, 5), (25, 13), (22, 7), (17, 11), (9, 7), (13, 7), (25, 6), (26, 13), (21, 11), (14, 5), (9, 9), (19, 13), (13, 9), (25, 8), (16, 5), (18, 11), (21, 13), (27, 10), (13, 11), (24, 11), (25, 10), (21, 6), (14, 9), (5, 6), (27, 12), (11, 13), (25, 12), (21, 8), (23, 5), (17, 13), (10, 7), (25, 5), (21, 10), (23, 7), (27, 7), (17, 6), (10, 9), (9, 11), (25, 7), (6, 5), (20, 13), (18, 13), (21, 12), (27, 9), (17, 8), (8, 5), (9, 13), (25, 9), (13, 13), (21, 5), (23, 11), (27, 11), (17, 10), (9, 6), (10, 13), (13, 6), (21, 7)]",35,0,35
84,"(27, 5)","(27, 6)",South,"[((27, 4), 'South', 1)]","['(27, 5)', '(5, 7)']","['(5, 7)', '(27, 4)']","[(27, 13), (17, 12), (9, 8), (13, 8), (15, 5), (21, 9), (27, 6), (17, 5), (19, 11), (9, 10), (11, 7), (13, 10), (27, 8), (17, 7), (5, 5), (9, 12), (11, 9), (13, 12), (15, 9), (25, 11), (7, 5), (22, 5), (12, 13), (17, 9), (9, 5), (13, 5), (24, 5), (25, 13), (22, 7), (17, 11), (9, 7), (13, 7), (25, 6), (26, 13), (21, 11), (14, 5), (9, 9), (19, 13), (13, 9), (25, 8), (16, 5), (18, 11), (21, 13), (27, 10), (13, 11), (24, 11), (25, 10), (21, 6), (14, 9), (5, 6), (27, 12), (11, 13), (25, 12), (21, 8), (23, 5), (27, 5), (17, 13), (10, 7), (25, 5), (21, 10), (23, 7), (27, 7), (17, 6), (10, 9), (9, 11), (25, 7), (6, 5), (20, 13), (18, 13), (21, 12), (27, 9), (17, 8), (8, 5), (9, 13), (25, 9), (13, 13), (21, 5), (23, 11), (27, 11), (17, 10), (9, 6), (10, 13), (13, 6), (21, 7)]",36,0,36
85,"(5, 7)","(5, 6)",North,"[((5, 8), 'North', 1), ((6, 7), 'East', 1)]","['(5, 7)', '(27, 4)']","['(27, 4)', '(5, 8)', '(6, 7)']","[(27, 13), (17, 12), (9, 8), (13, 8), (15, 5), (21, 9), (27, 6), (17, 5), (19, 11), (9, 10), (11, 7), (13, 10), (27, 8), (17, 7), (5, 5), (9, 12), (11, 9), (13, 12), (15, 9), (25, 11), (7, 5), (22, 5), (12, 13), (17, 9), (5, 7), (9, 5), (13, 5), (24, 5), (25, 13), (22, 7), (17, 11), (9, 7), (13, 7), (25, 6), (26, 13), (21, 11), (14, 5), (9, 9), (19, 13), (13, 9), (25, 8), (16, 5), (18, 11), (21, 13), (27, 10), (13, 11), (24, 11), (25, 10), (21, 6), (14, 9), (5, 6), (27, 12), (11, 13), (25, 12), (21, 8), (23, 5), (27, 5), (17, 13), (10, 7), (25, 5), (21, 10), (23, 7), (27, 7), (17, 6), (10, 9), (9, 11), (25, 7), (6, 5), (20, 13), (18, 13), (21, 12), (27, 9), (17, 8), (8, 5), (9, 13), (25, 9), (13, 13), (21, 5), (23, 11), (27, 11), (17, 10), (9, 6), (10, 13), (13, 6), (21, 7)]",36,0,36
86,"(27, 4)","(27, 5)",South,"[((27, 3), 'South', 1)]","['(27, 4)', '(5, 8)', '(6, 7)']","['(5, 8)', '(6, 7)', '(27, 3)']","[(27, 4), (27, 13), (17, 12), (9, 8), (13, 8), (15, 5), (21, 9), (27, 6), (17, 5), (19, 11), (9, 10), (11, 7), (13, 10), (27, 8), (17, 7), (5, 5), (9, 12), (11, 9), (13, 12), (15, 9), (25, 11), (7, 5), (22, 5), (12, 13), (17, 9), (5, 7), (9, 5), (13, 5), (24, 5), (25, 13), (22, 7), (17, 11), (9, 7), (13, 7), (25, 6), (26, 13), (21, 11), (14, 5), (9, 9), (19, 13), (13, 9), (25, 8), (16, 5), (18, 11), (21, 13), (27, 10), (13, 11), (24, 11), (25, 10), (21, 6), (14, 9), (5, 6), (27, 12), (11, 13), (25, 12), (21, 8), (23, 5), (27, 5), (17, 13), (10, 7), (25, 5), (21, 10), (23, 7), (27, 7), (17, 6), (10, 9), (9, 11), (25, 7), (6, 5), (20, 13), (18, 13), (21, 12), (27, 9), (17, 8), (8, 5), (9, 13), (25, 9), (13, 13), (21, 5), (23, 11), (27, 11), (17, 10), (9, 6), (10, 13), (13, 6), (21, 7)]",37,0,37
87,"(5, 8)","(5, 7)",North,"[((5, 9), 'North', 1)]","['(5, 8)', '(6, 7)', '(27, 3)']","['(6, 7)', '(27, 3)', '(5, 9)']","[(27, 4), (27, 13), (17, 12), (9, 8), (13, 8), (15, 5), (21, 9), (27, 6), (17, 5), (19, 11), (9, 10), (11, 7), (13, 10), (27, 8), (17, 7), (5, 5), (9, 12), (11, 9), (13, 12), (15, 9), (25, 11), (7, 5), (22, 5), (12, 13), (17, 9), (5, 7), (9, 5), (13, 5), (24, 5), (25, 13), (22, 7), (17, 11), (9, 7), (13, 7), (25, 6), (26, 13), (21, 11), (14, 5), (9, 9), (19, 13), (13, 9), (25, 8), (16, 5), (18, 11), (21, 13), (27, 10), (13, 11), (24, 11), (25, 10), (21, 6), (14, 9), (5, 6), (27, 12), (11, 13), (25, 12), (21, 8), (23, 5), (27, 5), (17, 13), (10, 7), (25, 5), (21, 10), (23, 7), (27, 7), (17, 6), (10, 9), (9, 11), (25, 7), (6, 5), (20, 13), (18, 13), (21, 12), (27, 9), (17, 8), (8, 5), (9, 13), (25, 9), (13, 13), (21, 5), (23, 11), (27, 11), (17, 10), (5, 8), (9, 6), (10, 13), (13, 6), (21, 7)]",37,0,37
88,"(6, 7)","(5, 7)",East,"[((7, 7), 'East', 1)]","['(6, 7)', '(27, 3)', '(5, 9)']","['(27, 3)', '(5, 9)', '(7, 7)']","[(27, 4), (27, 13), (17, 12), (9, 8), (13, 8), (15, 5), (21, 9), (27, 6), (17, 5), (19, 11), (9, 10), (11, 7), (13, 10), (27, 8), (17, 7), (5, 5), (9, 12), (11, 9), (13, 12), (15, 9), (25, 11), (7, 5), (22, 5), (12, 13), (17, 9), (5, 7), (9, 5), (13, 5), (24, 5), (25, 13), (22, 7), (17, 11), (9, 7), (13, 7), (25, 6), (26, 13), (21, 11), (14, 5), (9, 9), (19, 13), (13, 9), (25, 8), (16, 5), (18, 11), (21, 13), (27, 10), (13, 11), (24, 11), (25, 10), (21, 6), (14, 9), (5, 6), (27, 12), (11, 13), (25, 12), (21, 8), (23, 5), (27, 5), (17, 13), (10, 7), (25, 5), (21, 10), (23, 7), (27, 7), (17, 6), (10, 9), (9, 11), (25, 7), (6, 5), (20, 13), (18, 13), (21, 12), (27, 9), (17, 8), (8, 5), (9, 13), (25, 9), (13, 13), (6, 7), (21, 5), (23, 11), (27, 11), (17, 10), (5, 8), (9, 6), (10, 13), (13, 6), (21, 7)]",37,0,37
89,"(27, 3)","(27, 4)",South,"[((27, 2), 'South', 1)]","['(27, 3)', '(5, 9)', '(7, 7)']","['(5, 9)', '(7, 7)', '(27, 2)']","[(27, 4), (27, 13), (17, 12), (9, 8), (13, 8), (15, 5), (21, 9), (27, 6), (17, 5), (19, 11), (9, 10), (11, 7), (13, 10), (27, 8), (17, 7), (5, 5), (9, 12), (11, 9), (13, 12), (15, 9), (25, 11), (7, 5), (22, 5), (12, 13), (17, 9), (5, 7), (9, 5), (13, 5), (24, 5), (25, 13), (22, 7), (17, 11), (9, 7), (13, 7), (25, 6), (26, 13), (21, 11), (14, 5), (9, 9), (19, 13), (13, 9), (25, 8), (16, 5), (18, 11), (21, 13), (27, 10), (13, 11), (24, 11), (25, 10), (21, 6), (14, 9), (5, 6), (27, 3), (27, 12), (11, 13), (25, 12), (21, 8), (23, 5), (27, 5), (17, 13), (10, 7), (25, 5), (21, 10), (23, 7), (27, 7), (17, 6), (10, 9), (9, 11), (25, 7), (6, 5), (20, 13), (18, 13), (21, 12), (27, 9), (17, 8), (8, 5), (9, 13), (25, 9), (13, 13), (6, 7), (21, 5), (23, 11), (27, 11), (17, 10), (5, 8), (9, 6), (10, 13), (13, 6), (21, 7)]",38,0,38
90,"(5, 9)","(5, 8)",North,"[((5, 10), 'North', 1)]","['(5, 9)', '(7, 7)', '(27, 2)']","['(7, 7)', '(27, 2)', '(5, 10)']","[(27, 4), (27, 13), (17, 12), (9, 8), (13, 8), (15, 5), (21, 9), (27, 6), (17, 5), (19, 11), (9, 10), (11, 7), (13, 10), (27, 8), (17, 7), (5, 5), (9, 12), (11, 9), (13, 12), (15, 9), (25, 11), (7, 5), (22, 5), (12, 13), (17, 9), (5, 7), (9, 5), (13, 5), (24, 5), (25, 13), (22, 7), (17, 11), (5, 9), (9, 7), (13, 7), (25, 6), (26, 13), (21, 11), (14, 5), (9, 9), (19, 13), (13, 9), (25, 8), (16, 5), (18, 11), (21, 13), (27, 10), (13, 11), (24, 11), (25, 10), (21, 6), (14, 9), (5, 6), (27, 3), (27, 12), (11, 13), (25, 12), (21, 8), (23, 5), (27, 5), (17, 13), (10, 7), (25, 5), (21, 10), (23, 7), (27, 7), (17, 6), (10, 9), (9, 11), (25, 7), (6, 5), (20, 13), (18, 13), (21, 12), (27, 9), (17, 8), (8, 5), (9, 13), (25, 9), (13, 13), (6, 7), (21, 5), (23, 11), (27, 11), (17, 10), (5, 8), (9, 6), (10, 13), (13, 6), (21, 7)]",38,0,38
91,"(7, 7)","(6, 7)",East,[],"['(7, 7)', '(27, 2)', '(5, 10)']","['(27, 2)', '(5, 10)']","[(27, 4), (27, 13), (17, 12), (9, 8), (13, 8), (15, 5), (21, 9), (27, 6), (17, 5), (19, 11), (9, 10), (11, 7), (13, 10), (27, 8), (17, 7), (5, 5), (9, 12), (11, 9), (13, 12), (15, 9), (25, 11), (7, 5), (22, 5), (12, 13), (17, 9), (5, 7), (9, 5), (13, 5), (24, 5), (25, 13), (7, 7), (22, 7), (17, 11), (5, 9), (9, 7), (13, 7), (25, 6), (26, 13), (21, 11), (14, 5), (9, 9), (19, 13), (13, 9), (25, 8), (16, 5), (18, 11), (21, 13), (27, 10), (13, 11), (24, 11), (25, 10), (21, 6), (14, 9), (5, 6), (27, 3), (27, 12), (11, 13), (25, 12), (21, 8), (23, 5), (27, 5), (17, 13), (10, 7), (25, 5), (21, 10), (23, 7), (27, 7), (17, 6), (10, 9), (9, 11), (25, 7), (6, 5), (20, 13), (18, 13), (21, 12), (27, 9), (17, 8), (8, 5), (9, 13), (25, 9), (13, 13), (6, 7), (21, 5), (23, 11), (27, 11), (17, 10), (5, 8), (9, 6), (10, 13), (13, 6), (21, 7)]",38,0,38
92,"(27, 2)","(27, 3)",South,"[((27, 1), 'South', 1)]","['(27, 2)', '(5, 10)']","['(5, 10)', '(27, 1)']","[(27, 4), (27, 13), (17, 12), (9, 8), (13, 8), (15, 5), (21, 9), (27, 6), (17, 5), (19, 11), (9, 10), (11, 7), (13, 10), (27, 8), (17, 7), (5, 5), (9, 12), (11, 9), (13, 12), (15, 9), (25, 11), (7, 5), (22, 5), (12, 13), (17, 9), (5, 7), (9, 5), (13, 5), (24, 5), (25, 13), (7, 7), (22, 7), (17, 11), (5, 9), (9, 7), (13, 7), (25, 6), (26, 13), (21, 11), (14, 5), (9, 9), (19, 13), (13, 9), (25, 8), (16, 5), (18, 11), (21, 13), (27, 10), (13, 11), (24, 11), (25, 10), (21, 6), (14, 9), (5, 6), (27, 3), (27, 12), (11, 13), (25, 12), (21, 8), (23, 5), (27, 5), (17, 13), (10, 7), (25, 5), (21, 10), (23, 7), (27, 7), (17, 6), (10, 9), (9, 11), (25, 7), (6, 5), (20, 13), (18, 13), (21, 12), (27, 9), (17, 8), (8, 5), (9, 13), (25, 9), (13, 13), (6, 7), (21, 5), (23, 11), (27, 2), (27, 11), (17, 10), (5, 8), (9, 6), (10, 13), (13, 6), (21, 7)]",39,0,39
93,"(5, 10)","(5, 9)",North,"[((5, 11), 'North', 1)]","['(5, 10)', '(27, 1)']","['(27, 1)', '(5, 11)']","[(27, 4), (27, 13), (17, 12), (5, 10), (9, 8), (13, 8), (15, 5), (21, 9), (27, 6), (17, 5), (19, 11), (9, 10), (11, 7), (13, 10), (27, 8), (17, 7), (5, 5), (9, 12), (11, 9), (13, 12), (15, 9), (25, 11), (7, 5), (22, 5), (12, 13), (17, 9), (5, 7), (9, 5), (13, 5), (24, 5), (25, 13), (7, 7), (22, 7), (17, 11), (5, 9), (9, 7), (13, 7), (25, 6), (26, 13), (21, 11), (14, 5), (9, 9), (19, 13), (13, 9), (25, 8), (16, 5), (18, 11), (21, 13), (27, 10), (13, 11), (24, 11), (25, 10), (21, 6), (14, 9), (5, 6), (27, 3), (27, 12), (11, 13), (25, 12), (21, 8), (23, 5), (27, 5), (17, 13), (10, 7), (25, 5), (21, 10), (23, 7), (27, 7), (17, 6), (10, 9), (9, 11), (25, 7), (6, 5), (20, 13), (18, 13), (21, 12), (27, 9), (17, 8), (8, 5), (9, 13), (25, 9), (13, 13), (6, 7), (21, 5), (23, 11), (27, 2), (27, 11), (17, 10), (5, 8), (9, 6), (10, 13), (13, 6), (21, 7)]",39,0,39
94,"(27, 1)","(27, 2)",South,"[((26, 1), 'West', 1)]","['(27, 1)', '(5, 11)']","['(5, 11)', '(26, 1)']","[(27, 4), (27, 13), (17, 12), (5, 10), (9, 8), (13, 8), (15, 5), (21, 9), (27, 6), (17, 5), (19, 11), (9, 10), (11, 7), (13, 10), (27, 8), (17, 7), (5, 5), (9, 12), (11, 9), (13, 12), (15, 9), (25, 11), (7, 5), (22, 5), (27, 1), (12, 13), (17, 9), (5, 7), (9, 5), (13, 5), (24, 5), (25, 13), (7, 7), (22, 7), (17, 11), (5, 9), (9, 7), (13, 7), (25, 6), (26, 13), (21, 11), (14, 5), (9, 9), (19, 13), (13, 9), (25, 8), (16, 5), (18, 11), (21, 13), (27, 10), (13, 11), (24, 11), (25, 10), (21, 6), (14, 9), (5, 6), (27, 3), (27, 12), (11, 13), (25, 12), (21, 8), (23, 5), (27, 5), (17, 13), (10, 7), (25, 5), (21, 10), (23, 7), (27, 7), (17, 6), (10, 9), (9, 11), (25, 7), (6, 5), (20, 13), (18, 13), (21, 12), (27, 9), (17, 8), (8, 5), (9, 13), (25, 9), (13, 13), (6, 7), (21, 5), (23, 11), (27, 2), (27, 11), (17, 10), (5, 8), (9, 6), (10, 13), (13, 6), (21, 7)]",40,0,40
95,"(5, 11)","(5, 10)",North,"[((5, 12), 'North', 1), ((6, 11), 'East', 1)]","['(5, 11)', '(26, 1)']","['(26, 1)', '(5, 12)', '(6, 11)']","[(27, 4), (27, 13), (17, 12), (5, 10), (9, 8), (13, 8), (15, 5), (21, 9), (27, 6), (17, 5), (19, 11), (9, 10), (11, 7), (13, 10), (27, 8), (17, 7), (5, 5), (9, 12), (11, 9), (13, 12), (15, 9), (25, 11), (7, 5), (22, 5), (27, 1), (12, 13), (17, 9), (5, 7), (9, 5), (13, 5), (24, 5), (25, 13), (7, 7), (22, 7), (17, 11), (5, 9), (9, 7), (13, 7), (25, 6), (26, 13), (21, 11), (14, 5), (5, 11), (9, 9), (19, 13), (13, 9), (25, 8), (16, 5), (18, 11), (21, 13), (27, 10), (13, 11), (24, 11), (25, 10), (21, 6), (14, 9), (5, 6), (27, 3), (27, 12), (11, 13), (25, 12), (21, 8), (23, 5), (27, 5), (17, 13), (10, 7), (25, 5), (21, 10), (23, 7), (27, 7), (17, 6), (10, 9), (9, 11), (25, 7), (6, 5), (20, 13), (18, 13), (21, 12), (27, 9), (17, 8), (8, 5), (9, 13), (25, 9), (13, 13), (6, 7), (21, 5), (23, 11), (27, 2), (27, 11), (17, 10), (5, 8), (9, 6), (10, 13), (13, 6), (21, 7)]",40,0,40
96,"(26, 1)","(27, 1)",West,"[((25, 1), 'West', 1)]","['(26, 1)', '(5, 12)', '(6, 11)']","['(5, 12)', '(6, 11)', '(25, 1)']","[(27, 4), (27, 13), (17, 12), (5, 10), (9, 8), (13, 8), (15, 5), (21, 9), (27, 6), (17, 5), (19, 11), (9, 10), (11, 7), (13, 10), (27, 8), (17, 7), (5, 5), (9, 12), (11, 9), (13, 12), (15, 9), (25, 11), (7, 5), (22, 5), (27, 1), (12, 13), (17, 9), (5, 7), (9, 5), (13, 5), (24, 5), (25, 13), (7, 7), (22, 7), (17, 11), (5, 9), (9, 7), (13, 7), (25, 6), (26, 13), (21, 11), (14, 5), (5, 11), (9, 9), (19, 13), (13, 9), (25, 8), (16, 5), (18, 11), (21, 13), (27, 10), (13, 11), (24, 11), (25, 10), (21, 6), (14, 9), (5, 6), (27, 3), (27, 12), (26, 1), (11, 13), (25, 12), (21, 8), (23, 5), (27, 5), (17, 13), (10, 7), (25, 5), (21, 10), (23, 7), (27, 7), (17, 6), (10, 9), (9, 11), (25, 7), (6, 5), (20, 13), (18, 13), (21, 12), (27, 9), (17, 8), (8, 5), (9, 13), (25, 9), (13, 13), (6, 7), (21, 5), (23, 11), (27, 2), (27, 11), (17, 10), (5, 8), (9, 6), (10, 13), (13, 6), (21, 7)]",41,0,41
97,"(5, 12)","(5, 11)",North,"[((5, 13), 'North', 1)]","['(5, 12)', '(6, 11)', '(25, 1)']","['(6, 11)', '(25, 1)', '(5, 13)']","[(27, 4), (27, 13), (17, 12), (5, 10), (9, 8), (13, 8), (15, 5), (21, 9), (27, 6), (17, 5), (5, 12), (19, 11), (9, 10), (11, 7), (13, 10), (27, 8), (17, 7), (5, 5), (9, 12), (11, 9), (13, 12), (15, 9), (25, 11), (7, 5), (22, 5), (27, 1), (12, 13), (17, 9), (5, 7), (9, 5), (13, 5), (24, 5), (25, 13), (7, 7), (22, 7), (17, 11), (5, 9), (9, 7), (13, 7), (25, 6), (26, 13), (21, 11), (14, 5), (5, 11), (9, 9), (19, 13), (13, 9), (25, 8), (16, 5), (18, 11), (21, 13), (27, 10), (13, 11), (24, 11), (25, 10), (21, 6), (14, 9), (5, 6), (27, 3), (27, 12), (26, 1), (11, 13), (25, 12), (21, 8), (23, 5), (27, 5), (17, 13), (10, 7), (25, 5), (21, 10), (23, 7), (27, 7), (17, 6), (10, 9), (9, 11), (25, 7), (6, 5), (20, 13), (18, 13), (21, 12), (27, 9), (17, 8), (8, 5), (9, 13), (25, 9), (13, 13), (6, 7), (21, 5), (23, 11), (27, 2), (27, 11), (17, 10), (5, 8), (9, 6), (10, 13), (13, 6), (21, 7)]",41,0,41
98,"(6, 11)","(5, 11)",East,"[((7, 11), 'East', 1)]","['(6, 11)', '(25, 1)', '(5, 13)']","['(25, 1)', '(5, 13)', '(7, 11)']","[(27, 4), (27, 13), (17, 12), (5, 10), (9, 8), (13, 8), (15, 5), (6, 11), (21, 9), (27, 6), (17, 5), (5, 12), (19, 11), (9, 10), (11, 7), (13, 10), (27, 8), (17, 7), (5, 5), (9, 12), (11, 9), (13, 12), (15, 9), (25, 11), (7, 5), (22, 5), (27, 1), (12, 13), (17, 9), (5, 7), (9, 5), (13, 5), (24, 5), (25, 13), (7, 7), (22, 7), (17, 11), (5, 9), (9, 7), (13, 7), (25, 6), (26, 13), (21, 11), (14, 5), (5, 11), (9, 9), (19, 13), (13, 9), (25, 8), (16, 5), (18, 11), (21, 13), (27, 10), (13, 11), (24, 11), (25, 10), (21, 6), (14, 9), (5, 6), (27, 3), (27, 12), (26, 1), (11, 13), (25, 12), (21, 8), (23, 5), (27, 5), (17, 13), (10, 7), (25, 5), (21, 10), (23, 7), (27, 7), (17, 6), (10, 9), (9, 11), (25, 7), (6, 5), (20, 13), (18, 13), (21, 12), (27, 9), (17, 8), (8, 5), (9, 13), (25, 9), (13, 13), (6, 7), (21, 5), (23, 11), (27, 2), (27, 11), (17, 10), (5, 8), (9, 6), (10, 13), (13, 6), (21, 7)]",41,0,41
99,"(25, 1)","(26, 1)",West,"[((24, 1), 'West', 1)]","['(25, 1)', '(5, 13)', '(7, 11)']","['(5, 13)', '(7, 11)', '(24, 1)']","[(27, 4), (27, 13), (17, 12), (5, 10), (9, 8), (13, 8), (15, 5), (6, 11), (21, 9), (27, 6), (17, 5), (5, 12), (19, 11), (9, 10), (11, 7), (13, 10), (27, 8), (17, 7), (5, 5), (9, 12), (11, 9), (13, 12), (15, 9), (25, 11), (7, 5), (22, 5), (27, 1), (12, 13), (17, 9), (5, 7), (9, 5), (13, 5), (24, 5), (25, 13), (7, 7), (22, 7), (17, 11), (5, 9), (9, 7), (13, 7), (25, 6), (26, 13), (21, 11), (14, 5), (5, 11), (9, 9), (19, 13), (13, 9), (25, 8), (16, 5), (18, 11), (21, 13), (27, 10), (25, 1), (13, 11), (24, 11), (25, 10), (21, 6), (14, 9), (5, 6), (27, 3), (27, 12), (26, 1), (11, 13), (25, 12), (21, 8), (23, 5), (27, 5), (17, 13), (10, 7), (25, 5), (21, 10), (23, 7), (27, 7), (17, 6), (10, 9), (9, 11), (25, 7), (6, 5), (20, 13), (18, 13), (21, 12), (27, 9), (17, 8), (8, 5), (9, 13), (25, 9), (13, 13), (6, 7), (21, 5), (23, 11), (27, 2), (27, 11), (17, 10), (5, 8), (9, 6), (10, 13), (13, 6), (21, 7)]",42,0,42
100,"(5, 13)","(5, 12)",North,"[((4, 13), 'West', 1)]","['(5, 13)', '(7, 11)', '(24, 1)']","['(7, 11)', '(24, 1)', '(4, 13)']","[(27, 4), (27, 13), (17, 12), (5, 10), (9, 8), (13, 8), (15, 5), (6, 11), (21, 9), (27, 6), (17, 5), (5, 12), (19, 11), (9, 10), (11, 7), (13, 10), (27, 8), (17, 7), (5, 5), (9, 12), (11, 9), (13, 12), (15, 9), (25, 11), (7, 5), (22, 5), (27, 1), (12, 13), (17, 9), (5, 7), (9, 5), (13, 5), (24, 5), (25, 13), (7, 7), (22, 7), (17, 11), (5, 9), (9, 7), (13, 7), (25, 6), (26, 13), (21, 11), (14, 5), (5, 11), (9, 9), (19, 13), (13, 9), (25, 8), (16, 5), (18, 11), (21, 13), (5, 13), (27, 10), (25, 1), (13, 11), (24, 11), (25, 10), (21, 6), (14, 9), (5, 6), (27, 3), (27, 12), (26, 1), (11, 13), (25, 12), (21, 8), (23, 5), (27, 5), (17, 13), (10, 7), (25, 5), (21, 10), (23, 7), (27, 7), (17, 6), (10, 9), (9, 11), (25, 7), (6, 5), (20, 13), (18, 13), (21, 12), (27, 9), (17, 8), (8, 5), (9, 13), (25, 9), (13, 13), (6, 7), (21, 5), (23, 11), (27, 2), (27, 11), (17, 10), (5, 8), (9, 6), (10, 13), (13, 6), (21, 7)]",42,0,42
101,"(7, 11)","(6, 11)",East,[],"['(7, 11)', '(24, 1)', '(4, 13)']","['(24, 1)', '(4, 13)']","[(27, 4), (27, 13), (17, 12), (5, 10), (9, 8), (13, 8), (15, 5), (6, 11), (21, 9), (27, 6), (17, 5), (5, 12), (19, 11), (9, 10), (11, 7), (13, 10), (27, 8), (17, 7), (5, 5), (9, 12), (11, 9), (13, 12), (15, 9), (25, 11), (7, 5), (22, 5), (27, 1), (12, 13), (17, 9), (5, 7), (9, 5), (13, 5), (24, 5), (25, 13), (7, 7), (22, 7), (17, 11), (5, 9), (9, 7), (13, 7), (25, 6), (26, 13), (21, 11), (14, 5), (5, 11), (9, 9), (19, 13), (13, 9), (25, 8), (16, 5), (18, 11), (7, 11), (21, 13), (5, 13), (27, 10), (25, 1), (13, 11), (24, 11), (25, 10), (21, 6), (14, 9), (5, 6), (27, 3), (27, 12), (26, 1), (11, 13), (25, 12), (21, 8), (23, 5), (27, 5), (17, 13), (10, 7), (25, 5), (21, 10), (23, 7), (27, 7), (17, 6), (10, 9), (9, 11), (25, 7), (6, 5), (20, 13), (18, 13), (21, 12), (27, 9), (17, 8), (8, 5), (9, 13), (25, 9), (13, 13), (6, 7), (21, 5), (23, 11), (27, 2), (27, 11), (17, 10), (5, 8), (9, 6), (10, 13), (13, 6), (21, 7)]",42,0,42
102,"(24, 1)","(25, 1)",West,"[((23, 1), 'West', 1)]","['(24, 1)', '(4, 13)']","['(4, 13)', '(23, 1)']","[(27, 4), (27, 13), (17, 12), (5, 10), (9, 8), (13, 8), (15, 5), (6, 11), (21, 9), (27, 6), (17, 5), (5, 12), (19, 11), (9, 10), (11, 7), (24, 1), (13, 10), (27, 8), (17, 7), (5, 5), (9, 12), (11, 9), (13, 12), (15, 9), (25, 11), (7, 5), (22, 5), (27, 1), (12, 13), (17, 9), (5, 7), (9, 5), (13, 5), (24, 5), (25, 13), (7, 7), (22, 7), (17, 11), (5, 9), (9, 7), (13, 7), (25, 6), (26, 13), (21, 11), (14, 5), (5, 11), (9, 9), (19, 13), (13, 9), (25, 8), (16, 5), (18, 11), (7, 11), (21, 13), (5, 13), (27, 10), (25, 1), (13, 11), (24, 11), (25, 10), (21, 6), (14, 9), (5, 6), (27, 3), (27, 12), (26, 1), (11, 13), (25, 12), (21, 8), (23, 5), (27, 5), (17, 13), (10, 7), (25, 5), (21, 10), (23, 7), (27, 7), (17, 6), (10, 9), (9, 11), (25, 7), (6, 5), (20, 13), (18, 13), (21, 12), (27, 9), (17, 8), (8, 5), (9, 13), (25, 9), (13, 13), (6, 7), (21, 5), (23, 11), (27, 2), (27, 11), (17, 10), (5, 8), (9, 6), (10, 13), (13, 6), (21, 7)]",43,0,43
103,"(4, 13)","(5, 13)",West,"[((3, 13), 'West', 1)]","['(4, 13)', '(23, 1)']","['(23, 1)', '(3, 13)']","[(27, 4), (27, 13), (17, 12), (5, 10), (9, 8), (13, 8), (15, 5), (6, 11), (21, 9), (27, 6), (17, 5), (5, 12), (19, 11), (9, 10), (11, 7), (24, 1), (13, 10), (27, 8), (17, 7), (5, 5), (9, 12), (11, 9), (13, 12), (15, 9), (25, 11), (7, 5), (22, 5), (27, 1), (12, 13), (17, 9), (5, 7), (9, 5), (13, 5), (24, 5), (25, 13), (7, 7), (22, 7), (17, 11), (5, 9), (9, 7), (13, 7), (25, 6), (26, 13), (21, 11), (14, 5), (5, 11), (4, 13), (9, 9), (19, 13), (13, 9), (25, 8), (16, 5), (18, 11), (7, 11), (21, 13), (5, 13), (27, 10), (25, 1), (13, 11), (24, 11), (25, 10), (21, 6), (14, 9), (5, 6), (27, 3), (27, 12), (26, 1), (11, 13), (25, 12), (21, 8), (23, 5), (27, 5), (17, 13), (10, 7), (25, 5), (21, 10), (23, 7), (27, 7), (17, 6), (10, 9), (9, 11), (25, 7), (6, 5), (20, 13), (18, 13), (21, 12), (27, 9), (17, 8), (8, 5), (9, 13), (25, 9), (13, 13), (6, 7), (21, 5), (23, 11), (27, 2), (27, 11), (17, 10), (5, 8), (9, 6), (10, 13), (13, 6), (21, 7)]",43,0,43
104,"(23, 1)","(24, 1)",West,"[((23, 2), 'North', 1), ((22, 1), 'West', 1)]","['(23, 1)', '(3, 13)']","['(3, 13)', '(23, 2)', '(22, 1)']","[(27, 4), (27, 13), (17, 12), (5, 10), (9, 8), (13, 8), (15, 5), (6, 11), (21, 9), (27, 6), (17, 5), (5, 12), (19, 11), (9, 10), (11, 7), (24, 1), (13, 10), (27, 8), (17, 7), (5, 5), (9, 12), (11, 9), (13, 12), (15, 9), (25, 11), (7, 5), (22, 5), (27, 1), (12, 13), (17, 9), (5, 7), (9, 5), (13, 5), (24, 5), (25, 13), (7, 7), (22, 7), (17, 11), (5, 9), (9, 7), (13, 7), (25, 6), (26, 13), (21, 11), (14, 5), (5, 11), (4, 13), (9, 9), (19, 13), (13, 9), (25, 8), (16, 5), (18, 11), (7, 11), (23, 1), (21, 13), (5, 13), (27, 10), (25, 1), (13, 11), (24, 11), (25, 10), (21, 6), (14, 9), (5, 6), (27, 3), (27, 12), (26, 1), (11, 13), (25, 12), (21, 8), (23, 5), (27, 5), (17, 13), (10, 7), (25, 5), (21, 10), (23, 7), (27, 7), (17, 6), (10, 9), (9, 11), (25, 7), (6, 5), (20, 13), (18, 13), (21, 12), (27, 9), (17, 8), (8, 5), (9, 13), (25, 9), (13, 13), (6, 7), (21, 5), (23, 11), (27, 2), (27, 11), (17, 10), (5, 8), (9, 6), (10, 13), (13, 6), (21, 7)]",44,0,44
105,"(3, 13)","(4, 13)",West,"[((2, 13), 'West', 1)]","['(3, 13)', '(23, 2)', '(22, 1)']","['(23, 2)', '(22, 1)', '(2, 13)']","[(27, 4), (27, 13), (3, 13), (17, 12), (5, 10), (9, 8), (13, 8), (15, 5), (6, 11), (21, 9), (27, 6), (17, 5), (5, 12), (19, 11), (9, 10), (11, 7), (24, 1), (13, 10), (27, 8), (17, 7), (5, 5), (9, 12), (11, 9), (13, 12), (15, 9), (25, 11), (7, 5), (22, 5), (27, 1), (12, 13), (17, 9), (5, 7), (9, 5), (13, 5), (24, 5), (25, 13), (7, 7), (22, 7), (17, 11), (5, 9), (9, 7), (13, 7), (25, 6), (26, 13), (21, 11), (14, 5), (5, 11), (4, 13), (9, 9), (19, 13), (13, 9), (25, 8), (16, 5), (18, 11), (7, 11), (23, 1), (21, 13), (5, 13), (27, 10), (25, 1), (13, 11), (24, 11), (25, 10), (21, 6), (14, 9), (5, 6), (27, 3), (27, 12), (26, 1), (11, 13), (25, 12), (21, 8), (23, 5), (27, 5), (17, 13), (10, 7), (25, 5), (21, 10), (23, 7), (27, 7), (17, 6), (10, 9), (9, 11), (25, 7), (6, 5), (20, 13), (18, 13), (21, 12), (27, 9), (17, 8), (8, 5), (9, 13), (25, 9), (13, 13), (6, 7), (21, 5), (23, 11), (27, 2), (27, 11), (17, 10), (5, 8), (9, 6), (10, 13), (13, 6), (21, 7)]",44,0,44
106,"(23, 2)","(23, 1)",North,[],"['(23, 2)', '(22, 1)', '(2, 13)']","['(22, 1)', '(2, 13)']","[(27, 4), (27, 13), (3, 13), (17, 12), (5, 10), (9, 8), (13, 8), (15, 5), (6, 11), (21, 9), (27, 6), (17, 5), (5, 12), (19, 11), (9, 10), (11, 7), (24, 1), (13, 10), (27, 8), (17, 7), (5, 5), (9, 12), (11, 9), (13, 12), (15, 9), (25, 11), (7, 5), (22, 5), (27, 1), (12, 13), (17, 9), (5, 7), (9, 5), (13, 5), (24, 5), (25, 13), (7, 7), (22, 7), (17, 11), (5, 9), (9, 7), (13, 7), (25, 6), (26, 13), (21, 11), (14, 5), (5, 11), (4, 13), (9, 9), (19, 13), (13, 9), (25, 8), (16, 5), (18, 11), (7, 11), (23, 1), (21, 13), (5, 13), (27, 10), (25, 1), (13, 11), (24, 11), (25, 10), (21, 6), (14, 9), (5, 6), (27, 3), (27, 12), (26, 1), (11, 13), (25, 12), (21, 8), (23, 5), (27, 5), (17, 13), (10, 7), (25, 5), (21, 10), (23, 7), (27, 7), (17, 6), (10, 9), (9, 11), (25, 7), (6, 5), (20, 13), (18, 13), (21, 12), (27, 9), (17, 8), (8, 5), (9, 13), (25, 9), (13, 13), (6, 7), (21, 5), (23, 2), (23, 11), (27, 2), (27, 11), (17, 10), (5, 8), (9, 6), (10, 13), (13, 6), (21, 7)]",45,0,45
107,"(22, 1)","(23, 1)",West,"[((21, 1), 'West', 1)]","['(22, 1)', '(2, 13)']","['(2, 13)', '(21, 1)']","[(27, 4), (27, 13), (3, 13), (17, 12), (5, 10), (9, 8), (13, 8), (15, 5), (6, 11), (21, 9), (27, 6), (17, 5), (5, 12), (19, 11), (9, 10), (11, 7), (24, 1), (13, 10), (27, 8), (17, 7), (5, 5), (9, 12), (11, 9), (13, 12), (15, 9), (25, 11), (7, 5), (22, 5), (27, 1), (12, 13), (17, 9), (5, 7), (9, 5), (13, 5), (24, 5), (25, 13), (7, 7), (22, 7), (17, 11), (5, 9), (9, 7), (13, 7), (25, 6), (26, 13), (21, 11), (14, 5), (5, 11), (4, 13), (9, 9), (19, 13), (13, 9), (25, 8), (16, 5), (18, 11), (7, 11), (23, 1), (21, 13), (5, 13), (27, 10), (25, 1), (13, 11), (24, 11), (25, 10), (21, 6), (14, 9), (5, 6), (27, 3), (27, 12), (26, 1), (11, 13), (25, 12), (21, 8), (23, 5), (27, 5), (17, 13), (10, 7), (25, 5), (21, 10), (23, 7), (27, 7), (17, 6), (10, 9), (9, 11), (25, 7), (6, 5), (22, 1), (20, 13), (18, 13), (21, 12), (27, 9), (17, 8), (8, 5), (9, 13), (25, 9), (13, 13), (6, 7), (21, 5), (23, 2), (23, 11), (27, 2), (27, 11), (17, 10), (5, 8), (9, 6), (10, 13), (13, 6), (21, 7)]",45,0,45
108,"(2, 13)","(3, 13)",West,"[((1, 13), 'West', 1)]","['(2, 13)', '(21, 1)']","['(21, 1)', '(1, 13)']","[(27, 4), (27, 13), (3, 13), (17, 12), (5, 10), (9, 8), (13, 8), (15, 5), (6, 11), (21, 9), (27, 6), (17, 5), (5, 12), (19, 11), (9, 10), (11, 7), (24, 1), (13, 10), (27, 8), (17, 7), (5, 5), (9, 12), (11, 9), (13, 12), (15, 9), (25, 11), (7, 5), (22, 5), (27, 1), (12, 13), (17, 9), (5, 7), (9, 5), (13, 5), (24, 5), (25, 13), (7, 7), (22, 7), (17, 11), (5, 9), (9, 7), (13, 7), (25, 6), (26, 13), (2, 13), (21, 11), (14, 5), (5, 11), (4, 13), (9, 9), (19, 13), (13, 9), (25, 8), (16, 5), (18, 11), (7, 11), (23, 1), (21, 13), (5, 13), (27, 10), (25, 1), (13, 11), (24, 11), (25, 10), (21, 6), (14, 9), (5, 6), (27, 3), (27, 12), (26, 1), (11, 13), (25, 12), (21, 8), (23, 5), (27, 5), (17, 13), (10, 7), (25, 5), (21, 10), (23, 7), (27, 7), (17, 6), (10, 9), (9, 11), (25, 7), (6, 5), (22, 1), (20, 13), (18, 13), (21, 12), (27, 9), (17, 8), (8, 5), (9, 13), (25, 9), (13, 13), (6, 7), (21, 5), (23, 2), (23, 11), (27, 2), (27, 11), (17, 10), (5, 8), (9, 6), (10, 13), (13, 6), (21, 7)]",45,0,45
109,"(21, 1)","(22, 1)",West,"[((20, 1), 'West', 1)]","['(21, 1)', '(1, 13)']","['(1, 13)', '(20, 1)']","[(27, 4), (27, 13), (3, 13), (17, 12), (5, 10), (9, 8), (13, 8), (15, 5), (6, 11), (21, 9), (27, 6), (17, 5), (5, 12), (19, 11), (9, 10), (11, 7), (24, 1), (13, 10), (27, 8), (17, 7), (5, 5), (9, 12), (11, 9), (13, 12), (15, 9), (25, 11), (7, 5), (22, 5), (27, 1), (12, 13), (17, 9), (5, 7), (9, 5), (13, 5), (24, 5), (25, 13), (7, 7), (22, 7), (17, 11), (5, 9), (9, 7), (13, 7), (25, 6), (26, 13), (2, 13), (21, 11), (14, 5), (5, 11), (4, 13), (9, 9), (19, 13), (13, 9), (25, 8), (16, 5), (18, 11), (7, 11), (23, 1), (21, 13), (5, 13), (27, 10), (25, 1), (13, 11), (24, 11), (25, 10), (21, 6), (14, 9), (5, 6), (27, 3), (27, 12), (26, 1), (11, 13), (25, 12), (21, 8), (23, 5), (27, 5), (17, 13), (10, 7), (25, 5), (21, 1), (21, 10), (23, 7), (27, 7), (17, 6), (10, 9), (9, 11), (25, 7), (6, 5), (22, 1), (20, 13), (18, 13), (21, 12), (27, 9), (17, 8), (8, 5), (9, 13), (25, 9), (13, 13), (6, 7), (21, 5), (23, 2), (23, 11), (27, 2), (27, 11), (17, 10), (5, 8), (9, 6), (10, 13), (13, 6), (21, 7)]",46,0,46
110,"(1, 13)","(2, 13)",West,"[((1, 12), 'South', 1)]","['(1, 13)', '(20, 1)']","['(20, 1)', '(1, 12)']","[(27, 4), (27, 13), (3, 13), (17, 12), (5, 10), (9, 8), (13, 8), (15, 5), (6, 11), (21, 9), (27, 6), (17, 5), (5, 12), (19, 11), (9, 10), (11, 7), (24, 1), (13, 10), (27, 8), (17, 7), (5, 5), (9, 12), (11, 9), (13, 12), (15, 9), (25, 11), (7, 5), (22, 5), (27, 1), (12, 13), (17, 9), (5, 7), (9, 5), (13, 5), (24, 5), (25, 13), (7, 7), (22, 7), (17, 11), (5, 9), (9, 7), (13, 7), (25, 6), (26, 13), (2, 13), (21, 11), (14, 5), (5, 11), (4, 13), (9, 9), (19, 13), (13, 9), (25, 8), (16, 5), (18, 11), (7, 11), (23, 1), (21, 13), (5, 13), (27, 10), (25, 1), (13, 11), (24, 11), (25, 10), (21, 6), (14, 9), (5, 6), (27, 3), (27, 12), (26, 1), (11, 13), (25, 12), (21, 8), (23, 5), (27, 5), (17, 13), (10, 7), (25, 5), (1, 13), (21, 1), (21, 10), (23, 7), (27, 7), (17, 6), (10, 9), (9, 11), (25, 7), (6, 5), (22, 1), (20, 13), (18, 13), (21, 12), (27, 9), (17, 8), (8, 5), (9, 13), (25, 9), (13, 13), (6, 7), (21, 5), (23, 2), (23, 11), (27, 2), (27, 11), (17, 10), (5, 8), (9, 6), (10, 13), (13, 6), (21, 7)]",46,0,46
111,"(20, 1)","(21, 1)",West,"[((19, 1), 'West', 1)]","['(20, 1)', '(1, 12)']","['(1, 12)', '(19, 1)']","[(27, 4), (27, 13), (3, 13), (17, 12), (5, 10), (9, 8), (13, 8), (15, 5), (6, 11), (21, 9), (27, 6), (17, 5), (5, 12), (19, 11), (9, 10), (11, 7), (24, 1), (13, 10), (27, 8), (17, 7), (5, 5), (9, 12), (11, 9), (13, 12), (15, 9), (25, 11), (7, 5), (22, 5), (27, 1), (12, 13), (17, 9), (5, 7), (9, 5), (13, 5), (24, 5), (25, 13), (7, 7), (20, 1), (22, 7), (17, 11), (5, 9), (9, 7), (13, 7), (25, 6), (26, 13), (2, 13), (21, 11), (14, 5), (5, 11), (4, 13), (9, 9), (19, 13), (13, 9), (25, 8), (16, 5), (18, 11), (7, 11), (23, 1), (21, 13), (5, 13), (27, 10), (25, 1), (13, 11), (24, 11), (25, 10), (21, 6), (14, 9), (5, 6), (27, 3), (27, 12), (26, 1), (11, 13), (25, 12), (21, 8), (23, 5), (27, 5), (17, 13), (10, 7), (25, 5), (1, 13), (21, 1), (21, 10), (23, 7), (27, 7), (17, 6), (10, 9), (9, 11), (25, 7), (6, 5), (22, 1), (20, 13), (18, 13), (21, 12), (27, 9), (17, 8), (8, 5), (9, 13), (25, 9), (13, 13), (6, 7), (21, 5), (23, 2), (23, 11), (27, 2), (27, 11), (17, 10), (5, 8), (9, 6), (10, 13), (13, 6), (21, 7)]",47,0,47
112,"(1, 12)","(1, 13)",South,"[((1, 11), 'South', 1)]","['(1, 12)', '(19, 1)']","['(19, 1)', '(1, 11)']","[(27, 4), (27, 13), (3, 13), (17, 12), (5, 10), (9, 8), (13, 8), (15, 5), (6, 11), (21, 9), (27, 6), (17, 5), (5, 12), (19, 11), (9, 10), (11, 7), (24, 1), (13, 10), (27, 8), (17, 7), (5, 5), (9, 12), (11, 9), (13, 12), (15, 9), (25, 11), (7, 5), (22, 5), (27, 1), (12, 13), (17, 9), (5, 7), (9, 5), (13, 5), (24, 5), (1, 12), (25, 13), (7, 7), (20, 1), (22, 7), (17, 11), (5, 9), (9, 7), (13, 7), (25, 6), (26, 13), (2, 13), (21, 11), (14, 5), (5, 11), (4, 13), (9, 9), (19, 13), (13, 9), (25, 8), (16, 5), (18, 11), (7, 11), (23, 1), (21, 13), (5, 13), (27, 10), (25, 1), (13, 11), (24, 11), (25, 10), (21, 6), (14, 9), (5, 6), (27, 3), (27, 12), (26, 1), (11, 13), (25, 12), (21, 8), (23, 5), (27, 5), (17, 13), (10, 7), (25, 5), (1, 13), (21, 1), (21, 10), (23, 7), (27, 7), (17, 6), (10, 9), (9, 11), (25, 7), (6, 5), (22, 1), (20, 13), (18, 13), (21, 12), (27, 9), (17, 8), (8, 5), (9, 13), (25, 9), (13, 13), (6, 7), (21, 5), (23, 2), (23, 11), (27, 2), (27, 11), (17, 10), (5, 8), (9, 6), (10, 13), (13, 6), (21, 7)]",47,0,47
113,"(19, 1)","(20, 1)",West,"[((19, 2), 'North', 1), ((18, 1), 'West', 1)]","['(19, 1)', '(1, 11)']","['(1, 11)', '(19, 2)', '(18, 1)']","[(27, 4), (27, 13), (3, 13), (17, 12), (5, 10), (9, 8), (13, 8), (15, 5), (6, 11), (21, 9), (27, 6), (17, 5), (5, 12), (19, 11), (9, 10), (11, 7), (24, 1), (13, 10), (27, 8), (17, 7), (5, 5), (9, 12), (11, 9), (13, 12), (15, 9), (25, 11), (7, 5), (22, 5), (27, 1), (12, 13), (17, 9), (5, 7), (9, 5), (13, 5), (24, 5), (1, 12), (25, 13), (7, 7), (20, 1), (22, 7), (17, 11), (5, 9), (9, 7), (13, 7), (25, 6), (26, 13), (2, 13), (21, 11), (14, 5), (5, 11), (4, 13), (9, 9), (19, 13), (13, 9), (25, 8), (16, 5), (18, 11), (7, 11), (23, 1), (21, 13), (5, 13), (27, 10), (25, 1), (13, 11), (24, 11), (25, 10), (21, 6), (14, 9), (5, 6), (27, 3), (27, 12), (26, 1), (11, 13), (25, 12), (21, 8), (23, 5), (27, 5), (19, 1), (17, 13), (10, 7), (25, 5), (1, 13), (21, 1), (21, 10), (23, 7), (27, 7), (17, 6), (10, 9), (9, 11), (25, 7), (6, 5), (22, 1), (20, 13), (18, 13), (21, 12), (27, 9), (17, 8), (8, 5), (9, 13), (25, 9), (13, 13), (6, 7), (21, 5), (23, 2), (23, 11), (27, 2), (27, 11), (17, 10), (5, 8), (9, 6), (10, 13), (13, 6), (21, 7)]",48,0,48
114,"(1, 11)","(1, 12)",South,"[((1, 10), 'South', 1)]","['(1, 11)', '(19, 2)', '(18, 1)']","['(19, 2)', '(18, 1)', '(1, 10)']","[(27, 4), (27, 13), (3, 13), (17, 12), (5, 10), (9, 8), (13, 8), (15, 5), (6, 11), (21, 9), (27, 6), (17, 5), (5, 12), (19, 11), (9, 10), (11, 7), (24, 1), (13, 10), (27, 8), (17, 7), (5, 5), (9, 12), (11, 9), (13, 12), (15, 9), (25, 11), (7, 5), (22, 5), (27, 1), (12, 13), (17, 9), (5, 7), (9, 5), (13, 5), (24, 5), (1, 12), (25, 13), (7, 7), (20, 1), (22, 7), (17, 11), (5, 9), (9, 7), (13, 7), (25, 6), (26, 13), (2, 13), (21, 11), (14, 5), (5, 11), (4, 13), (9, 9), (19, 13), (13, 9), (25, 8), (16, 5), (18, 11), (7, 11), (23, 1), (21, 13), (5, 13), (27, 10), (25, 1), (13, 11), (24, 11), (25, 10), (21, 6), (14, 9), (5, 6), (27, 3), (27, 12), (26, 1), (1, 11), (11, 13), (25, 12), (21, 8), (23, 5), (27, 5), (19, 1), (17, 13), (10, 7), (25, 5), (1, 13), (21, 1), (21, 10), (23, 7), (27, 7), (17, 6), (10, 9), (9, 11), (25, 7), (6, 5), (22, 1), (20, 13), (18, 13), (21, 12), (27, 9), (17, 8), (8, 5), (9, 13), (25, 9), (13, 13), (6, 7), (21, 5), (23, 2), (23, 11), (27, 2), (27, 11), (17, 10), (5, 8), (9, 6), (10, 13), (13, 6), (21, 7)]",48,0,48
115,"(19, 2)","(19, 1)",North,"[((19, 3), 'North', 1)]","['(19, 2)', '(18, 1)', '(1, 10)']","['(18, 1)', '(1, 10)', '(19, 3)']","[(27, 4), (27, 13), (3, 13), (17, 12), (5, 10), (9, 8), (13, 8), (15, 5), (6, 11), (21, 9), (27, 6), (17, 5), (19, 2), (5, 12), (19, 11), (9, 10), (11, 7), (24, 1), (13, 10), (27, 8), (17, 7), (5, 5), (9, 12), (11, 9), (13, 12), (15, 9), (25, 11), (7, 5), (22, 5), (27, 1), (12, 13), (17, 9), (5, 7), (9, 5), (13, 5), (24, 5), (1, 12), (25, 13), (7, 7), (20, 1), (22, 7), (17, 11), (5, 9), (9, 7), (13, 7), (25, 6), (26, 13), (2, 13), (21, 11), (14, 5), (5, 11), (4, 13), (9, 9), (19, 13), (13, 9), (25, 8), (16, 5), (18, 11), (7, 11), (23, 1), (21, 13), (5, 13), (27, 10), (25, 1), (13, 11), (24, 11), (25, 10), (21, 6), (14, 9), (5, 6), (27, 3), (27, 12), (26, 1), (1, 11), (11, 13), (25, 12), (21, 8), (23, 5), (27, 5), (19, 1), (17, 13), (10, 7), (25, 5), (1, 13), (21, 1), (21, 10), (23, 7), (27, 7), (17, 6), (10, 9), (9, 11), (25, 7), (6, 5), (22, 1), (20, 13), (18, 13), (21, 12), (27, 9), (17, 8), (8, 5), (9, 13), (25, 9), (13, 13), (6, 7), (21, 5), (23, 2), (23, 11), (27, 2), (27, 11), (17, 10), (5, 8), (9, 6), (10, 13), (13, 6), (21, 7)]",49,0,49
116,"(18, 1)","(19, 1)",West,"[((17, 1), 'West', 1)]","['(18, 1)', '(1, 10)', '(19, 3)']","['(1, 10)', '(19, 3)', '(17, 1)']","[(27, 4), (27, 13), (3, 13), (17, 12), (5, 10), (9, 8), (13, 8), (15, 5), (18, 1), (6, 11), (21, 9), (27, 6), (17, 5), (19, 2), (5, 12), (19, 11), (9, 10), (11, 7), (24, 1), (13, 10), (27, 8), (17, 7), (5, 5), (9, 12), (11, 9), (13, 12), (15, 9), (25, 11), (7, 5), (22, 5), (27, 1), (12, 13), (17, 9), (5, 7), (9, 5), (13, 5), (24, 5), (1, 12), (25, 13), (7, 7), (20, 1), (22, 7), (17, 11), (5, 9), (9, 7), (13, 7), (25, 6), (26, 13), (2, 13), (21, 11), (14, 5), (5, 11), (4, 13), (9, 9), (19, 13), (13, 9), (25, 8), (16, 5), (18, 11), (7, 11), (23, 1), (21, 13), (5, 13), (27, 10), (25, 1), (13, 11), (24, 11), (25, 10), (21, 6), (14, 9), (5, 6), (27, 3), (27, 12), (26, 1), (1, 11), (11, 13), (25, 12), (21, 8), (23, 5), (27, 5), (19, 1), (17, 13), (10, 7), (25, 5), (1, 13), (21, 1), (21, 10), (23, 7), (27, 7), (17, 6), (10, 9), (9, 11), (25, 7), (6, 5), (22, 1), (20, 13), (18, 13), (21, 12), (27, 9), (17, 8), (8, 5), (9, 13), (25, 9), (13, 13), (6, 7), (21, 5), (23, 2), (23, 11), (27, 2), (27, 11), (17, 10), (5, 8), (9, 6), (10, 13), (13, 6), (21, 7)]",49,0,49
117,"(1, 10)","(1, 11)",South,"[((1, 9), 'South', 1)]","['(1, 10)', '(19, 3)', '(17, 1)']","['(19, 3)', '(17, 1)', '(1, 9)']","[(27, 4), (27, 13), (3, 13), (17, 12), (5, 10), (9, 8), (13, 8), (15, 5), (18, 1), (6, 11), (21, 9), (27, 6), (17, 5), (19, 2), (5, 12), (19, 11), (9, 10), (11, 7), (24, 1), (13, 10), (27, 8), (17, 7), (5, 5), (9, 12), (11, 9), (13, 12), (15, 9), (25, 11), (1, 10), (7, 5), (22, 5), (27, 1), (12, 13), (17, 9), (5, 7), (9, 5), (13, 5), (24, 5), (1, 12), (25, 13), (7, 7), (20, 1), (22, 7), (17, 11), (5, 9), (9, 7), (13, 7), (25, 6), (26, 13), (2, 13), (21, 11), (14, 5), (5, 11), (4, 13), (9, 9), (19, 13), (13, 9), (25, 8), (16, 5), (18, 11), (7, 11), (23, 1), (21, 13), (5, 13), (27, 10), (25, 1), (13, 11), (24, 11), (25, 10), (21, 6), (14, 9), (5, 6), (27, 3), (27, 12), (26, 1), (1, 11), (11, 13), (25, 12), (21, 8), (23, 5), (27, 5), (19, 1), (17, 13), (10, 7), (25, 5), (1, 13), (21, 1), (21, 10), (23, 7), (27, 7), (17, 6), (10, 9), (9, 11), (25, 7), (6, 5), (22, 1), (20, 13), (18, 13), (21, 12), (27, 9), (17, 8), (8, 5), (9, 13), (25, 9), (13, 13), (6, 7), (21, 5), (23, 2), (23, 11), (27, 2), (27, 11), (17, 10), (5, 8), (9, 6), (10, 13), (13, 6), (21, 7)]",49,0,49
118,"(19, 3)","(19, 2)",North,[],"['(19, 3)', '(17, 1)', '(1, 9)']","['(17, 1)', '(1, 9)']","[(27, 4), (27, 13), (3, 13), (17, 12), (5, 10), (9, 8), (13, 8), (15, 5), (18, 1), (6, 11), (21, 9), (27, 6), (17, 5), (19, 2), (5, 12), (19, 11), (9, 10), (11, 7), (24, 1), (13, 10), (27, 8), (17, 7), (5, 5), (9, 12), (11, 9), (13, 12), (15, 9), (25, 11), (1, 10), (7, 5), (22, 5), (27, 1), (12, 13), (17, 9), (5, 7), (9, 5), (13, 5), (24, 5), (1, 12), (25, 13), (7, 7), (20, 1), (22, 7), (17, 11), (5, 9), (9, 7), (13, 7), (25, 6), (26, 13), (2, 13), (21, 11), (14, 5), (5, 11), (4, 13), (9, 9), (19, 13), (13, 9), (25, 8), (16, 5), (18, 11), (7, 11), (23, 1), (21, 13), (5, 13), (27, 10), (25, 1), (13, 11), (24, 11), (25, 10), (21, 6), (14, 9), (5, 6), (27, 3), (27, 12), (26, 1), (1, 11), (11, 13), (25, 12), (21, 8), (23, 5), (27, 5), (19, 1), (17, 13), (10, 7), (25, 5), (1, 13), (21, 1), (21, 10), (23, 7), (27, 7), (17, 6), (19, 3), (10, 9), (9, 11), (25, 7), (6, 5), (22, 1), (20, 13), (18, 13), (21, 12), (27, 9), (17, 8), (8, 5), (9, 13), (25, 9), (13, 13), (6, 7), (21, 5), (23, 2), (23, 11), (27, 2), (27, 11), (17, 10), (5, 8), (9, 6), (10, 13), (13, 6), (21, 7)]",50,0,50
119,"(17, 1)","(18, 1)",West,"[((16, 1), 'West', 1)]","['(17, 1)', '(1, 9)']","['(1, 9)', '(16, 1)']","[(27, 4), (27, 13), (3, 13), (17, 12), (5, 10), (9, 8), (13, 8), (15, 5), (18, 1), (6, 11), (21, 9), (27, 6), (17, 5), (19, 2), (5, 12), (19, 11), (9, 10), (11, 7), (24, 1), (13, 10), (27, 8), (17, 7), (5, 5), (9, 12), (11, 9), (13, 12), (15, 9), (25, 11), (1, 10), (7, 5), (22, 5), (27, 1), (12, 13), (17, 9), (5, 7), (9, 5), (13, 5), (24, 5), (1, 12), (25, 13), (7, 7), (20, 1), (22, 7), (17, 11), (5, 9), (9, 7), (13, 7), (25, 6), (26, 13), (2, 13), (21, 11), (14, 5), (5, 11), (4, 13), (9, 9), (19, 13), (13, 9), (25, 8), (16, 5), (18, 11), (7, 11), (23, 1), (21, 13), (5, 13), (27, 10), (25, 1), (13, 11), (24, 11), (25, 10), (21, 6), (14, 9), (5, 6), (27, 3), (27, 12), (26, 1), (1, 11), (11, 13), (25, 12), (21, 8), (23, 5), (27, 5), (19, 1), (17, 13), (10, 7), (25, 5), (1, 13), (21, 1), (21, 10), (23, 7), (27, 7), (17, 6), (19, 3), (10, 9), (9, 11), (25, 7), (6, 5), (22, 1), (20, 13), (18, 13), (21, 12), (27, 9), (17, 8), (8, 5), (9, 13), (25, 9), (13, 13), (6, 7), (21, 5), (23, 2), (23, 11), (27, 2), (17, 1), (27, 11), (17, 10), (5, 8), (9, 6), (10, 13), (13, 6), (21, 7)]",50,0,50
120,"(1, 9)","(1, 10)",South,"[((1, 8), 'South', 1), ((2, 9), 'East', 1)]","['(1, 9)', '(16, 1)']","['(16, 1)', '(1, 8)', '(2, 9)']","[(27, 4), (27, 13), (3, 13), (17, 12), (5, 10), (9, 8), (13, 8), (15, 5), (18, 1), (6, 11), (21, 9), (27, 6), (17, 5), (19, 2), (5, 12), (19, 11), (9, 10), (11, 7), (24, 1), (13, 10), (27, 8), (17, 7), (5, 5), (9, 12), (11, 9), (13, 12), (15, 9), (25, 11), (1, 10), (7, 5), (22, 5), (27, 1), (12, 13), (17, 9), (5, 7), (9, 5), (13, 5), (24, 5), (1, 12), (25, 13), (7, 7), (20, 1), (22, 7), (17, 11), (5, 9), (9, 7), (13, 7), (25, 6), (26, 13), (2, 13), (21, 11), (14, 5), (5, 11), (4, 13), (9, 9), (19, 13), (13, 9), (25, 8), (16, 5), (18, 11), (7, 11), (23, 1), (21, 13), (5, 13), (27, 10), (25, 1), (13, 11), (24, 11), (25, 10), (1, 9), (21, 6), (14, 9), (5, 6), (27, 3), (27, 12), (26, 1), (1, 11), (11, 13), (25, 12), (21, 8), (23, 5), (27, 5), (19, 1), (17, 13), (10, 7), (25, 5), (1, 13), (21, 1), (21, 10), (23, 7), (27, 7), (17, 6), (19, 3), (10, 9), (9, 11), (25, 7), (6, 5), (22, 1), (20, 13), (18, 13), (21, 12), (27, 9), (17, 8), (8, 5), (9, 13), (25, 9), (13, 13), (6, 7), (21, 5), (23, 2), (23, 11), (27, 2), (17, 1), (27, 11), (17, 10), (5, 8), (9, 6), (10, 13), (13, 6), (21, 7)]",50,0,50
121,"(16, 1)","(17, 1)",West,"[((15, 1), 'West', 1)]","['(16, 1)', '(1, 8)', '(2, 9)']","['(1, 8)', '(2, 9)', '(15, 1)']","[(27, 4), (27, 13), (3, 13), (17, 12), (5, 10), (9, 8), (13, 8), (15, 5), (18, 1), (6, 11), (21, 9), (27, 6), (17, 5), (19, 2), (5, 12), (19, 11), (9, 10), (11, 7), (24, 1), (13, 10), (27, 8), (17, 7), (5, 5), (9, 12), (11, 9), (13, 12), (15, 9), (25, 11), (1, 10), (7, 5), (22, 5), (27, 1), (12, 13), (17, 9), (5, 7), (9, 5), (13, 5), (24, 5), (16, 1), (1, 12), (25, 13), (7, 7), (20, 1), (22, 7), (17, 11), (5, 9), (9, 7), (13, 7), (25, 6), (26, 13), (2, 13), (21, 11), (14, 5), (5, 11), (4, 13), (9, 9), (19, 13), (13, 9), (25, 8), (16, 5), (18, 11), (7, 11), (23, 1), (21, 13), (5, 13), (27, 10), (25, 1), (13, 11), (24, 11), (25, 10), (1, 9), (21, 6), (14, 9), (5, 6), (27, 3), (27, 12), (26, 1), (1, 11), (11, 13), (25, 12), (21, 8), (23, 5), (27, 5), (19, 1), (17, 13), (10, 7), (25, 5), (1, 13), (21, 1), (21, 10), (23, 7), (27, 7), (17, 6), (19, 3), (10, 9), (9, 11), (25, 7), (6, 5), (22, 1), (20, 13), (18, 13), (21, 12), (27, 9), (17, 8), (8, 5), (9, 13), (25, 9), (13, 13), (6, 7), (21, 5), (23, 2), (23, 11), (27, 2), (17, 1), (27, 11), (17, 10), (5, 8), (9, 6), (10, 13), (13, 6), (21, 7)]",51,0,51
122,"(1, 8)","(1, 9)",South,"[((1, 7), 'South', 1)]","['(1, 8)', '(2, 9)', '(15, 1)']","['(2, 9)', '(15, 1)', '(1, 7)']","[(27, 4), (27, 13), (3, 13), (17, 12), (5, 10), (9, 8), (13, 8), (15, 5), (18, 1), (6, 11), (21, 9), (27, 6), (17, 5), (19, 2), (5, 12), (19, 11), (9, 10), (11, 7), (24, 1), (13, 10), (1, 8), (27, 8), (17, 7), (5, 5), (9, 12), (11, 9), (13, 12), (15, 9), (25, 11), (1, 10), (7, 5), (22, 5), (27, 1), (12, 13), (17, 9), (5, 7), (9, 5), (13, 5), (24, 5), (16, 1), (1, 12), (25, 13), (7, 7), (20, 1), (22, 7), (17, 11), (5, 9), (9, 7), (13, 7), (25, 6), (26, 13), (2, 13), (21, 11), (14, 5), (5, 11), (4, 13), (9, 9), (19, 13), (13, 9), (25, 8), (16, 5), (18, 11), (7, 11), (23, 1), (21, 13), (5, 13), (27, 10), (25, 1), (13, 11), (24, 11), (25, 10), (1, 9), (21, 6), (14, 9), (5, 6), (27, 3), (27, 12), (26, 1), (1, 11), (11, 13), (25, 12), (21, 8), (23, 5), (27, 5), (19, 1), (17, 13), (10, 7), (25, 5), (1, 13), (21, 1), (21, 10), (23, 7), (27, 7), (17, 6), (19, 3), (10, 9), (9, 11), (25, 7), (6, 5), (22, 1), (20, 13), (18, 13), (21, 12), (27, 9), (17, 8), (8, 5), (9, 13), (25, 9), (13, 13), (6, 7), (21, 5), (23, 2), (23, 11), (27, 2), (17, 1), (27, 11), (17, 10), (5, 8), (9, 6), (10, 13), (13, 6), (21, 7)]",51,0,51
123,"(2, 9)","(1, 9)",East,"[((3, 9), 'East', 1)]","['(2, 9)', '(15, 1)', '(1, 7)']","['(15, 1)', '(1, 7)', '(3, 9)']","[(27, 4), (27, 13), (3, 13), (17, 12), (5, 10), (9, 8), (13, 8), (15, 5), (18, 1), (6, 11), (21, 9), (27, 6), (17, 5), (19, 2), (5, 12), (19, 11), (9, 10), (11, 7), (24, 1), (13, 10), (1, 8), (27, 8), (17, 7), (5, 5), (9, 12), (11, 9), (13, 12), (15, 9), (25, 11), (1, 10), (7, 5), (22, 5), (27, 1), (12, 13), (17, 9), (5, 7), (9, 5), (13, 5), (24, 5), (16, 1), (1, 12), (25, 13), (7, 7), (20, 1), (22, 7), (17, 11), (5, 9), (9, 7), (13, 7), (25, 6), (26, 13), (2, 13), (21, 11), (14, 5), (5, 11), (4, 13), (9, 9), (19, 13), (13, 9), (25, 8), (16, 5), (18, 11), (7, 11), (23, 1), (21, 13), (5, 13), (27, 10), (25, 1), (13, 11), (24, 11), (25, 10), (1, 9), (21, 6), (14, 9), (5, 6), (27, 3), (27, 12), (26, 1), (1, 11), (11, 13), (25, 12), (21, 8), (23, 5), (27, 5), (19, 1), (17, 13), (10, 7), (25, 5), (1, 13), (21, 1), (21, 10), (23, 7), (27, 7), (17, 6), (19, 3), (10, 9), (9, 11), (25, 7), (6, 5), (22, 1), (20, 13), (18, 13), (21, 12), (27, 9), (17, 8), (8, 5), (9, 13), (25, 9), (13, 13), (6, 7), (21, 5), (23, 2), (23, 11), (27, 2), (17, 1), (27, 11), (17, 10), (5, 8), (9, 6), (10, 13), (2, 9), (13, 6), (21, 7)]",51,0,51
124,"(15, 1)","(16, 1)",West,"[((15, 2), 'North', 1), ((14, 1), 'West', 1)]","['(15, 1)', '(1, 7)', '(3, 9)']","['(1, 7)', '(3, 9)', '(15, 2)', '(14, 1)']","[(27, 4), (27, 13), (3, 13), (17, 12), (5, 10), (9, 8), (13, 8), (15, 5), (18, 1), (6, 11), (21, 9), (27, 6), (17, 5), (19, 2), (5, 12), (19, 11), (9, 10), (11, 7), (24, 1), (13, 10), (1, 8), (27, 8), (17, 7), (5, 5), (9, 12), (11, 9), (13, 12), (15, 9), (25, 11), (1, 10), (7, 5), (22, 5), (27, 1), (12, 13), (17, 9), (5, 7), (9, 5), (13, 5), (24, 5), (16, 1), (1, 12), (25, 13), (7, 7), (20, 1), (22, 7), (17, 11), (5, 9), (9, 7), (13, 7), (25, 6), (26, 13), (2, 13), (21, 11), (14, 5), (5, 11), (4, 13), (9, 9), (19, 13), (13, 9), (25, 8), (16, 5), (18, 11), (7, 11), (23, 1), (21, 13), (5, 13), (27, 10), (25, 1), (13, 11), (24, 11), (25, 10), (1, 9), (21, 6), (14, 9), (5, 6), (27, 3), (27, 12), (26, 1), (1, 11), (11, 13), (25, 12), (21, 8), (23, 5), (27, 5), (19, 1), (17, 13), (10, 7), (25, 5), (1, 13), (21, 1), (21, 10), (23, 7), (27, 7), (17, 6), (19, 3), (10, 9), (9, 11), (25, 7), (6, 5), (22, 1), (20, 13), (18, 13), (21, 12), (27, 9), (17, 8), (8, 5), (9, 13), (25, 9), (15, 1), (13, 13), (6, 7), (21, 5), (23, 2), (23, 11), (27, 2), (17, 1), (27, 11), (17, 10), (5, 8), (9, 6), (10, 13), (2, 9), (13, 6), (21, 7)]",52,0,52
125,"(1, 7)","(1, 8)",South,"[((1, 6), 'South', 1)]","['(1, 7)', '(3, 9)', '(15, 2)', '(14, 1)']","['(3, 9)', '(14, 1)', '(15, 2)', '(1, 6)']","[(27, 4), (27, 13), (3, 13), (17, 12), (5, 10), (9, 8), (13, 8), (15, 5), (18, 1), (6, 11), (21, 9), (27, 6), (17, 5), (19, 2), (5, 12), (19, 11), (9, 10), (11, 7), (24, 1), (13, 10), (1, 8), (27, 8), (17, 7), (5, 5), (9, 12), (11, 9), (13, 12), (15, 9), (25, 11), (1, 10), (7, 5), (22, 5), (27, 1), (12, 13), (17, 9), (5, 7), (9, 5), (13, 5), (24, 5), (16, 1), (1, 12), (25, 13), (7, 7), (20, 1), (22, 7), (17, 11), (5, 9), (9, 7), (13, 7), (25, 6), (26, 13), (2, 13), (21, 11), (14, 5), (5, 11), (4, 13), (9, 9), (19, 13), (13, 9), (1, 7), (25, 8), (16, 5), (18, 11), (7, 11), (23, 1), (21, 13), (5, 13), (27, 10), (25, 1), (13, 11), (24, 11), (25, 10), (1, 9), (21, 6), (14, 9), (5, 6), (27, 3), (27, 12), (26, 1), (1, 11), (11, 13), (25, 12), (21, 8), (23, 5), (27, 5), (19, 1), (17, 13), (10, 7), (25, 5), (1, 13), (21, 1), (21, 10), (23, 7), (27, 7), (17, 6), (19, 3), (10, 9), (9, 11), (25, 7), (6, 5), (22, 1), (20, 13), (18, 13), (21, 12), (27, 9), (17, 8), (8, 5), (9, 13), (25, 9), (15, 1), (13, 13), (6, 7), (21, 5), (23, 2), (23, 11), (27, 2), (17, 1), (27, 11), (17, 10), (5, 8), (9, 6), (10, 13), (2, 9), (13, 6), (21, 7)]",52,0,52
126,"(3, 9)","(2, 9)",East,[],"['(3, 9)', '(14, 1)', '(15, 2)', '(1, 6)']","['(15, 2)', '(14, 1)', '(1, 6)']","[(27, 4), (27, 13), (3, 13), (17, 12), (5, 10), (9, 8), (13, 8), (15, 5), (18, 1), (6, 11), (21, 9), (27, 6), (17, 5), (19, 2), (5, 12), (19, 11), (9, 10), (11, 7), (24, 1), (13, 10), (1, 8), (27, 8), (17, 7), (5, 5), (9, 12), (11, 9), (13, 12), (15, 9), (25, 11), (1, 10), (7, 5), (22, 5), (27, 1), (12, 13), (17, 9), (5, 7), (9, 5), (13, 5), (24, 5), (16, 1), (1, 12), (25, 13), (7, 7), (20, 1), (22, 7), (17, 11), (5, 9), (9, 7), (13, 7), (25, 6), (26, 13), (2, 13), (21, 11), (14, 5), (5, 11), (4, 13), (9, 9), (19, 13), (13, 9), (1, 7), (25, 8), (16, 5), (18, 11), (7, 11), (23, 1), (21, 13), (5, 13), (27, 10), (25, 1), (13, 11), (24, 11), (25, 10), (1, 9), (21, 6), (14, 9), (5, 6), (3, 9), (27, 3), (27, 12), (26, 1), (1, 11), (11, 13), (25, 12), (21, 8), (23, 5), (27, 5), (19, 1), (17, 13), (10, 7), (25, 5), (1, 13), (21, 1), (21, 10), (23, 7), (27, 7), (17, 6), (19, 3), (10, 9), (9, 11), (25, 7), (6, 5), (22, 1), (20, 13), (18, 13), (21, 12), (27, 9), (17, 8), (8, 5), (9, 13), (25, 9), (15, 1), (13, 13), (6, 7), (21, 5), (23, 2), (23, 11), (27, 2), (17, 1), (27, 11), (17, 10), (5, 8), (9, 6), (10, 13), (2, 9), (13, 6), (21, 7)]",52,0,52
127,"(15, 2)","(15, 1)",North,[],"['(15, 2)', '(14, 1)', '(1, 6)']","['(14, 1)', '(1, 6)']","[(27, 4), (27, 13), (3, 13), (17, 12), (5, 10), (9, 8), (13, 8), (15, 5), (18, 1), (6, 11), (21, 9), (27, 6), (17, 5), (19, 2), (5, 12), (19, 11), (9, 10), (11, 7), (24, 1), (13, 10), (1, 8), (27, 8), (17, 7), (5, 5), (9, 12), (11, 9), (13, 12), (15, 9), (25, 11), (1, 10), (7, 5), (22, 5), (27, 1), (12, 13), (17, 9), (5, 7), (9, 5), (13, 5), (24, 5), (15, 2), (16, 1), (1, 12), (25, 13), (7, 7), (20, 1), (22, 7), (17, 11), (5, 9), (9, 7), (13, 7), (25, 6), (26, 13), (2, 13), (21, 11), (14, 5), (5, 11), (4, 13), (9, 9), (19, 13), (13, 9), (1, 7), (25, 8), (16, 5), (18, 11), (7, 11), (23, 1), (21, 13), (5, 13), (27, 10), (25, 1), (13, 11), (24, 11), (25, 10), (1, 9), (21, 6), (14, 9), (5, 6), (3, 9), (27, 3), (27, 12), (26, 1), (1, 11), (11, 13), (25, 12), (21, 8), (23, 5), (27, 5), (19, 1), (17, 13), (10, 7), (25, 5), (1, 13), (21, 1), (21, 10), (23, 7), (27, 7), (17, 6), (19, 3), (10, 9), (9, 11), (25, 7), (6, 5), (22, 1), (20, 13), (18, 13), (21, 12), (27, 9), (17, 8), (8, 5), (9, 13), (25, 9), (15, 1), (13, 13), (6, 7), (21, 5), (23, 2), (23, 11), (27, 2), (17, 1), (27, 11), (17, 10), (5, 8), (9, 6), (10, 13), (2, 9), (13, 6), (21, 7)]",53,0,53
128,"(14, 1)","(15, 1)",West,"[((13, 1), 'West', 1)]","['(14, 1)', '(1, 6)']","['(1, 6)', '(13, 1)']","[(27, 4), (27, 13), (3, 13), (17, 12), (5, 10), (9, 8), (13, 8), (15, 5), (18, 1), (6, 11), (21, 9), (27, 6), (17, 5), (19, 2), (5, 12), (19, 11), (9, 10), (11, 7), (24, 1), (13, 10), (1, 8), (27, 8), (17, 7), (5, 5), (9, 12), (11, 9), (13, 12), (15, 9), (25, 11), (1, 10), (7, 5), (22, 5), (27, 1), (14, 1), (12, 13), (17, 9), (5, 7), (9, 5), (13, 5), (24, 5), (15, 2), (16, 1), (1, 12), (25, 13), (7, 7), (20, 1), (22, 7), (17, 11), (5, 9), (9, 7), (13, 7), (25, 6), (26, 13), (2, 13), (21, 11), (14, 5), (5, 11), (4, 13), (9, 9), (19, 13), (13, 9), (1, 7), (25, 8), (16, 5), (18, 11), (7, 11), (23, 1), (21, 13), (5, 13), (27, 10), (25, 1), (13, 11), (24, 11), (25, 10), (1, 9), (21, 6), (14, 9), (5, 6), (3, 9), (27, 3), (27, 12), (26, 1), (1, 11), (11, 13), (25, 12), (21, 8), (23, 5), (27, 5), (19, 1), (17, 13), (10, 7), (25, 5), (1, 13), (21, 1), (21, 10), (23, 7), (27, 7), (17, 6), (19, 3), (10, 9), (9, 11), (25, 7), (6, 5), (22, 1), (20, 13), (18, 13), (21, 12), (27, 9), (17, 8), (8, 5), (9, 13), (25, 9), (15, 1), (13, 13), (6, 7), (21, 5), (23, 2), (23, 11), (27, 2), (17, 1), (27, 11), (17, 10), (5, 8), (9, 6), (10, 13), (2, 9), (13, 6), (21, 7)]",53,0,53
129,"(1, 6)","(1, 7)",South,"[((1, 5), 'South', 1)]","['(1, 6)', '(13, 1)']","['(13, 1)', '(1, 5)']","[(27, 4), (27, 13), (3, 13), (17, 12), (5, 10), (9, 8), (13, 8), (15, 5), (18, 1), (6, 11), (21, 9), (27, 6), (17, 5), (19, 2), (5, 12), (19, 11), (9, 10), (11, 7), (24, 1), (13, 10), (1, 8), (27, 8), (17, 7), (5, 5), (9, 12), (11, 9), (13, 12), (15, 9), (25, 11), (1, 10), (7, 5), (22, 5), (27, 1), (14, 1), (12, 13), (17, 9), (5, 7), (9, 5), (13, 5), (24, 5), (15, 2), (16, 1), (1, 12), (25, 13), (7, 7), (20, 1), (22, 7), (17, 11), (5, 9), (9, 7), (13, 7), (25, 6), (26, 13), (2, 13), (21, 11), (14, 5), (5, 11), (4, 13), (9, 9), (19, 13), (13, 9), (1, 7), (25, 8), (16, 5), (18, 11), (7, 11), (23, 1), (21, 13), (5, 13), (27, 10), (25, 1), (13, 11), (24, 11), (25, 10), (1, 9), (21, 6), (14, 9), (5, 6), (3, 9), (27, 3), (27, 12), (26, 1), (1, 11), (11, 13), (25, 12), (21, 8), (23, 5), (27, 5), (19, 1), (17, 13), (10, 7), (25, 5), (1, 13), (21, 1), (21, 10), (23, 7), (27, 7), (17, 6), (19, 3), (10, 9), (9, 11), (1, 6), (25, 7), (6, 5), (22, 1), (20, 13), (18, 13), (21, 12), (27, 9), (17, 8), (8, 5), (9, 13), (25, 9), (15, 1), (13, 13), (6, 7), (21, 5), (23, 2), (23, 11), (27, 2), (17, 1), (27, 11), (17, 10), (5, 8), (9, 6), (10, 13), (2, 9), (13, 6), (21, 7)]",53,0,53
130,"(13, 1)","(14, 1)",West,"[((12, 1), 'West', 1)]","['(13, 1)', '(1, 5)']","['(1, 5)', '(12, 1)']","[(27, 4), (27, 13), (3, 13), (17, 12), (5, 10), (9, 8), (13, 8), (15, 5), (18, 1), (6, 11), (21, 9), (27, 6), (17, 5), (19, 2), (5, 12), (19, 11), (9, 10), (11, 7), (24, 1), (13, 1), (13, 10), (1, 8), (27, 8), (17, 7), (5, 5), (9, 12), (11, 9), (13, 12), (15, 9), (25, 11), (1, 10), (7, 5), (22, 5), (27, 1), (14, 1), (12, 13), (17, 9), (5, 7), (9, 5), (13, 5), (24, 5), (15, 2), (16, 1), (1, 12), (25, 13), (7, 7), (20, 1), (22, 7), (17, 11), (5, 9), (9, 7), (13, 7), (25, 6), (26, 13), (2, 13), (21, 11), (14, 5), (5, 11), (4, 13), (9, 9), (19, 13), (13, 9), (1, 7), (25, 8), (16, 5), (18, 11), (7, 11), (23, 1), (21, 13), (5, 13), (27, 10), (25, 1), (13, 11), (24, 11), (25, 10), (1, 9), (21, 6), (14, 9), (5, 6), (3, 9), (27, 3), (27, 12), (26, 1), (1, 11), (11, 13), (25, 12), (21, 8), (23, 5), (27, 5), (19, 1), (17, 13), (10, 7), (25, 5), (1, 13), (21, 1), (21, 10), (23, 7), (27, 7), (17, 6), (19, 3), (10, 9), (9, 11), (1, 6), (25, 7), (6, 5), (22, 1), (20, 13), (18, 13), (21, 12), (27, 9), (17, 8), (8, 5), (9, 13), (25, 9), (15, 1), (13, 13), (6, 7), (21, 5), (23, 2), (23, 11), (27, 2), (17, 1), (27, 11), (17, 10), (5, 8), (9, 6), (10, 13), (2, 9), (13, 6), (21, 7)]",54,0,54
131,"(1, 5)","(1, 6)",South,"[((1, 4), 'South', 1)]","['(1, 5)', '(12, 1)']","['(12, 1)', '(1, 4)']","[(27, 4), (27, 13), (3, 13), (17, 12), (5, 10), (9, 8), (13, 8), (15, 5), (18, 1), (6, 11), (21, 9), (27, 6), (17, 5), (19, 2), (5, 12), (19, 11), (9, 10), (11, 7), (24, 1), (13, 1), (13, 10), (1, 8), (27, 8), (17, 7), (5, 5), (9, 12), (11, 9), (13, 12), (15, 9), (25, 11), (1, 10), (7, 5), (22, 5), (27, 1), (14, 1), (12, 13), (17, 9), (5, 7), (9, 5), (13, 5), (24, 5), (15, 2), (16, 1), (1, 12), (25, 13), (7, 7), (20, 1), (22, 7), (17, 11), (5, 9), (9, 7), (13, 7), (1, 5), (25, 6), (26, 13), (2, 13), (21, 11), (14, 5), (5, 11), (4, 13), (9, 9), (19, 13), (13, 9), (1, 7), (25, 8), (16, 5), (18, 11), (7, 11), (23, 1), (21, 13), (5, 13), (27, 10), (25, 1), (13, 11), (24, 11), (25, 10), (1, 9), (21, 6), (14, 9), (5, 6), (3, 9), (27, 3), (27, 12), (26, 1), (1, 11), (11, 13), (25, 12), (21, 8), (23, 5), (27, 5), (19, 1), (17, 13), (10, 7), (25, 5), (1, 13), (21, 1), (21, 10), (23, 7), (27, 7), (17, 6), (19, 3), (10, 9), (9, 11), (1, 6), (25, 7), (6, 5), (22, 1), (20, 13), (18, 13), (21, 12), (27, 9), (17, 8), (8, 5), (9, 13), (25, 9), (15, 1), (13, 13), (6, 7), (21, 5), (23, 2), (23, 11), (27, 2), (17, 1), (27, 11), (17, 10), (5, 8), (9, 6), (10, 13), (2, 9), (13, 6), (21, 7)]",54,0,54
132,"(12, 1)","(13, 1)",West,"[((11, 1), 'West', 1)]","['(12, 1)', '(1, 4)']","['(1, 4)', '(11, 1)']","[(27, 4), (27, 13), (3, 13), (17, 12), (5, 10), (9, 8), (13, 8), (15, 5), (18, 1), (6, 11), (21, 9), (27, 6), (17, 5), (19, 2), (5, 12), (19, 11), (9, 10), (11, 7), (24, 1), (13, 1), (13, 10), (1, 8), (27, 8), (17, 7), (5, 5), (9, 12), (11, 9), (13, 12), (15, 9), (25, 11), (1, 10), (7, 5), (22, 5), (27, 1), (14, 1), (12, 13), (17, 9), (5, 7), (9, 5), (13, 5), (24, 5), (15, 2), (16, 1), (1, 12), (25, 13), (7, 7), (20, 1), (22, 7), (17, 11), (5, 9), (9, 7), (13, 7), (1, 5), (25, 6), (26, 13), (2, 13), (21, 11), (14, 5), (5, 11), (4, 13), (9, 9), (19, 13), (13, 9), (1, 7), (25, 8), (16, 5), (18, 11), (7, 11), (23, 1), (12, 1), (21, 13), (5, 13), (27, 10), (25, 1), (13, 11), (24, 11), (25, 10), (1, 9), (21, 6), (14, 9), (5, 6), (3, 9), (27, 3), (27, 12), (26, 1), (1, 11), (11, 13), (25, 12), (21, 8), (23, 5), (27, 5), (19, 1), (17, 13), (10, 7), (25, 5), (1, 13), (21, 1), (21, 10), (23, 7), (27, 7), (17, 6), (19, 3), (10, 9), (9, 11), (1, 6), (25, 7), (6, 5), (22, 1), (20, 13), (18, 13), (21, 12), (27, 9), (17, 8), (8, 5), (9, 13), (25, 9), (15, 1), (13, 13), (6, 7), (21, 5), (23, 2), (23, 11), (27, 2), (17, 1), (27, 11), (17, 10), (5, 8), (9, 6), (10, 13), (2, 9), (13, 6), (21, 7)]",55,0,55
133,"(1, 4)","(1, 5)",South,"[((1, 3), 'South', 1)]","['(1, 4)', '(11, 1)']","['(11, 1)', '(1, 3)']","[(27, 4), (27, 13), (3, 13), (17, 12), (5, 10), (9, 8), (13, 8), (15, 5), (18, 1), (6, 11), (21, 9), (27, 6), (17, 5), (19, 2), (5, 12), (19, 11), (9, 10), (11, 7), (24, 1), (13, 1), (13, 10), (1, 8), (27, 8), (17, 7), (5, 5), (9, 12), (11, 9), (13, 12), (15, 9), (25, 11), (1, 10), (7, 5), (22, 5), (27, 1), (14, 1), (12, 13), (17, 9), (5, 7), (9, 5), (13, 5), (24, 5), (15, 2), (16, 1), (1, 12), (25, 13), (7, 7), (20, 1), (22, 7), (17, 11), (5, 9), (9, 7), (13, 7), (1, 5), (25, 6), (26, 13), (2, 13), (21, 11), (14, 5), (5, 11), (4, 13), (9, 9), (19, 13), (13, 9), (1, 7), (25, 8), (16, 5), (18, 11), (7, 11), (23, 1), (12, 1), (21, 13), (5, 13), (27, 10), (25, 1), (13, 11), (24, 11), (25, 10), (1, 9), (21, 6), (14, 9), (5, 6), (3, 9), (27, 3), (27, 12), (26, 1), (1, 11), (11, 13), (25, 12), (21, 8), (23, 5), (27, 5), (19, 1), (17, 13), (10, 7), (1, 4), (25, 5), (1, 13), (21, 1), (21, 10), (23, 7), (27, 7), (17, 6), (19, 3), (10, 9), (9, 11), (1, 6), (25, 7), (6, 5), (22, 1), (20, 13), (18, 13), (21, 12), (27, 9), (17, 8), (8, 5), (9, 13), (25, 9), (15, 1), (13, 13), (6, 7), (21, 5), (23, 2), (23, 11), (27, 2), (17, 1), (27, 11), (17, 10), (5, 8), (9, 6), (10, 13), (2, 9), (13, 6), (21, 7)]",55,0,55
134,"(11, 1)","(12, 1)",West,"[((11, 2), 'North', 1), ((10, 1), 'West', 1)]","['(11, 1)', '(1, 3)']","['(1, 3)', '(11, 2)', '(10, 1)']","[(27, 4), (27, 13), (3, 13), (17, 12), (5, 10), (9, 8), (13, 8), (15, 5), (18, 1), (6, 11), (21, 9), (27, 6), (17, 5), (19, 2), (5, 12), (19, 11), (9, 10), (11, 7), (24, 1), (13, 1), (13, 10), (1, 8), (27, 8), (17, 7), (5, 5), (9, 12), (11, 9), (13, 12), (15, 9), (25, 11), (1, 10), (7, 5), (22, 5), (27, 1), (14, 1), (12, 13), (17, 9), (5, 7), (9, 5), (13, 5), (24, 5), (15, 2), (16, 1), (1, 12), (25, 13), (7, 7), (20, 1), (22, 7), (17, 11), (5, 9), (9, 7), (13, 7), (1, 5), (25, 6), (26, 13), (2, 13), (21, 11), (14, 5), (5, 11), (4, 13), (9, 9), (19, 13), (13, 9), (1, 7), (25, 8), (16, 5), (18, 11), (7, 11), (23, 1), (12, 1), (21, 13), (5, 13), (27, 10), (25, 1), (13, 11), (24, 11), (25, 10), (1, 9), (21, 6), (14, 9), (5, 6), (3, 9), (27, 3), (27, 12), (26, 1), (1, 11), (11, 13), (25, 12), (21, 8), (23, 5), (27, 5), (19, 1), (17, 13), (10, 7), (1, 4), (25, 5), (1, 13), (21, 1), (21, 10), (23, 7), (27, 7), (17, 6), (19, 3), (10, 9), (9, 11), (1, 6), (25, 7), (6, 5), (22, 1), (20, 13), (18, 13), (21, 12), (27, 9), (17, 8), (8, 5), (11, 1), (9, 13), (25, 9), (15, 1), (13, 13), (6, 7), (21, 5), (23, 2), (23, 11), (27, 2), (17, 1), (27, 11), (17, 10), (5, 8), (9, 6), (10, 13), (2, 9), (13, 6), (21, 7)]",56,0,56
135,"(1, 3)","(1, 4)",South,"[((1, 2), 'South', 1)]","['(1, 3)', '(11, 2)', '(10, 1)']","['(11, 2)', '(10, 1)', '(1, 2)']","[(27, 4), (27, 13), (3, 13), (17, 12), (5, 10), (9, 8), (13, 8), (15, 5), (18, 1), (6, 11), (21, 9), (27, 6), (17, 5), (19, 2), (5, 12), (19, 11), (9, 10), (11, 7), (24, 1), (13, 1), (13, 10), (1, 8), (27, 8), (17, 7), (5, 5), (9, 12), (11, 9), (13, 12), (15, 9), (25, 11), (1, 10), (7, 5), (22, 5), (27, 1), (14, 1), (12, 13), (17, 9), (5, 7), (9, 5), (13, 5), (24, 5), (15, 2), (16, 1), (1, 3), (1, 12), (25, 13), (7, 7), (20, 1), (22, 7), (17, 11), (5, 9), (9, 7), (13, 7), (1, 5), (25, 6), (26, 13), (2, 13), (21, 11), (14, 5), (5, 11), (4, 13), (9, 9), (19, 13), (13, 9), (1, 7), (25, 8), (16, 5), (18, 11), (7, 11), (23, 1), (12, 1), (21, 13), (5, 13), (27, 10), (25, 1), (13, 11), (24, 11), (25, 10), (1, 9), (21, 6), (14, 9), (5, 6), (3, 9), (27, 3), (27, 12), (26, 1), (1, 11), (11, 13), (25, 12), (21, 8), (23, 5), (27, 5), (19, 1), (17, 13), (10, 7), (1, 4), (25, 5), (1, 13), (21, 1), (21, 10), (23, 7), (27, 7), (17, 6), (19, 3), (10, 9), (9, 11), (1, 6), (25, 7), (6, 5), (22, 1), (20, 13), (18, 13), (21, 12), (27, 9), (17, 8), (8, 5), (11, 1), (9, 13), (25, 9), (15, 1), (13, 13), (6, 7), (21, 5), (23, 2), (23, 11), (27, 2), (17, 1), (27, 11), (17, 10), (5, 8), (9, 6), (10, 13), (2, 9), (13, 6), (21, 7)]",56,0,56
136,"(11, 2)","(11, 1)",North,"[((11, 3), 'North', 1)]","['(11, 2)', '(10, 1)', '(1, 2)']","['(10, 1)', '(1, 2)', '(11, 3)']","[(27, 4), (27, 13), (3, 13), (17, 12), (5, 10), (9, 8), (13, 8), (15, 5), (18, 1), (6, 11), (21, 9), (27, 6), (17, 5), (19, 2), (5, 12), (19, 11), (9, 10), (11, 7), (24, 1), (13, 1), (13, 10), (1, 8), (27, 8), (17, 7), (5, 5), (9, 12), (11, 9), (13, 12), (15, 9), (25, 11), (1, 10), (7, 5), (22, 5), (27, 1), (14, 1), (12, 13), (17, 9), (5, 7), (9, 5), (11, 2), (13, 5), (24, 5), (15, 2), (16, 1), (1, 3), (1, 12), (25, 13), (7, 7), (20, 1), (22, 7), (17, 11), (5, 9), (9, 7), (13, 7), (1, 5), (25, 6), (26, 13), (2, 13), (21, 11), (14, 5), (5, 11), (4, 13), (9, 9), (19, 13), (13, 9), (1, 7), (25, 8), (16, 5), (18, 11), (7, 11), (23, 1), (12, 1), (21, 13), (5, 13), (27, 10), (25, 1), (13, 11), (24, 11), (25, 10), (1, 9), (21, 6), (14, 9), (5, 6), (3, 9), (27, 3), (27, 12), (26, 1), (1, 11), (11, 13), (25, 12), (21, 8), (23, 5), (27, 5), (19, 1), (17, 13), (10, 7), (1, 4), (25, 5), (1, 13), (21, 1), (21, 10), (23, 7), (27, 7), (17, 6), (19, 3), (10, 9), (9, 11), (1, 6), (25, 7), (6, 5), (22, 1), (20, 13), (18, 13), (21, 12), (27, 9), (17, 8), (8, 5), (11, 1), (9, 13), (25, 9), (15, 1), (13, 13), (6, 7), (21, 5), (23, 2), (23, 11), (27, 2), (17, 1), (27, 11), (17, 10), (5, 8), (9, 6), (10, 13), (2, 9), (13, 6), (21, 7)]",57,0,57
137,"(10, 1)","(11, 1)",West,"[((9, 1), 'West', 1)]","['(10, 1)', '(1, 2)', '(11, 3)']","['(1, 2)', '(11, 3)', '(9, 1)']","[(27, 4), (27, 13), (3, 13), (17, 12), (5, 10), (9, 8), (13, 8), (15, 5), (18, 1), (6, 11), (21, 9), (27, 6), (17, 5), (19, 2), (5, 12), (19, 11), (9, 10), (11, 7), (24, 1), (13, 1), (13, 10), (1, 8), (27, 8), (17, 7), (5, 5), (9, 12), (11, 9), (13, 12), (15, 9), (25, 11), (1, 10), (7, 5), (22, 5), (27, 1), (14, 1), (12, 13), (17, 9), (5, 7), (9, 5), (11, 2), (13, 5), (24, 5), (15, 2), (16, 1), (1, 3), (1, 12), (25, 13), (7, 7), (20, 1), (22, 7), (17, 11), (5, 9), (9, 7), (13, 7), (1, 5), (25, 6), (26, 13), (2, 13), (21, 11), (14, 5), (5, 11), (4, 13), (9, 9), (10, 1), (19, 13), (13, 9), (1, 7), (25, 8), (16, 5), (18, 11), (7, 11), (23, 1), (12, 1), (21, 13), (5, 13), (27, 10), (25, 1), (13, 11), (24, 11), (25, 10), (1, 9), (21, 6), (14, 9), (5, 6), (3, 9), (27, 3), (27, 12), (26, 1), (1, 11), (11, 13), (25, 12), (21, 8), (23, 5), (27, 5), (19, 1), (17, 13), (10, 7), (1, 4), (25, 5), (1, 13), (21, 1), (21, 10), (23, 7), (27, 7), (17, 6), (19, 3), (10, 9), (9, 11), (1, 6), (25, 7), (6, 5), (22, 1), (20, 13), (18, 13), (21, 12), (27, 9), (17, 8), (8, 5), (11, 1), (9, 13), (25, 9), (15, 1), (13, 13), (6, 7), (21, 5), (23, 2), (23, 11), (27, 2), (17, 1), (27, 11), (17, 10), (5, 8), (9, 6), (10, 13), (2, 9), (13, 6), (21, 7)]",57,0,57
138,"(1, 2)","(1, 3)",South,"[((1, 1), 'South', 1)]","['(1, 2)', '(11, 3)', '(9, 1)']","['(11, 3)', '(9, 1)', '(1, 1)']","[(27, 4), (27, 13), (3, 13), (17, 12), (5, 10), (9, 8), (13, 8), (15, 5), (18, 1), (6, 11), (21, 9), (27, 6), (17, 5), (19, 2), (5, 12), (19, 11), (9, 10), (11, 7), (24, 1), (13, 1), (13, 10), (1, 8), (27, 8), (17, 7), (5, 5), (9, 12), (11, 9), (13, 12), (15, 9), (25, 11), (1, 10), (7, 5), (22, 5), (27, 1), (14, 1), (12, 13), (17, 9), (5, 7), (9, 5), (11, 2), (13, 5), (24, 5), (15, 2), (16, 1), (1, 3), (1, 12), (25, 13), (7, 7), (20, 1), (22, 7), (17, 11), (5, 9), (9, 7), (13, 7), (1, 5), (25, 6), (26, 13), (2, 13), (21, 11), (14, 5), (5, 11), (4, 13), (9, 9), (10, 1), (19, 13), (13, 9), (1, 7), (25, 8), (16, 5), (18, 11), (7, 11), (23, 1), (12, 1), (21, 13), (5, 13), (27, 10), (25, 1), (13, 11), (24, 11), (25, 10), (1, 9), (21, 6), (14, 9), (5, 6), (3, 9), (27, 3), (27, 12), (1, 2), (26, 1), (1, 11), (11, 13), (25, 12), (21, 8), (23, 5), (27, 5), (19, 1), (17, 13), (10, 7), (1, 4), (25, 5), (1, 13), (21, 1), (21, 10), (23, 7), (27, 7), (17, 6), (19, 3), (10, 9), (9, 11), (1, 6), (25, 7), (6, 5), (22, 1), (20, 13), (18, 13), (21, 12), (27, 9), (17, 8), (8, 5), (11, 1), (9, 13), (25, 9), (15, 1), (13, 13), (6, 7), (21, 5), (23, 2), (23, 11), (27, 2), (17, 1), (27, 11), (17, 10), (5, 8), (9, 6), (10, 13), (2, 9), (13, 6), (21, 7)]",57,0,57
139,"(11, 3)","(11, 2)",North,[],"['(11, 3)', '(9, 1)', '(1, 1)']","['(9, 1)', '(1, 1)']","[(27, 4), (27, 13), (3, 13), (17, 12), (5, 10), (9, 8), (13, 8), (15, 5), (18, 1), (6, 11), (21, 9), (27, 6), (17, 5), (19, 2), (5, 12), (19, 11), (9, 10), (11, 7), (24, 1), (13, 1), (13, 10), (1, 8), (27, 8), (17, 7), (5, 5), (9, 12), (11, 9), (13, 12), (15, 9), (25, 11), (1, 10), (7, 5), (22, 5), (27, 1), (14, 1), (12, 13), (17, 9), (5, 7), (9, 5), (11, 2), (13, 5), (24, 5), (15, 2), (16, 1), (1, 3), (1, 12), (25, 13), (7, 7), (20, 1), (22, 7), (17, 11), (5, 9), (9, 7), (13, 7), (1, 5), (25, 6), (26, 13), (2, 13), (21, 11), (14, 5), (5, 11), (4, 13), (9, 9), (10, 1), (19, 13), (13, 9), (1, 7), (25, 8), (16, 5), (18, 11), (7, 11), (23, 1), (12, 1), (21, 13), (5, 13), (27, 10), (25, 1), (13, 11), (24, 11), (25, 10), (1, 9), (21, 6), (14, 9), (5, 6), (3, 9), (27, 3), (27, 12), (1, 2), (26, 1), (1, 11), (11, 13), (25, 12), (21, 8), (23, 5), (27, 5), (19, 1), (17, 13), (10, 7), (1, 4), (25, 5), (1, 13), (21, 1), (21, 10), (23, 7), (27, 7), (17, 6), (19, 3), (10, 9), (9, 11), (1, 6), (25, 7), (6, 5), (22, 1), (20, 13), (18, 13), (21, 12), (27, 9), (17, 8), (8, 5), (11, 1), (9, 13), (25, 9), (15, 1), (13, 13), (6, 7), (21, 5), (23, 2), (23, 11), (27, 2), (17, 1), (27, 11), (17, 10), (5, 8), (9, 6), (11, 3), (10, 13), (2, 9), (13, 6), (21, 7)]",58,0,58
140,"(9, 1)","(10, 1)",West,"[((8, 1), 'West', 1)]","['(9, 1)', '(1, 1)']","['(1, 1)', '(8, 1)']","[(27, 4), (27, 13), (3, 13), (17, 12), (5, 10), (9, 8), (13, 8), (15, 5), (18, 1), (6, 11), (21, 9), (27, 6), (17, 5), (19, 2), (9, 1), (5, 12), (19, 11), (9, 10), (11, 7), (24, 1), (13, 1), (13, 10), (1, 8), (27, 8), (17, 7), (5, 5), (9, 12), (11, 9), (13, 12), (15, 9), (25, 11), (1, 10), (7, 5), (22, 5), (27, 1), (14, 1), (12, 13), (17, 9), (5, 7), (9, 5), (11, 2), (13, 5), (24, 5), (15, 2), (16, 1), (1, 3), (1, 12), (25, 13), (7, 7), (20, 1), (22, 7), (17, 11), (5, 9), (9, 7), (13, 7), (1, 5), (25, 6), (26, 13), (2, 13), (21, 11), (14, 5), (5, 11), (4, 13), (9, 9), (10, 1), (19, 13), (13, 9), (1, 7), (25, 8), (16, 5), (18, 11), (7, 11), (23, 1), (12, 1), (21, 13), (5, 13), (27, 10), (25, 1), (13, 11), (24, 11), (25, 10), (1, 9), (21, 6), (14, 9), (5, 6), (3, 9), (27, 3), (27, 12), (1, 2), (26, 1), (1, 11), (11, 13), (25, 12), (21, 8), (23, 5), (27, 5), (19, 1), (17, 13), (10, 7), (1, 4), (25, 5), (1, 13), (21, 1), (21, 10), (23, 7), (27, 7), (17, 6), (19, 3), (10, 9), (9, 11), (1, 6), (25, 7), (6, 5), (22, 1), (20, 13), (18, 13), (21, 12), (27, 9), (17, 8), (8, 5), (11, 1), (9, 13), (25, 9), (15, 1), (13, 13), (6, 7), (21, 5), (23, 2), (23, 11), (27, 2), (17, 1), (27, 11), (17, 10), (5, 8), (9, 6), (11, 3), (10, 13), (2, 9), (13, 6), (21, 7)]",58,0,58
141,"(1, 1)","(1, 2)",South,[],"['(1, 1)', '(8, 1)']","['(8, 1)']","[(27, 4), (27, 13), (3, 13), (17, 12), (5, 10), (9, 8), (13, 8), (15, 5), (18, 1), (6, 11), (21, 9), (27, 6), (17, 5), (19, 2), (9, 1), (5, 12), (19, 11), (9, 10), (11, 7), (24, 1), (13, 1), (13, 10), (1, 8), (27, 8), (17, 7), (5, 5), (9, 12), (11, 9), (13, 12), (15, 9), (25, 11), (1, 10), (7, 5), (22, 5), (27, 1), (14, 1), (12, 13), (17, 9), (5, 7), (9, 5), (11, 2), (13, 5), (24, 5), (15, 2), (16, 1), (1, 3), (1, 12), (25, 13), (7, 7), (20, 1), (22, 7), (17, 11), (5, 9), (9, 7), (13, 7), (1, 5), (25, 6), (26, 13), (2, 13), (21, 11), (14, 5), (5, 11), (4, 13), (9, 9), (10, 1), (19, 13), (13, 9), (1, 7), (25, 8), (16, 5), (18, 11), (7, 11), (23, 1), (12, 1), (21, 13), (5, 13), (27, 10), (25, 1), (13, 11), (24, 11), (25, 10), (1, 9), (21, 6), (14, 9), (5, 6), (3, 9), (27, 3), (27, 12), (1, 2), (26, 1), (1, 11), (11, 13), (25, 12), (21, 8), (23, 5), (27, 5), (19, 1), (17, 13), (10, 7), (1, 4), (25, 5), (1, 13), (21, 1), (21, 10), (23, 7), (27, 7), (17, 6), (19, 3), (10, 9), (9, 11), (1, 6), (25, 7), (6, 5), (22, 1), (20, 13), (18, 13), (21, 12), (27, 9), (17, 8), (8, 5), (11, 1), (9, 13), (25, 9), (15, 1), (13, 13), (6, 7), (21, 5), (23, 2), (23, 11), (27, 2), (17, 1), (27, 11), (17, 10), (5, 8), (9, 6), (11, 3), (1, 1), (10, 13), (2, 9), (13, 6), (21, 7)]",58,0,58
